--
-- PostgreSQL database dump
--

-- Dumped from database version 17.5
-- Dumped by pg_dump version 17.5

SET statement_timeout = 0;
SET lock_timeout = 0;
SET idle_in_transaction_session_timeout = 0;
SET transaction_timeout = 0;
SET client_encoding = 'UTF8';
SET standard_conforming_strings = on;
SELECT pg_catalog.set_config('search_path', '', false);
SET check_function_bodies = false;
SET xmloption = content;
SET client_min_messages = warning;
SET row_security = off;

SET default_tablespace = '';

SET default_table_access_method = heap;

--
-- Name: auth_group; Type: TABLE; Schema: public; Owner: postgres
--

CREATE TABLE public.auth_group (
    id integer NOT NULL,
    name character varying(150) NOT NULL
);


ALTER TABLE public.auth_group OWNER TO postgres;

--
-- Name: auth_group_id_seq; Type: SEQUENCE; Schema: public; Owner: postgres
--

ALTER TABLE public.auth_group ALTER COLUMN id ADD GENERATED BY DEFAULT AS IDENTITY (
    SEQUENCE NAME public.auth_group_id_seq
    START WITH 1
    INCREMENT BY 1
    NO MINVALUE
    NO MAXVALUE
    CACHE 1
);


--
-- Name: auth_group_permissions; Type: TABLE; Schema: public; Owner: postgres
--

CREATE TABLE public.auth_group_permissions (
    id bigint NOT NULL,
    group_id integer NOT NULL,
    permission_id integer NOT NULL
);


ALTER TABLE public.auth_group_permissions OWNER TO postgres;

--
-- Name: auth_group_permissions_id_seq; Type: SEQUENCE; Schema: public; Owner: postgres
--

ALTER TABLE public.auth_group_permissions ALTER COLUMN id ADD GENERATED BY DEFAULT AS IDENTITY (
    SEQUENCE NAME public.auth_group_permissions_id_seq
    START WITH 1
    INCREMENT BY 1
    NO MINVALUE
    NO MAXVALUE
    CACHE 1
);


--
-- Name: auth_permission; Type: TABLE; Schema: public; Owner: postgres
--

CREATE TABLE public.auth_permission (
    id integer NOT NULL,
    name character varying(255) NOT NULL,
    content_type_id integer NOT NULL,
    codename character varying(100) NOT NULL
);


ALTER TABLE public.auth_permission OWNER TO postgres;

--
-- Name: auth_permission_id_seq; Type: SEQUENCE; Schema: public; Owner: postgres
--

ALTER TABLE public.auth_permission ALTER COLUMN id ADD GENERATED BY DEFAULT AS IDENTITY (
    SEQUENCE NAME public.auth_permission_id_seq
    START WITH 1
    INCREMENT BY 1
    NO MINVALUE
    NO MAXVALUE
    CACHE 1
);


--
-- Name: auth_user; Type: TABLE; Schema: public; Owner: postgres
--

CREATE TABLE public.auth_user (
    id integer NOT NULL,
    password character varying(128) NOT NULL,
    last_login timestamp with time zone,
    is_superuser boolean NOT NULL,
    username character varying(150) NOT NULL,
    first_name character varying(150) NOT NULL,
    last_name character varying(150) NOT NULL,
    email character varying(254) NOT NULL,
    is_staff boolean NOT NULL,
    is_active boolean NOT NULL,
    date_joined timestamp with time zone NOT NULL
);


ALTER TABLE public.auth_user OWNER TO postgres;

--
-- Name: auth_user_groups; Type: TABLE; Schema: public; Owner: postgres
--

CREATE TABLE public.auth_user_groups (
    id bigint NOT NULL,
    user_id integer NOT NULL,
    group_id integer NOT NULL
);


ALTER TABLE public.auth_user_groups OWNER TO postgres;

--
-- Name: auth_user_groups_id_seq; Type: SEQUENCE; Schema: public; Owner: postgres
--

ALTER TABLE public.auth_user_groups ALTER COLUMN id ADD GENERATED BY DEFAULT AS IDENTITY (
    SEQUENCE NAME public.auth_user_groups_id_seq
    START WITH 1
    INCREMENT BY 1
    NO MINVALUE
    NO MAXVALUE
    CACHE 1
);


--
-- Name: auth_user_id_seq; Type: SEQUENCE; Schema: public; Owner: postgres
--

ALTER TABLE public.auth_user ALTER COLUMN id ADD GENERATED BY DEFAULT AS IDENTITY (
    SEQUENCE NAME public.auth_user_id_seq
    START WITH 1
    INCREMENT BY 1
    NO MINVALUE
    NO MAXVALUE
    CACHE 1
);


--
-- Name: auth_user_user_permissions; Type: TABLE; Schema: public; Owner: postgres
--

CREATE TABLE public.auth_user_user_permissions (
    id bigint NOT NULL,
    user_id integer NOT NULL,
    permission_id integer NOT NULL
);


ALTER TABLE public.auth_user_user_permissions OWNER TO postgres;

--
-- Name: auth_user_user_permissions_id_seq; Type: SEQUENCE; Schema: public; Owner: postgres
--

ALTER TABLE public.auth_user_user_permissions ALTER COLUMN id ADD GENERATED BY DEFAULT AS IDENTITY (
    SEQUENCE NAME public.auth_user_user_permissions_id_seq
    START WITH 1
    INCREMENT BY 1
    NO MINVALUE
    NO MAXVALUE
    CACHE 1
);


--
-- Name: authtoken_token; Type: TABLE; Schema: public; Owner: postgres
--

CREATE TABLE public.authtoken_token (
    key character varying(40) NOT NULL,
    created timestamp with time zone NOT NULL,
    user_id integer NOT NULL
);


ALTER TABLE public.authtoken_token OWNER TO postgres;

--
-- Name: core_deletedrecipedruglog; Type: TABLE; Schema: public; Owner: postgres
--

CREATE TABLE public.core_deletedrecipedruglog (
    id bigint NOT NULL,
    drug_name character varying(255) NOT NULL,
    recipe_id integer NOT NULL,
    deleted_at timestamp with time zone NOT NULL,
    deleted_by_id integer
);


ALTER TABLE public.core_deletedrecipedruglog OWNER TO postgres;

--
-- Name: core_deletedrecipedruglog_id_seq; Type: SEQUENCE; Schema: public; Owner: postgres
--

ALTER TABLE public.core_deletedrecipedruglog ALTER COLUMN id ADD GENERATED BY DEFAULT AS IDENTITY (
    SEQUENCE NAME public.core_deletedrecipedruglog_id_seq
    START WITH 1
    INCREMENT BY 1
    NO MINVALUE
    NO MAXVALUE
    CACHE 1
);


--
-- Name: dashboard_backup; Type: TABLE; Schema: public; Owner: postgres
--

CREATE TABLE public.dashboard_backup (
    id bigint NOT NULL,
    ad character varying(100) NOT NULL,
    fayl character varying(100) NOT NULL,
    olusturulma_tarixi timestamp with time zone NOT NULL,
    olcu character varying(20) NOT NULL
);


ALTER TABLE public.dashboard_backup OWNER TO postgres;

--
-- Name: dashboard_backup_id_seq; Type: SEQUENCE; Schema: public; Owner: postgres
--

ALTER TABLE public.dashboard_backup ALTER COLUMN id ADD GENERATED BY DEFAULT AS IDENTITY (
    SEQUENCE NAME public.dashboard_backup_id_seq
    START WITH 1
    INCREMENT BY 1
    NO MINVALUE
    NO MAXVALUE
    CACHE 1
);


--
-- Name: django_admin_log; Type: TABLE; Schema: public; Owner: postgres
--

CREATE TABLE public.django_admin_log (
    id integer NOT NULL,
    action_time timestamp with time zone NOT NULL,
    object_id text,
    object_repr character varying(200) NOT NULL,
    action_flag smallint NOT NULL,
    change_message text NOT NULL,
    content_type_id integer,
    user_id integer NOT NULL,
    CONSTRAINT django_admin_log_action_flag_check CHECK ((action_flag >= 0))
);


ALTER TABLE public.django_admin_log OWNER TO postgres;

--
-- Name: django_admin_log_id_seq; Type: SEQUENCE; Schema: public; Owner: postgres
--

ALTER TABLE public.django_admin_log ALTER COLUMN id ADD GENERATED BY DEFAULT AS IDENTITY (
    SEQUENCE NAME public.django_admin_log_id_seq
    START WITH 1
    INCREMENT BY 1
    NO MINVALUE
    NO MAXVALUE
    CACHE 1
);


--
-- Name: django_content_type; Type: TABLE; Schema: public; Owner: postgres
--

CREATE TABLE public.django_content_type (
    id integer NOT NULL,
    app_label character varying(100) NOT NULL,
    model character varying(100) NOT NULL
);


ALTER TABLE public.django_content_type OWNER TO postgres;

--
-- Name: django_content_type_id_seq; Type: SEQUENCE; Schema: public; Owner: postgres
--

ALTER TABLE public.django_content_type ALTER COLUMN id ADD GENERATED BY DEFAULT AS IDENTITY (
    SEQUENCE NAME public.django_content_type_id_seq
    START WITH 1
    INCREMENT BY 1
    NO MINVALUE
    NO MAXVALUE
    CACHE 1
);


--
-- Name: django_migrations; Type: TABLE; Schema: public; Owner: postgres
--

CREATE TABLE public.django_migrations (
    id bigint NOT NULL,
    app character varying(255) NOT NULL,
    name character varying(255) NOT NULL,
    applied timestamp with time zone NOT NULL
);


ALTER TABLE public.django_migrations OWNER TO postgres;

--
-- Name: django_migrations_id_seq; Type: SEQUENCE; Schema: public; Owner: postgres
--

ALTER TABLE public.django_migrations ALTER COLUMN id ADD GENERATED BY DEFAULT AS IDENTITY (
    SEQUENCE NAME public.django_migrations_id_seq
    START WITH 1
    INCREMENT BY 1
    NO MINVALUE
    NO MAXVALUE
    CACHE 1
);


--
-- Name: django_session; Type: TABLE; Schema: public; Owner: postgres
--

CREATE TABLE public.django_session (
    session_key character varying(40) NOT NULL,
    session_data text NOT NULL,
    expire_date timestamp with time zone NOT NULL
);


ALTER TABLE public.django_session OWNER TO postgres;

--
-- Name: doctors_doctors; Type: TABLE; Schema: public; Owner: postgres
--

CREATE TABLE public.doctors_doctors (
    id bigint NOT NULL,
    ad character varying(100) NOT NULL,
    ixtisas character varying(100) NOT NULL,
    kategoriya character varying(10) NOT NULL,
    derece character varying(10) NOT NULL,
    cinsiyyet character varying(10) NOT NULL,
    number character varying(250),
    barkod character varying(10) NOT NULL,
    avans numeric(10,2) NOT NULL,
    investisiya numeric(10,2) NOT NULL,
    geriqaytarma numeric(10,2) NOT NULL,
    previous_debt numeric(10,2) NOT NULL,
    hesablanan_miqdar numeric(10,2) NOT NULL,
    hekimden_silinen numeric(10,2) NOT NULL,
    datasiya numeric(10,2) NOT NULL,
    borc numeric(10,2) NOT NULL,
    yekun_borc numeric(10,2) NOT NULL,
    bolge_id bigint NOT NULL,
    city_id bigint,
    klinika_id bigint NOT NULL
);


ALTER TABLE public.doctors_doctors OWNER TO postgres;

--
-- Name: doctors_doctors_id_seq; Type: SEQUENCE; Schema: public; Owner: postgres
--

ALTER TABLE public.doctors_doctors ALTER COLUMN id ADD GENERATED BY DEFAULT AS IDENTITY (
    SEQUENCE NAME public.doctors_doctors_id_seq
    START WITH 1
    INCREMENT BY 1
    NO MINVALUE
    NO MAXVALUE
    CACHE 1
);


--
-- Name: doctors_realsales; Type: TABLE; Schema: public; Owner: postgres
--

CREATE TABLE public.doctors_realsales (
    id bigint NOT NULL,
    date_sale date NOT NULL,
    dr_name_id bigint NOT NULL,
    region_n_id bigint NOT NULL
);


ALTER TABLE public.doctors_realsales OWNER TO postgres;

--
-- Name: doctors_realsales_id_seq; Type: SEQUENCE; Schema: public; Owner: postgres
--

ALTER TABLE public.doctors_realsales ALTER COLUMN id ADD GENERATED BY DEFAULT AS IDENTITY (
    SEQUENCE NAME public.doctors_realsales_id_seq
    START WITH 1
    INCREMENT BY 1
    NO MINVALUE
    NO MAXVALUE
    CACHE 1
);


--
-- Name: doctors_realsalesdrug; Type: TABLE; Schema: public; Owner: postgres
--

CREATE TABLE public.doctors_realsalesdrug (
    id bigint NOT NULL,
    numbers integer NOT NULL,
    drug_name_id bigint NOT NULL,
    real_sale_id bigint NOT NULL,
    CONSTRAINT doctors_realsalesdrug_numbers_check CHECK ((numbers >= 0))
);


ALTER TABLE public.doctors_realsalesdrug OWNER TO postgres;

--
-- Name: doctors_realsalesdrug_id_seq; Type: SEQUENCE; Schema: public; Owner: postgres
--

ALTER TABLE public.doctors_realsalesdrug ALTER COLUMN id ADD GENERATED BY DEFAULT AS IDENTITY (
    SEQUENCE NAME public.doctors_realsalesdrug_id_seq
    START WITH 1
    INCREMENT BY 1
    NO MINVALUE
    NO MAXVALUE
    CACHE 1
);


--
-- Name: doctors_recipe; Type: TABLE; Schema: public; Owner: postgres
--

CREATE TABLE public.doctors_recipe (
    id bigint NOT NULL,
    date date NOT NULL,
    dr_id bigint NOT NULL,
    region_id bigint NOT NULL
);


ALTER TABLE public.doctors_recipe OWNER TO postgres;

--
-- Name: doctors_recipe_id_seq; Type: SEQUENCE; Schema: public; Owner: postgres
--

ALTER TABLE public.doctors_recipe ALTER COLUMN id ADD GENERATED BY DEFAULT AS IDENTITY (
    SEQUENCE NAME public.doctors_recipe_id_seq
    START WITH 1
    INCREMENT BY 1
    NO MINVALUE
    NO MAXVALUE
    CACHE 1
);


--
-- Name: doctors_recipedrug; Type: TABLE; Schema: public; Owner: postgres
--

CREATE TABLE public.doctors_recipedrug (
    id bigint NOT NULL,
    number numeric(5,1) NOT NULL,
    created_at timestamp with time zone NOT NULL,
    drug_id bigint NOT NULL,
    recipe_id bigint NOT NULL
);


ALTER TABLE public.doctors_recipedrug OWNER TO postgres;

--
-- Name: doctors_recipedrug_id_seq; Type: SEQUENCE; Schema: public; Owner: postgres
--

ALTER TABLE public.doctors_recipedrug ALTER COLUMN id ADD GENERATED BY DEFAULT AS IDENTITY (
    SEQUENCE NAME public.doctors_recipedrug_id_seq
    START WITH 1
    INCREMENT BY 1
    NO MINVALUE
    NO MAXVALUE
    CACHE 1
);


--
-- Name: drugs_medical; Type: TABLE; Schema: public; Owner: postgres
--

CREATE TABLE public.drugs_medical (
    id bigint NOT NULL,
    med_name character varying(250) NOT NULL,
    med_full_name character varying(250),
    med_price numeric(10,2) NOT NULL,
    komissiya numeric(10,2) NOT NULL,
    status boolean NOT NULL
);


ALTER TABLE public.drugs_medical OWNER TO postgres;

--
-- Name: drugs_medical_id_seq; Type: SEQUENCE; Schema: public; Owner: postgres
--

ALTER TABLE public.drugs_medical ALTER COLUMN id ADD GENERATED BY DEFAULT AS IDENTITY (
    SEQUENCE NAME public.drugs_medical_id_seq
    START WITH 1
    INCREMENT BY 1
    NO MINVALUE
    NO MAXVALUE
    CACHE 1
);


--
-- Name: export_backup; Type: TABLE; Schema: public; Owner: postgres
--

CREATE TABLE public.export_backup (
    id bigint NOT NULL,
    ad character varying(100) NOT NULL,
    fayl character varying(100) NOT NULL,
    olusturulma_tarixi timestamp with time zone NOT NULL,
    olcu character varying(20) NOT NULL
);


ALTER TABLE public.export_backup OWNER TO postgres;

--
-- Name: export_backup_id_seq; Type: SEQUENCE; Schema: public; Owner: postgres
--

ALTER TABLE public.export_backup ALTER COLUMN id ADD GENERATED BY DEFAULT AS IDENTITY (
    SEQUENCE NAME public.export_backup_id_seq
    START WITH 1
    INCREMENT BY 1
    NO MINVALUE
    NO MAXVALUE
    CACHE 1
);


--
-- Name: medicine_medical; Type: TABLE; Schema: public; Owner: postgres
--

CREATE TABLE public.medicine_medical (
    id bigint NOT NULL,
    med_name character varying(250) NOT NULL,
    med_full_name character varying(250),
    med_price numeric(10,2) NOT NULL,
    komissiya numeric(10,2) NOT NULL,
    status boolean NOT NULL
);


ALTER TABLE public.medicine_medical OWNER TO postgres;

--
-- Name: medicine_medical_id_seq; Type: SEQUENCE; Schema: public; Owner: postgres
--

ALTER TABLE public.medicine_medical ALTER COLUMN id ADD GENERATED BY DEFAULT AS IDENTITY (
    SEQUENCE NAME public.medicine_medical_id_seq
    START WITH 1
    INCREMENT BY 1
    NO MINVALUE
    NO MAXVALUE
    CACHE 1
);


--
-- Name: payment_monthlydoctorreport; Type: TABLE; Schema: public; Owner: postgres
--

CREATE TABLE public.payment_monthlydoctorreport (
    id bigint NOT NULL,
    report_month date NOT NULL,
    borc double precision NOT NULL,
    avans double precision NOT NULL,
    investisiya double precision NOT NULL,
    hesablanan_miqdar double precision NOT NULL,
    hekimden_silinen double precision NOT NULL,
    yekun_borc double precision NOT NULL,
    recipe_total_drugs integer NOT NULL,
    recipe_drugs_list text NOT NULL,
    doctor_id bigint NOT NULL,
    region_id bigint
);


ALTER TABLE public.payment_monthlydoctorreport OWNER TO postgres;

--
-- Name: payment_monthlydoctorreport_id_seq; Type: SEQUENCE; Schema: public; Owner: postgres
--

ALTER TABLE public.payment_monthlydoctorreport ALTER COLUMN id ADD GENERATED BY DEFAULT AS IDENTITY (
    SEQUENCE NAME public.payment_monthlydoctorreport_id_seq
    START WITH 1
    INCREMENT BY 1
    NO MINVALUE
    NO MAXVALUE
    CACHE 1
);


--
-- Name: payment_payment_doctor; Type: TABLE; Schema: public; Owner: postgres
--

CREATE TABLE public.payment_payment_doctor (
    id bigint NOT NULL,
    payment_type character varying(200) NOT NULL,
    pay numeric(10,2) NOT NULL,
    date date NOT NULL,
    area_id bigint NOT NULL,
    doctor_id bigint NOT NULL
);


ALTER TABLE public.payment_payment_doctor OWNER TO postgres;

--
-- Name: payment_payment_doctor_id_seq; Type: SEQUENCE; Schema: public; Owner: postgres
--

ALTER TABLE public.payment_payment_doctor ALTER COLUMN id ADD GENERATED BY DEFAULT AS IDENTITY (
    SEQUENCE NAME public.payment_payment_doctor_id_seq
    START WITH 1
    INCREMENT BY 1
    NO MINVALUE
    NO MAXVALUE
    CACHE 1
);


--
-- Name: payment_sale; Type: TABLE; Schema: public; Owner: postgres
--

CREATE TABLE public.payment_sale (
    id bigint NOT NULL,
    quantity integer NOT NULL,
    sale_date date NOT NULL,
    drug_id bigint NOT NULL,
    region_id bigint NOT NULL,
    CONSTRAINT payment_sale_quantity_check CHECK ((quantity >= 0))
);


ALTER TABLE public.payment_sale OWNER TO postgres;

--
-- Name: payment_sale_id_seq; Type: SEQUENCE; Schema: public; Owner: postgres
--

ALTER TABLE public.payment_sale ALTER COLUMN id ADD GENERATED BY DEFAULT AS IDENTITY (
    SEQUENCE NAME public.payment_sale_id_seq
    START WITH 1
    INCREMENT BY 1
    NO MINVALUE
    NO MAXVALUE
    CACHE 1
);


--
-- Name: payments_monthlydoctorreport; Type: TABLE; Schema: public; Owner: postgres
--

CREATE TABLE public.payments_monthlydoctorreport (
    id bigint NOT NULL,
    report_month date NOT NULL,
    borc double precision NOT NULL,
    avans double precision NOT NULL,
    investisiya double precision NOT NULL,
    hesablanan_miqdar double precision NOT NULL,
    hekimden_silinen double precision NOT NULL,
    yekun_borc double precision NOT NULL,
    recipe_total_drugs integer NOT NULL,
    recipe_drugs_list text NOT NULL,
    doctor_id bigint NOT NULL,
    region_id bigint
);


ALTER TABLE public.payments_monthlydoctorreport OWNER TO postgres;

--
-- Name: payments_monthlydoctorreport_id_seq; Type: SEQUENCE; Schema: public; Owner: postgres
--

ALTER TABLE public.payments_monthlydoctorreport ALTER COLUMN id ADD GENERATED BY DEFAULT AS IDENTITY (
    SEQUENCE NAME public.payments_monthlydoctorreport_id_seq
    START WITH 1
    INCREMENT BY 1
    NO MINVALUE
    NO MAXVALUE
    CACHE 1
);


--
-- Name: payments_payment_doctor; Type: TABLE; Schema: public; Owner: postgres
--

CREATE TABLE public.payments_payment_doctor (
    id bigint NOT NULL,
    payment_type character varying(200) NOT NULL,
    pay numeric(10,2) NOT NULL,
    date date NOT NULL,
    area_id bigint NOT NULL,
    doctor_id bigint NOT NULL
);


ALTER TABLE public.payments_payment_doctor OWNER TO postgres;

--
-- Name: payments_payment_doctor_id_seq; Type: SEQUENCE; Schema: public; Owner: postgres
--

ALTER TABLE public.payments_payment_doctor ALTER COLUMN id ADD GENERATED BY DEFAULT AS IDENTITY (
    SEQUENCE NAME public.payments_payment_doctor_id_seq
    START WITH 1
    INCREMENT BY 1
    NO MINVALUE
    NO MAXVALUE
    CACHE 1
);


--
-- Name: regions_city; Type: TABLE; Schema: public; Owner: postgres
--

CREATE TABLE public.regions_city (
    id bigint NOT NULL,
    city_name character varying(100) NOT NULL,
    region_id bigint NOT NULL
);


ALTER TABLE public.regions_city OWNER TO postgres;

--
-- Name: regions_city_id_seq; Type: SEQUENCE; Schema: public; Owner: postgres
--

ALTER TABLE public.regions_city ALTER COLUMN id ADD GENERATED BY DEFAULT AS IDENTITY (
    SEQUENCE NAME public.regions_city_id_seq
    START WITH 1
    INCREMENT BY 1
    NO MINVALUE
    NO MAXVALUE
    CACHE 1
);


--
-- Name: regions_hospital; Type: TABLE; Schema: public; Owner: postgres
--

CREATE TABLE public.regions_hospital (
    id bigint NOT NULL,
    hospital_name character varying(100) NOT NULL,
    city_id bigint,
    region_net_id bigint NOT NULL
);


ALTER TABLE public.regions_hospital OWNER TO postgres;

--
-- Name: regions_hospital_id_seq; Type: SEQUENCE; Schema: public; Owner: postgres
--

ALTER TABLE public.regions_hospital ALTER COLUMN id ADD GENERATED BY DEFAULT AS IDENTITY (
    SEQUENCE NAME public.regions_hospital_id_seq
    START WITH 1
    INCREMENT BY 1
    NO MINVALUE
    NO MAXVALUE
    CACHE 1
);


--
-- Name: regions_region; Type: TABLE; Schema: public; Owner: postgres
--

CREATE TABLE public.regions_region (
    id bigint NOT NULL,
    region_name character varying(100) NOT NULL,
    region_type character varying(50)
);


ALTER TABLE public.regions_region OWNER TO postgres;

--
-- Name: regions_region_id_seq; Type: SEQUENCE; Schema: public; Owner: postgres
--

ALTER TABLE public.regions_region ALTER COLUMN id ADD GENERATED BY DEFAULT AS IDENTITY (
    SEQUENCE NAME public.regions_region_id_seq
    START WITH 1
    INCREMENT BY 1
    NO MINVALUE
    NO MAXVALUE
    CACHE 1
);


--
-- Name: sales_sale; Type: TABLE; Schema: public; Owner: postgres
--

CREATE TABLE public.sales_sale (
    id bigint NOT NULL,
    quantity integer NOT NULL,
    sale_date date NOT NULL,
    drug_id bigint NOT NULL,
    region_id bigint NOT NULL,
    CONSTRAINT sales_sale_quantity_check CHECK ((quantity >= 0))
);


ALTER TABLE public.sales_sale OWNER TO postgres;

--
-- Name: sales_sale_id_seq; Type: SEQUENCE; Schema: public; Owner: postgres
--

ALTER TABLE public.sales_sale ALTER COLUMN id ADD GENERATED BY DEFAULT AS IDENTITY (
    SEQUENCE NAME public.sales_sale_id_seq
    START WITH 1
    INCREMENT BY 1
    NO MINVALUE
    NO MAXVALUE
    CACHE 1
);


--
-- Name: tracking_movqe; Type: TABLE; Schema: public; Owner: postgres
--

CREATE TABLE public.tracking_movqe (
    id bigint NOT NULL,
    latitude double precision NOT NULL,
    longitude double precision NOT NULL,
    tarix timestamp with time zone NOT NULL,
    istifadeci_id integer NOT NULL
);


ALTER TABLE public.tracking_movqe OWNER TO postgres;

--
-- Name: tracking_movqe_id_seq; Type: SEQUENCE; Schema: public; Owner: postgres
--

ALTER TABLE public.tracking_movqe ALTER COLUMN id ADD GENERATED BY DEFAULT AS IDENTITY (
    SEQUENCE NAME public.tracking_movqe_id_seq
    START WITH 1
    INCREMENT BY 1
    NO MINVALUE
    NO MAXVALUE
    CACHE 1
);


--
-- Name: user_istifadeciprofil; Type: TABLE; Schema: public; Owner: postgres
--

CREATE TABLE public.user_istifadeciprofil (
    id bigint NOT NULL,
    bolge_id bigint NOT NULL,
    user_id integer NOT NULL
);


ALTER TABLE public.user_istifadeciprofil OWNER TO postgres;

--
-- Name: user_istifadeciprofil_id_seq; Type: SEQUENCE; Schema: public; Owner: postgres
--

ALTER TABLE public.user_istifadeciprofil ALTER COLUMN id ADD GENERATED BY DEFAULT AS IDENTITY (
    SEQUENCE NAME public.user_istifadeciprofil_id_seq
    START WITH 1
    INCREMENT BY 1
    NO MINVALUE
    NO MAXVALUE
    CACHE 1
);


--
-- Name: users_istifadeciprofil; Type: TABLE; Schema: public; Owner: postgres
--

CREATE TABLE public.users_istifadeciprofil (
    id bigint NOT NULL,
    bolge_id bigint NOT NULL,
    user_id integer NOT NULL
);


ALTER TABLE public.users_istifadeciprofil OWNER TO postgres;

--
-- Name: users_istifadeciprofil_id_seq; Type: SEQUENCE; Schema: public; Owner: postgres
--

ALTER TABLE public.users_istifadeciprofil ALTER COLUMN id ADD GENERATED BY DEFAULT AS IDENTITY (
    SEQUENCE NAME public.users_istifadeciprofil_id_seq
    START WITH 1
    INCREMENT BY 1
    NO MINVALUE
    NO MAXVALUE
    CACHE 1
);


--
-- Data for Name: auth_group; Type: TABLE DATA; Schema: public; Owner: postgres
--

COPY public.auth_group (id, name) FROM stdin;
\.


--
-- Data for Name: auth_group_permissions; Type: TABLE DATA; Schema: public; Owner: postgres
--

COPY public.auth_group_permissions (id, group_id, permission_id) FROM stdin;
\.


--
-- Data for Name: auth_permission; Type: TABLE DATA; Schema: public; Owner: postgres
--

COPY public.auth_permission (id, name, content_type_id, codename) FROM stdin;
1	Can add log entry	1	add_logentry
2	Can change log entry	1	change_logentry
3	Can delete log entry	1	delete_logentry
4	Can view log entry	1	view_logentry
5	Can add permission	2	add_permission
6	Can change permission	2	change_permission
7	Can delete permission	2	delete_permission
8	Can view permission	2	view_permission
9	Can add group	3	add_group
10	Can change group	3	change_group
11	Can delete group	3	delete_group
12	Can view group	3	view_group
13	Can add user	4	add_user
14	Can change user	4	change_user
15	Can delete user	4	delete_user
16	Can view user	4	view_user
17	Can add content type	5	add_contenttype
18	Can change content type	5	change_contenttype
19	Can delete content type	5	delete_contenttype
20	Can view content type	5	view_contenttype
21	Can add session	6	add_session
22	Can change session	6	change_session
23	Can delete session	6	delete_session
24	Can view session	6	view_session
25	Can add Token	7	add_token
26	Can change Token	7	change_token
27	Can delete Token	7	delete_token
28	Can view Token	7	view_token
29	Can add Token	8	add_tokenproxy
30	Can change Token	8	change_tokenproxy
31	Can delete Token	8	delete_tokenproxy
32	Can view Token	8	view_tokenproxy
33	Can add istifadeci profil	9	add_istifadeciprofil
34	Can change istifadeci profil	9	change_istifadeciprofil
35	Can delete istifadeci profil	9	delete_istifadeciprofil
36	Can view istifadeci profil	9	view_istifadeciprofil
37	Can add deleted recipe drug log	10	add_deletedrecipedruglog
38	Can change deleted recipe drug log	10	change_deletedrecipedruglog
39	Can delete deleted recipe drug log	10	delete_deletedrecipedruglog
40	Can view deleted recipe drug log	10	view_deletedrecipedruglog
41	Can add Dərman	11	add_medical
42	Can change Dərman	11	change_medical
43	Can delete Dərman	11	delete_medical
44	Can view Dərman	11	view_medical
45	Can add backup	12	add_backup
46	Can change backup	12	change_backup
47	Can delete backup	12	delete_backup
48	Can view backup	12	view_backup
49	Can add Bölgə Satış	13	add_payment_doctor
50	Can change Bölgə Satış	13	change_payment_doctor
51	Can delete Bölgə Satış	13	delete_payment_doctor
52	Can view Bölgə Satış	13	view_payment_doctor
53	Can add monthly doctor report	14	add_monthlydoctorreport
54	Can change monthly doctor report	14	change_monthlydoctorreport
55	Can delete monthly doctor report	14	delete_monthlydoctorreport
56	Can view monthly doctor report	14	view_monthlydoctorreport
57	Can add Həkim	15	add_doctors
58	Can change Həkim	15	change_doctors
59	Can delete Həkim	15	delete_doctors
60	Can view Həkim	15	view_doctors
61	Can add Real Satış	16	add_realsales
62	Can change Real Satış	16	change_realsales
63	Can delete Real Satış	16	delete_realsales
64	Can view Real Satış	16	view_realsales
65	Can add Real Satış Dərmanı	17	add_realsalesdrug
66	Can change Real Satış Dərmanı	17	change_realsalesdrug
67	Can delete Real Satış Dərmanı	17	delete_realsalesdrug
68	Can view Real Satış Dərmanı	17	view_realsalesdrug
69	Can add Resept	18	add_recipe
70	Can change Resept	18	change_recipe
71	Can delete Resept	18	delete_recipe
72	Can view Resept	18	view_recipe
73	Can add Resept Dərmanı	19	add_recipedrug
74	Can change Resept Dərmanı	19	change_recipedrug
75	Can delete Resept Dərmanı	19	delete_recipedrug
76	Can view Resept Dərmanı	19	view_recipedrug
77	Can add Bölgə Satış	20	add_sale
78	Can change Bölgə Satış	20	change_sale
79	Can delete Bölgə Satış	20	delete_sale
80	Can view Bölgə Satış	20	view_sale
81	Can add Şəhər	21	add_city
82	Can change Şəhər	21	change_city
83	Can delete Şəhər	21	delete_city
84	Can view Şəhər	21	view_city
85	Can add Bölgə	22	add_region
86	Can change Bölgə	22	change_region
87	Can delete Bölgə	22	delete_region
88	Can view Bölgə	22	view_region
89	Can add Xəstəxana/Klinika	23	add_hospital
90	Can change Xəstəxana/Klinika	23	change_hospital
91	Can delete Xəstəxana/Klinika	23	delete_hospital
92	Can view Xəstəxana/Klinika	23	view_hospital
93	Can add Dərman	24	add_medical
94	Can change Dərman	24	change_medical
95	Can delete Dərman	24	delete_medical
96	Can view Dərman	24	view_medical
97	Can add monthly doctor report	25	add_monthlydoctorreport
98	Can change monthly doctor report	25	change_monthlydoctorreport
99	Can delete monthly doctor report	25	delete_monthlydoctorreport
100	Can view monthly doctor report	25	view_monthlydoctorreport
101	Can add Həkimə Ödəniş	26	add_payment_doctor
102	Can change Həkimə Ödəniş	26	change_payment_doctor
103	Can delete Həkimə Ödəniş	26	delete_payment_doctor
104	Can view Həkimə Ödəniş	26	view_payment_doctor
105	Can add Bölgə Satış	27	add_sale
106	Can change Bölgə Satış	27	change_sale
107	Can delete Bölgə Satış	27	delete_sale
108	Can view Bölgə Satış	27	view_sale
109	Can add backup	28	add_backup
110	Can change backup	28	change_backup
111	Can delete backup	28	delete_backup
112	Can view backup	28	view_backup
113	Can add movqe	29	add_movqe
114	Can change movqe	29	change_movqe
115	Can delete movqe	29	delete_movqe
116	Can view movqe	29	view_movqe
117	Can add istifadeci profil	30	add_istifadeciprofil
118	Can change istifadeci profil	30	change_istifadeciprofil
119	Can delete istifadeci profil	30	delete_istifadeciprofil
120	Can view istifadeci profil	30	view_istifadeciprofil
\.


--
-- Data for Name: auth_user; Type: TABLE DATA; Schema: public; Owner: postgres
--

COPY public.auth_user (id, password, last_login, is_superuser, username, first_name, last_name, email, is_staff, is_active, date_joined) FROM stdin;
1	pbkdf2_sha256$1000000$pB0LiKh3jExbSMGvTWqVuD$8jwGAbQqaoZeO51PJzrSe0mG74eZMqWD11QBTE9OIA8=	2025-09-11 11:46:35.803486+04	t	Kamandar			kamandaragasafli@gmail.com	t	t	2025-09-11 11:46:21.30111+04
\.


--
-- Data for Name: auth_user_groups; Type: TABLE DATA; Schema: public; Owner: postgres
--

COPY public.auth_user_groups (id, user_id, group_id) FROM stdin;
\.


--
-- Data for Name: auth_user_user_permissions; Type: TABLE DATA; Schema: public; Owner: postgres
--

COPY public.auth_user_user_permissions (id, user_id, permission_id) FROM stdin;
\.


--
-- Data for Name: authtoken_token; Type: TABLE DATA; Schema: public; Owner: postgres
--

COPY public.authtoken_token (key, created, user_id) FROM stdin;
\.


--
-- Data for Name: core_deletedrecipedruglog; Type: TABLE DATA; Schema: public; Owner: postgres
--

COPY public.core_deletedrecipedruglog (id, drug_name, recipe_id, deleted_at, deleted_by_id) FROM stdin;
\.


--
-- Data for Name: dashboard_backup; Type: TABLE DATA; Schema: public; Owner: postgres
--

COPY public.dashboard_backup (id, ad, fayl, olusturulma_tarixi, olcu) FROM stdin;
\.


--
-- Data for Name: django_admin_log; Type: TABLE DATA; Schema: public; Owner: postgres
--

COPY public.django_admin_log (id, action_time, object_id, object_repr, action_flag, change_message, content_type_id, user_id) FROM stdin;
1	2025-09-11 11:48:34.014121+04	1	Ropsol	1	[{"added": {}}]	24	1
2	2025-09-11 11:49:08.060521+04	2	Opeblock	1	[{"added": {}}]	24	1
3	2025-09-11 11:49:37.679129+04	3	Levostrong	1	[{"added": {}}]	24	1
4	2025-09-11 11:50:30.682778+04	4	Vitomer D3	1	[{"added": {}}]	24	1
5	2025-09-11 11:51:03.363636+04	5	Kalvey	1	[{"added": {}}]	24	1
6	2025-09-11 11:51:47.836114+04	6	Serrasol	1	[{"added": {}}]	24	1
7	2025-09-11 11:53:03.996884+04	7	Genosfer	1	[{"added": {}}]	24	1
8	2025-09-11 11:53:41.422222+04	8	Betasol	1	[{"added": {}}]	24	1
9	2025-09-11 11:54:37.330547+04	9	Kartovey	1	[{"added": {}}]	24	1
10	2025-09-11 11:55:34.626476+04	10	Fesola	1	[{"added": {}}]	24	1
11	2025-09-11 11:55:40.810043+04	10	Fesola	2	[{"changed": {"fields": ["Med price"]}}]	24	1
12	2025-09-11 11:56:30.909424+04	11	Vitomer Kids	1	[{"added": {}}]	24	1
13	2025-09-11 11:57:01.35438+04	12	Heptrazol	1	[{"added": {}}]	24	1
14	2025-09-11 11:57:38.567597+04	13	Provital N5 amp	1	[{"added": {}}]	24	1
15	2025-09-11 11:57:47.355563+04	13	Provital	2	[{"changed": {"fields": ["Med name"]}}]	24	1
16	2025-09-11 11:58:13.361165+04	14	Prostazolin	1	[{"added": {}}]	24	1
17	2025-09-11 11:58:41.1053+04	15	Litasol	1	[{"added": {}}]	24	1
18	2025-09-11 11:59:10.685852+04	16	Soltep	1	[{"added": {}}]	24	1
19	2025-09-11 11:59:41.905151+04	17	Fensavin	1	[{"added": {}}]	24	1
20	2025-09-11 12:00:07.873697+04	18	Soltrop	1	[{"added": {}}]	24	1
21	2025-09-11 12:00:39.118192+04	19	Zemovar	1	[{"added": {}}]	24	1
22	2025-09-11 12:00:59.086186+04	20	OpsidolN30 kapsul	1	[{"added": {}}]	24	1
23	2025-09-11 12:01:22.065818+04	21	Solseda	1	[{"added": {}}]	24	1
24	2025-09-11 12:07:24.506388+04	20	Opsidol	2	[{"changed": {"fields": ["Med name"]}}]	24	1
\.


--
-- Data for Name: django_content_type; Type: TABLE DATA; Schema: public; Owner: postgres
--

COPY public.django_content_type (id, app_label, model) FROM stdin;
1	admin	logentry
2	auth	permission
3	auth	group
4	auth	user
5	contenttypes	contenttype
6	sessions	session
7	authtoken	token
8	authtoken	tokenproxy
9	users	istifadeciprofil
10	core	deletedrecipedruglog
11	drugs	medical
12	dashboard	backup
13	payments	payment_doctor
14	payments	monthlydoctorreport
15	doctors	doctors
16	doctors	realsales
17	doctors	realsalesdrug
18	doctors	recipe
19	doctors	recipedrug
20	sales	sale
21	regions	city
22	regions	region
23	regions	hospital
24	medicine	medical
25	payment	monthlydoctorreport
26	payment	payment_doctor
27	payment	sale
28	export	backup
29	tracking	movqe
30	user	istifadeciprofil
\.


--
-- Data for Name: django_migrations; Type: TABLE DATA; Schema: public; Owner: postgres
--

COPY public.django_migrations (id, app, name, applied) FROM stdin;
1	contenttypes	0001_initial	2025-09-11 11:09:57.133675+04
2	auth	0001_initial	2025-09-11 11:09:57.278422+04
3	admin	0001_initial	2025-09-11 11:09:57.328995+04
4	admin	0002_logentry_remove_auto_add	2025-09-11 11:09:57.34914+04
5	admin	0003_logentry_add_action_flag_choices	2025-09-11 11:09:57.366476+04
6	contenttypes	0002_remove_content_type_name	2025-09-11 11:09:57.389971+04
7	auth	0002_alter_permission_name_max_length	2025-09-11 11:09:57.409236+04
8	auth	0003_alter_user_email_max_length	2025-09-11 11:09:57.422767+04
9	auth	0004_alter_user_username_opts	2025-09-11 11:09:57.437711+04
10	auth	0005_alter_user_last_login_null	2025-09-11 11:09:57.454643+04
11	auth	0006_require_contenttypes_0002	2025-09-11 11:09:57.460853+04
12	auth	0007_alter_validators_add_error_messages	2025-09-11 11:09:57.475745+04
13	auth	0008_alter_user_username_max_length	2025-09-11 11:09:57.50903+04
14	auth	0009_alter_user_last_name_max_length	2025-09-11 11:09:57.52628+04
15	auth	0010_alter_group_name_max_length	2025-09-11 11:09:57.554181+04
16	auth	0011_update_proxy_permissions	2025-09-11 11:09:57.570085+04
17	auth	0012_alter_user_first_name_max_length	2025-09-11 11:09:57.585522+04
18	authtoken	0001_initial	2025-09-11 11:09:57.615057+04
19	authtoken	0002_auto_20160226_1747	2025-09-11 11:09:57.659273+04
20	authtoken	0003_tokenproxy	2025-09-11 11:09:57.659273+04
21	authtoken	0004_alter_tokenproxy_options	2025-09-11 11:09:57.670203+04
22	core	0001_initial	2025-09-11 11:09:57.690438+04
23	dashboard	0001_initial	2025-09-11 11:09:57.701451+04
24	regions	0001_initial	2025-09-11 11:09:57.741545+04
25	drugs	0001_initial	2025-09-11 11:09:57.75292+04
27	payments	0001_initial	2025-09-11 11:09:57.895188+04
28	sales	0001_initial	2025-09-11 11:09:57.920533+04
29	sessions	0001_initial	2025-09-11 11:09:57.932784+04
30	users	0001_initial	2025-09-11 11:09:57.967482+04
31	medicine	0001_initial	2025-09-11 11:42:47.208856+04
32	doctors	0001_initial	2025-09-11 11:43:10.615672+04
33	payment	0001_initial	2025-09-11 11:43:30.36489+04
34	export	0001_initial	2025-09-11 11:43:41.92955+04
35	tracking	0001_initial	2025-09-11 11:43:50.229716+04
36	user	0001_initial	2025-09-11 11:43:58.883582+04
\.


--
-- Data for Name: django_session; Type: TABLE DATA; Schema: public; Owner: postgres
--

COPY public.django_session (session_key, session_data, expire_date) FROM stdin;
kwv2v28pfeszqmljdwjqhado8nnk093d	.eJxVjDEOwjAMRe-SGUUxwSkwsvcMlR07pIASqWknxN1RpA6w_vfef5uJtjVPW9NlmsVcDZjD78YUn1o6kAeVe7WxlnWZ2XbF7rTZsYq-brv7d5Cp5V7rkOgITADECE4Q0SWnGpXYx5ScwNmfPAZFDDzEdJEAFDg61hTQfL4OOTkG:1uwc0p:lcCwVshPsdnuBvHhunoy11IBHY3C24v87WWe-bpgBWc	2025-09-25 11:46:35.805484+04
\.


--
-- Data for Name: doctors_doctors; Type: TABLE DATA; Schema: public; Owner: postgres
--

COPY public.doctors_doctors (id, ad, ixtisas, kategoriya, derece, cinsiyyet, number, barkod, avans, investisiya, geriqaytarma, previous_debt, hesablanan_miqdar, hekimden_silinen, datasiya, borc, yekun_borc, bolge_id, city_id, klinika_id) FROM stdin;
\.


--
-- Data for Name: doctors_realsales; Type: TABLE DATA; Schema: public; Owner: postgres
--

COPY public.doctors_realsales (id, date_sale, dr_name_id, region_n_id) FROM stdin;
\.


--
-- Data for Name: doctors_realsalesdrug; Type: TABLE DATA; Schema: public; Owner: postgres
--

COPY public.doctors_realsalesdrug (id, numbers, drug_name_id, real_sale_id) FROM stdin;
\.


--
-- Data for Name: doctors_recipe; Type: TABLE DATA; Schema: public; Owner: postgres
--

COPY public.doctors_recipe (id, date, dr_id, region_id) FROM stdin;
\.


--
-- Data for Name: doctors_recipedrug; Type: TABLE DATA; Schema: public; Owner: postgres
--

COPY public.doctors_recipedrug (id, number, created_at, drug_id, recipe_id) FROM stdin;
\.


--
-- Data for Name: drugs_medical; Type: TABLE DATA; Schema: public; Owner: postgres
--

COPY public.drugs_medical (id, med_name, med_full_name, med_price, komissiya, status) FROM stdin;
\.


--
-- Data for Name: export_backup; Type: TABLE DATA; Schema: public; Owner: postgres
--

COPY public.export_backup (id, ad, fayl, olusturulma_tarixi, olcu) FROM stdin;
\.


--
-- Data for Name: medicine_medical; Type: TABLE DATA; Schema: public; Owner: postgres
--

COPY public.medicine_medical (id, med_name, med_full_name, med_price, komissiya, status) FROM stdin;
1	Ropsol	Ropsol 30 ml sprey	16.70	2.00	t
2	Opeblock	Opeblock N5 3amp	34.38	4.00	t
3	Levostrong	Levostrong 100ml	7.50	1.00	t
4	Vitomer D3	Vitomer D3 15ml	16.50	2.00	t
5	Kalvey	Kalvey N30 tablet	24.90	3.30	t
6	Serrasol	Serrasol N30 kapsul	33.95	4.00	t
7	Genosfer	Genosfer N30 tablet	23.50	3.00	t
8	Betasol	Betasol N30 kapsul	28.80	3.70	t
9	Kartovey	Kartovey N30 tablet	28.50	3.50	t
10	Fesola	Fesola 250 ml	25.00	3.50	t
11	Vitomer Kids	Vitomer Kids 150ml	26.00	5.00	t
12	Heptrazol	Heptrazol 80 ml N5	0.00	3.00	t
13	Provital	Provital N5 amp	5.00	0.50	t
14	Prostazolin	Prostazolin N30 kapsul	15.03	2.00	t
15	Litasol	Litasol N30 kapsul	28.00	3.50	t
16	Soltep	Soltep N30	28.50	3.50	t
17	Fensavin	Fensavin 150 ml	23.00	2.50	t
18	Soltrop	Soltrop N30 tablet	34.00	4.00	t
19	Zemovar	Zemovar N30 tablet	38.42	4.50	t
21	Solseda	Solseda N30 tablet	26.00	3.00	t
20	Opsidol	Opsidol N30 kapsul	33.00	4.00	t
\.


--
-- Data for Name: payment_monthlydoctorreport; Type: TABLE DATA; Schema: public; Owner: postgres
--

COPY public.payment_monthlydoctorreport (id, report_month, borc, avans, investisiya, hesablanan_miqdar, hekimden_silinen, yekun_borc, recipe_total_drugs, recipe_drugs_list, doctor_id, region_id) FROM stdin;
\.


--
-- Data for Name: payment_payment_doctor; Type: TABLE DATA; Schema: public; Owner: postgres
--

COPY public.payment_payment_doctor (id, payment_type, pay, date, area_id, doctor_id) FROM stdin;
\.


--
-- Data for Name: payment_sale; Type: TABLE DATA; Schema: public; Owner: postgres
--

COPY public.payment_sale (id, quantity, sale_date, drug_id, region_id) FROM stdin;
\.


--
-- Data for Name: payments_monthlydoctorreport; Type: TABLE DATA; Schema: public; Owner: postgres
--

COPY public.payments_monthlydoctorreport (id, report_month, borc, avans, investisiya, hesablanan_miqdar, hekimden_silinen, yekun_borc, recipe_total_drugs, recipe_drugs_list, doctor_id, region_id) FROM stdin;
\.


--
-- Data for Name: payments_payment_doctor; Type: TABLE DATA; Schema: public; Owner: postgres
--

COPY public.payments_payment_doctor (id, payment_type, pay, date, area_id, doctor_id) FROM stdin;
\.


--
-- Data for Name: regions_city; Type: TABLE DATA; Schema: public; Owner: postgres
--

COPY public.regions_city (id, city_name, region_id) FROM stdin;
\.


--
-- Data for Name: regions_hospital; Type: TABLE DATA; Schema: public; Owner: postgres
--

COPY public.regions_hospital (id, hospital_name, city_id, region_net_id) FROM stdin;
\.


--
-- Data for Name: regions_region; Type: TABLE DATA; Schema: public; Owner: postgres
--

COPY public.regions_region (id, region_name, region_type) FROM stdin;
\.


--
-- Data for Name: sales_sale; Type: TABLE DATA; Schema: public; Owner: postgres
--

COPY public.sales_sale (id, quantity, sale_date, drug_id, region_id) FROM stdin;
\.


--
-- Data for Name: tracking_movqe; Type: TABLE DATA; Schema: public; Owner: postgres
--

COPY public.tracking_movqe (id, latitude, longitude, tarix, istifadeci_id) FROM stdin;
\.


--
-- Data for Name: user_istifadeciprofil; Type: TABLE DATA; Schema: public; Owner: postgres
--

COPY public.user_istifadeciprofil (id, bolge_id, user_id) FROM stdin;
\.


--
-- Data for Name: users_istifadeciprofil; Type: TABLE DATA; Schema: public; Owner: postgres
--

COPY public.users_istifadeciprofil (id, bolge_id, user_id) FROM stdin;
\.


--
-- Name: auth_group_id_seq; Type: SEQUENCE SET; Schema: public; Owner: postgres
--

SELECT pg_catalog.setval('public.auth_group_id_seq', 1, false);


--
-- Name: auth_group_permissions_id_seq; Type: SEQUENCE SET; Schema: public; Owner: postgres
--

SELECT pg_catalog.setval('public.auth_group_permissions_id_seq', 1, false);


--
-- Name: auth_permission_id_seq; Type: SEQUENCE SET; Schema: public; Owner: postgres
--

SELECT pg_catalog.setval('public.auth_permission_id_seq', 120, true);


--
-- Name: auth_user_groups_id_seq; Type: SEQUENCE SET; Schema: public; Owner: postgres
--

SELECT pg_catalog.setval('public.auth_user_groups_id_seq', 1, false);


--
-- Name: auth_user_id_seq; Type: SEQUENCE SET; Schema: public; Owner: postgres
--

SELECT pg_catalog.setval('public.auth_user_id_seq', 1, true);


--
-- Name: auth_user_user_permissions_id_seq; Type: SEQUENCE SET; Schema: public; Owner: postgres
--

SELECT pg_catalog.setval('public.auth_user_user_permissions_id_seq', 1, false);


--
-- Name: core_deletedrecipedruglog_id_seq; Type: SEQUENCE SET; Schema: public; Owner: postgres
--

SELECT pg_catalog.setval('public.core_deletedrecipedruglog_id_seq', 1, false);


--
-- Name: dashboard_backup_id_seq; Type: SEQUENCE SET; Schema: public; Owner: postgres
--

SELECT pg_catalog.setval('public.dashboard_backup_id_seq', 1, false);


--
-- Name: django_admin_log_id_seq; Type: SEQUENCE SET; Schema: public; Owner: postgres
--

SELECT pg_catalog.setval('public.django_admin_log_id_seq', 24, true);


--
-- Name: django_content_type_id_seq; Type: SEQUENCE SET; Schema: public; Owner: postgres
--

SELECT pg_catalog.setval('public.django_content_type_id_seq', 30, true);


--
-- Name: django_migrations_id_seq; Type: SEQUENCE SET; Schema: public; Owner: postgres
--

SELECT pg_catalog.setval('public.django_migrations_id_seq', 36, true);


--
-- Name: doctors_doctors_id_seq; Type: SEQUENCE SET; Schema: public; Owner: postgres
--

SELECT pg_catalog.setval('public.doctors_doctors_id_seq', 1, false);


--
-- Name: doctors_realsales_id_seq; Type: SEQUENCE SET; Schema: public; Owner: postgres
--

SELECT pg_catalog.setval('public.doctors_realsales_id_seq', 1, false);


--
-- Name: doctors_realsalesdrug_id_seq; Type: SEQUENCE SET; Schema: public; Owner: postgres
--

SELECT pg_catalog.setval('public.doctors_realsalesdrug_id_seq', 1, false);


--
-- Name: doctors_recipe_id_seq; Type: SEQUENCE SET; Schema: public; Owner: postgres
--

SELECT pg_catalog.setval('public.doctors_recipe_id_seq', 1, false);


--
-- Name: doctors_recipedrug_id_seq; Type: SEQUENCE SET; Schema: public; Owner: postgres
--

SELECT pg_catalog.setval('public.doctors_recipedrug_id_seq', 1, false);


--
-- Name: drugs_medical_id_seq; Type: SEQUENCE SET; Schema: public; Owner: postgres
--

SELECT pg_catalog.setval('public.drugs_medical_id_seq', 1, false);


--
-- Name: export_backup_id_seq; Type: SEQUENCE SET; Schema: public; Owner: postgres
--

SELECT pg_catalog.setval('public.export_backup_id_seq', 1, false);


--
-- Name: medicine_medical_id_seq; Type: SEQUENCE SET; Schema: public; Owner: postgres
--

SELECT pg_catalog.setval('public.medicine_medical_id_seq', 21, true);


--
-- Name: payment_monthlydoctorreport_id_seq; Type: SEQUENCE SET; Schema: public; Owner: postgres
--

SELECT pg_catalog.setval('public.payment_monthlydoctorreport_id_seq', 1, false);


--
-- Name: payment_payment_doctor_id_seq; Type: SEQUENCE SET; Schema: public; Owner: postgres
--

SELECT pg_catalog.setval('public.payment_payment_doctor_id_seq', 1, false);


--
-- Name: payment_sale_id_seq; Type: SEQUENCE SET; Schema: public; Owner: postgres
--

SELECT pg_catalog.setval('public.payment_sale_id_seq', 1, false);


--
-- Name: payments_monthlydoctorreport_id_seq; Type: SEQUENCE SET; Schema: public; Owner: postgres
--

SELECT pg_catalog.setval('public.payments_monthlydoctorreport_id_seq', 1, false);


--
-- Name: payments_payment_doctor_id_seq; Type: SEQUENCE SET; Schema: public; Owner: postgres
--

SELECT pg_catalog.setval('public.payments_payment_doctor_id_seq', 1, false);


--
-- Name: regions_city_id_seq; Type: SEQUENCE SET; Schema: public; Owner: postgres
--

SELECT pg_catalog.setval('public.regions_city_id_seq', 1, false);


--
-- Name: regions_hospital_id_seq; Type: SEQUENCE SET; Schema: public; Owner: postgres
--

SELECT pg_catalog.setval('public.regions_hospital_id_seq', 1, false);


--
-- Name: regions_region_id_seq; Type: SEQUENCE SET; Schema: public; Owner: postgres
--

SELECT pg_catalog.setval('public.regions_region_id_seq', 1, false);


--
-- Name: sales_sale_id_seq; Type: SEQUENCE SET; Schema: public; Owner: postgres
--

SELECT pg_catalog.setval('public.sales_sale_id_seq', 1, false);


--
-- Name: tracking_movqe_id_seq; Type: SEQUENCE SET; Schema: public; Owner: postgres
--

SELECT pg_catalog.setval('public.tracking_movqe_id_seq', 1, false);


--
-- Name: user_istifadeciprofil_id_seq; Type: SEQUENCE SET; Schema: public; Owner: postgres
--

SELECT pg_catalog.setval('public.user_istifadeciprofil_id_seq', 1, false);


--
-- Name: users_istifadeciprofil_id_seq; Type: SEQUENCE SET; Schema: public; Owner: postgres
--

SELECT pg_catalog.setval('public.users_istifadeciprofil_id_seq', 1, false);


--
-- Name: auth_group auth_group_name_key; Type: CONSTRAINT; Schema: public; Owner: postgres
--

ALTER TABLE ONLY public.auth_group
    ADD CONSTRAINT auth_group_name_key UNIQUE (name);


--
-- Name: auth_group_permissions auth_group_permissions_group_id_permission_id_0cd325b0_uniq; Type: CONSTRAINT; Schema: public; Owner: postgres
--

ALTER TABLE ONLY public.auth_group_permissions
    ADD CONSTRAINT auth_group_permissions_group_id_permission_id_0cd325b0_uniq UNIQUE (group_id, permission_id);


--
-- Name: auth_group_permissions auth_group_permissions_pkey; Type: CONSTRAINT; Schema: public; Owner: postgres
--

ALTER TABLE ONLY public.auth_group_permissions
    ADD CONSTRAINT auth_group_permissions_pkey PRIMARY KEY (id);


--
-- Name: auth_group auth_group_pkey; Type: CONSTRAINT; Schema: public; Owner: postgres
--

ALTER TABLE ONLY public.auth_group
    ADD CONSTRAINT auth_group_pkey PRIMARY KEY (id);


--
-- Name: auth_permission auth_permission_content_type_id_codename_01ab375a_uniq; Type: CONSTRAINT; Schema: public; Owner: postgres
--

ALTER TABLE ONLY public.auth_permission
    ADD CONSTRAINT auth_permission_content_type_id_codename_01ab375a_uniq UNIQUE (content_type_id, codename);


--
-- Name: auth_permission auth_permission_pkey; Type: CONSTRAINT; Schema: public; Owner: postgres
--

ALTER TABLE ONLY public.auth_permission
    ADD CONSTRAINT auth_permission_pkey PRIMARY KEY (id);


--
-- Name: auth_user_groups auth_user_groups_pkey; Type: CONSTRAINT; Schema: public; Owner: postgres
--

ALTER TABLE ONLY public.auth_user_groups
    ADD CONSTRAINT auth_user_groups_pkey PRIMARY KEY (id);


--
-- Name: auth_user_groups auth_user_groups_user_id_group_id_94350c0c_uniq; Type: CONSTRAINT; Schema: public; Owner: postgres
--

ALTER TABLE ONLY public.auth_user_groups
    ADD CONSTRAINT auth_user_groups_user_id_group_id_94350c0c_uniq UNIQUE (user_id, group_id);


--
-- Name: auth_user auth_user_pkey; Type: CONSTRAINT; Schema: public; Owner: postgres
--

ALTER TABLE ONLY public.auth_user
    ADD CONSTRAINT auth_user_pkey PRIMARY KEY (id);


--
-- Name: auth_user_user_permissions auth_user_user_permissions_pkey; Type: CONSTRAINT; Schema: public; Owner: postgres
--

ALTER TABLE ONLY public.auth_user_user_permissions
    ADD CONSTRAINT auth_user_user_permissions_pkey PRIMARY KEY (id);


--
-- Name: auth_user_user_permissions auth_user_user_permissions_user_id_permission_id_14a6b632_uniq; Type: CONSTRAINT; Schema: public; Owner: postgres
--

ALTER TABLE ONLY public.auth_user_user_permissions
    ADD CONSTRAINT auth_user_user_permissions_user_id_permission_id_14a6b632_uniq UNIQUE (user_id, permission_id);


--
-- Name: auth_user auth_user_username_key; Type: CONSTRAINT; Schema: public; Owner: postgres
--

ALTER TABLE ONLY public.auth_user
    ADD CONSTRAINT auth_user_username_key UNIQUE (username);


--
-- Name: authtoken_token authtoken_token_pkey; Type: CONSTRAINT; Schema: public; Owner: postgres
--

ALTER TABLE ONLY public.authtoken_token
    ADD CONSTRAINT authtoken_token_pkey PRIMARY KEY (key);


--
-- Name: authtoken_token authtoken_token_user_id_key; Type: CONSTRAINT; Schema: public; Owner: postgres
--

ALTER TABLE ONLY public.authtoken_token
    ADD CONSTRAINT authtoken_token_user_id_key UNIQUE (user_id);


--
-- Name: core_deletedrecipedruglog core_deletedrecipedruglog_pkey; Type: CONSTRAINT; Schema: public; Owner: postgres
--

ALTER TABLE ONLY public.core_deletedrecipedruglog
    ADD CONSTRAINT core_deletedrecipedruglog_pkey PRIMARY KEY (id);


--
-- Name: dashboard_backup dashboard_backup_pkey; Type: CONSTRAINT; Schema: public; Owner: postgres
--

ALTER TABLE ONLY public.dashboard_backup
    ADD CONSTRAINT dashboard_backup_pkey PRIMARY KEY (id);


--
-- Name: django_admin_log django_admin_log_pkey; Type: CONSTRAINT; Schema: public; Owner: postgres
--

ALTER TABLE ONLY public.django_admin_log
    ADD CONSTRAINT django_admin_log_pkey PRIMARY KEY (id);


--
-- Name: django_content_type django_content_type_app_label_model_76bd3d3b_uniq; Type: CONSTRAINT; Schema: public; Owner: postgres
--

ALTER TABLE ONLY public.django_content_type
    ADD CONSTRAINT django_content_type_app_label_model_76bd3d3b_uniq UNIQUE (app_label, model);


--
-- Name: django_content_type django_content_type_pkey; Type: CONSTRAINT; Schema: public; Owner: postgres
--

ALTER TABLE ONLY public.django_content_type
    ADD CONSTRAINT django_content_type_pkey PRIMARY KEY (id);


--
-- Name: django_migrations django_migrations_pkey; Type: CONSTRAINT; Schema: public; Owner: postgres
--

ALTER TABLE ONLY public.django_migrations
    ADD CONSTRAINT django_migrations_pkey PRIMARY KEY (id);


--
-- Name: django_session django_session_pkey; Type: CONSTRAINT; Schema: public; Owner: postgres
--

ALTER TABLE ONLY public.django_session
    ADD CONSTRAINT django_session_pkey PRIMARY KEY (session_key);


--
-- Name: doctors_doctors doctors_doctors_barkod_key; Type: CONSTRAINT; Schema: public; Owner: postgres
--

ALTER TABLE ONLY public.doctors_doctors
    ADD CONSTRAINT doctors_doctors_barkod_key UNIQUE (barkod);


--
-- Name: doctors_doctors doctors_doctors_pkey; Type: CONSTRAINT; Schema: public; Owner: postgres
--

ALTER TABLE ONLY public.doctors_doctors
    ADD CONSTRAINT doctors_doctors_pkey PRIMARY KEY (id);


--
-- Name: doctors_realsales doctors_realsales_pkey; Type: CONSTRAINT; Schema: public; Owner: postgres
--

ALTER TABLE ONLY public.doctors_realsales
    ADD CONSTRAINT doctors_realsales_pkey PRIMARY KEY (id);


--
-- Name: doctors_realsalesdrug doctors_realsalesdrug_pkey; Type: CONSTRAINT; Schema: public; Owner: postgres
--

ALTER TABLE ONLY public.doctors_realsalesdrug
    ADD CONSTRAINT doctors_realsalesdrug_pkey PRIMARY KEY (id);


--
-- Name: doctors_recipe doctors_recipe_pkey; Type: CONSTRAINT; Schema: public; Owner: postgres
--

ALTER TABLE ONLY public.doctors_recipe
    ADD CONSTRAINT doctors_recipe_pkey PRIMARY KEY (id);


--
-- Name: doctors_recipedrug doctors_recipedrug_pkey; Type: CONSTRAINT; Schema: public; Owner: postgres
--

ALTER TABLE ONLY public.doctors_recipedrug
    ADD CONSTRAINT doctors_recipedrug_pkey PRIMARY KEY (id);


--
-- Name: drugs_medical drugs_medical_pkey; Type: CONSTRAINT; Schema: public; Owner: postgres
--

ALTER TABLE ONLY public.drugs_medical
    ADD CONSTRAINT drugs_medical_pkey PRIMARY KEY (id);


--
-- Name: export_backup export_backup_pkey; Type: CONSTRAINT; Schema: public; Owner: postgres
--

ALTER TABLE ONLY public.export_backup
    ADD CONSTRAINT export_backup_pkey PRIMARY KEY (id);


--
-- Name: medicine_medical medicine_medical_pkey; Type: CONSTRAINT; Schema: public; Owner: postgres
--

ALTER TABLE ONLY public.medicine_medical
    ADD CONSTRAINT medicine_medical_pkey PRIMARY KEY (id);


--
-- Name: payment_monthlydoctorreport payment_monthlydoctorrep_doctor_id_report_month_3a4b2e93_uniq; Type: CONSTRAINT; Schema: public; Owner: postgres
--

ALTER TABLE ONLY public.payment_monthlydoctorreport
    ADD CONSTRAINT payment_monthlydoctorrep_doctor_id_report_month_3a4b2e93_uniq UNIQUE (doctor_id, report_month);


--
-- Name: payment_monthlydoctorreport payment_monthlydoctorreport_pkey; Type: CONSTRAINT; Schema: public; Owner: postgres
--

ALTER TABLE ONLY public.payment_monthlydoctorreport
    ADD CONSTRAINT payment_monthlydoctorreport_pkey PRIMARY KEY (id);


--
-- Name: payment_payment_doctor payment_payment_doctor_pkey; Type: CONSTRAINT; Schema: public; Owner: postgres
--

ALTER TABLE ONLY public.payment_payment_doctor
    ADD CONSTRAINT payment_payment_doctor_pkey PRIMARY KEY (id);


--
-- Name: payment_sale payment_sale_pkey; Type: CONSTRAINT; Schema: public; Owner: postgres
--

ALTER TABLE ONLY public.payment_sale
    ADD CONSTRAINT payment_sale_pkey PRIMARY KEY (id);


--
-- Name: payments_monthlydoctorreport payments_monthlydoctorre_doctor_id_report_month_9a18d0a3_uniq; Type: CONSTRAINT; Schema: public; Owner: postgres
--

ALTER TABLE ONLY public.payments_monthlydoctorreport
    ADD CONSTRAINT payments_monthlydoctorre_doctor_id_report_month_9a18d0a3_uniq UNIQUE (doctor_id, report_month);


--
-- Name: payments_monthlydoctorreport payments_monthlydoctorreport_pkey; Type: CONSTRAINT; Schema: public; Owner: postgres
--

ALTER TABLE ONLY public.payments_monthlydoctorreport
    ADD CONSTRAINT payments_monthlydoctorreport_pkey PRIMARY KEY (id);


--
-- Name: payments_payment_doctor payments_payment_doctor_pkey; Type: CONSTRAINT; Schema: public; Owner: postgres
--

ALTER TABLE ONLY public.payments_payment_doctor
    ADD CONSTRAINT payments_payment_doctor_pkey PRIMARY KEY (id);


--
-- Name: regions_city regions_city_pkey; Type: CONSTRAINT; Schema: public; Owner: postgres
--

ALTER TABLE ONLY public.regions_city
    ADD CONSTRAINT regions_city_pkey PRIMARY KEY (id);


--
-- Name: regions_hospital regions_hospital_pkey; Type: CONSTRAINT; Schema: public; Owner: postgres
--

ALTER TABLE ONLY public.regions_hospital
    ADD CONSTRAINT regions_hospital_pkey PRIMARY KEY (id);


--
-- Name: regions_region regions_region_pkey; Type: CONSTRAINT; Schema: public; Owner: postgres
--

ALTER TABLE ONLY public.regions_region
    ADD CONSTRAINT regions_region_pkey PRIMARY KEY (id);


--
-- Name: regions_region regions_region_region_name_key; Type: CONSTRAINT; Schema: public; Owner: postgres
--

ALTER TABLE ONLY public.regions_region
    ADD CONSTRAINT regions_region_region_name_key UNIQUE (region_name);


--
-- Name: sales_sale sales_sale_pkey; Type: CONSTRAINT; Schema: public; Owner: postgres
--

ALTER TABLE ONLY public.sales_sale
    ADD CONSTRAINT sales_sale_pkey PRIMARY KEY (id);


--
-- Name: tracking_movqe tracking_movqe_pkey; Type: CONSTRAINT; Schema: public; Owner: postgres
--

ALTER TABLE ONLY public.tracking_movqe
    ADD CONSTRAINT tracking_movqe_pkey PRIMARY KEY (id);


--
-- Name: user_istifadeciprofil user_istifadeciprofil_pkey; Type: CONSTRAINT; Schema: public; Owner: postgres
--

ALTER TABLE ONLY public.user_istifadeciprofil
    ADD CONSTRAINT user_istifadeciprofil_pkey PRIMARY KEY (id);


--
-- Name: user_istifadeciprofil user_istifadeciprofil_user_id_key; Type: CONSTRAINT; Schema: public; Owner: postgres
--

ALTER TABLE ONLY public.user_istifadeciprofil
    ADD CONSTRAINT user_istifadeciprofil_user_id_key UNIQUE (user_id);


--
-- Name: users_istifadeciprofil users_istifadeciprofil_pkey; Type: CONSTRAINT; Schema: public; Owner: postgres
--

ALTER TABLE ONLY public.users_istifadeciprofil
    ADD CONSTRAINT users_istifadeciprofil_pkey PRIMARY KEY (id);


--
-- Name: users_istifadeciprofil users_istifadeciprofil_user_id_key; Type: CONSTRAINT; Schema: public; Owner: postgres
--

ALTER TABLE ONLY public.users_istifadeciprofil
    ADD CONSTRAINT users_istifadeciprofil_user_id_key UNIQUE (user_id);


--
-- Name: auth_group_name_a6ea08ec_like; Type: INDEX; Schema: public; Owner: postgres
--

CREATE INDEX auth_group_name_a6ea08ec_like ON public.auth_group USING btree (name varchar_pattern_ops);


--
-- Name: auth_group_permissions_group_id_b120cbf9; Type: INDEX; Schema: public; Owner: postgres
--

CREATE INDEX auth_group_permissions_group_id_b120cbf9 ON public.auth_group_permissions USING btree (group_id);


--
-- Name: auth_group_permissions_permission_id_84c5c92e; Type: INDEX; Schema: public; Owner: postgres
--

CREATE INDEX auth_group_permissions_permission_id_84c5c92e ON public.auth_group_permissions USING btree (permission_id);


--
-- Name: auth_permission_content_type_id_2f476e4b; Type: INDEX; Schema: public; Owner: postgres
--

CREATE INDEX auth_permission_content_type_id_2f476e4b ON public.auth_permission USING btree (content_type_id);


--
-- Name: auth_user_groups_group_id_97559544; Type: INDEX; Schema: public; Owner: postgres
--

CREATE INDEX auth_user_groups_group_id_97559544 ON public.auth_user_groups USING btree (group_id);


--
-- Name: auth_user_groups_user_id_6a12ed8b; Type: INDEX; Schema: public; Owner: postgres
--

CREATE INDEX auth_user_groups_user_id_6a12ed8b ON public.auth_user_groups USING btree (user_id);


--
-- Name: auth_user_user_permissions_permission_id_1fbb5f2c; Type: INDEX; Schema: public; Owner: postgres
--

CREATE INDEX auth_user_user_permissions_permission_id_1fbb5f2c ON public.auth_user_user_permissions USING btree (permission_id);


--
-- Name: auth_user_user_permissions_user_id_a95ead1b; Type: INDEX; Schema: public; Owner: postgres
--

CREATE INDEX auth_user_user_permissions_user_id_a95ead1b ON public.auth_user_user_permissions USING btree (user_id);


--
-- Name: auth_user_username_6821ab7c_like; Type: INDEX; Schema: public; Owner: postgres
--

CREATE INDEX auth_user_username_6821ab7c_like ON public.auth_user USING btree (username varchar_pattern_ops);


--
-- Name: authtoken_token_key_10f0b77e_like; Type: INDEX; Schema: public; Owner: postgres
--

CREATE INDEX authtoken_token_key_10f0b77e_like ON public.authtoken_token USING btree (key varchar_pattern_ops);


--
-- Name: core_deletedrecipedruglog_deleted_by_id_b8a1caf7; Type: INDEX; Schema: public; Owner: postgres
--

CREATE INDEX core_deletedrecipedruglog_deleted_by_id_b8a1caf7 ON public.core_deletedrecipedruglog USING btree (deleted_by_id);


--
-- Name: django_admin_log_content_type_id_c4bce8eb; Type: INDEX; Schema: public; Owner: postgres
--

CREATE INDEX django_admin_log_content_type_id_c4bce8eb ON public.django_admin_log USING btree (content_type_id);


--
-- Name: django_admin_log_user_id_c564eba6; Type: INDEX; Schema: public; Owner: postgres
--

CREATE INDEX django_admin_log_user_id_c564eba6 ON public.django_admin_log USING btree (user_id);


--
-- Name: django_session_expire_date_a5c62663; Type: INDEX; Schema: public; Owner: postgres
--

CREATE INDEX django_session_expire_date_a5c62663 ON public.django_session USING btree (expire_date);


--
-- Name: django_session_session_key_c0390e0f_like; Type: INDEX; Schema: public; Owner: postgres
--

CREATE INDEX django_session_session_key_c0390e0f_like ON public.django_session USING btree (session_key varchar_pattern_ops);


--
-- Name: doctors_doctors_barkod_b93d9d39_like; Type: INDEX; Schema: public; Owner: postgres
--

CREATE INDEX doctors_doctors_barkod_b93d9d39_like ON public.doctors_doctors USING btree (barkod varchar_pattern_ops);


--
-- Name: doctors_doctors_bolge_id_056eacc2; Type: INDEX; Schema: public; Owner: postgres
--

CREATE INDEX doctors_doctors_bolge_id_056eacc2 ON public.doctors_doctors USING btree (bolge_id);


--
-- Name: doctors_doctors_city_id_ae09bd1e; Type: INDEX; Schema: public; Owner: postgres
--

CREATE INDEX doctors_doctors_city_id_ae09bd1e ON public.doctors_doctors USING btree (city_id);


--
-- Name: doctors_doctors_klinika_id_efee8c6d; Type: INDEX; Schema: public; Owner: postgres
--

CREATE INDEX doctors_doctors_klinika_id_efee8c6d ON public.doctors_doctors USING btree (klinika_id);


--
-- Name: doctors_realsales_dr_name_id_dbe846c3; Type: INDEX; Schema: public; Owner: postgres
--

CREATE INDEX doctors_realsales_dr_name_id_dbe846c3 ON public.doctors_realsales USING btree (dr_name_id);


--
-- Name: doctors_realsales_region_n_id_603a649a; Type: INDEX; Schema: public; Owner: postgres
--

CREATE INDEX doctors_realsales_region_n_id_603a649a ON public.doctors_realsales USING btree (region_n_id);


--
-- Name: doctors_realsalesdrug_drug_name_id_46f87e00; Type: INDEX; Schema: public; Owner: postgres
--

CREATE INDEX doctors_realsalesdrug_drug_name_id_46f87e00 ON public.doctors_realsalesdrug USING btree (drug_name_id);


--
-- Name: doctors_realsalesdrug_real_sale_id_35443f99; Type: INDEX; Schema: public; Owner: postgres
--

CREATE INDEX doctors_realsalesdrug_real_sale_id_35443f99 ON public.doctors_realsalesdrug USING btree (real_sale_id);


--
-- Name: doctors_recipe_dr_id_9a142213; Type: INDEX; Schema: public; Owner: postgres
--

CREATE INDEX doctors_recipe_dr_id_9a142213 ON public.doctors_recipe USING btree (dr_id);


--
-- Name: doctors_recipe_region_id_fecea7ff; Type: INDEX; Schema: public; Owner: postgres
--

CREATE INDEX doctors_recipe_region_id_fecea7ff ON public.doctors_recipe USING btree (region_id);


--
-- Name: doctors_recipedrug_drug_id_2befd933; Type: INDEX; Schema: public; Owner: postgres
--

CREATE INDEX doctors_recipedrug_drug_id_2befd933 ON public.doctors_recipedrug USING btree (drug_id);


--
-- Name: doctors_recipedrug_recipe_id_75aedc44; Type: INDEX; Schema: public; Owner: postgres
--

CREATE INDEX doctors_recipedrug_recipe_id_75aedc44 ON public.doctors_recipedrug USING btree (recipe_id);


--
-- Name: payment_monthlydoctorreport_doctor_id_a1342ef6; Type: INDEX; Schema: public; Owner: postgres
--

CREATE INDEX payment_monthlydoctorreport_doctor_id_a1342ef6 ON public.payment_monthlydoctorreport USING btree (doctor_id);


--
-- Name: payment_monthlydoctorreport_region_id_1f61ffff; Type: INDEX; Schema: public; Owner: postgres
--

CREATE INDEX payment_monthlydoctorreport_region_id_1f61ffff ON public.payment_monthlydoctorreport USING btree (region_id);


--
-- Name: payment_payment_doctor_area_id_730b10c0; Type: INDEX; Schema: public; Owner: postgres
--

CREATE INDEX payment_payment_doctor_area_id_730b10c0 ON public.payment_payment_doctor USING btree (area_id);


--
-- Name: payment_payment_doctor_doctor_id_aadc8112; Type: INDEX; Schema: public; Owner: postgres
--

CREATE INDEX payment_payment_doctor_doctor_id_aadc8112 ON public.payment_payment_doctor USING btree (doctor_id);


--
-- Name: payment_sale_drug_id_5350c116; Type: INDEX; Schema: public; Owner: postgres
--

CREATE INDEX payment_sale_drug_id_5350c116 ON public.payment_sale USING btree (drug_id);


--
-- Name: payment_sale_region_id_79f6f01a; Type: INDEX; Schema: public; Owner: postgres
--

CREATE INDEX payment_sale_region_id_79f6f01a ON public.payment_sale USING btree (region_id);


--
-- Name: payments_monthlydoctorreport_doctor_id_67d86286; Type: INDEX; Schema: public; Owner: postgres
--

CREATE INDEX payments_monthlydoctorreport_doctor_id_67d86286 ON public.payments_monthlydoctorreport USING btree (doctor_id);


--
-- Name: payments_monthlydoctorreport_region_id_bc021f84; Type: INDEX; Schema: public; Owner: postgres
--

CREATE INDEX payments_monthlydoctorreport_region_id_bc021f84 ON public.payments_monthlydoctorreport USING btree (region_id);


--
-- Name: payments_payment_doctor_area_id_7ab5993f; Type: INDEX; Schema: public; Owner: postgres
--

CREATE INDEX payments_payment_doctor_area_id_7ab5993f ON public.payments_payment_doctor USING btree (area_id);


--
-- Name: payments_payment_doctor_doctor_id_80e55b3d; Type: INDEX; Schema: public; Owner: postgres
--

CREATE INDEX payments_payment_doctor_doctor_id_80e55b3d ON public.payments_payment_doctor USING btree (doctor_id);


--
-- Name: regions_city_region_id_591f0555; Type: INDEX; Schema: public; Owner: postgres
--

CREATE INDEX regions_city_region_id_591f0555 ON public.regions_city USING btree (region_id);


--
-- Name: regions_hospital_city_id_0192f760; Type: INDEX; Schema: public; Owner: postgres
--

CREATE INDEX regions_hospital_city_id_0192f760 ON public.regions_hospital USING btree (city_id);


--
-- Name: regions_hospital_region_net_id_c5b825f6; Type: INDEX; Schema: public; Owner: postgres
--

CREATE INDEX regions_hospital_region_net_id_c5b825f6 ON public.regions_hospital USING btree (region_net_id);


--
-- Name: regions_region_region_name_9bdd389f_like; Type: INDEX; Schema: public; Owner: postgres
--

CREATE INDEX regions_region_region_name_9bdd389f_like ON public.regions_region USING btree (region_name varchar_pattern_ops);


--
-- Name: sales_sale_drug_id_a07c1772; Type: INDEX; Schema: public; Owner: postgres
--

CREATE INDEX sales_sale_drug_id_a07c1772 ON public.sales_sale USING btree (drug_id);


--
-- Name: sales_sale_region_id_421113b7; Type: INDEX; Schema: public; Owner: postgres
--

CREATE INDEX sales_sale_region_id_421113b7 ON public.sales_sale USING btree (region_id);


--
-- Name: tracking_movqe_istifadeci_id_2e4934ef; Type: INDEX; Schema: public; Owner: postgres
--

CREATE INDEX tracking_movqe_istifadeci_id_2e4934ef ON public.tracking_movqe USING btree (istifadeci_id);


--
-- Name: user_istifadeciprofil_bolge_id_52fd8735; Type: INDEX; Schema: public; Owner: postgres
--

CREATE INDEX user_istifadeciprofil_bolge_id_52fd8735 ON public.user_istifadeciprofil USING btree (bolge_id);


--
-- Name: users_istifadeciprofil_bolge_id_c9c1c62a; Type: INDEX; Schema: public; Owner: postgres
--

CREATE INDEX users_istifadeciprofil_bolge_id_c9c1c62a ON public.users_istifadeciprofil USING btree (bolge_id);


--
-- Name: auth_group_permissions auth_group_permissio_permission_id_84c5c92e_fk_auth_perm; Type: FK CONSTRAINT; Schema: public; Owner: postgres
--

ALTER TABLE ONLY public.auth_group_permissions
    ADD CONSTRAINT auth_group_permissio_permission_id_84c5c92e_fk_auth_perm FOREIGN KEY (permission_id) REFERENCES public.auth_permission(id) DEFERRABLE INITIALLY DEFERRED;


--
-- Name: auth_group_permissions auth_group_permissions_group_id_b120cbf9_fk_auth_group_id; Type: FK CONSTRAINT; Schema: public; Owner: postgres
--

ALTER TABLE ONLY public.auth_group_permissions
    ADD CONSTRAINT auth_group_permissions_group_id_b120cbf9_fk_auth_group_id FOREIGN KEY (group_id) REFERENCES public.auth_group(id) DEFERRABLE INITIALLY DEFERRED;


--
-- Name: auth_permission auth_permission_content_type_id_2f476e4b_fk_django_co; Type: FK CONSTRAINT; Schema: public; Owner: postgres
--

ALTER TABLE ONLY public.auth_permission
    ADD CONSTRAINT auth_permission_content_type_id_2f476e4b_fk_django_co FOREIGN KEY (content_type_id) REFERENCES public.django_content_type(id) DEFERRABLE INITIALLY DEFERRED;


--
-- Name: auth_user_groups auth_user_groups_group_id_97559544_fk_auth_group_id; Type: FK CONSTRAINT; Schema: public; Owner: postgres
--

ALTER TABLE ONLY public.auth_user_groups
    ADD CONSTRAINT auth_user_groups_group_id_97559544_fk_auth_group_id FOREIGN KEY (group_id) REFERENCES public.auth_group(id) DEFERRABLE INITIALLY DEFERRED;


--
-- Name: auth_user_groups auth_user_groups_user_id_6a12ed8b_fk_auth_user_id; Type: FK CONSTRAINT; Schema: public; Owner: postgres
--

ALTER TABLE ONLY public.auth_user_groups
    ADD CONSTRAINT auth_user_groups_user_id_6a12ed8b_fk_auth_user_id FOREIGN KEY (user_id) REFERENCES public.auth_user(id) DEFERRABLE INITIALLY DEFERRED;


--
-- Name: auth_user_user_permissions auth_user_user_permi_permission_id_1fbb5f2c_fk_auth_perm; Type: FK CONSTRAINT; Schema: public; Owner: postgres
--

ALTER TABLE ONLY public.auth_user_user_permissions
    ADD CONSTRAINT auth_user_user_permi_permission_id_1fbb5f2c_fk_auth_perm FOREIGN KEY (permission_id) REFERENCES public.auth_permission(id) DEFERRABLE INITIALLY DEFERRED;


--
-- Name: auth_user_user_permissions auth_user_user_permissions_user_id_a95ead1b_fk_auth_user_id; Type: FK CONSTRAINT; Schema: public; Owner: postgres
--

ALTER TABLE ONLY public.auth_user_user_permissions
    ADD CONSTRAINT auth_user_user_permissions_user_id_a95ead1b_fk_auth_user_id FOREIGN KEY (user_id) REFERENCES public.auth_user(id) DEFERRABLE INITIALLY DEFERRED;


--
-- Name: authtoken_token authtoken_token_user_id_35299eff_fk_auth_user_id; Type: FK CONSTRAINT; Schema: public; Owner: postgres
--

ALTER TABLE ONLY public.authtoken_token
    ADD CONSTRAINT authtoken_token_user_id_35299eff_fk_auth_user_id FOREIGN KEY (user_id) REFERENCES public.auth_user(id) DEFERRABLE INITIALLY DEFERRED;


--
-- Name: core_deletedrecipedruglog core_deletedrecipedr_deleted_by_id_b8a1caf7_fk_auth_user; Type: FK CONSTRAINT; Schema: public; Owner: postgres
--

ALTER TABLE ONLY public.core_deletedrecipedruglog
    ADD CONSTRAINT core_deletedrecipedr_deleted_by_id_b8a1caf7_fk_auth_user FOREIGN KEY (deleted_by_id) REFERENCES public.auth_user(id) DEFERRABLE INITIALLY DEFERRED;


--
-- Name: django_admin_log django_admin_log_content_type_id_c4bce8eb_fk_django_co; Type: FK CONSTRAINT; Schema: public; Owner: postgres
--

ALTER TABLE ONLY public.django_admin_log
    ADD CONSTRAINT django_admin_log_content_type_id_c4bce8eb_fk_django_co FOREIGN KEY (content_type_id) REFERENCES public.django_content_type(id) DEFERRABLE INITIALLY DEFERRED;


--
-- Name: django_admin_log django_admin_log_user_id_c564eba6_fk_auth_user_id; Type: FK CONSTRAINT; Schema: public; Owner: postgres
--

ALTER TABLE ONLY public.django_admin_log
    ADD CONSTRAINT django_admin_log_user_id_c564eba6_fk_auth_user_id FOREIGN KEY (user_id) REFERENCES public.auth_user(id) DEFERRABLE INITIALLY DEFERRED;


--
-- Name: doctors_doctors doctors_doctors_bolge_id_056eacc2_fk_regions_region_id; Type: FK CONSTRAINT; Schema: public; Owner: postgres
--

ALTER TABLE ONLY public.doctors_doctors
    ADD CONSTRAINT doctors_doctors_bolge_id_056eacc2_fk_regions_region_id FOREIGN KEY (bolge_id) REFERENCES public.regions_region(id) DEFERRABLE INITIALLY DEFERRED;


--
-- Name: doctors_doctors doctors_doctors_city_id_ae09bd1e_fk_regions_city_id; Type: FK CONSTRAINT; Schema: public; Owner: postgres
--

ALTER TABLE ONLY public.doctors_doctors
    ADD CONSTRAINT doctors_doctors_city_id_ae09bd1e_fk_regions_city_id FOREIGN KEY (city_id) REFERENCES public.regions_city(id) DEFERRABLE INITIALLY DEFERRED;


--
-- Name: doctors_doctors doctors_doctors_klinika_id_efee8c6d_fk_regions_hospital_id; Type: FK CONSTRAINT; Schema: public; Owner: postgres
--

ALTER TABLE ONLY public.doctors_doctors
    ADD CONSTRAINT doctors_doctors_klinika_id_efee8c6d_fk_regions_hospital_id FOREIGN KEY (klinika_id) REFERENCES public.regions_hospital(id) DEFERRABLE INITIALLY DEFERRED;


--
-- Name: doctors_realsales doctors_realsales_dr_name_id_dbe846c3_fk_doctors_doctors_id; Type: FK CONSTRAINT; Schema: public; Owner: postgres
--

ALTER TABLE ONLY public.doctors_realsales
    ADD CONSTRAINT doctors_realsales_dr_name_id_dbe846c3_fk_doctors_doctors_id FOREIGN KEY (dr_name_id) REFERENCES public.doctors_doctors(id) DEFERRABLE INITIALLY DEFERRED;


--
-- Name: doctors_realsales doctors_realsales_region_n_id_603a649a_fk_regions_region_id; Type: FK CONSTRAINT; Schema: public; Owner: postgres
--

ALTER TABLE ONLY public.doctors_realsales
    ADD CONSTRAINT doctors_realsales_region_n_id_603a649a_fk_regions_region_id FOREIGN KEY (region_n_id) REFERENCES public.regions_region(id) DEFERRABLE INITIALLY DEFERRED;


--
-- Name: doctors_realsalesdrug doctors_realsalesdru_real_sale_id_35443f99_fk_doctors_r; Type: FK CONSTRAINT; Schema: public; Owner: postgres
--

ALTER TABLE ONLY public.doctors_realsalesdrug
    ADD CONSTRAINT doctors_realsalesdru_real_sale_id_35443f99_fk_doctors_r FOREIGN KEY (real_sale_id) REFERENCES public.doctors_realsales(id) DEFERRABLE INITIALLY DEFERRED;


--
-- Name: doctors_realsalesdrug doctors_realsalesdrug_drug_name_id_46f87e00_fk_drugs_medical_id; Type: FK CONSTRAINT; Schema: public; Owner: postgres
--

ALTER TABLE ONLY public.doctors_realsalesdrug
    ADD CONSTRAINT doctors_realsalesdrug_drug_name_id_46f87e00_fk_drugs_medical_id FOREIGN KEY (drug_name_id) REFERENCES public.drugs_medical(id) DEFERRABLE INITIALLY DEFERRED;


--
-- Name: doctors_recipe doctors_recipe_dr_id_9a142213_fk_doctors_doctors_id; Type: FK CONSTRAINT; Schema: public; Owner: postgres
--

ALTER TABLE ONLY public.doctors_recipe
    ADD CONSTRAINT doctors_recipe_dr_id_9a142213_fk_doctors_doctors_id FOREIGN KEY (dr_id) REFERENCES public.doctors_doctors(id) DEFERRABLE INITIALLY DEFERRED;


--
-- Name: doctors_recipe doctors_recipe_region_id_fecea7ff_fk_regions_region_id; Type: FK CONSTRAINT; Schema: public; Owner: postgres
--

ALTER TABLE ONLY public.doctors_recipe
    ADD CONSTRAINT doctors_recipe_region_id_fecea7ff_fk_regions_region_id FOREIGN KEY (region_id) REFERENCES public.regions_region(id) DEFERRABLE INITIALLY DEFERRED;


--
-- Name: doctors_recipedrug doctors_recipedrug_drug_id_2befd933_fk_drugs_medical_id; Type: FK CONSTRAINT; Schema: public; Owner: postgres
--

ALTER TABLE ONLY public.doctors_recipedrug
    ADD CONSTRAINT doctors_recipedrug_drug_id_2befd933_fk_drugs_medical_id FOREIGN KEY (drug_id) REFERENCES public.drugs_medical(id) DEFERRABLE INITIALLY DEFERRED;


--
-- Name: doctors_recipedrug doctors_recipedrug_recipe_id_75aedc44_fk_doctors_recipe_id; Type: FK CONSTRAINT; Schema: public; Owner: postgres
--

ALTER TABLE ONLY public.doctors_recipedrug
    ADD CONSTRAINT doctors_recipedrug_recipe_id_75aedc44_fk_doctors_recipe_id FOREIGN KEY (recipe_id) REFERENCES public.doctors_recipe(id) DEFERRABLE INITIALLY DEFERRED;


--
-- Name: payment_monthlydoctorreport payment_monthlydocto_doctor_id_a1342ef6_fk_doctors_d; Type: FK CONSTRAINT; Schema: public; Owner: postgres
--

ALTER TABLE ONLY public.payment_monthlydoctorreport
    ADD CONSTRAINT payment_monthlydocto_doctor_id_a1342ef6_fk_doctors_d FOREIGN KEY (doctor_id) REFERENCES public.doctors_doctors(id) DEFERRABLE INITIALLY DEFERRED;


--
-- Name: payment_monthlydoctorreport payment_monthlydocto_region_id_1f61ffff_fk_regions_r; Type: FK CONSTRAINT; Schema: public; Owner: postgres
--

ALTER TABLE ONLY public.payment_monthlydoctorreport
    ADD CONSTRAINT payment_monthlydocto_region_id_1f61ffff_fk_regions_r FOREIGN KEY (region_id) REFERENCES public.regions_region(id) DEFERRABLE INITIALLY DEFERRED;


--
-- Name: payment_payment_doctor payment_payment_doctor_area_id_730b10c0_fk_regions_region_id; Type: FK CONSTRAINT; Schema: public; Owner: postgres
--

ALTER TABLE ONLY public.payment_payment_doctor
    ADD CONSTRAINT payment_payment_doctor_area_id_730b10c0_fk_regions_region_id FOREIGN KEY (area_id) REFERENCES public.regions_region(id) DEFERRABLE INITIALLY DEFERRED;


--
-- Name: payment_payment_doctor payment_payment_doctor_doctor_id_aadc8112_fk_doctors_doctors_id; Type: FK CONSTRAINT; Schema: public; Owner: postgres
--

ALTER TABLE ONLY public.payment_payment_doctor
    ADD CONSTRAINT payment_payment_doctor_doctor_id_aadc8112_fk_doctors_doctors_id FOREIGN KEY (doctor_id) REFERENCES public.doctors_doctors(id) DEFERRABLE INITIALLY DEFERRED;


--
-- Name: payment_sale payment_sale_drug_id_5350c116_fk_medicine_medical_id; Type: FK CONSTRAINT; Schema: public; Owner: postgres
--

ALTER TABLE ONLY public.payment_sale
    ADD CONSTRAINT payment_sale_drug_id_5350c116_fk_medicine_medical_id FOREIGN KEY (drug_id) REFERENCES public.medicine_medical(id) DEFERRABLE INITIALLY DEFERRED;


--
-- Name: payment_sale payment_sale_region_id_79f6f01a_fk_regions_region_id; Type: FK CONSTRAINT; Schema: public; Owner: postgres
--

ALTER TABLE ONLY public.payment_sale
    ADD CONSTRAINT payment_sale_region_id_79f6f01a_fk_regions_region_id FOREIGN KEY (region_id) REFERENCES public.regions_region(id) DEFERRABLE INITIALLY DEFERRED;


--
-- Name: payments_monthlydoctorreport payments_monthlydoct_doctor_id_67d86286_fk_doctors_d; Type: FK CONSTRAINT; Schema: public; Owner: postgres
--

ALTER TABLE ONLY public.payments_monthlydoctorreport
    ADD CONSTRAINT payments_monthlydoct_doctor_id_67d86286_fk_doctors_d FOREIGN KEY (doctor_id) REFERENCES public.doctors_doctors(id) DEFERRABLE INITIALLY DEFERRED;


--
-- Name: payments_monthlydoctorreport payments_monthlydoct_region_id_bc021f84_fk_regions_r; Type: FK CONSTRAINT; Schema: public; Owner: postgres
--

ALTER TABLE ONLY public.payments_monthlydoctorreport
    ADD CONSTRAINT payments_monthlydoct_region_id_bc021f84_fk_regions_r FOREIGN KEY (region_id) REFERENCES public.regions_region(id) DEFERRABLE INITIALLY DEFERRED;


--
-- Name: payments_payment_doctor payments_payment_doc_doctor_id_80e55b3d_fk_doctors_d; Type: FK CONSTRAINT; Schema: public; Owner: postgres
--

ALTER TABLE ONLY public.payments_payment_doctor
    ADD CONSTRAINT payments_payment_doc_doctor_id_80e55b3d_fk_doctors_d FOREIGN KEY (doctor_id) REFERENCES public.doctors_doctors(id) DEFERRABLE INITIALLY DEFERRED;


--
-- Name: payments_payment_doctor payments_payment_doctor_area_id_7ab5993f_fk_regions_region_id; Type: FK CONSTRAINT; Schema: public; Owner: postgres
--

ALTER TABLE ONLY public.payments_payment_doctor
    ADD CONSTRAINT payments_payment_doctor_area_id_7ab5993f_fk_regions_region_id FOREIGN KEY (area_id) REFERENCES public.regions_region(id) DEFERRABLE INITIALLY DEFERRED;


--
-- Name: regions_city regions_city_region_id_591f0555_fk_regions_region_id; Type: FK CONSTRAINT; Schema: public; Owner: postgres
--

ALTER TABLE ONLY public.regions_city
    ADD CONSTRAINT regions_city_region_id_591f0555_fk_regions_region_id FOREIGN KEY (region_id) REFERENCES public.regions_region(id) DEFERRABLE INITIALLY DEFERRED;


--
-- Name: regions_hospital regions_hospital_city_id_0192f760_fk_regions_city_id; Type: FK CONSTRAINT; Schema: public; Owner: postgres
--

ALTER TABLE ONLY public.regions_hospital
    ADD CONSTRAINT regions_hospital_city_id_0192f760_fk_regions_city_id FOREIGN KEY (city_id) REFERENCES public.regions_city(id) DEFERRABLE INITIALLY DEFERRED;


--
-- Name: regions_hospital regions_hospital_region_net_id_c5b825f6_fk_regions_region_id; Type: FK CONSTRAINT; Schema: public; Owner: postgres
--

ALTER TABLE ONLY public.regions_hospital
    ADD CONSTRAINT regions_hospital_region_net_id_c5b825f6_fk_regions_region_id FOREIGN KEY (region_net_id) REFERENCES public.regions_region(id) DEFERRABLE INITIALLY DEFERRED;


--
-- Name: sales_sale sales_sale_drug_id_a07c1772_fk_drugs_medical_id; Type: FK CONSTRAINT; Schema: public; Owner: postgres
--

ALTER TABLE ONLY public.sales_sale
    ADD CONSTRAINT sales_sale_drug_id_a07c1772_fk_drugs_medical_id FOREIGN KEY (drug_id) REFERENCES public.drugs_medical(id) DEFERRABLE INITIALLY DEFERRED;


--
-- Name: sales_sale sales_sale_region_id_421113b7_fk_regions_region_id; Type: FK CONSTRAINT; Schema: public; Owner: postgres
--

ALTER TABLE ONLY public.sales_sale
    ADD CONSTRAINT sales_sale_region_id_421113b7_fk_regions_region_id FOREIGN KEY (region_id) REFERENCES public.regions_region(id) DEFERRABLE INITIALLY DEFERRED;


--
-- Name: tracking_movqe tracking_movqe_istifadeci_id_2e4934ef_fk_auth_user_id; Type: FK CONSTRAINT; Schema: public; Owner: postgres
--

ALTER TABLE ONLY public.tracking_movqe
    ADD CONSTRAINT tracking_movqe_istifadeci_id_2e4934ef_fk_auth_user_id FOREIGN KEY (istifadeci_id) REFERENCES public.auth_user(id) DEFERRABLE INITIALLY DEFERRED;


--
-- Name: user_istifadeciprofil user_istifadeciprofil_bolge_id_52fd8735_fk_regions_region_id; Type: FK CONSTRAINT; Schema: public; Owner: postgres
--

ALTER TABLE ONLY public.user_istifadeciprofil
    ADD CONSTRAINT user_istifadeciprofil_bolge_id_52fd8735_fk_regions_region_id FOREIGN KEY (bolge_id) REFERENCES public.regions_region(id) DEFERRABLE INITIALLY DEFERRED;


--
-- Name: user_istifadeciprofil user_istifadeciprofil_user_id_831240cc_fk_auth_user_id; Type: FK CONSTRAINT; Schema: public; Owner: postgres
--

ALTER TABLE ONLY public.user_istifadeciprofil
    ADD CONSTRAINT user_istifadeciprofil_user_id_831240cc_fk_auth_user_id FOREIGN KEY (user_id) REFERENCES public.auth_user(id) DEFERRABLE INITIALLY DEFERRED;


--
-- Name: users_istifadeciprofil users_istifadeciprofil_bolge_id_c9c1c62a_fk_regions_region_id; Type: FK CONSTRAINT; Schema: public; Owner: postgres
--

ALTER TABLE ONLY public.users_istifadeciprofil
    ADD CONSTRAINT users_istifadeciprofil_bolge_id_c9c1c62a_fk_regions_region_id FOREIGN KEY (bolge_id) REFERENCES public.regions_region(id) DEFERRABLE INITIALLY DEFERRED;


--
-- Name: users_istifadeciprofil users_istifadeciprofil_user_id_cffab335_fk_auth_user_id; Type: FK CONSTRAINT; Schema: public; Owner: postgres
--

ALTER TABLE ONLY public.users_istifadeciprofil
    ADD CONSTRAINT users_istifadeciprofil_user_id_cffab335_fk_auth_user_id FOREIGN KEY (user_id) REFERENCES public.auth_user(id) DEFERRABLE INITIALLY DEFERRED;


--
-- PostgreSQL database dump complete
--

