--
-- PostgreSQL database dump
--

-- Dumped from database version 17.5
-- Dumped by pg_dump version 17.5

SET statement_timeout = 0;
SET lock_timeout = 0;
SET idle_in_transaction_session_timeout = 0;
SET transaction_timeout = 0;
SET client_encoding = 'UTF8';
SET standard_conforming_strings = on;
SELECT pg_catalog.set_config('search_path', '', false);
SET check_function_bodies = false;
SET xmloption = content;
SET client_min_messages = warning;
SET row_security = off;

--
-- Name: public; Type: SCHEMA; Schema: -; Owner: postgres
--

-- *not* creating schema, since initdb creates it


ALTER SCHEMA public OWNER TO postgres;

--
-- Name: SCHEMA public; Type: COMMENT; Schema: -; Owner: postgres
--

COMMENT ON SCHEMA public IS '';


SET default_tablespace = '';

SET default_table_access_method = heap;

--
-- Name: auth_group; Type: TABLE; Schema: public; Owner: postgres
--

CREATE TABLE public.auth_group (
    id integer NOT NULL,
    name character varying(150) NOT NULL
);


ALTER TABLE public.auth_group OWNER TO postgres;

--
-- Name: auth_group_id_seq; Type: SEQUENCE; Schema: public; Owner: postgres
--

ALTER TABLE public.auth_group ALTER COLUMN id ADD GENERATED BY DEFAULT AS IDENTITY (
    SEQUENCE NAME public.auth_group_id_seq
    START WITH 1
    INCREMENT BY 1
    NO MINVALUE
    NO MAXVALUE
    CACHE 1
);


--
-- Name: auth_group_permissions; Type: TABLE; Schema: public; Owner: postgres
--

CREATE TABLE public.auth_group_permissions (
    id bigint NOT NULL,
    group_id integer NOT NULL,
    permission_id integer NOT NULL
);


ALTER TABLE public.auth_group_permissions OWNER TO postgres;

--
-- Name: auth_group_permissions_id_seq; Type: SEQUENCE; Schema: public; Owner: postgres
--

ALTER TABLE public.auth_group_permissions ALTER COLUMN id ADD GENERATED BY DEFAULT AS IDENTITY (
    SEQUENCE NAME public.auth_group_permissions_id_seq
    START WITH 1
    INCREMENT BY 1
    NO MINVALUE
    NO MAXVALUE
    CACHE 1
);


--
-- Name: auth_permission; Type: TABLE; Schema: public; Owner: postgres
--

CREATE TABLE public.auth_permission (
    id integer NOT NULL,
    name character varying(255) NOT NULL,
    content_type_id integer NOT NULL,
    codename character varying(100) NOT NULL
);


ALTER TABLE public.auth_permission OWNER TO postgres;

--
-- Name: auth_permission_id_seq; Type: SEQUENCE; Schema: public; Owner: postgres
--

ALTER TABLE public.auth_permission ALTER COLUMN id ADD GENERATED BY DEFAULT AS IDENTITY (
    SEQUENCE NAME public.auth_permission_id_seq
    START WITH 1
    INCREMENT BY 1
    NO MINVALUE
    NO MAXVALUE
    CACHE 1
);


--
-- Name: auth_user; Type: TABLE; Schema: public; Owner: postgres
--

CREATE TABLE public.auth_user (
    id integer NOT NULL,
    password character varying(128) NOT NULL,
    last_login timestamp with time zone,
    is_superuser boolean NOT NULL,
    username character varying(150) NOT NULL,
    first_name character varying(150) NOT NULL,
    last_name character varying(150) NOT NULL,
    email character varying(254) NOT NULL,
    is_staff boolean NOT NULL,
    is_active boolean NOT NULL,
    date_joined timestamp with time zone NOT NULL
);


ALTER TABLE public.auth_user OWNER TO postgres;

--
-- Name: auth_user_groups; Type: TABLE; Schema: public; Owner: postgres
--

CREATE TABLE public.auth_user_groups (
    id bigint NOT NULL,
    user_id integer NOT NULL,
    group_id integer NOT NULL
);


ALTER TABLE public.auth_user_groups OWNER TO postgres;

--
-- Name: auth_user_groups_id_seq; Type: SEQUENCE; Schema: public; Owner: postgres
--

ALTER TABLE public.auth_user_groups ALTER COLUMN id ADD GENERATED BY DEFAULT AS IDENTITY (
    SEQUENCE NAME public.auth_user_groups_id_seq
    START WITH 1
    INCREMENT BY 1
    NO MINVALUE
    NO MAXVALUE
    CACHE 1
);


--
-- Name: auth_user_id_seq; Type: SEQUENCE; Schema: public; Owner: postgres
--

ALTER TABLE public.auth_user ALTER COLUMN id ADD GENERATED BY DEFAULT AS IDENTITY (
    SEQUENCE NAME public.auth_user_id_seq
    START WITH 1
    INCREMENT BY 1
    NO MINVALUE
    NO MAXVALUE
    CACHE 1
);


--
-- Name: auth_user_user_permissions; Type: TABLE; Schema: public; Owner: postgres
--

CREATE TABLE public.auth_user_user_permissions (
    id bigint NOT NULL,
    user_id integer NOT NULL,
    permission_id integer NOT NULL
);


ALTER TABLE public.auth_user_user_permissions OWNER TO postgres;

--
-- Name: auth_user_user_permissions_id_seq; Type: SEQUENCE; Schema: public; Owner: postgres
--

ALTER TABLE public.auth_user_user_permissions ALTER COLUMN id ADD GENERATED BY DEFAULT AS IDENTITY (
    SEQUENCE NAME public.auth_user_user_permissions_id_seq
    START WITH 1
    INCREMENT BY 1
    NO MINVALUE
    NO MAXVALUE
    CACHE 1
);


--
-- Name: authtoken_token; Type: TABLE; Schema: public; Owner: postgres
--

CREATE TABLE public.authtoken_token (
    key character varying(40) NOT NULL,
    created timestamp with time zone NOT NULL,
    user_id integer NOT NULL
);


ALTER TABLE public.authtoken_token OWNER TO postgres;

--
-- Name: core_deletedrecipedruglog; Type: TABLE; Schema: public; Owner: postgres
--

CREATE TABLE public.core_deletedrecipedruglog (
    id bigint NOT NULL,
    drug_name character varying(255) NOT NULL,
    recipe_id integer NOT NULL,
    deleted_at timestamp with time zone NOT NULL,
    deleted_by_id integer
);


ALTER TABLE public.core_deletedrecipedruglog OWNER TO postgres;

--
-- Name: core_deletedrecipedruglog_id_seq; Type: SEQUENCE; Schema: public; Owner: postgres
--

ALTER TABLE public.core_deletedrecipedruglog ALTER COLUMN id ADD GENERATED BY DEFAULT AS IDENTITY (
    SEQUENCE NAME public.core_deletedrecipedruglog_id_seq
    START WITH 1
    INCREMENT BY 1
    NO MINVALUE
    NO MAXVALUE
    CACHE 1
);


--
-- Name: django_admin_log; Type: TABLE; Schema: public; Owner: postgres
--

CREATE TABLE public.django_admin_log (
    id integer NOT NULL,
    action_time timestamp with time zone NOT NULL,
    object_id text,
    object_repr character varying(200) NOT NULL,
    action_flag smallint NOT NULL,
    change_message text NOT NULL,
    content_type_id integer,
    user_id integer NOT NULL,
    CONSTRAINT django_admin_log_action_flag_check CHECK ((action_flag >= 0))
);


ALTER TABLE public.django_admin_log OWNER TO postgres;

--
-- Name: django_admin_log_id_seq; Type: SEQUENCE; Schema: public; Owner: postgres
--

ALTER TABLE public.django_admin_log ALTER COLUMN id ADD GENERATED BY DEFAULT AS IDENTITY (
    SEQUENCE NAME public.django_admin_log_id_seq
    START WITH 1
    INCREMENT BY 1
    NO MINVALUE
    NO MAXVALUE
    CACHE 1
);


--
-- Name: django_content_type; Type: TABLE; Schema: public; Owner: postgres
--

CREATE TABLE public.django_content_type (
    id integer NOT NULL,
    app_label character varying(100) NOT NULL,
    model character varying(100) NOT NULL
);


ALTER TABLE public.django_content_type OWNER TO postgres;

--
-- Name: django_content_type_id_seq; Type: SEQUENCE; Schema: public; Owner: postgres
--

ALTER TABLE public.django_content_type ALTER COLUMN id ADD GENERATED BY DEFAULT AS IDENTITY (
    SEQUENCE NAME public.django_content_type_id_seq
    START WITH 1
    INCREMENT BY 1
    NO MINVALUE
    NO MAXVALUE
    CACHE 1
);


--
-- Name: django_migrations; Type: TABLE; Schema: public; Owner: postgres
--

CREATE TABLE public.django_migrations (
    id bigint NOT NULL,
    app character varying(255) NOT NULL,
    name character varying(255) NOT NULL,
    applied timestamp with time zone NOT NULL
);


ALTER TABLE public.django_migrations OWNER TO postgres;

--
-- Name: django_migrations_id_seq; Type: SEQUENCE; Schema: public; Owner: postgres
--

ALTER TABLE public.django_migrations ALTER COLUMN id ADD GENERATED BY DEFAULT AS IDENTITY (
    SEQUENCE NAME public.django_migrations_id_seq
    START WITH 1
    INCREMENT BY 1
    NO MINVALUE
    NO MAXVALUE
    CACHE 1
);


--
-- Name: django_session; Type: TABLE; Schema: public; Owner: postgres
--

CREATE TABLE public.django_session (
    session_key character varying(40) NOT NULL,
    session_data text NOT NULL,
    expire_date timestamp with time zone NOT NULL
);


ALTER TABLE public.django_session OWNER TO postgres;

--
-- Name: doctors_doctors; Type: TABLE; Schema: public; Owner: postgres
--

CREATE TABLE public.doctors_doctors (
    id bigint NOT NULL,
    ad character varying(100) NOT NULL,
    ixtisas character varying(100) NOT NULL,
    kategoriya character varying(10) NOT NULL,
    derece character varying(10) NOT NULL,
    cinsiyyet character varying(10) NOT NULL,
    number character varying(250),
    barkod character varying(10) NOT NULL,
    avans numeric(10,2) NOT NULL,
    investisiya numeric(10,2) NOT NULL,
    geriqaytarma numeric(10,2) NOT NULL,
    previous_debt numeric(10,2) NOT NULL,
    hesablanan_miqdar numeric(10,2) NOT NULL,
    hekimden_silinen numeric(10,2) NOT NULL,
    datasiya numeric(10,2) NOT NULL,
    borc numeric(10,2) NOT NULL,
    yekun_borc numeric(10,2) NOT NULL,
    bolge_id bigint NOT NULL,
    city_id bigint,
    klinika_id bigint NOT NULL
);


ALTER TABLE public.doctors_doctors OWNER TO postgres;

--
-- Name: doctors_doctors_id_seq; Type: SEQUENCE; Schema: public; Owner: postgres
--

ALTER TABLE public.doctors_doctors ALTER COLUMN id ADD GENERATED BY DEFAULT AS IDENTITY (
    SEQUENCE NAME public.doctors_doctors_id_seq
    START WITH 1
    INCREMENT BY 1
    NO MINVALUE
    NO MAXVALUE
    CACHE 1
);


--
-- Name: doctors_realsales; Type: TABLE; Schema: public; Owner: postgres
--

CREATE TABLE public.doctors_realsales (
    id bigint NOT NULL,
    date_sale date NOT NULL,
    dr_name_id bigint NOT NULL,
    region_n_id bigint NOT NULL
);


ALTER TABLE public.doctors_realsales OWNER TO postgres;

--
-- Name: doctors_realsales_id_seq; Type: SEQUENCE; Schema: public; Owner: postgres
--

ALTER TABLE public.doctors_realsales ALTER COLUMN id ADD GENERATED BY DEFAULT AS IDENTITY (
    SEQUENCE NAME public.doctors_realsales_id_seq
    START WITH 1
    INCREMENT BY 1
    NO MINVALUE
    NO MAXVALUE
    CACHE 1
);


--
-- Name: doctors_realsalesdrug; Type: TABLE; Schema: public; Owner: postgres
--

CREATE TABLE public.doctors_realsalesdrug (
    id bigint NOT NULL,
    numbers integer NOT NULL,
    drug_name_id bigint NOT NULL,
    real_sale_id bigint NOT NULL,
    CONSTRAINT doctors_realsalesdrug_numbers_check CHECK ((numbers >= 0))
);


ALTER TABLE public.doctors_realsalesdrug OWNER TO postgres;

--
-- Name: doctors_realsalesdrug_id_seq; Type: SEQUENCE; Schema: public; Owner: postgres
--

ALTER TABLE public.doctors_realsalesdrug ALTER COLUMN id ADD GENERATED BY DEFAULT AS IDENTITY (
    SEQUENCE NAME public.doctors_realsalesdrug_id_seq
    START WITH 1
    INCREMENT BY 1
    NO MINVALUE
    NO MAXVALUE
    CACHE 1
);


--
-- Name: doctors_recipe; Type: TABLE; Schema: public; Owner: postgres
--

CREATE TABLE public.doctors_recipe (
    id bigint NOT NULL,
    date date NOT NULL,
    dr_id bigint NOT NULL,
    region_id bigint NOT NULL
);


ALTER TABLE public.doctors_recipe OWNER TO postgres;

--
-- Name: doctors_recipe_id_seq; Type: SEQUENCE; Schema: public; Owner: postgres
--

ALTER TABLE public.doctors_recipe ALTER COLUMN id ADD GENERATED BY DEFAULT AS IDENTITY (
    SEQUENCE NAME public.doctors_recipe_id_seq
    START WITH 1
    INCREMENT BY 1
    NO MINVALUE
    NO MAXVALUE
    CACHE 1
);


--
-- Name: doctors_recipedrug; Type: TABLE; Schema: public; Owner: postgres
--

CREATE TABLE public.doctors_recipedrug (
    id bigint NOT NULL,
    number numeric(5,1) NOT NULL,
    created_at timestamp with time zone NOT NULL,
    drug_id bigint NOT NULL,
    recipe_id bigint NOT NULL
);


ALTER TABLE public.doctors_recipedrug OWNER TO postgres;

--
-- Name: doctors_recipedrug_id_seq; Type: SEQUENCE; Schema: public; Owner: postgres
--

ALTER TABLE public.doctors_recipedrug ALTER COLUMN id ADD GENERATED BY DEFAULT AS IDENTITY (
    SEQUENCE NAME public.doctors_recipedrug_id_seq
    START WITH 1
    INCREMENT BY 1
    NO MINVALUE
    NO MAXVALUE
    CACHE 1
);


--
-- Name: export_backup; Type: TABLE; Schema: public; Owner: postgres
--

CREATE TABLE public.export_backup (
    id bigint NOT NULL,
    ad character varying(100) NOT NULL,
    fayl character varying(100) NOT NULL,
    olusturulma_tarixi timestamp with time zone NOT NULL,
    olcu character varying(20) NOT NULL
);


ALTER TABLE public.export_backup OWNER TO postgres;

--
-- Name: export_backup_id_seq; Type: SEQUENCE; Schema: public; Owner: postgres
--

ALTER TABLE public.export_backup ALTER COLUMN id ADD GENERATED BY DEFAULT AS IDENTITY (
    SEQUENCE NAME public.export_backup_id_seq
    START WITH 1
    INCREMENT BY 1
    NO MINVALUE
    NO MAXVALUE
    CACHE 1
);


--
-- Name: medicine_medical; Type: TABLE; Schema: public; Owner: postgres
--

CREATE TABLE public.medicine_medical (
    id bigint NOT NULL,
    med_name character varying(250) NOT NULL,
    med_full_name character varying(250),
    med_price numeric(10,2) NOT NULL,
    komissiya numeric(10,2) NOT NULL,
    status boolean NOT NULL
);


ALTER TABLE public.medicine_medical OWNER TO postgres;

--
-- Name: medicine_medical_id_seq; Type: SEQUENCE; Schema: public; Owner: postgres
--

ALTER TABLE public.medicine_medical ALTER COLUMN id ADD GENERATED BY DEFAULT AS IDENTITY (
    SEQUENCE NAME public.medicine_medical_id_seq
    START WITH 1
    INCREMENT BY 1
    NO MINVALUE
    NO MAXVALUE
    CACHE 1
);


--
-- Name: payment_monthlydoctorreport; Type: TABLE; Schema: public; Owner: postgres
--

CREATE TABLE public.payment_monthlydoctorreport (
    id bigint NOT NULL,
    report_month date NOT NULL,
    borc double precision NOT NULL,
    avans double precision NOT NULL,
    investisiya double precision NOT NULL,
    hesablanan_miqdar double precision NOT NULL,
    hekimden_silinen double precision NOT NULL,
    yekun_borc double precision NOT NULL,
    recipe_total_drugs integer NOT NULL,
    recipe_drugs_list text NOT NULL,
    doctor_id bigint NOT NULL,
    region_id bigint
);


ALTER TABLE public.payment_monthlydoctorreport OWNER TO postgres;

--
-- Name: payment_monthlydoctorreport_id_seq; Type: SEQUENCE; Schema: public; Owner: postgres
--

ALTER TABLE public.payment_monthlydoctorreport ALTER COLUMN id ADD GENERATED BY DEFAULT AS IDENTITY (
    SEQUENCE NAME public.payment_monthlydoctorreport_id_seq
    START WITH 1
    INCREMENT BY 1
    NO MINVALUE
    NO MAXVALUE
    CACHE 1
);


--
-- Name: payment_payment_doctor; Type: TABLE; Schema: public; Owner: postgres
--

CREATE TABLE public.payment_payment_doctor (
    id bigint NOT NULL,
    payment_type character varying(200) NOT NULL,
    pay numeric(10,2) NOT NULL,
    date date NOT NULL,
    area_id bigint NOT NULL,
    doctor_id bigint NOT NULL
);


ALTER TABLE public.payment_payment_doctor OWNER TO postgres;

--
-- Name: payment_payment_doctor_id_seq; Type: SEQUENCE; Schema: public; Owner: postgres
--

ALTER TABLE public.payment_payment_doctor ALTER COLUMN id ADD GENERATED BY DEFAULT AS IDENTITY (
    SEQUENCE NAME public.payment_payment_doctor_id_seq
    START WITH 1
    INCREMENT BY 1
    NO MINVALUE
    NO MAXVALUE
    CACHE 1
);


--
-- Name: payment_sale; Type: TABLE; Schema: public; Owner: postgres
--

CREATE TABLE public.payment_sale (
    id bigint NOT NULL,
    quantity integer NOT NULL,
    sale_date date NOT NULL,
    drug_id bigint NOT NULL,
    region_id bigint NOT NULL,
    CONSTRAINT payment_sale_quantity_check CHECK ((quantity >= 0))
);


ALTER TABLE public.payment_sale OWNER TO postgres;

--
-- Name: payment_sale_id_seq; Type: SEQUENCE; Schema: public; Owner: postgres
--

ALTER TABLE public.payment_sale ALTER COLUMN id ADD GENERATED BY DEFAULT AS IDENTITY (
    SEQUENCE NAME public.payment_sale_id_seq
    START WITH 1
    INCREMENT BY 1
    NO MINVALUE
    NO MAXVALUE
    CACHE 1
);


--
-- Name: regions_city; Type: TABLE; Schema: public; Owner: postgres
--

CREATE TABLE public.regions_city (
    id bigint NOT NULL,
    city_name character varying(100) NOT NULL,
    region_id bigint NOT NULL
);


ALTER TABLE public.regions_city OWNER TO postgres;

--
-- Name: regions_city_id_seq; Type: SEQUENCE; Schema: public; Owner: postgres
--

ALTER TABLE public.regions_city ALTER COLUMN id ADD GENERATED BY DEFAULT AS IDENTITY (
    SEQUENCE NAME public.regions_city_id_seq
    START WITH 1
    INCREMENT BY 1
    NO MINVALUE
    NO MAXVALUE
    CACHE 1
);


--
-- Name: regions_hospital; Type: TABLE; Schema: public; Owner: postgres
--

CREATE TABLE public.regions_hospital (
    id bigint NOT NULL,
    hospital_name character varying(100) NOT NULL,
    city_id bigint,
    region_net_id bigint NOT NULL
);


ALTER TABLE public.regions_hospital OWNER TO postgres;

--
-- Name: regions_hospital_id_seq; Type: SEQUENCE; Schema: public; Owner: postgres
--

ALTER TABLE public.regions_hospital ALTER COLUMN id ADD GENERATED BY DEFAULT AS IDENTITY (
    SEQUENCE NAME public.regions_hospital_id_seq
    START WITH 1
    INCREMENT BY 1
    NO MINVALUE
    NO MAXVALUE
    CACHE 1
);


--
-- Name: regions_region; Type: TABLE; Schema: public; Owner: postgres
--

CREATE TABLE public.regions_region (
    id bigint NOT NULL,
    region_name character varying(100) NOT NULL,
    region_type character varying(50)
);


ALTER TABLE public.regions_region OWNER TO postgres;

--
-- Name: regions_region_id_seq; Type: SEQUENCE; Schema: public; Owner: postgres
--

ALTER TABLE public.regions_region ALTER COLUMN id ADD GENERATED BY DEFAULT AS IDENTITY (
    SEQUENCE NAME public.regions_region_id_seq
    START WITH 1
    INCREMENT BY 1
    NO MINVALUE
    NO MAXVALUE
    CACHE 1
);


--
-- Name: tracking_movqe; Type: TABLE; Schema: public; Owner: postgres
--

CREATE TABLE public.tracking_movqe (
    id bigint NOT NULL,
    latitude double precision NOT NULL,
    longitude double precision NOT NULL,
    tarix timestamp with time zone NOT NULL,
    istifadeci_id integer NOT NULL
);


ALTER TABLE public.tracking_movqe OWNER TO postgres;

--
-- Name: tracking_movqe_id_seq; Type: SEQUENCE; Schema: public; Owner: postgres
--

ALTER TABLE public.tracking_movqe ALTER COLUMN id ADD GENERATED BY DEFAULT AS IDENTITY (
    SEQUENCE NAME public.tracking_movqe_id_seq
    START WITH 1
    INCREMENT BY 1
    NO MINVALUE
    NO MAXVALUE
    CACHE 1
);


--
-- Name: user_istifadeciprofil; Type: TABLE; Schema: public; Owner: postgres
--

CREATE TABLE public.user_istifadeciprofil (
    id bigint NOT NULL,
    bolge_id bigint NOT NULL,
    user_id integer NOT NULL
);


ALTER TABLE public.user_istifadeciprofil OWNER TO postgres;

--
-- Name: user_istifadeciprofil_id_seq; Type: SEQUENCE; Schema: public; Owner: postgres
--

ALTER TABLE public.user_istifadeciprofil ALTER COLUMN id ADD GENERATED BY DEFAULT AS IDENTITY (
    SEQUENCE NAME public.user_istifadeciprofil_id_seq
    START WITH 1
    INCREMENT BY 1
    NO MINVALUE
    NO MAXVALUE
    CACHE 1
);


--
-- Data for Name: auth_group; Type: TABLE DATA; Schema: public; Owner: postgres
--

COPY public.auth_group (id, name) FROM stdin;
\.


--
-- Data for Name: auth_group_permissions; Type: TABLE DATA; Schema: public; Owner: postgres
--

COPY public.auth_group_permissions (id, group_id, permission_id) FROM stdin;
\.


--
-- Data for Name: auth_permission; Type: TABLE DATA; Schema: public; Owner: postgres
--

COPY public.auth_permission (id, name, content_type_id, codename) FROM stdin;
1	Can add permission	1	add_permission
2	Can change permission	1	change_permission
3	Can delete permission	1	delete_permission
4	Can view permission	1	view_permission
5	Can add group	2	add_group
6	Can change group	2	change_group
7	Can delete group	2	delete_group
8	Can view group	2	view_group
9	Can add user	3	add_user
10	Can change user	3	change_user
11	Can delete user	3	delete_user
12	Can view user	3	view_user
13	Can add content type	4	add_contenttype
14	Can change content type	4	change_contenttype
15	Can delete content type	4	delete_contenttype
16	Can view content type	4	view_contenttype
17	Can add deleted recipe drug log	5	add_deletedrecipedruglog
18	Can change deleted recipe drug log	5	change_deletedrecipedruglog
19	Can delete deleted recipe drug log	5	delete_deletedrecipedruglog
20	Can view deleted recipe drug log	5	view_deletedrecipedruglog
21	Can add Dərman	6	add_medical
22	Can change Dərman	6	change_medical
23	Can delete Dərman	6	delete_medical
24	Can view Dərman	6	view_medical
25	Can add backup	7	add_backup
26	Can change backup	7	change_backup
27	Can delete backup	7	delete_backup
28	Can view backup	7	view_backup
29	Can add Həkimə Ödəniş	8	add_payment_doctor
30	Can change Həkimə Ödəniş	8	change_payment_doctor
31	Can delete Həkimə Ödəniş	8	delete_payment_doctor
32	Can view Həkimə Ödəniş	8	view_payment_doctor
33	Can add Bölgə Satış	9	add_sale
34	Can change Bölgə Satış	9	change_sale
35	Can delete Bölgə Satış	9	delete_sale
36	Can view Bölgə Satış	9	view_sale
37	Can add monthly doctor report	10	add_monthlydoctorreport
38	Can change monthly doctor report	10	change_monthlydoctorreport
39	Can delete monthly doctor report	10	delete_monthlydoctorreport
40	Can view monthly doctor report	10	view_monthlydoctorreport
41	Can add Şəhər	11	add_city
42	Can change Şəhər	11	change_city
43	Can delete Şəhər	11	delete_city
44	Can view Şəhər	11	view_city
45	Can add Bölgə	12	add_region
46	Can change Bölgə	12	change_region
47	Can delete Bölgə	12	delete_region
48	Can view Bölgə	12	view_region
49	Can add Xəstəxana/Klinika	13	add_hospital
50	Can change Xəstəxana/Klinika	13	change_hospital
51	Can delete Xəstəxana/Klinika	13	delete_hospital
52	Can view Xəstəxana/Klinika	13	view_hospital
53	Can add Həkim	14	add_doctors
54	Can change Həkim	14	change_doctors
55	Can delete Həkim	14	delete_doctors
56	Can view Həkim	14	view_doctors
57	Can add Real Satış	15	add_realsales
58	Can change Real Satış	15	change_realsales
59	Can delete Real Satış	15	delete_realsales
60	Can view Real Satış	15	view_realsales
61	Can add Real Satış Dərmanı	16	add_realsalesdrug
62	Can change Real Satış Dərmanı	16	change_realsalesdrug
63	Can delete Real Satış Dərmanı	16	delete_realsalesdrug
64	Can view Real Satış Dərmanı	16	view_realsalesdrug
65	Can add Resept	17	add_recipe
66	Can change Resept	17	change_recipe
67	Can delete Resept	17	delete_recipe
68	Can view Resept	17	view_recipe
69	Can add Resept Dərmanı	18	add_recipedrug
70	Can change Resept Dərmanı	18	change_recipedrug
71	Can delete Resept Dərmanı	18	delete_recipedrug
72	Can view Resept Dərmanı	18	view_recipedrug
73	Can add istifadeci profil	19	add_istifadeciprofil
74	Can change istifadeci profil	19	change_istifadeciprofil
75	Can delete istifadeci profil	19	delete_istifadeciprofil
76	Can view istifadeci profil	19	view_istifadeciprofil
77	Can add movqe	20	add_movqe
78	Can change movqe	20	change_movqe
79	Can delete movqe	20	delete_movqe
80	Can view movqe	20	view_movqe
81	Can add log entry	21	add_logentry
82	Can change log entry	21	change_logentry
83	Can delete log entry	21	delete_logentry
84	Can view log entry	21	view_logentry
85	Can add session	22	add_session
86	Can change session	22	change_session
87	Can delete session	22	delete_session
88	Can view session	22	view_session
89	Can add Token	23	add_token
90	Can change Token	23	change_token
91	Can delete Token	23	delete_token
92	Can view Token	23	view_token
93	Can add Token	24	add_tokenproxy
94	Can change Token	24	change_tokenproxy
95	Can delete Token	24	delete_tokenproxy
96	Can view Token	24	view_tokenproxy
\.


--
-- Data for Name: auth_user; Type: TABLE DATA; Schema: public; Owner: postgres
--

COPY public.auth_user (id, password, last_login, is_superuser, username, first_name, last_name, email, is_staff, is_active, date_joined) FROM stdin;
1	pbkdf2_sha256$1000000$ThsTrVnyDheIicAMrdACW8$bDOexOZVfv2e2Y7dZbv3ly1np+Ry50Gsu7SvzP6ZrdA=	2025-09-11 15:18:30.110273+04	t	Kamandar			kamandaragasafli@gmail.com	t	t	2025-09-11 15:18:15.358259+04
\.


--
-- Data for Name: auth_user_groups; Type: TABLE DATA; Schema: public; Owner: postgres
--

COPY public.auth_user_groups (id, user_id, group_id) FROM stdin;
\.


--
-- Data for Name: auth_user_user_permissions; Type: TABLE DATA; Schema: public; Owner: postgres
--

COPY public.auth_user_user_permissions (id, user_id, permission_id) FROM stdin;
\.


--
-- Data for Name: authtoken_token; Type: TABLE DATA; Schema: public; Owner: postgres
--

COPY public.authtoken_token (key, created, user_id) FROM stdin;
\.


--
-- Data for Name: core_deletedrecipedruglog; Type: TABLE DATA; Schema: public; Owner: postgres
--

COPY public.core_deletedrecipedruglog (id, drug_name, recipe_id, deleted_at, deleted_by_id) FROM stdin;
\.


--
-- Data for Name: django_admin_log; Type: TABLE DATA; Schema: public; Owner: postgres
--

COPY public.django_admin_log (id, action_time, object_id, object_repr, action_flag, change_message, content_type_id, user_id) FROM stdin;
1	2025-09-11 15:19:37.186922+04	1	Ropsol	1	[{"added": {}}]	6	1
2	2025-09-11 15:19:59.565853+04	1	Bakı bölgə-13	1	[{"added": {}}]	12	1
3	2025-09-11 15:20:11.659462+04	1	37 POL-Bakı bölgə-13	1	[{"added": {}}]	13	1
4	2025-09-11 15:21:26.350652+04	1	37 POL-Bakı bölgə-13	3		13	1
5	2025-09-11 15:22:18.419876+04	2	Bakı bölgə-11	1	[{"added": {}}]	12	1
6	2025-09-11 15:22:39.446772+04	2	16 U.P-Bakı bölgə-11	1	[{"added": {}}]	13	1
7	2025-09-11 15:22:50.220317+04	3	23 POL-Bakı bölgə-11	1	[{"added": {}}]	13	1
8	2025-09-11 15:23:00.802858+04	4	Zığ Pol-Bakı bölgə-11	1	[{"added": {}}]	13	1
9	2025-09-11 15:23:10.072923+04	5	Zığ tibb mərkəzi-Bakı bölgə-11	1	[{"added": {}}]	13	1
10	2025-09-11 15:44:29.854442+04	26	Xəlilova Zümrüd - 2025-08-31	3		17	1
11	2025-09-11 15:44:29.854442+04	25	Tağıyeva Günay - 2025-08-31	3		17	1
12	2025-09-11 15:44:29.854442+04	24	Hüseynova Arzu - 2025-08-31	3		17	1
13	2025-09-11 15:44:29.854442+04	23	Cəfərova Zərifə - 2025-08-31	3		17	1
14	2025-09-11 15:44:29.854442+04	22	Axundova Afaq ST - 2025-08-31	3		17	1
15	2025-09-11 15:44:29.854442+04	21	Cəfərova Mirvari - 2025-08-31	3		17	1
16	2025-09-11 15:44:29.854442+04	20	Azadlı İnarə - 2025-08-31	3		17	1
17	2025-09-11 15:44:29.854442+04	19	Əliyev Aslan - 2025-08-31	3		17	1
18	2025-09-11 15:44:29.854442+04	18	Əhmədli Lamiyə - 2025-08-31	3		17	1
19	2025-09-11 15:44:29.854442+04	17	Süleymanova Tünzalə - 2025-08-31	3		17	1
20	2025-09-11 15:44:29.854442+04	16	Sayılova Ülviyyə - 2025-08-31	3		17	1
21	2025-09-11 15:44:29.854442+04	15	Rəhilə Mənsur - 2025-08-31	3		17	1
22	2025-09-11 15:44:29.854442+04	14	Rüstəmova Həmidə - 2025-08-31	3		17	1
23	2025-09-11 15:44:29.854442+04	13	Rzayeva Vüsalə - 2025-08-31	3		17	1
24	2025-09-11 15:44:29.854442+04	12	Novruzova Pərvin - 2025-08-31	3		17	1
25	2025-09-11 15:44:29.854442+04	11	Məmmədov İmran - 2025-08-31	3		17	1
26	2025-09-11 15:44:29.854442+04	10	Kasımova Nərgiz - 2025-08-31	3		17	1
27	2025-09-11 15:44:29.854442+04	9	Hüseynova Kəmalə - 2025-08-31	3		17	1
28	2025-09-11 15:44:29.854442+04	8	Fətullayev Cəfər - 2025-08-31	3		17	1
29	2025-09-11 15:44:29.854442+04	7	Fərmanova Aynurə - 2025-08-31	3		17	1
30	2025-09-11 15:44:29.854442+04	6	Bünyadova Ləman - 2025-08-31	3		17	1
31	2025-09-11 15:44:29.854442+04	5	Aslanova Leyla - 2025-08-31	3		17	1
32	2025-09-11 15:44:29.854442+04	4	Əsgərova Xanımzər - 2025-08-31	3		17	1
33	2025-09-11 15:44:29.854442+04	3	Mehralıyeva Günay - 2025-08-31	3		17	1
34	2025-09-11 15:44:29.854442+04	2	Mehralıyeva Günay - 2025-09-11	3		17	1
35	2025-09-11 15:46:23.934445+04	94	Ropsol (1.0)	3		18	1
36	2025-09-11 15:46:32.572573+04	1	Ropsol	3		6	1
37	2025-09-11 15:47:03.769629+04	22	Ropsol	1	[{"added": {}}]	6	1
38	2025-09-11 15:51:29.202824+04	1	Xəlilova Zümrüd-İnvest-80	1	[{"added": {}}]	8	1
\.


--
-- Data for Name: django_content_type; Type: TABLE DATA; Schema: public; Owner: postgres
--

COPY public.django_content_type (id, app_label, model) FROM stdin;
1	auth	permission
2	auth	group
3	auth	user
4	contenttypes	contenttype
5	core	deletedrecipedruglog
6	medicine	medical
7	export	backup
8	payment	payment_doctor
9	payment	sale
10	payment	monthlydoctorreport
11	regions	city
12	regions	region
13	regions	hospital
14	doctors	doctors
15	doctors	realsales
16	doctors	realsalesdrug
17	doctors	recipe
18	doctors	recipedrug
19	user	istifadeciprofil
20	tracking	movqe
21	admin	logentry
22	sessions	session
23	authtoken	token
24	authtoken	tokenproxy
\.


--
-- Data for Name: django_migrations; Type: TABLE DATA; Schema: public; Owner: postgres
--

COPY public.django_migrations (id, app, name, applied) FROM stdin;
1	medicine	0001_initial	2025-09-11 15:13:33.847838+04
2	medicine	0002_alter_medical_table	2025-09-11 15:13:33.855838+04
3	regions	0001_initial	2025-09-11 15:15:24.021943+04
4	doctors	0001_initial	2025-09-11 15:15:42.385812+04
5	payment	0001_initial	2025-09-11 15:16:11.669803+04
6	export	0001_initial	2025-09-11 15:16:25.124122+04
7	contenttypes	0001_initial	2025-09-11 15:16:34.355153+04
8	auth	0001_initial	2025-09-11 15:16:34.422765+04
9	core	0001_initial	2025-09-11 15:16:34.449163+04
10	user	0001_initial	2025-09-11 15:16:50.019687+04
11	tracking	0001_initial	2025-09-11 15:17:04.107891+04
12	admin	0001_initial	2025-09-11 15:17:30.710356+04
13	admin	0002_logentry_remove_auto_add	2025-09-11 15:17:30.728609+04
14	admin	0003_logentry_add_action_flag_choices	2025-09-11 15:17:30.734626+04
15	contenttypes	0002_remove_content_type_name	2025-09-11 15:17:30.769728+04
16	auth	0002_alter_permission_name_max_length	2025-09-11 15:17:30.793737+04
17	auth	0003_alter_user_email_max_length	2025-09-11 15:17:30.801895+04
18	auth	0004_alter_user_username_opts	2025-09-11 15:17:30.810334+04
19	auth	0005_alter_user_last_login_null	2025-09-11 15:17:30.826972+04
20	auth	0006_require_contenttypes_0002	2025-09-11 15:17:30.826972+04
21	auth	0007_alter_validators_add_error_messages	2025-09-11 15:17:30.843334+04
22	auth	0008_alter_user_username_max_length	2025-09-11 15:17:30.862884+04
23	auth	0009_alter_user_last_name_max_length	2025-09-11 15:17:30.8726+04
24	auth	0010_alter_group_name_max_length	2025-09-11 15:17:30.901268+04
25	auth	0011_update_proxy_permissions	2025-09-11 15:17:30.920954+04
26	auth	0012_alter_user_first_name_max_length	2025-09-11 15:17:30.933001+04
27	authtoken	0001_initial	2025-09-11 15:17:30.966472+04
28	authtoken	0002_auto_20160226_1747	2025-09-11 15:17:31.009766+04
29	authtoken	0003_tokenproxy	2025-09-11 15:17:31.01977+04
30	authtoken	0004_alter_tokenproxy_options	2025-09-11 15:17:31.01977+04
31	sessions	0001_initial	2025-09-11 15:17:31.034287+04
\.


--
-- Data for Name: django_session; Type: TABLE DATA; Schema: public; Owner: postgres
--

COPY public.django_session (session_key, session_data, expire_date) FROM stdin;
fslq9yvae0re9n9lcz3h69e9vpebirx4	.eJxVjEEOwiAURO_C2hD4VECX7nsG8uGPtmpKUtqV8e7apAvdzntvXirxugxpbZjTKOqsrDr8bpnLA9MG5M7TrepSp2Ues94UvdOm-yp4Xnb372DgNnzrrjBCLNF0HsYbG5zLNsZoEcBCDlyYLMTJVUAET2ROLhwJkOCzV-8P4TE3-g:1uwfJu:8CrnZd7nXdIFly8V7oPPRnAPdbuFEyWgCtGPDdwM0J8	2025-09-25 15:18:30.113271+04
\.


--
-- Data for Name: doctors_doctors; Type: TABLE DATA; Schema: public; Owner: postgres
--

COPY public.doctors_doctors (id, ad, ixtisas, kategoriya, derece, cinsiyyet, number, barkod, avans, investisiya, geriqaytarma, previous_debt, hesablanan_miqdar, hekimden_silinen, datasiya, borc, yekun_borc, bolge_id, city_id, klinika_id) FROM stdin;
5	Bünyadova Ləman	NP		I	Qadın	0774550506	BA-38635	0.00	0.00	0.00	-2.97	0.00	0.00	0.00	0.00	-2.97	2	\N	3
20	Cəfərova Mirvari	OF		I	Qadın	0556559229	BA-70977	0.00	0.00	0.00	43.93	1.96	8.85	0.00	0.00	35.08	2	\N	4
22	Cəfərova Zərifə	PED		I	Qadın	0515754208	BA-97301	0.00	0.00	0.00	13.46	0.00	0.00	0.00	0.00	13.46	2	\N	5
17	Əhmədli Lamiyə	SU		VIP	Kişi	0506276923	BA-41142	0.00	0.00	0.00	-35.15	0.00	0.00	0.00	0.00	-35.15	2	\N	3
18	Əliyev Aslan	LOR		I	Kişi	0502862828	BA-27028	0.00	0.00	0.00	10.21	0.00	0.00	0.00	0.00	10.21	2	\N	3
3	Əsgərova Xanımzər	TE		I	Qadın	0557588759	BA-88714	0.00	0.00	0.00	-0.59	0.00	0.00	0.00	0.00	-0.59	2	\N	2
6	Fərmanova Aynurə	TE		II	Qadın	0555207233	BA-78296	0.00	0.00	0.00	57.88	4.57	14.91	0.00	0.00	42.97	2	\N	3
7	Fətullayev Cəfər	TE		I	Kişi	nan	BA-31536	0.00	0.00	0.00	120.32	20.81	64.86	0.00	0.00	55.46	2	\N	3
23	Hüseynova Arzu	SU		I	Qadın	0518702581	BA-61243	0.00	0.00	0.00	142.10	5.79	11.05	0.00	0.00	131.05	2	\N	5
8	Hüseynova Kəmalə	TE		I	Qadın	nan	BA-84674	0.00	0.00	0.00	-16.20	0.00	0.00	0.00	0.00	-16.20	2	\N	3
9	Kasımova Nərgiz	ON		I	Qadın	0998980196	BA-12743	0.00	0.00	0.00	-123.45	5.54	22.09	0.00	0.00	-145.54	2	\N	3
2	Mehralıyeva Günay	CA		I	Qadın	050 398 09 65	BA-42714	0.00	0.00	0.00	157.59	5.80	22.47	0.00	0.00	135.12	2	\N	2
10	Məmmədov İmran	TE		I	Kişi	nan	BA-77549	0.00	0.00	0.00	-21.06	0.00	0.00	0.00	0.00	-21.06	2	\N	3
11	Novruzova Pərvin	GN		I	Qadın	0505290239	BA-60913	0.00	0.00	0.00	18.57	7.05	7.79	0.00	0.00	10.78	2	\N	3
14	Rəhilə Mənsur	EN		I	Kişi	nan	BA-62808	0.00	0.00	0.00	-27.34	1.35	5.40	0.00	0.00	-32.74	2	\N	3
13	Rüstəmova Həmidə	CA		II	Qadın	0506276207	BA-90814	0.00	0.00	0.00	-5.53	0.00	0.00	0.00	0.00	-5.53	2	\N	3
12	Rzayeva Vüsalə	TE		I	Qadın	0554202219	BA-73107	0.00	0.00	0.00	55.17	12.67	6.34	0.00	0.00	48.83	2	\N	3
15	Sayılova Ülviyyə	CA		I	Qadın	0702445565	BA-15414	0.00	0.00	0.00	-24.54	0.55	2.06	0.00	0.00	-26.60	2	\N	3
16	Süleymanova Tünzalə	TE		I	Qadın	0503622501	BA-72205	0.00	0.00	0.00	-29.75	0.00	0.00	0.00	0.00	-29.75	2	\N	3
24	Tağıyeva Günay	LOR		I	Qadın	nan	BA-78092	0.00	0.00	0.00	-28.02	0.00	0.00	0.00	0.00	-28.02	2	\N	5
25	Xəlilova Zümrüd	TE		I	Qadın	0503555598	BA-59951	0.00	0.00	0.00	-82.66	42.61	111.16	0.00	0.00	-193.82	2	\N	5
4	Aslanova Leyla	TE		I	Qadın	0506485608	BA-65918	0.00	0.00	0.00	103.26	55.03	56.48	0.00	0.00	46.78	2	\N	3
21	Axundova Afaq ST	TR		I	Qadın	0504667500	BA-11872	0.00	0.00	0.00	-2.16	0.00	0.00	0.00	0.00	-2.16	2	\N	5
19	Azadlı İnarə	PED		I	Kişi	0553753971	BA-71334	0.00	0.00	0.00	0.00	0.00	0.00	0.00	0.00	0.00	2	\N	4
\.


--
-- Data for Name: doctors_realsales; Type: TABLE DATA; Schema: public; Owner: postgres
--

COPY public.doctors_realsales (id, date_sale, dr_name_id, region_n_id) FROM stdin;
\.


--
-- Data for Name: doctors_realsalesdrug; Type: TABLE DATA; Schema: public; Owner: postgres
--

COPY public.doctors_realsalesdrug (id, numbers, drug_name_id, real_sale_id) FROM stdin;
\.


--
-- Data for Name: doctors_recipe; Type: TABLE DATA; Schema: public; Owner: postgres
--

COPY public.doctors_recipe (id, date, dr_id, region_id) FROM stdin;
27	2025-08-17	2	2
28	2025-08-17	3	2
29	2025-08-17	4	2
30	2025-08-17	5	2
31	2025-08-17	6	2
32	2025-08-17	7	2
33	2025-08-17	8	2
34	2025-08-17	9	2
35	2025-08-17	10	2
36	2025-08-17	11	2
37	2025-08-17	12	2
38	2025-08-17	13	2
39	2025-08-17	14	2
40	2025-08-17	15	2
41	2025-08-17	16	2
42	2025-08-17	17	2
43	2025-08-17	18	2
44	2025-08-17	19	2
45	2025-08-17	20	2
46	2025-08-17	21	2
47	2025-08-17	22	2
48	2025-08-17	23	2
49	2025-08-17	24	2
50	2025-08-17	25	2
51	2025-09-11	7	2
52	2025-08-15	7	2
53	2025-08-15	7	2
\.


--
-- Data for Name: doctors_recipedrug; Type: TABLE DATA; Schema: public; Owner: postgres
--

COPY public.doctors_recipedrug (id, number, created_at, drug_id, recipe_id) FROM stdin;
72	7.0	2025-09-11 15:44:46.230131+04	2	27
73	18.0	2025-09-11 15:44:46.230131+04	3	27
74	4.0	2025-09-11 15:44:46.230131+04	5	27
75	1.0	2025-09-11 15:44:46.230131+04	15	27
76	2.0	2025-09-11 15:44:46.246758+04	13	29
77	50.0	2025-09-11 15:44:46.246758+04	20	29
78	3.0	2025-09-11 15:44:46.246758+04	4	31
79	1.0	2025-09-11 15:44:46.246758+04	9	31
80	2.0	2025-09-11 15:44:46.246758+04	11	31
81	3.0	2025-09-11 15:44:46.246758+04	13	31
82	1.0	2025-09-11 15:44:46.246758+04	16	31
83	2.0	2025-09-11 15:44:46.246758+04	17	31
84	1.0	2025-09-11 15:44:46.246758+04	21	31
85	1.0	2025-09-11 15:44:46.262636+04	2	32
86	12.0	2025-09-11 15:44:46.263502+04	4	32
87	12.0	2025-09-11 15:44:46.263502+04	5	32
88	2.0	2025-09-11 15:44:46.263502+04	9	32
89	3.0	2025-09-11 15:44:46.263502+04	10	32
90	2.0	2025-09-11 15:44:46.263502+04	11	32
91	1.0	2025-09-11 15:44:46.263502+04	13	32
92	30.0	2025-09-11 15:44:46.263502+04	15	32
93	6.0	2025-09-11 15:44:46.269505+04	17	32
95	1.0	2025-09-11 15:44:46.269505+04	4	34
96	2.0	2025-09-11 15:44:46.269505+04	15	34
97	2.0	2025-09-11 15:44:46.269505+04	17	34
98	9.0	2025-09-11 15:44:46.279998+04	21	34
99	1.0	2025-09-11 15:44:46.280115+04	10	36
100	1.0	2025-09-11 15:44:46.280115+04	15	36
101	1.0	2025-09-11 15:44:46.280115+04	17	36
102	5.0	2025-09-11 15:44:46.280115+04	20	36
103	11.0	2025-09-11 15:44:46.280115+04	10	37
104	3.0	2025-09-11 15:44:46.280115+04	11	37
105	5.0	2025-09-11 15:44:46.301319+04	4	39
106	1.0	2025-09-11 15:44:46.305317+04	2	40
107	1.0	2025-09-11 15:44:46.305317+04	15	40
108	1.0	2025-09-11 15:44:46.306316+04	17	40
109	2.0	2025-09-11 15:44:46.320017+04	5	45
110	4.0	2025-09-11 15:44:46.320017+04	12	45
111	2.0	2025-09-11 15:44:46.320017+04	18	45
112	3.0	2025-09-11 15:44:46.334702+04	10	48
113	7.0	2025-09-11 15:44:46.335701+04	17	48
114	11.0	2025-09-11 15:44:46.341698+04	2	50
115	2.0	2025-09-11 15:44:46.342697+04	4	50
116	1.0	2025-09-11 15:44:46.343697+04	5	50
117	14.0	2025-09-11 15:44:46.343697+04	10	50
118	12.0	2025-09-11 15:44:46.344695+04	13	50
119	38.0	2025-09-11 15:44:46.345695+04	17	50
120	17.0	2025-09-11 15:44:46.345953+04	21	50
121	1.0	2025-09-11 15:47:21.93916+04	22	51
122	1.0	2025-09-11 15:47:32.292972+04	22	52
123	1.0	2025-09-11 15:48:23.146003+04	22	53
\.


--
-- Data for Name: export_backup; Type: TABLE DATA; Schema: public; Owner: postgres
--

COPY public.export_backup (id, ad, fayl, olusturulma_tarixi, olcu) FROM stdin;
\.


--
-- Data for Name: medicine_medical; Type: TABLE DATA; Schema: public; Owner: postgres
--

COPY public.medicine_medical (id, med_name, med_full_name, med_price, komissiya, status) FROM stdin;
2	Solseda	Solseda N30 tablet	0.00	3.00	t
3	Opsidol	Opsidol N30 kapsul	0.00	4.00	t
4	Zemovar	Zemovar N30 tablet	0.00	4.00	t
5	Soltrop	Soltrop N30 tablet	0.00	4.00	t
6	Fensavin	Fensavin 150 ml	0.00	2.50	t
7	Soltep	Soltep N30	0.00	3.50	t
8	Litasol	Litasol N30 kapsul	0.00	3.50	t
9	Prostazolin	Prostazolin N30 kapsul	0.00	2.00	t
10	Provital	Provital N5 amp	0.00	0.50	t
11	Heptrazol	Heptrazol 80 ml N5	0.00	3.00	t
12	Vitomer Kids	Vitomer Kids	0.00	5.00	t
13	Fesola	Fesola 250 ml	0.00	3.50	t
14	Kartovey	Kartovey N30 tablet	0.00	3.50	t
15	Betasol	Betasol N30 kapsul	0.00	3.70	t
16	Genosfer	Genosfer N30 tablet	0.00	3.00	t
17	Serrasol	Serrasol N30 kapsul	0.00	4.00	t
18	Kalvey	Kalvey N30 tablet	0.00	3.30	t
19	Vitomer	Vitomer D3 15ml	0.00	2.00	t
20	Levostrong	Levostrong 100ml	0.00	1.00	t
21	Opeblock	Opeblock N5 amp	0.00	4.00	t
22	Ropsol	Ropsol 30ml	16.70	2.00	t
\.


--
-- Data for Name: payment_monthlydoctorreport; Type: TABLE DATA; Schema: public; Owner: postgres
--

COPY public.payment_monthlydoctorreport (id, report_month, borc, avans, investisiya, hesablanan_miqdar, hekimden_silinen, yekun_borc, recipe_total_drugs, recipe_drugs_list, doctor_id, region_id) FROM stdin;
\.


--
-- Data for Name: payment_payment_doctor; Type: TABLE DATA; Schema: public; Owner: postgres
--

COPY public.payment_payment_doctor (id, payment_type, pay, date, area_id, doctor_id) FROM stdin;
1	İnvest	80.00	2025-08-29	2	25
\.


--
-- Data for Name: payment_sale; Type: TABLE DATA; Schema: public; Owner: postgres
--

COPY public.payment_sale (id, quantity, sale_date, drug_id, region_id) FROM stdin;
1	2	2025-08-31	2	2
2	3	2025-08-31	3	2
3	6	2025-08-31	4	2
4	9	2025-08-31	5	2
5	2	2025-08-31	9	2
6	37	2025-08-31	10	2
7	1	2025-08-31	12	2
8	5	2025-08-31	13	2
9	4	2025-08-31	15	2
10	2	2025-08-31	16	2
11	19	2025-08-31	17	2
12	60	2025-08-31	20	2
13	13	2025-08-31	21	2
14	1	2025-08-31	22	2
\.


--
-- Data for Name: regions_city; Type: TABLE DATA; Schema: public; Owner: postgres
--

COPY public.regions_city (id, city_name, region_id) FROM stdin;
\.


--
-- Data for Name: regions_hospital; Type: TABLE DATA; Schema: public; Owner: postgres
--

COPY public.regions_hospital (id, hospital_name, city_id, region_net_id) FROM stdin;
2	16 U.P	\N	2
3	23 POL	\N	2
4	Zığ Pol	\N	2
5	Zığ tibb mərkəzi	\N	2
\.


--
-- Data for Name: regions_region; Type: TABLE DATA; Schema: public; Owner: postgres
--

COPY public.regions_region (id, region_name, region_type) FROM stdin;
1	Bakı bölgə-13	Bakı
2	Bakı bölgə-11	Bakı
\.


--
-- Data for Name: tracking_movqe; Type: TABLE DATA; Schema: public; Owner: postgres
--

COPY public.tracking_movqe (id, latitude, longitude, tarix, istifadeci_id) FROM stdin;
\.


--
-- Data for Name: user_istifadeciprofil; Type: TABLE DATA; Schema: public; Owner: postgres
--

COPY public.user_istifadeciprofil (id, bolge_id, user_id) FROM stdin;
\.


--
-- Name: auth_group_id_seq; Type: SEQUENCE SET; Schema: public; Owner: postgres
--

SELECT pg_catalog.setval('public.auth_group_id_seq', 1, false);


--
-- Name: auth_group_permissions_id_seq; Type: SEQUENCE SET; Schema: public; Owner: postgres
--

SELECT pg_catalog.setval('public.auth_group_permissions_id_seq', 1, false);


--
-- Name: auth_permission_id_seq; Type: SEQUENCE SET; Schema: public; Owner: postgres
--

SELECT pg_catalog.setval('public.auth_permission_id_seq', 96, true);


--
-- Name: auth_user_groups_id_seq; Type: SEQUENCE SET; Schema: public; Owner: postgres
--

SELECT pg_catalog.setval('public.auth_user_groups_id_seq', 1, false);


--
-- Name: auth_user_id_seq; Type: SEQUENCE SET; Schema: public; Owner: postgres
--

SELECT pg_catalog.setval('public.auth_user_id_seq', 1, true);


--
-- Name: auth_user_user_permissions_id_seq; Type: SEQUENCE SET; Schema: public; Owner: postgres
--

SELECT pg_catalog.setval('public.auth_user_user_permissions_id_seq', 1, false);


--
-- Name: core_deletedrecipedruglog_id_seq; Type: SEQUENCE SET; Schema: public; Owner: postgres
--

SELECT pg_catalog.setval('public.core_deletedrecipedruglog_id_seq', 1, false);


--
-- Name: django_admin_log_id_seq; Type: SEQUENCE SET; Schema: public; Owner: postgres
--

SELECT pg_catalog.setval('public.django_admin_log_id_seq', 38, true);


--
-- Name: django_content_type_id_seq; Type: SEQUENCE SET; Schema: public; Owner: postgres
--

SELECT pg_catalog.setval('public.django_content_type_id_seq', 24, true);


--
-- Name: django_migrations_id_seq; Type: SEQUENCE SET; Schema: public; Owner: postgres
--

SELECT pg_catalog.setval('public.django_migrations_id_seq', 31, true);


--
-- Name: doctors_doctors_id_seq; Type: SEQUENCE SET; Schema: public; Owner: postgres
--

SELECT pg_catalog.setval('public.doctors_doctors_id_seq', 25, true);


--
-- Name: doctors_realsales_id_seq; Type: SEQUENCE SET; Schema: public; Owner: postgres
--

SELECT pg_catalog.setval('public.doctors_realsales_id_seq', 1, false);


--
-- Name: doctors_realsalesdrug_id_seq; Type: SEQUENCE SET; Schema: public; Owner: postgres
--

SELECT pg_catalog.setval('public.doctors_realsalesdrug_id_seq', 1, false);


--
-- Name: doctors_recipe_id_seq; Type: SEQUENCE SET; Schema: public; Owner: postgres
--

SELECT pg_catalog.setval('public.doctors_recipe_id_seq', 53, true);


--
-- Name: doctors_recipedrug_id_seq; Type: SEQUENCE SET; Schema: public; Owner: postgres
--

SELECT pg_catalog.setval('public.doctors_recipedrug_id_seq', 123, true);


--
-- Name: export_backup_id_seq; Type: SEQUENCE SET; Schema: public; Owner: postgres
--

SELECT pg_catalog.setval('public.export_backup_id_seq', 1, false);


--
-- Name: medicine_medical_id_seq; Type: SEQUENCE SET; Schema: public; Owner: postgres
--

SELECT pg_catalog.setval('public.medicine_medical_id_seq', 22, true);


--
-- Name: payment_monthlydoctorreport_id_seq; Type: SEQUENCE SET; Schema: public; Owner: postgres
--

SELECT pg_catalog.setval('public.payment_monthlydoctorreport_id_seq', 1, false);


--
-- Name: payment_payment_doctor_id_seq; Type: SEQUENCE SET; Schema: public; Owner: postgres
--

SELECT pg_catalog.setval('public.payment_payment_doctor_id_seq', 1, true);


--
-- Name: payment_sale_id_seq; Type: SEQUENCE SET; Schema: public; Owner: postgres
--

SELECT pg_catalog.setval('public.payment_sale_id_seq', 14, true);


--
-- Name: regions_city_id_seq; Type: SEQUENCE SET; Schema: public; Owner: postgres
--

SELECT pg_catalog.setval('public.regions_city_id_seq', 1, false);


--
-- Name: regions_hospital_id_seq; Type: SEQUENCE SET; Schema: public; Owner: postgres
--

SELECT pg_catalog.setval('public.regions_hospital_id_seq', 5, true);


--
-- Name: regions_region_id_seq; Type: SEQUENCE SET; Schema: public; Owner: postgres
--

SELECT pg_catalog.setval('public.regions_region_id_seq', 2, true);


--
-- Name: tracking_movqe_id_seq; Type: SEQUENCE SET; Schema: public; Owner: postgres
--

SELECT pg_catalog.setval('public.tracking_movqe_id_seq', 1, false);


--
-- Name: user_istifadeciprofil_id_seq; Type: SEQUENCE SET; Schema: public; Owner: postgres
--

SELECT pg_catalog.setval('public.user_istifadeciprofil_id_seq', 1, false);


--
-- Name: auth_group auth_group_name_key; Type: CONSTRAINT; Schema: public; Owner: postgres
--

ALTER TABLE ONLY public.auth_group
    ADD CONSTRAINT auth_group_name_key UNIQUE (name);


--
-- Name: auth_group_permissions auth_group_permissions_group_id_permission_id_0cd325b0_uniq; Type: CONSTRAINT; Schema: public; Owner: postgres
--

ALTER TABLE ONLY public.auth_group_permissions
    ADD CONSTRAINT auth_group_permissions_group_id_permission_id_0cd325b0_uniq UNIQUE (group_id, permission_id);


--
-- Name: auth_group_permissions auth_group_permissions_pkey; Type: CONSTRAINT; Schema: public; Owner: postgres
--

ALTER TABLE ONLY public.auth_group_permissions
    ADD CONSTRAINT auth_group_permissions_pkey PRIMARY KEY (id);


--
-- Name: auth_group auth_group_pkey; Type: CONSTRAINT; Schema: public; Owner: postgres
--

ALTER TABLE ONLY public.auth_group
    ADD CONSTRAINT auth_group_pkey PRIMARY KEY (id);


--
-- Name: auth_permission auth_permission_content_type_id_codename_01ab375a_uniq; Type: CONSTRAINT; Schema: public; Owner: postgres
--

ALTER TABLE ONLY public.auth_permission
    ADD CONSTRAINT auth_permission_content_type_id_codename_01ab375a_uniq UNIQUE (content_type_id, codename);


--
-- Name: auth_permission auth_permission_pkey; Type: CONSTRAINT; Schema: public; Owner: postgres
--

ALTER TABLE ONLY public.auth_permission
    ADD CONSTRAINT auth_permission_pkey PRIMARY KEY (id);


--
-- Name: auth_user_groups auth_user_groups_pkey; Type: CONSTRAINT; Schema: public; Owner: postgres
--

ALTER TABLE ONLY public.auth_user_groups
    ADD CONSTRAINT auth_user_groups_pkey PRIMARY KEY (id);


--
-- Name: auth_user_groups auth_user_groups_user_id_group_id_94350c0c_uniq; Type: CONSTRAINT; Schema: public; Owner: postgres
--

ALTER TABLE ONLY public.auth_user_groups
    ADD CONSTRAINT auth_user_groups_user_id_group_id_94350c0c_uniq UNIQUE (user_id, group_id);


--
-- Name: auth_user auth_user_pkey; Type: CONSTRAINT; Schema: public; Owner: postgres
--

ALTER TABLE ONLY public.auth_user
    ADD CONSTRAINT auth_user_pkey PRIMARY KEY (id);


--
-- Name: auth_user_user_permissions auth_user_user_permissions_pkey; Type: CONSTRAINT; Schema: public; Owner: postgres
--

ALTER TABLE ONLY public.auth_user_user_permissions
    ADD CONSTRAINT auth_user_user_permissions_pkey PRIMARY KEY (id);


--
-- Name: auth_user_user_permissions auth_user_user_permissions_user_id_permission_id_14a6b632_uniq; Type: CONSTRAINT; Schema: public; Owner: postgres
--

ALTER TABLE ONLY public.auth_user_user_permissions
    ADD CONSTRAINT auth_user_user_permissions_user_id_permission_id_14a6b632_uniq UNIQUE (user_id, permission_id);


--
-- Name: auth_user auth_user_username_key; Type: CONSTRAINT; Schema: public; Owner: postgres
--

ALTER TABLE ONLY public.auth_user
    ADD CONSTRAINT auth_user_username_key UNIQUE (username);


--
-- Name: authtoken_token authtoken_token_pkey; Type: CONSTRAINT; Schema: public; Owner: postgres
--

ALTER TABLE ONLY public.authtoken_token
    ADD CONSTRAINT authtoken_token_pkey PRIMARY KEY (key);


--
-- Name: authtoken_token authtoken_token_user_id_key; Type: CONSTRAINT; Schema: public; Owner: postgres
--

ALTER TABLE ONLY public.authtoken_token
    ADD CONSTRAINT authtoken_token_user_id_key UNIQUE (user_id);


--
-- Name: core_deletedrecipedruglog core_deletedrecipedruglog_pkey; Type: CONSTRAINT; Schema: public; Owner: postgres
--

ALTER TABLE ONLY public.core_deletedrecipedruglog
    ADD CONSTRAINT core_deletedrecipedruglog_pkey PRIMARY KEY (id);


--
-- Name: django_admin_log django_admin_log_pkey; Type: CONSTRAINT; Schema: public; Owner: postgres
--

ALTER TABLE ONLY public.django_admin_log
    ADD CONSTRAINT django_admin_log_pkey PRIMARY KEY (id);


--
-- Name: django_content_type django_content_type_app_label_model_76bd3d3b_uniq; Type: CONSTRAINT; Schema: public; Owner: postgres
--

ALTER TABLE ONLY public.django_content_type
    ADD CONSTRAINT django_content_type_app_label_model_76bd3d3b_uniq UNIQUE (app_label, model);


--
-- Name: django_content_type django_content_type_pkey; Type: CONSTRAINT; Schema: public; Owner: postgres
--

ALTER TABLE ONLY public.django_content_type
    ADD CONSTRAINT django_content_type_pkey PRIMARY KEY (id);


--
-- Name: django_migrations django_migrations_pkey; Type: CONSTRAINT; Schema: public; Owner: postgres
--

ALTER TABLE ONLY public.django_migrations
    ADD CONSTRAINT django_migrations_pkey PRIMARY KEY (id);


--
-- Name: django_session django_session_pkey; Type: CONSTRAINT; Schema: public; Owner: postgres
--

ALTER TABLE ONLY public.django_session
    ADD CONSTRAINT django_session_pkey PRIMARY KEY (session_key);


--
-- Name: doctors_doctors doctors_doctors_barkod_key; Type: CONSTRAINT; Schema: public; Owner: postgres
--

ALTER TABLE ONLY public.doctors_doctors
    ADD CONSTRAINT doctors_doctors_barkod_key UNIQUE (barkod);


--
-- Name: doctors_doctors doctors_doctors_pkey; Type: CONSTRAINT; Schema: public; Owner: postgres
--

ALTER TABLE ONLY public.doctors_doctors
    ADD CONSTRAINT doctors_doctors_pkey PRIMARY KEY (id);


--
-- Name: doctors_realsales doctors_realsales_pkey; Type: CONSTRAINT; Schema: public; Owner: postgres
--

ALTER TABLE ONLY public.doctors_realsales
    ADD CONSTRAINT doctors_realsales_pkey PRIMARY KEY (id);


--
-- Name: doctors_realsalesdrug doctors_realsalesdrug_pkey; Type: CONSTRAINT; Schema: public; Owner: postgres
--

ALTER TABLE ONLY public.doctors_realsalesdrug
    ADD CONSTRAINT doctors_realsalesdrug_pkey PRIMARY KEY (id);


--
-- Name: doctors_recipe doctors_recipe_pkey; Type: CONSTRAINT; Schema: public; Owner: postgres
--

ALTER TABLE ONLY public.doctors_recipe
    ADD CONSTRAINT doctors_recipe_pkey PRIMARY KEY (id);


--
-- Name: doctors_recipedrug doctors_recipedrug_pkey; Type: CONSTRAINT; Schema: public; Owner: postgres
--

ALTER TABLE ONLY public.doctors_recipedrug
    ADD CONSTRAINT doctors_recipedrug_pkey PRIMARY KEY (id);


--
-- Name: export_backup export_backup_pkey; Type: CONSTRAINT; Schema: public; Owner: postgres
--

ALTER TABLE ONLY public.export_backup
    ADD CONSTRAINT export_backup_pkey PRIMARY KEY (id);


--
-- Name: medicine_medical medicine_medical_pkey; Type: CONSTRAINT; Schema: public; Owner: postgres
--

ALTER TABLE ONLY public.medicine_medical
    ADD CONSTRAINT medicine_medical_pkey PRIMARY KEY (id);


--
-- Name: payment_monthlydoctorreport payment_monthlydoctorrep_doctor_id_report_month_3a4b2e93_uniq; Type: CONSTRAINT; Schema: public; Owner: postgres
--

ALTER TABLE ONLY public.payment_monthlydoctorreport
    ADD CONSTRAINT payment_monthlydoctorrep_doctor_id_report_month_3a4b2e93_uniq UNIQUE (doctor_id, report_month);


--
-- Name: payment_monthlydoctorreport payment_monthlydoctorreport_pkey; Type: CONSTRAINT; Schema: public; Owner: postgres
--

ALTER TABLE ONLY public.payment_monthlydoctorreport
    ADD CONSTRAINT payment_monthlydoctorreport_pkey PRIMARY KEY (id);


--
-- Name: payment_payment_doctor payment_payment_doctor_pkey; Type: CONSTRAINT; Schema: public; Owner: postgres
--

ALTER TABLE ONLY public.payment_payment_doctor
    ADD CONSTRAINT payment_payment_doctor_pkey PRIMARY KEY (id);


--
-- Name: payment_sale payment_sale_pkey; Type: CONSTRAINT; Schema: public; Owner: postgres
--

ALTER TABLE ONLY public.payment_sale
    ADD CONSTRAINT payment_sale_pkey PRIMARY KEY (id);


--
-- Name: regions_city regions_city_pkey; Type: CONSTRAINT; Schema: public; Owner: postgres
--

ALTER TABLE ONLY public.regions_city
    ADD CONSTRAINT regions_city_pkey PRIMARY KEY (id);


--
-- Name: regions_hospital regions_hospital_pkey; Type: CONSTRAINT; Schema: public; Owner: postgres
--

ALTER TABLE ONLY public.regions_hospital
    ADD CONSTRAINT regions_hospital_pkey PRIMARY KEY (id);


--
-- Name: regions_region regions_region_pkey; Type: CONSTRAINT; Schema: public; Owner: postgres
--

ALTER TABLE ONLY public.regions_region
    ADD CONSTRAINT regions_region_pkey PRIMARY KEY (id);


--
-- Name: regions_region regions_region_region_name_key; Type: CONSTRAINT; Schema: public; Owner: postgres
--

ALTER TABLE ONLY public.regions_region
    ADD CONSTRAINT regions_region_region_name_key UNIQUE (region_name);


--
-- Name: tracking_movqe tracking_movqe_pkey; Type: CONSTRAINT; Schema: public; Owner: postgres
--

ALTER TABLE ONLY public.tracking_movqe
    ADD CONSTRAINT tracking_movqe_pkey PRIMARY KEY (id);


--
-- Name: user_istifadeciprofil user_istifadeciprofil_pkey; Type: CONSTRAINT; Schema: public; Owner: postgres
--

ALTER TABLE ONLY public.user_istifadeciprofil
    ADD CONSTRAINT user_istifadeciprofil_pkey PRIMARY KEY (id);


--
-- Name: user_istifadeciprofil user_istifadeciprofil_user_id_key; Type: CONSTRAINT; Schema: public; Owner: postgres
--

ALTER TABLE ONLY public.user_istifadeciprofil
    ADD CONSTRAINT user_istifadeciprofil_user_id_key UNIQUE (user_id);


--
-- Name: auth_group_name_a6ea08ec_like; Type: INDEX; Schema: public; Owner: postgres
--

CREATE INDEX auth_group_name_a6ea08ec_like ON public.auth_group USING btree (name varchar_pattern_ops);


--
-- Name: auth_group_permissions_group_id_b120cbf9; Type: INDEX; Schema: public; Owner: postgres
--

CREATE INDEX auth_group_permissions_group_id_b120cbf9 ON public.auth_group_permissions USING btree (group_id);


--
-- Name: auth_group_permissions_permission_id_84c5c92e; Type: INDEX; Schema: public; Owner: postgres
--

CREATE INDEX auth_group_permissions_permission_id_84c5c92e ON public.auth_group_permissions USING btree (permission_id);


--
-- Name: auth_permission_content_type_id_2f476e4b; Type: INDEX; Schema: public; Owner: postgres
--

CREATE INDEX auth_permission_content_type_id_2f476e4b ON public.auth_permission USING btree (content_type_id);


--
-- Name: auth_user_groups_group_id_97559544; Type: INDEX; Schema: public; Owner: postgres
--

CREATE INDEX auth_user_groups_group_id_97559544 ON public.auth_user_groups USING btree (group_id);


--
-- Name: auth_user_groups_user_id_6a12ed8b; Type: INDEX; Schema: public; Owner: postgres
--

CREATE INDEX auth_user_groups_user_id_6a12ed8b ON public.auth_user_groups USING btree (user_id);


--
-- Name: auth_user_user_permissions_permission_id_1fbb5f2c; Type: INDEX; Schema: public; Owner: postgres
--

CREATE INDEX auth_user_user_permissions_permission_id_1fbb5f2c ON public.auth_user_user_permissions USING btree (permission_id);


--
-- Name: auth_user_user_permissions_user_id_a95ead1b; Type: INDEX; Schema: public; Owner: postgres
--

CREATE INDEX auth_user_user_permissions_user_id_a95ead1b ON public.auth_user_user_permissions USING btree (user_id);


--
-- Name: auth_user_username_6821ab7c_like; Type: INDEX; Schema: public; Owner: postgres
--

CREATE INDEX auth_user_username_6821ab7c_like ON public.auth_user USING btree (username varchar_pattern_ops);


--
-- Name: authtoken_token_key_10f0b77e_like; Type: INDEX; Schema: public; Owner: postgres
--

CREATE INDEX authtoken_token_key_10f0b77e_like ON public.authtoken_token USING btree (key varchar_pattern_ops);


--
-- Name: core_deletedrecipedruglog_deleted_by_id_b8a1caf7; Type: INDEX; Schema: public; Owner: postgres
--

CREATE INDEX core_deletedrecipedruglog_deleted_by_id_b8a1caf7 ON public.core_deletedrecipedruglog USING btree (deleted_by_id);


--
-- Name: django_admin_log_content_type_id_c4bce8eb; Type: INDEX; Schema: public; Owner: postgres
--

CREATE INDEX django_admin_log_content_type_id_c4bce8eb ON public.django_admin_log USING btree (content_type_id);


--
-- Name: django_admin_log_user_id_c564eba6; Type: INDEX; Schema: public; Owner: postgres
--

CREATE INDEX django_admin_log_user_id_c564eba6 ON public.django_admin_log USING btree (user_id);


--
-- Name: django_session_expire_date_a5c62663; Type: INDEX; Schema: public; Owner: postgres
--

CREATE INDEX django_session_expire_date_a5c62663 ON public.django_session USING btree (expire_date);


--
-- Name: django_session_session_key_c0390e0f_like; Type: INDEX; Schema: public; Owner: postgres
--

CREATE INDEX django_session_session_key_c0390e0f_like ON public.django_session USING btree (session_key varchar_pattern_ops);


--
-- Name: doctors_doctors_barkod_b93d9d39_like; Type: INDEX; Schema: public; Owner: postgres
--

CREATE INDEX doctors_doctors_barkod_b93d9d39_like ON public.doctors_doctors USING btree (barkod varchar_pattern_ops);


--
-- Name: doctors_doctors_bolge_id_056eacc2; Type: INDEX; Schema: public; Owner: postgres
--

CREATE INDEX doctors_doctors_bolge_id_056eacc2 ON public.doctors_doctors USING btree (bolge_id);


--
-- Name: doctors_doctors_city_id_ae09bd1e; Type: INDEX; Schema: public; Owner: postgres
--

CREATE INDEX doctors_doctors_city_id_ae09bd1e ON public.doctors_doctors USING btree (city_id);


--
-- Name: doctors_doctors_klinika_id_efee8c6d; Type: INDEX; Schema: public; Owner: postgres
--

CREATE INDEX doctors_doctors_klinika_id_efee8c6d ON public.doctors_doctors USING btree (klinika_id);


--
-- Name: doctors_realsales_dr_name_id_dbe846c3; Type: INDEX; Schema: public; Owner: postgres
--

CREATE INDEX doctors_realsales_dr_name_id_dbe846c3 ON public.doctors_realsales USING btree (dr_name_id);


--
-- Name: doctors_realsales_region_n_id_603a649a; Type: INDEX; Schema: public; Owner: postgres
--

CREATE INDEX doctors_realsales_region_n_id_603a649a ON public.doctors_realsales USING btree (region_n_id);


--
-- Name: doctors_realsalesdrug_drug_name_id_46f87e00; Type: INDEX; Schema: public; Owner: postgres
--

CREATE INDEX doctors_realsalesdrug_drug_name_id_46f87e00 ON public.doctors_realsalesdrug USING btree (drug_name_id);


--
-- Name: doctors_realsalesdrug_real_sale_id_35443f99; Type: INDEX; Schema: public; Owner: postgres
--

CREATE INDEX doctors_realsalesdrug_real_sale_id_35443f99 ON public.doctors_realsalesdrug USING btree (real_sale_id);


--
-- Name: doctors_recipe_dr_id_9a142213; Type: INDEX; Schema: public; Owner: postgres
--

CREATE INDEX doctors_recipe_dr_id_9a142213 ON public.doctors_recipe USING btree (dr_id);


--
-- Name: doctors_recipe_region_id_fecea7ff; Type: INDEX; Schema: public; Owner: postgres
--

CREATE INDEX doctors_recipe_region_id_fecea7ff ON public.doctors_recipe USING btree (region_id);


--
-- Name: doctors_recipedrug_drug_id_2befd933; Type: INDEX; Schema: public; Owner: postgres
--

CREATE INDEX doctors_recipedrug_drug_id_2befd933 ON public.doctors_recipedrug USING btree (drug_id);


--
-- Name: doctors_recipedrug_recipe_id_75aedc44; Type: INDEX; Schema: public; Owner: postgres
--

CREATE INDEX doctors_recipedrug_recipe_id_75aedc44 ON public.doctors_recipedrug USING btree (recipe_id);


--
-- Name: payment_monthlydoctorreport_doctor_id_a1342ef6; Type: INDEX; Schema: public; Owner: postgres
--

CREATE INDEX payment_monthlydoctorreport_doctor_id_a1342ef6 ON public.payment_monthlydoctorreport USING btree (doctor_id);


--
-- Name: payment_monthlydoctorreport_region_id_1f61ffff; Type: INDEX; Schema: public; Owner: postgres
--

CREATE INDEX payment_monthlydoctorreport_region_id_1f61ffff ON public.payment_monthlydoctorreport USING btree (region_id);


--
-- Name: payment_payment_doctor_area_id_730b10c0; Type: INDEX; Schema: public; Owner: postgres
--

CREATE INDEX payment_payment_doctor_area_id_730b10c0 ON public.payment_payment_doctor USING btree (area_id);


--
-- Name: payment_payment_doctor_doctor_id_aadc8112; Type: INDEX; Schema: public; Owner: postgres
--

CREATE INDEX payment_payment_doctor_doctor_id_aadc8112 ON public.payment_payment_doctor USING btree (doctor_id);


--
-- Name: payment_sale_drug_id_5350c116; Type: INDEX; Schema: public; Owner: postgres
--

CREATE INDEX payment_sale_drug_id_5350c116 ON public.payment_sale USING btree (drug_id);


--
-- Name: payment_sale_region_id_79f6f01a; Type: INDEX; Schema: public; Owner: postgres
--

CREATE INDEX payment_sale_region_id_79f6f01a ON public.payment_sale USING btree (region_id);


--
-- Name: regions_city_region_id_591f0555; Type: INDEX; Schema: public; Owner: postgres
--

CREATE INDEX regions_city_region_id_591f0555 ON public.regions_city USING btree (region_id);


--
-- Name: regions_hospital_city_id_0192f760; Type: INDEX; Schema: public; Owner: postgres
--

CREATE INDEX regions_hospital_city_id_0192f760 ON public.regions_hospital USING btree (city_id);


--
-- Name: regions_hospital_region_net_id_c5b825f6; Type: INDEX; Schema: public; Owner: postgres
--

CREATE INDEX regions_hospital_region_net_id_c5b825f6 ON public.regions_hospital USING btree (region_net_id);


--
-- Name: regions_region_region_name_9bdd389f_like; Type: INDEX; Schema: public; Owner: postgres
--

CREATE INDEX regions_region_region_name_9bdd389f_like ON public.regions_region USING btree (region_name varchar_pattern_ops);


--
-- Name: tracking_movqe_istifadeci_id_2e4934ef; Type: INDEX; Schema: public; Owner: postgres
--

CREATE INDEX tracking_movqe_istifadeci_id_2e4934ef ON public.tracking_movqe USING btree (istifadeci_id);


--
-- Name: user_istifadeciprofil_bolge_id_52fd8735; Type: INDEX; Schema: public; Owner: postgres
--

CREATE INDEX user_istifadeciprofil_bolge_id_52fd8735 ON public.user_istifadeciprofil USING btree (bolge_id);


--
-- Name: auth_group_permissions auth_group_permissio_permission_id_84c5c92e_fk_auth_perm; Type: FK CONSTRAINT; Schema: public; Owner: postgres
--

ALTER TABLE ONLY public.auth_group_permissions
    ADD CONSTRAINT auth_group_permissio_permission_id_84c5c92e_fk_auth_perm FOREIGN KEY (permission_id) REFERENCES public.auth_permission(id) DEFERRABLE INITIALLY DEFERRED;


--
-- Name: auth_group_permissions auth_group_permissions_group_id_b120cbf9_fk_auth_group_id; Type: FK CONSTRAINT; Schema: public; Owner: postgres
--

ALTER TABLE ONLY public.auth_group_permissions
    ADD CONSTRAINT auth_group_permissions_group_id_b120cbf9_fk_auth_group_id FOREIGN KEY (group_id) REFERENCES public.auth_group(id) DEFERRABLE INITIALLY DEFERRED;


--
-- Name: auth_permission auth_permission_content_type_id_2f476e4b_fk_django_co; Type: FK CONSTRAINT; Schema: public; Owner: postgres
--

ALTER TABLE ONLY public.auth_permission
    ADD CONSTRAINT auth_permission_content_type_id_2f476e4b_fk_django_co FOREIGN KEY (content_type_id) REFERENCES public.django_content_type(id) DEFERRABLE INITIALLY DEFERRED;


--
-- Name: auth_user_groups auth_user_groups_group_id_97559544_fk_auth_group_id; Type: FK CONSTRAINT; Schema: public; Owner: postgres
--

ALTER TABLE ONLY public.auth_user_groups
    ADD CONSTRAINT auth_user_groups_group_id_97559544_fk_auth_group_id FOREIGN KEY (group_id) REFERENCES public.auth_group(id) DEFERRABLE INITIALLY DEFERRED;


--
-- Name: auth_user_groups auth_user_groups_user_id_6a12ed8b_fk_auth_user_id; Type: FK CONSTRAINT; Schema: public; Owner: postgres
--

ALTER TABLE ONLY public.auth_user_groups
    ADD CONSTRAINT auth_user_groups_user_id_6a12ed8b_fk_auth_user_id FOREIGN KEY (user_id) REFERENCES public.auth_user(id) DEFERRABLE INITIALLY DEFERRED;


--
-- Name: auth_user_user_permissions auth_user_user_permi_permission_id_1fbb5f2c_fk_auth_perm; Type: FK CONSTRAINT; Schema: public; Owner: postgres
--

ALTER TABLE ONLY public.auth_user_user_permissions
    ADD CONSTRAINT auth_user_user_permi_permission_id_1fbb5f2c_fk_auth_perm FOREIGN KEY (permission_id) REFERENCES public.auth_permission(id) DEFERRABLE INITIALLY DEFERRED;


--
-- Name: auth_user_user_permissions auth_user_user_permissions_user_id_a95ead1b_fk_auth_user_id; Type: FK CONSTRAINT; Schema: public; Owner: postgres
--

ALTER TABLE ONLY public.auth_user_user_permissions
    ADD CONSTRAINT auth_user_user_permissions_user_id_a95ead1b_fk_auth_user_id FOREIGN KEY (user_id) REFERENCES public.auth_user(id) DEFERRABLE INITIALLY DEFERRED;


--
-- Name: authtoken_token authtoken_token_user_id_35299eff_fk_auth_user_id; Type: FK CONSTRAINT; Schema: public; Owner: postgres
--

ALTER TABLE ONLY public.authtoken_token
    ADD CONSTRAINT authtoken_token_user_id_35299eff_fk_auth_user_id FOREIGN KEY (user_id) REFERENCES public.auth_user(id) DEFERRABLE INITIALLY DEFERRED;


--
-- Name: core_deletedrecipedruglog core_deletedrecipedr_deleted_by_id_b8a1caf7_fk_auth_user; Type: FK CONSTRAINT; Schema: public; Owner: postgres
--

ALTER TABLE ONLY public.core_deletedrecipedruglog
    ADD CONSTRAINT core_deletedrecipedr_deleted_by_id_b8a1caf7_fk_auth_user FOREIGN KEY (deleted_by_id) REFERENCES public.auth_user(id) DEFERRABLE INITIALLY DEFERRED;


--
-- Name: django_admin_log django_admin_log_content_type_id_c4bce8eb_fk_django_co; Type: FK CONSTRAINT; Schema: public; Owner: postgres
--

ALTER TABLE ONLY public.django_admin_log
    ADD CONSTRAINT django_admin_log_content_type_id_c4bce8eb_fk_django_co FOREIGN KEY (content_type_id) REFERENCES public.django_content_type(id) DEFERRABLE INITIALLY DEFERRED;


--
-- Name: django_admin_log django_admin_log_user_id_c564eba6_fk_auth_user_id; Type: FK CONSTRAINT; Schema: public; Owner: postgres
--

ALTER TABLE ONLY public.django_admin_log
    ADD CONSTRAINT django_admin_log_user_id_c564eba6_fk_auth_user_id FOREIGN KEY (user_id) REFERENCES public.auth_user(id) DEFERRABLE INITIALLY DEFERRED;


--
-- Name: doctors_doctors doctors_doctors_bolge_id_056eacc2_fk_regions_region_id; Type: FK CONSTRAINT; Schema: public; Owner: postgres
--

ALTER TABLE ONLY public.doctors_doctors
    ADD CONSTRAINT doctors_doctors_bolge_id_056eacc2_fk_regions_region_id FOREIGN KEY (bolge_id) REFERENCES public.regions_region(id) DEFERRABLE INITIALLY DEFERRED;


--
-- Name: doctors_doctors doctors_doctors_city_id_ae09bd1e_fk_regions_city_id; Type: FK CONSTRAINT; Schema: public; Owner: postgres
--

ALTER TABLE ONLY public.doctors_doctors
    ADD CONSTRAINT doctors_doctors_city_id_ae09bd1e_fk_regions_city_id FOREIGN KEY (city_id) REFERENCES public.regions_city(id) DEFERRABLE INITIALLY DEFERRED;


--
-- Name: doctors_doctors doctors_doctors_klinika_id_efee8c6d_fk_regions_hospital_id; Type: FK CONSTRAINT; Schema: public; Owner: postgres
--

ALTER TABLE ONLY public.doctors_doctors
    ADD CONSTRAINT doctors_doctors_klinika_id_efee8c6d_fk_regions_hospital_id FOREIGN KEY (klinika_id) REFERENCES public.regions_hospital(id) DEFERRABLE INITIALLY DEFERRED;


--
-- Name: doctors_realsales doctors_realsales_dr_name_id_dbe846c3_fk_doctors_doctors_id; Type: FK CONSTRAINT; Schema: public; Owner: postgres
--

ALTER TABLE ONLY public.doctors_realsales
    ADD CONSTRAINT doctors_realsales_dr_name_id_dbe846c3_fk_doctors_doctors_id FOREIGN KEY (dr_name_id) REFERENCES public.doctors_doctors(id) DEFERRABLE INITIALLY DEFERRED;


--
-- Name: doctors_realsales doctors_realsales_region_n_id_603a649a_fk_regions_region_id; Type: FK CONSTRAINT; Schema: public; Owner: postgres
--

ALTER TABLE ONLY public.doctors_realsales
    ADD CONSTRAINT doctors_realsales_region_n_id_603a649a_fk_regions_region_id FOREIGN KEY (region_n_id) REFERENCES public.regions_region(id) DEFERRABLE INITIALLY DEFERRED;


--
-- Name: doctors_realsalesdrug doctors_realsalesdru_drug_name_id_46f87e00_fk_medicine_; Type: FK CONSTRAINT; Schema: public; Owner: postgres
--

ALTER TABLE ONLY public.doctors_realsalesdrug
    ADD CONSTRAINT doctors_realsalesdru_drug_name_id_46f87e00_fk_medicine_ FOREIGN KEY (drug_name_id) REFERENCES public.medicine_medical(id) DEFERRABLE INITIALLY DEFERRED;


--
-- Name: doctors_realsalesdrug doctors_realsalesdru_real_sale_id_35443f99_fk_doctors_r; Type: FK CONSTRAINT; Schema: public; Owner: postgres
--

ALTER TABLE ONLY public.doctors_realsalesdrug
    ADD CONSTRAINT doctors_realsalesdru_real_sale_id_35443f99_fk_doctors_r FOREIGN KEY (real_sale_id) REFERENCES public.doctors_realsales(id) DEFERRABLE INITIALLY DEFERRED;


--
-- Name: doctors_recipe doctors_recipe_dr_id_9a142213_fk_doctors_doctors_id; Type: FK CONSTRAINT; Schema: public; Owner: postgres
--

ALTER TABLE ONLY public.doctors_recipe
    ADD CONSTRAINT doctors_recipe_dr_id_9a142213_fk_doctors_doctors_id FOREIGN KEY (dr_id) REFERENCES public.doctors_doctors(id) DEFERRABLE INITIALLY DEFERRED;


--
-- Name: doctors_recipe doctors_recipe_region_id_fecea7ff_fk_regions_region_id; Type: FK CONSTRAINT; Schema: public; Owner: postgres
--

ALTER TABLE ONLY public.doctors_recipe
    ADD CONSTRAINT doctors_recipe_region_id_fecea7ff_fk_regions_region_id FOREIGN KEY (region_id) REFERENCES public.regions_region(id) DEFERRABLE INITIALLY DEFERRED;


--
-- Name: doctors_recipedrug doctors_recipedrug_drug_id_2befd933_fk_medicine_medical_id; Type: FK CONSTRAINT; Schema: public; Owner: postgres
--

ALTER TABLE ONLY public.doctors_recipedrug
    ADD CONSTRAINT doctors_recipedrug_drug_id_2befd933_fk_medicine_medical_id FOREIGN KEY (drug_id) REFERENCES public.medicine_medical(id) DEFERRABLE INITIALLY DEFERRED;


--
-- Name: doctors_recipedrug doctors_recipedrug_recipe_id_75aedc44_fk_doctors_recipe_id; Type: FK CONSTRAINT; Schema: public; Owner: postgres
--

ALTER TABLE ONLY public.doctors_recipedrug
    ADD CONSTRAINT doctors_recipedrug_recipe_id_75aedc44_fk_doctors_recipe_id FOREIGN KEY (recipe_id) REFERENCES public.doctors_recipe(id) DEFERRABLE INITIALLY DEFERRED;


--
-- Name: payment_monthlydoctorreport payment_monthlydocto_doctor_id_a1342ef6_fk_doctors_d; Type: FK CONSTRAINT; Schema: public; Owner: postgres
--

ALTER TABLE ONLY public.payment_monthlydoctorreport
    ADD CONSTRAINT payment_monthlydocto_doctor_id_a1342ef6_fk_doctors_d FOREIGN KEY (doctor_id) REFERENCES public.doctors_doctors(id) DEFERRABLE INITIALLY DEFERRED;


--
-- Name: payment_monthlydoctorreport payment_monthlydocto_region_id_1f61ffff_fk_regions_r; Type: FK CONSTRAINT; Schema: public; Owner: postgres
--

ALTER TABLE ONLY public.payment_monthlydoctorreport
    ADD CONSTRAINT payment_monthlydocto_region_id_1f61ffff_fk_regions_r FOREIGN KEY (region_id) REFERENCES public.regions_region(id) DEFERRABLE INITIALLY DEFERRED;


--
-- Name: payment_payment_doctor payment_payment_doctor_area_id_730b10c0_fk_regions_region_id; Type: FK CONSTRAINT; Schema: public; Owner: postgres
--

ALTER TABLE ONLY public.payment_payment_doctor
    ADD CONSTRAINT payment_payment_doctor_area_id_730b10c0_fk_regions_region_id FOREIGN KEY (area_id) REFERENCES public.regions_region(id) DEFERRABLE INITIALLY DEFERRED;


--
-- Name: payment_payment_doctor payment_payment_doctor_doctor_id_aadc8112_fk_doctors_doctors_id; Type: FK CONSTRAINT; Schema: public; Owner: postgres
--

ALTER TABLE ONLY public.payment_payment_doctor
    ADD CONSTRAINT payment_payment_doctor_doctor_id_aadc8112_fk_doctors_doctors_id FOREIGN KEY (doctor_id) REFERENCES public.doctors_doctors(id) DEFERRABLE INITIALLY DEFERRED;


--
-- Name: payment_sale payment_sale_drug_id_5350c116_fk_medicine_medical_id; Type: FK CONSTRAINT; Schema: public; Owner: postgres
--

ALTER TABLE ONLY public.payment_sale
    ADD CONSTRAINT payment_sale_drug_id_5350c116_fk_medicine_medical_id FOREIGN KEY (drug_id) REFERENCES public.medicine_medical(id) DEFERRABLE INITIALLY DEFERRED;


--
-- Name: payment_sale payment_sale_region_id_79f6f01a_fk_regions_region_id; Type: FK CONSTRAINT; Schema: public; Owner: postgres
--

ALTER TABLE ONLY public.payment_sale
    ADD CONSTRAINT payment_sale_region_id_79f6f01a_fk_regions_region_id FOREIGN KEY (region_id) REFERENCES public.regions_region(id) DEFERRABLE INITIALLY DEFERRED;


--
-- Name: regions_city regions_city_region_id_591f0555_fk_regions_region_id; Type: FK CONSTRAINT; Schema: public; Owner: postgres
--

ALTER TABLE ONLY public.regions_city
    ADD CONSTRAINT regions_city_region_id_591f0555_fk_regions_region_id FOREIGN KEY (region_id) REFERENCES public.regions_region(id) DEFERRABLE INITIALLY DEFERRED;


--
-- Name: regions_hospital regions_hospital_city_id_0192f760_fk_regions_city_id; Type: FK CONSTRAINT; Schema: public; Owner: postgres
--

ALTER TABLE ONLY public.regions_hospital
    ADD CONSTRAINT regions_hospital_city_id_0192f760_fk_regions_city_id FOREIGN KEY (city_id) REFERENCES public.regions_city(id) DEFERRABLE INITIALLY DEFERRED;


--
-- Name: regions_hospital regions_hospital_region_net_id_c5b825f6_fk_regions_region_id; Type: FK CONSTRAINT; Schema: public; Owner: postgres
--

ALTER TABLE ONLY public.regions_hospital
    ADD CONSTRAINT regions_hospital_region_net_id_c5b825f6_fk_regions_region_id FOREIGN KEY (region_net_id) REFERENCES public.regions_region(id) DEFERRABLE INITIALLY DEFERRED;


--
-- Name: tracking_movqe tracking_movqe_istifadeci_id_2e4934ef_fk_auth_user_id; Type: FK CONSTRAINT; Schema: public; Owner: postgres
--

ALTER TABLE ONLY public.tracking_movqe
    ADD CONSTRAINT tracking_movqe_istifadeci_id_2e4934ef_fk_auth_user_id FOREIGN KEY (istifadeci_id) REFERENCES public.auth_user(id) DEFERRABLE INITIALLY DEFERRED;


--
-- Name: user_istifadeciprofil user_istifadeciprofil_bolge_id_52fd8735_fk_regions_region_id; Type: FK CONSTRAINT; Schema: public; Owner: postgres
--

ALTER TABLE ONLY public.user_istifadeciprofil
    ADD CONSTRAINT user_istifadeciprofil_bolge_id_52fd8735_fk_regions_region_id FOREIGN KEY (bolge_id) REFERENCES public.regions_region(id) DEFERRABLE INITIALLY DEFERRED;


--
-- Name: user_istifadeciprofil user_istifadeciprofil_user_id_831240cc_fk_auth_user_id; Type: FK CONSTRAINT; Schema: public; Owner: postgres
--

ALTER TABLE ONLY public.user_istifadeciprofil
    ADD CONSTRAINT user_istifadeciprofil_user_id_831240cc_fk_auth_user_id FOREIGN KEY (user_id) REFERENCES public.auth_user(id) DEFERRABLE INITIALLY DEFERRED;


--
-- Name: SCHEMA public; Type: ACL; Schema: -; Owner: postgres
--

REVOKE USAGE ON SCHEMA public FROM PUBLIC;


--
-- PostgreSQL database dump complete
--

