--
-- PostgreSQL database dump
--

-- Dumped from database version 17.5
-- Dumped by pg_dump version 17.5

SET statement_timeout = 0;
SET lock_timeout = 0;
SET idle_in_transaction_session_timeout = 0;
SET transaction_timeout = 0;
SET client_encoding = 'UTF8';
SET standard_conforming_strings = on;
SELECT pg_catalog.set_config('search_path', '', false);
SET check_function_bodies = false;
SET xmloption = content;
SET client_min_messages = warning;
SET row_security = off;

SET default_tablespace = '';

SET default_table_access_method = heap;

--
-- Name: auth_group; Type: TABLE; Schema: public; Owner: postgres
--

CREATE TABLE public.auth_group (
    id integer NOT NULL,
    name character varying(150) NOT NULL
);


ALTER TABLE public.auth_group OWNER TO postgres;

--
-- Name: auth_group_id_seq; Type: SEQUENCE; Schema: public; Owner: postgres
--

ALTER TABLE public.auth_group ALTER COLUMN id ADD GENERATED BY DEFAULT AS IDENTITY (
    SEQUENCE NAME public.auth_group_id_seq
    START WITH 1
    INCREMENT BY 1
    NO MINVALUE
    NO MAXVALUE
    CACHE 1
);


--
-- Name: auth_group_permissions; Type: TABLE; Schema: public; Owner: postgres
--

CREATE TABLE public.auth_group_permissions (
    id bigint NOT NULL,
    group_id integer NOT NULL,
    permission_id integer NOT NULL
);


ALTER TABLE public.auth_group_permissions OWNER TO postgres;

--
-- Name: auth_group_permissions_id_seq; Type: SEQUENCE; Schema: public; Owner: postgres
--

ALTER TABLE public.auth_group_permissions ALTER COLUMN id ADD GENERATED BY DEFAULT AS IDENTITY (
    SEQUENCE NAME public.auth_group_permissions_id_seq
    START WITH 1
    INCREMENT BY 1
    NO MINVALUE
    NO MAXVALUE
    CACHE 1
);


--
-- Name: auth_permission; Type: TABLE; Schema: public; Owner: postgres
--

CREATE TABLE public.auth_permission (
    id integer NOT NULL,
    name character varying(255) NOT NULL,
    content_type_id integer NOT NULL,
    codename character varying(100) NOT NULL
);


ALTER TABLE public.auth_permission OWNER TO postgres;

--
-- Name: auth_permission_id_seq; Type: SEQUENCE; Schema: public; Owner: postgres
--

ALTER TABLE public.auth_permission ALTER COLUMN id ADD GENERATED BY DEFAULT AS IDENTITY (
    SEQUENCE NAME public.auth_permission_id_seq
    START WITH 1
    INCREMENT BY 1
    NO MINVALUE
    NO MAXVALUE
    CACHE 1
);


--
-- Name: auth_user; Type: TABLE; Schema: public; Owner: postgres
--

CREATE TABLE public.auth_user (
    id integer NOT NULL,
    password character varying(128) NOT NULL,
    last_login timestamp with time zone,
    is_superuser boolean NOT NULL,
    username character varying(150) NOT NULL,
    first_name character varying(150) NOT NULL,
    last_name character varying(150) NOT NULL,
    email character varying(254) NOT NULL,
    is_staff boolean NOT NULL,
    is_active boolean NOT NULL,
    date_joined timestamp with time zone NOT NULL
);


ALTER TABLE public.auth_user OWNER TO postgres;

--
-- Name: auth_user_groups; Type: TABLE; Schema: public; Owner: postgres
--

CREATE TABLE public.auth_user_groups (
    id bigint NOT NULL,
    user_id integer NOT NULL,
    group_id integer NOT NULL
);


ALTER TABLE public.auth_user_groups OWNER TO postgres;

--
-- Name: auth_user_groups_id_seq; Type: SEQUENCE; Schema: public; Owner: postgres
--

ALTER TABLE public.auth_user_groups ALTER COLUMN id ADD GENERATED BY DEFAULT AS IDENTITY (
    SEQUENCE NAME public.auth_user_groups_id_seq
    START WITH 1
    INCREMENT BY 1
    NO MINVALUE
    NO MAXVALUE
    CACHE 1
);


--
-- Name: auth_user_id_seq; Type: SEQUENCE; Schema: public; Owner: postgres
--

ALTER TABLE public.auth_user ALTER COLUMN id ADD GENERATED BY DEFAULT AS IDENTITY (
    SEQUENCE NAME public.auth_user_id_seq
    START WITH 1
    INCREMENT BY 1
    NO MINVALUE
    NO MAXVALUE
    CACHE 1
);


--
-- Name: auth_user_user_permissions; Type: TABLE; Schema: public; Owner: postgres
--

CREATE TABLE public.auth_user_user_permissions (
    id bigint NOT NULL,
    user_id integer NOT NULL,
    permission_id integer NOT NULL
);


ALTER TABLE public.auth_user_user_permissions OWNER TO postgres;

--
-- Name: auth_user_user_permissions_id_seq; Type: SEQUENCE; Schema: public; Owner: postgres
--

ALTER TABLE public.auth_user_user_permissions ALTER COLUMN id ADD GENERATED BY DEFAULT AS IDENTITY (
    SEQUENCE NAME public.auth_user_user_permissions_id_seq
    START WITH 1
    INCREMENT BY 1
    NO MINVALUE
    NO MAXVALUE
    CACHE 1
);


--
-- Name: authtoken_token; Type: TABLE; Schema: public; Owner: postgres
--

CREATE TABLE public.authtoken_token (
    key character varying(40) NOT NULL,
    created timestamp with time zone NOT NULL,
    user_id integer NOT NULL
);


ALTER TABLE public.authtoken_token OWNER TO postgres;

--
-- Name: core_deletedrecipedruglog; Type: TABLE; Schema: public; Owner: postgres
--

CREATE TABLE public.core_deletedrecipedruglog (
    id bigint NOT NULL,
    drug_name character varying(255) NOT NULL,
    recipe_id integer NOT NULL,
    deleted_at timestamp with time zone NOT NULL,
    deleted_by_id integer
);


ALTER TABLE public.core_deletedrecipedruglog OWNER TO postgres;

--
-- Name: core_deletedrecipedruglog_id_seq; Type: SEQUENCE; Schema: public; Owner: postgres
--

ALTER TABLE public.core_deletedrecipedruglog ALTER COLUMN id ADD GENERATED BY DEFAULT AS IDENTITY (
    SEQUENCE NAME public.core_deletedrecipedruglog_id_seq
    START WITH 1
    INCREMENT BY 1
    NO MINVALUE
    NO MAXVALUE
    CACHE 1
);


--
-- Name: dashboard_backup; Type: TABLE; Schema: public; Owner: postgres
--

CREATE TABLE public.dashboard_backup (
    id bigint NOT NULL,
    ad character varying(100) NOT NULL,
    fayl character varying(100) NOT NULL,
    olusturulma_tarixi timestamp with time zone NOT NULL,
    olcu character varying(20) NOT NULL
);


ALTER TABLE public.dashboard_backup OWNER TO postgres;

--
-- Name: dashboard_backup_id_seq; Type: SEQUENCE; Schema: public; Owner: postgres
--

ALTER TABLE public.dashboard_backup ALTER COLUMN id ADD GENERATED BY DEFAULT AS IDENTITY (
    SEQUENCE NAME public.dashboard_backup_id_seq
    START WITH 1
    INCREMENT BY 1
    NO MINVALUE
    NO MAXVALUE
    CACHE 1
);


--
-- Name: django_admin_log; Type: TABLE; Schema: public; Owner: postgres
--

CREATE TABLE public.django_admin_log (
    id integer NOT NULL,
    action_time timestamp with time zone NOT NULL,
    object_id text,
    object_repr character varying(200) NOT NULL,
    action_flag smallint NOT NULL,
    change_message text NOT NULL,
    content_type_id integer,
    user_id integer NOT NULL,
    CONSTRAINT django_admin_log_action_flag_check CHECK ((action_flag >= 0))
);


ALTER TABLE public.django_admin_log OWNER TO postgres;

--
-- Name: django_admin_log_id_seq; Type: SEQUENCE; Schema: public; Owner: postgres
--

ALTER TABLE public.django_admin_log ALTER COLUMN id ADD GENERATED BY DEFAULT AS IDENTITY (
    SEQUENCE NAME public.django_admin_log_id_seq
    START WITH 1
    INCREMENT BY 1
    NO MINVALUE
    NO MAXVALUE
    CACHE 1
);


--
-- Name: django_content_type; Type: TABLE; Schema: public; Owner: postgres
--

CREATE TABLE public.django_content_type (
    id integer NOT NULL,
    app_label character varying(100) NOT NULL,
    model character varying(100) NOT NULL
);


ALTER TABLE public.django_content_type OWNER TO postgres;

--
-- Name: django_content_type_id_seq; Type: SEQUENCE; Schema: public; Owner: postgres
--

ALTER TABLE public.django_content_type ALTER COLUMN id ADD GENERATED BY DEFAULT AS IDENTITY (
    SEQUENCE NAME public.django_content_type_id_seq
    START WITH 1
    INCREMENT BY 1
    NO MINVALUE
    NO MAXVALUE
    CACHE 1
);


--
-- Name: django_migrations; Type: TABLE; Schema: public; Owner: postgres
--

CREATE TABLE public.django_migrations (
    id bigint NOT NULL,
    app character varying(255) NOT NULL,
    name character varying(255) NOT NULL,
    applied timestamp with time zone NOT NULL
);


ALTER TABLE public.django_migrations OWNER TO postgres;

--
-- Name: django_migrations_id_seq; Type: SEQUENCE; Schema: public; Owner: postgres
--

ALTER TABLE public.django_migrations ALTER COLUMN id ADD GENERATED BY DEFAULT AS IDENTITY (
    SEQUENCE NAME public.django_migrations_id_seq
    START WITH 1
    INCREMENT BY 1
    NO MINVALUE
    NO MAXVALUE
    CACHE 1
);


--
-- Name: django_session; Type: TABLE; Schema: public; Owner: postgres
--

CREATE TABLE public.django_session (
    session_key character varying(40) NOT NULL,
    session_data text NOT NULL,
    expire_date timestamp with time zone NOT NULL
);


ALTER TABLE public.django_session OWNER TO postgres;

--
-- Name: doctors_doctors; Type: TABLE; Schema: public; Owner: postgres
--

CREATE TABLE public.doctors_doctors (
    id bigint NOT NULL,
    ad character varying(100) NOT NULL,
    ixtisas character varying(100) NOT NULL,
    kategoriya character varying(10) NOT NULL,
    barkod character varying(10) NOT NULL,
    avans numeric(10,2) NOT NULL,
    bolge_id bigint NOT NULL,
    klinika_id bigint NOT NULL,
    borc numeric(10,2) NOT NULL,
    investisiya numeric(10,2) NOT NULL,
    geriqaytarma numeric(10,2) NOT NULL,
    previous_debt numeric(10,2) NOT NULL,
    hekimden_silinen numeric(10,2) NOT NULL,
    hesablanan_miqdar numeric(10,2) NOT NULL,
    yekun_borc numeric(10,2) NOT NULL,
    derece character varying(10) NOT NULL,
    number character varying(250),
    datasiya numeric(10,2) NOT NULL,
    cinsiyyet character varying(10) NOT NULL,
    city_id bigint
);


ALTER TABLE public.doctors_doctors OWNER TO postgres;

--
-- Name: doctors_doctors_id_seq; Type: SEQUENCE; Schema: public; Owner: postgres
--

ALTER TABLE public.doctors_doctors ALTER COLUMN id ADD GENERATED BY DEFAULT AS IDENTITY (
    SEQUENCE NAME public.doctors_doctors_id_seq
    START WITH 1
    INCREMENT BY 1
    NO MINVALUE
    NO MAXVALUE
    CACHE 1
);


--
-- Name: doctors_realsales; Type: TABLE; Schema: public; Owner: postgres
--

CREATE TABLE public.doctors_realsales (
    id bigint NOT NULL,
    date_sale date NOT NULL,
    dr_name_id bigint NOT NULL,
    region_n_id bigint NOT NULL
);


ALTER TABLE public.doctors_realsales OWNER TO postgres;

--
-- Name: doctors_realsales_id_seq; Type: SEQUENCE; Schema: public; Owner: postgres
--

ALTER TABLE public.doctors_realsales ALTER COLUMN id ADD GENERATED BY DEFAULT AS IDENTITY (
    SEQUENCE NAME public.doctors_realsales_id_seq
    START WITH 1
    INCREMENT BY 1
    NO MINVALUE
    NO MAXVALUE
    CACHE 1
);


--
-- Name: doctors_realsalesdrug; Type: TABLE; Schema: public; Owner: postgres
--

CREATE TABLE public.doctors_realsalesdrug (
    id bigint NOT NULL,
    numbers integer NOT NULL,
    drug_name_id bigint NOT NULL,
    real_sale_id bigint NOT NULL,
    CONSTRAINT doctors_realsalesdrug_numbers_check CHECK ((numbers >= 0))
);


ALTER TABLE public.doctors_realsalesdrug OWNER TO postgres;

--
-- Name: doctors_realsalesdrug_id_seq; Type: SEQUENCE; Schema: public; Owner: postgres
--

ALTER TABLE public.doctors_realsalesdrug ALTER COLUMN id ADD GENERATED BY DEFAULT AS IDENTITY (
    SEQUENCE NAME public.doctors_realsalesdrug_id_seq
    START WITH 1
    INCREMENT BY 1
    NO MINVALUE
    NO MAXVALUE
    CACHE 1
);


--
-- Name: doctors_recipe; Type: TABLE; Schema: public; Owner: postgres
--

CREATE TABLE public.doctors_recipe (
    id bigint NOT NULL,
    date date NOT NULL,
    dr_id bigint NOT NULL,
    region_id bigint NOT NULL
);


ALTER TABLE public.doctors_recipe OWNER TO postgres;

--
-- Name: doctors_recipe_id_seq; Type: SEQUENCE; Schema: public; Owner: postgres
--

ALTER TABLE public.doctors_recipe ALTER COLUMN id ADD GENERATED BY DEFAULT AS IDENTITY (
    SEQUENCE NAME public.doctors_recipe_id_seq
    START WITH 1
    INCREMENT BY 1
    NO MINVALUE
    NO MAXVALUE
    CACHE 1
);


--
-- Name: doctors_recipedrug; Type: TABLE; Schema: public; Owner: postgres
--

CREATE TABLE public.doctors_recipedrug (
    id bigint NOT NULL,
    number numeric(5,1) NOT NULL,
    drug_id bigint NOT NULL,
    recipe_id bigint NOT NULL,
    created_at timestamp with time zone NOT NULL
);


ALTER TABLE public.doctors_recipedrug OWNER TO postgres;

--
-- Name: doctors_recipedrug_id_seq; Type: SEQUENCE; Schema: public; Owner: postgres
--

ALTER TABLE public.doctors_recipedrug ALTER COLUMN id ADD GENERATED BY DEFAULT AS IDENTITY (
    SEQUENCE NAME public.doctors_recipedrug_id_seq
    START WITH 1
    INCREMENT BY 1
    NO MINVALUE
    NO MAXVALUE
    CACHE 1
);


--
-- Name: drugs_medical; Type: TABLE; Schema: public; Owner: postgres
--

CREATE TABLE public.drugs_medical (
    id bigint NOT NULL,
    med_name character varying(250) NOT NULL,
    med_full_name character varying(250),
    med_price numeric(10,2) NOT NULL,
    komissiya numeric(10,2) NOT NULL,
    status boolean NOT NULL
);


ALTER TABLE public.drugs_medical OWNER TO postgres;

--
-- Name: drugs_medical_id_seq; Type: SEQUENCE; Schema: public; Owner: postgres
--

ALTER TABLE public.drugs_medical ALTER COLUMN id ADD GENERATED BY DEFAULT AS IDENTITY (
    SEQUENCE NAME public.drugs_medical_id_seq
    START WITH 1
    INCREMENT BY 1
    NO MINVALUE
    NO MAXVALUE
    CACHE 1
);


--
-- Name: export_backup; Type: TABLE; Schema: public; Owner: postgres
--

CREATE TABLE public.export_backup (
    id bigint NOT NULL,
    ad character varying(100) NOT NULL,
    fayl character varying(100) NOT NULL,
    olusturulma_tarixi timestamp with time zone NOT NULL,
    olcu character varying(20) NOT NULL
);


ALTER TABLE public.export_backup OWNER TO postgres;

--
-- Name: export_backup_id_seq; Type: SEQUENCE; Schema: public; Owner: postgres
--

ALTER TABLE public.export_backup ALTER COLUMN id ADD GENERATED BY DEFAULT AS IDENTITY (
    SEQUENCE NAME public.export_backup_id_seq
    START WITH 1
    INCREMENT BY 1
    NO MINVALUE
    NO MAXVALUE
    CACHE 1
);


--
-- Name: medicine_medical; Type: TABLE; Schema: public; Owner: postgres
--

CREATE TABLE public.medicine_medical (
    id bigint NOT NULL,
    med_name character varying(250) NOT NULL,
    med_price numeric(10,2) NOT NULL,
    komissiya numeric(10,2) NOT NULL,
    status boolean NOT NULL,
    med_full_name character varying(250)
);


ALTER TABLE public.medicine_medical OWNER TO postgres;

--
-- Name: medicine_medical_id_seq; Type: SEQUENCE; Schema: public; Owner: postgres
--

ALTER TABLE public.medicine_medical ALTER COLUMN id ADD GENERATED BY DEFAULT AS IDENTITY (
    SEQUENCE NAME public.medicine_medical_id_seq
    START WITH 1
    INCREMENT BY 1
    NO MINVALUE
    NO MAXVALUE
    CACHE 1
);


--
-- Name: order_invoice; Type: TABLE; Schema: public; Owner: postgres
--

CREATE TABLE public.order_invoice (
    id bigint NOT NULL,
    total numeric(10,2),
    created_at timestamp with time zone NOT NULL,
    pharma_id bigint NOT NULL
);


ALTER TABLE public.order_invoice OWNER TO postgres;

--
-- Name: order_invoice_id_seq; Type: SEQUENCE; Schema: public; Owner: postgres
--

ALTER TABLE public.order_invoice ALTER COLUMN id ADD GENERATED BY DEFAULT AS IDENTITY (
    SEQUENCE NAME public.order_invoice_id_seq
    START WITH 1
    INCREMENT BY 1
    NO MINVALUE
    NO MAXVALUE
    CACHE 1
);


--
-- Name: order_invoice_orders; Type: TABLE; Schema: public; Owner: postgres
--

CREATE TABLE public.order_invoice_orders (
    id bigint NOT NULL,
    invoice_id bigint NOT NULL,
    order_id bigint NOT NULL
);


ALTER TABLE public.order_invoice_orders OWNER TO postgres;

--
-- Name: order_invoice_orders_id_seq; Type: SEQUENCE; Schema: public; Owner: postgres
--

ALTER TABLE public.order_invoice_orders ALTER COLUMN id ADD GENERATED BY DEFAULT AS IDENTITY (
    SEQUENCE NAME public.order_invoice_orders_id_seq
    START WITH 1
    INCREMENT BY 1
    NO MINVALUE
    NO MAXVALUE
    CACHE 1
);


--
-- Name: order_order; Type: TABLE; Schema: public; Owner: postgres
--

CREATE TABLE public.order_order (
    id bigint NOT NULL,
    quantity integer NOT NULL,
    total_price numeric(10,2),
    date date NOT NULL,
    created_at timestamp with time zone NOT NULL,
    aptek_id bigint NOT NULL,
    drug_id bigint NOT NULL
);


ALTER TABLE public.order_order OWNER TO postgres;

--
-- Name: order_order_id_seq; Type: SEQUENCE; Schema: public; Owner: postgres
--

ALTER TABLE public.order_order ALTER COLUMN id ADD GENERATED BY DEFAULT AS IDENTITY (
    SEQUENCE NAME public.order_order_id_seq
    START WITH 1
    INCREMENT BY 1
    NO MINVALUE
    NO MAXVALUE
    CACHE 1
);


--
-- Name: order_stock; Type: TABLE; Schema: public; Owner: postgres
--

CREATE TABLE public.order_stock (
    id bigint NOT NULL,
    stock_num integer NOT NULL,
    drug_id bigint NOT NULL
);


ALTER TABLE public.order_stock OWNER TO postgres;

--
-- Name: order_stock_id_seq; Type: SEQUENCE; Schema: public; Owner: postgres
--

ALTER TABLE public.order_stock ALTER COLUMN id ADD GENERATED BY DEFAULT AS IDENTITY (
    SEQUENCE NAME public.order_stock_id_seq
    START WITH 1
    INCREMENT BY 1
    NO MINVALUE
    NO MAXVALUE
    CACHE 1
);


--
-- Name: payment_monthlydoctorreport; Type: TABLE; Schema: public; Owner: postgres
--

CREATE TABLE public.payment_monthlydoctorreport (
    id bigint NOT NULL,
    report_month date NOT NULL,
    borc double precision NOT NULL,
    avans double precision NOT NULL,
    investisiya double precision NOT NULL,
    hesablanan_miqdar double precision NOT NULL,
    hekimden_silinen double precision NOT NULL,
    yekun_borc double precision NOT NULL,
    doctor_id bigint NOT NULL,
    recipe_drugs_list text NOT NULL,
    recipe_total_drugs integer NOT NULL,
    region_id bigint
);


ALTER TABLE public.payment_monthlydoctorreport OWNER TO postgres;

--
-- Name: payment_monthlydoctorreport_id_seq; Type: SEQUENCE; Schema: public; Owner: postgres
--

ALTER TABLE public.payment_monthlydoctorreport ALTER COLUMN id ADD GENERATED BY DEFAULT AS IDENTITY (
    SEQUENCE NAME public.payment_monthlydoctorreport_id_seq
    START WITH 1
    INCREMENT BY 1
    NO MINVALUE
    NO MAXVALUE
    CACHE 1
);


--
-- Name: payment_payment; Type: TABLE; Schema: public; Owner: postgres
--

CREATE TABLE public.payment_payment (
    created_at timestamp with time zone NOT NULL,
    id bigint NOT NULL,
    paid numeric(10,2),
    pharm_id bigint NOT NULL,
    order_id bigint
);


ALTER TABLE public.payment_payment OWNER TO postgres;

--
-- Name: payment_payment_doctor; Type: TABLE; Schema: public; Owner: postgres
--

CREATE TABLE public.payment_payment_doctor (
    id bigint NOT NULL,
    payment_type character varying(200) NOT NULL,
    pay numeric(10,2) NOT NULL,
    date date NOT NULL,
    doctor_id bigint NOT NULL,
    area_id bigint NOT NULL
);


ALTER TABLE public.payment_payment_doctor OWNER TO postgres;

--
-- Name: payment_payment_doctor_id_seq; Type: SEQUENCE; Schema: public; Owner: postgres
--

ALTER TABLE public.payment_payment_doctor ALTER COLUMN id ADD GENERATED BY DEFAULT AS IDENTITY (
    SEQUENCE NAME public.payment_payment_doctor_id_seq
    START WITH 1
    INCREMENT BY 1
    NO MINVALUE
    NO MAXVALUE
    CACHE 1
);


--
-- Name: payment_payment_id_seq; Type: SEQUENCE; Schema: public; Owner: postgres
--

ALTER TABLE public.payment_payment ALTER COLUMN id ADD GENERATED BY DEFAULT AS IDENTITY (
    SEQUENCE NAME public.payment_payment_id_seq
    START WITH 1
    INCREMENT BY 1
    NO MINVALUE
    NO MAXVALUE
    CACHE 1
);


--
-- Name: payment_sale; Type: TABLE; Schema: public; Owner: postgres
--

CREATE TABLE public.payment_sale (
    id bigint NOT NULL,
    quantity integer NOT NULL,
    sale_date date NOT NULL,
    drug_id bigint NOT NULL,
    region_id bigint NOT NULL,
    CONSTRAINT payment_sale_quantity_check CHECK ((quantity >= 0))
);


ALTER TABLE public.payment_sale OWNER TO postgres;

--
-- Name: payment_sale_id_seq; Type: SEQUENCE; Schema: public; Owner: postgres
--

ALTER TABLE public.payment_sale ALTER COLUMN id ADD GENERATED BY DEFAULT AS IDENTITY (
    SEQUENCE NAME public.payment_sale_id_seq
    START WITH 1
    INCREMENT BY 1
    NO MINVALUE
    NO MAXVALUE
    CACHE 1
);


--
-- Name: payments_monthlydoctorreport; Type: TABLE; Schema: public; Owner: postgres
--

CREATE TABLE public.payments_monthlydoctorreport (
    id bigint NOT NULL,
    report_month date NOT NULL,
    borc double precision NOT NULL,
    avans double precision NOT NULL,
    investisiya double precision NOT NULL,
    hesablanan_miqdar double precision NOT NULL,
    hekimden_silinen double precision NOT NULL,
    yekun_borc double precision NOT NULL,
    recipe_total_drugs integer NOT NULL,
    recipe_drugs_list text NOT NULL,
    doctor_id bigint NOT NULL,
    region_id bigint
);


ALTER TABLE public.payments_monthlydoctorreport OWNER TO postgres;

--
-- Name: payments_monthlydoctorreport_id_seq; Type: SEQUENCE; Schema: public; Owner: postgres
--

ALTER TABLE public.payments_monthlydoctorreport ALTER COLUMN id ADD GENERATED BY DEFAULT AS IDENTITY (
    SEQUENCE NAME public.payments_monthlydoctorreport_id_seq
    START WITH 1
    INCREMENT BY 1
    NO MINVALUE
    NO MAXVALUE
    CACHE 1
);


--
-- Name: payments_payment_doctor; Type: TABLE; Schema: public; Owner: postgres
--

CREATE TABLE public.payments_payment_doctor (
    id bigint NOT NULL,
    payment_type character varying(200) NOT NULL,
    pay numeric(10,2) NOT NULL,
    date date NOT NULL,
    area_id bigint NOT NULL,
    doctor_id bigint NOT NULL
);


ALTER TABLE public.payments_payment_doctor OWNER TO postgres;

--
-- Name: payments_payment_doctor_id_seq; Type: SEQUENCE; Schema: public; Owner: postgres
--

ALTER TABLE public.payments_payment_doctor ALTER COLUMN id ADD GENERATED BY DEFAULT AS IDENTITY (
    SEQUENCE NAME public.payments_payment_doctor_id_seq
    START WITH 1
    INCREMENT BY 1
    NO MINVALUE
    NO MAXVALUE
    CACHE 1
);


--
-- Name: pharmach_pharm; Type: TABLE; Schema: public; Owner: postgres
--

CREATE TABLE public.pharmach_pharm (
    id bigint NOT NULL,
    name character varying(250) NOT NULL,
    location character varying(250) NOT NULL,
    phone character varying(250),
    note text,
    barkod character varying(250),
    debt numeric(10,2)
);


ALTER TABLE public.pharmach_pharm OWNER TO postgres;

--
-- Name: pharmach_pharm_id_seq; Type: SEQUENCE; Schema: public; Owner: postgres
--

ALTER TABLE public.pharmach_pharm ALTER COLUMN id ADD GENERATED BY DEFAULT AS IDENTITY (
    SEQUENCE NAME public.pharmach_pharm_id_seq
    START WITH 1
    INCREMENT BY 1
    NO MINVALUE
    NO MAXVALUE
    CACHE 1
);


--
-- Name: regions_city; Type: TABLE; Schema: public; Owner: postgres
--

CREATE TABLE public.regions_city (
    id bigint NOT NULL,
    city_name character varying(100) NOT NULL,
    region_id bigint NOT NULL
);


ALTER TABLE public.regions_city OWNER TO postgres;

--
-- Name: regions_city_id_seq; Type: SEQUENCE; Schema: public; Owner: postgres
--

ALTER TABLE public.regions_city ALTER COLUMN id ADD GENERATED BY DEFAULT AS IDENTITY (
    SEQUENCE NAME public.regions_city_id_seq
    START WITH 1
    INCREMENT BY 1
    NO MINVALUE
    NO MAXVALUE
    CACHE 1
);


--
-- Name: regions_hospital; Type: TABLE; Schema: public; Owner: postgres
--

CREATE TABLE public.regions_hospital (
    id bigint NOT NULL,
    hospital_name character varying(100) NOT NULL,
    region_net_id bigint NOT NULL,
    city_id bigint
);


ALTER TABLE public.regions_hospital OWNER TO postgres;

--
-- Name: regions_hospital_id_seq; Type: SEQUENCE; Schema: public; Owner: postgres
--

ALTER TABLE public.regions_hospital ALTER COLUMN id ADD GENERATED BY DEFAULT AS IDENTITY (
    SEQUENCE NAME public.regions_hospital_id_seq
    START WITH 1
    INCREMENT BY 1
    NO MINVALUE
    NO MAXVALUE
    CACHE 1
);


--
-- Name: regions_region; Type: TABLE; Schema: public; Owner: postgres
--

CREATE TABLE public.regions_region (
    id bigint NOT NULL,
    region_name character varying(100) NOT NULL,
    region_type character varying(50)
);


ALTER TABLE public.regions_region OWNER TO postgres;

--
-- Name: regions_region_id_seq; Type: SEQUENCE; Schema: public; Owner: postgres
--

ALTER TABLE public.regions_region ALTER COLUMN id ADD GENERATED BY DEFAULT AS IDENTITY (
    SEQUENCE NAME public.regions_region_id_seq
    START WITH 1
    INCREMENT BY 1
    NO MINVALUE
    NO MAXVALUE
    CACHE 1
);


--
-- Name: sales_sale; Type: TABLE; Schema: public; Owner: postgres
--

CREATE TABLE public.sales_sale (
    id bigint NOT NULL,
    quantity integer NOT NULL,
    sale_date date NOT NULL,
    drug_id bigint NOT NULL,
    region_id bigint NOT NULL,
    CONSTRAINT sales_sale_quantity_check CHECK ((quantity >= 0))
);


ALTER TABLE public.sales_sale OWNER TO postgres;

--
-- Name: sales_sale_id_seq; Type: SEQUENCE; Schema: public; Owner: postgres
--

ALTER TABLE public.sales_sale ALTER COLUMN id ADD GENERATED BY DEFAULT AS IDENTITY (
    SEQUENCE NAME public.sales_sale_id_seq
    START WITH 1
    INCREMENT BY 1
    NO MINVALUE
    NO MAXVALUE
    CACHE 1
);


--
-- Name: tracking_movqe; Type: TABLE; Schema: public; Owner: postgres
--

CREATE TABLE public.tracking_movqe (
    id bigint NOT NULL,
    latitude double precision NOT NULL,
    longitude double precision NOT NULL,
    tarix timestamp with time zone NOT NULL,
    istifadeci_id integer NOT NULL
);


ALTER TABLE public.tracking_movqe OWNER TO postgres;

--
-- Name: tracking_movqe_id_seq; Type: SEQUENCE; Schema: public; Owner: postgres
--

ALTER TABLE public.tracking_movqe ALTER COLUMN id ADD GENERATED BY DEFAULT AS IDENTITY (
    SEQUENCE NAME public.tracking_movqe_id_seq
    START WITH 1
    INCREMENT BY 1
    NO MINVALUE
    NO MAXVALUE
    CACHE 1
);


--
-- Name: user_istifadeciprofil; Type: TABLE; Schema: public; Owner: postgres
--

CREATE TABLE public.user_istifadeciprofil (
    id bigint NOT NULL,
    bolge_id bigint NOT NULL,
    user_id integer NOT NULL
);


ALTER TABLE public.user_istifadeciprofil OWNER TO postgres;

--
-- Name: user_istifadeciprofil_id_seq; Type: SEQUENCE; Schema: public; Owner: postgres
--

ALTER TABLE public.user_istifadeciprofil ALTER COLUMN id ADD GENERATED BY DEFAULT AS IDENTITY (
    SEQUENCE NAME public.user_istifadeciprofil_id_seq
    START WITH 1
    INCREMENT BY 1
    NO MINVALUE
    NO MAXVALUE
    CACHE 1
);


--
-- Name: users_istifadeciprofil; Type: TABLE; Schema: public; Owner: postgres
--

CREATE TABLE public.users_istifadeciprofil (
    id bigint NOT NULL,
    bolge_id bigint NOT NULL,
    user_id integer NOT NULL
);


ALTER TABLE public.users_istifadeciprofil OWNER TO postgres;

--
-- Name: users_istifadeciprofil_id_seq; Type: SEQUENCE; Schema: public; Owner: postgres
--

ALTER TABLE public.users_istifadeciprofil ALTER COLUMN id ADD GENERATED BY DEFAULT AS IDENTITY (
    SEQUENCE NAME public.users_istifadeciprofil_id_seq
    START WITH 1
    INCREMENT BY 1
    NO MINVALUE
    NO MAXVALUE
    CACHE 1
);


--
-- Data for Name: auth_group; Type: TABLE DATA; Schema: public; Owner: postgres
--

COPY public.auth_group (id, name) FROM stdin;
\.


--
-- Data for Name: auth_group_permissions; Type: TABLE DATA; Schema: public; Owner: postgres
--

COPY public.auth_group_permissions (id, group_id, permission_id) FROM stdin;
\.


--
-- Data for Name: auth_permission; Type: TABLE DATA; Schema: public; Owner: postgres
--

COPY public.auth_permission (id, name, content_type_id, codename) FROM stdin;
1	Can add log entry	1	add_logentry
2	Can change log entry	1	change_logentry
3	Can delete log entry	1	delete_logentry
4	Can view log entry	1	view_logentry
5	Can add permission	2	add_permission
6	Can change permission	2	change_permission
7	Can delete permission	2	delete_permission
8	Can view permission	2	view_permission
9	Can add group	3	add_group
10	Can change group	3	change_group
11	Can delete group	3	delete_group
12	Can view group	3	view_group
13	Can add user	4	add_user
14	Can change user	4	change_user
15	Can delete user	4	delete_user
16	Can view user	4	view_user
17	Can add content type	5	add_contenttype
18	Can change content type	5	change_contenttype
19	Can delete content type	5	delete_contenttype
20	Can view content type	5	view_contenttype
21	Can add session	6	add_session
22	Can change session	6	change_session
23	Can delete session	6	delete_session
24	Can view session	6	view_session
25	Can add Sifariş	7	add_order
26	Can change Sifariş	7	change_order
27	Can delete Sifariş	7	delete_order
28	Can view Sifariş	7	view_order
29	Can add Qaimə	8	add_invoice
30	Can change Qaimə	8	change_invoice
31	Can delete Qaimə	8	delete_invoice
32	Can view Qaimə	8	view_invoice
33	Can add Anbar	9	add_stock
34	Can change Anbar	9	change_stock
35	Can delete Anbar	9	delete_stock
36	Can view Anbar	9	view_stock
37	Can add Dərman	10	add_medical
38	Can change Dərman	10	change_medical
39	Can delete Dərman	10	delete_medical
40	Can view Dərman	10	view_medical
41	Can add Aptek	11	add_pharm
42	Can change Aptek	11	change_pharm
43	Can delete Aptek	11	delete_pharm
44	Can view Aptek	11	view_pharm
45	Can add Geriqaytarma	12	add_refund
46	Can change Geriqaytarma	12	change_refund
47	Can delete Geriqaytarma	12	delete_refund
48	Can view Geriqaytarma	12	view_refund
49	Can add Geriqaytarma Dərman	13	add_refunditem
50	Can change Geriqaytarma Dərman	13	change_refunditem
51	Can delete Geriqaytarma Dərman	13	delete_refunditem
52	Can view Geriqaytarma Dərman	13	view_refunditem
53	Can add Aptek Ödəniş	14	add_payment
54	Can change Aptek Ödəniş	14	change_payment
55	Can delete Aptek Ödəniş	14	delete_payment
56	Can view Aptek Ödəniş	14	view_payment
57	Can add Həkimə Ödəniş	15	add_payment_doctor
58	Can change Həkimə Ödəniş	15	change_payment_doctor
59	Can delete Həkimə Ödəniş	15	delete_payment_doctor
60	Can view Həkimə Ödəniş	15	view_payment_doctor
61	Can add Bölgə Satış	16	add_sale
62	Can change Bölgə Satış	16	change_sale
63	Can delete Bölgə Satış	16	delete_sale
64	Can view Bölgə Satış	16	view_sale
65	Can add monthly doctor report	17	add_monthlydoctorreport
66	Can change monthly doctor report	17	change_monthlydoctorreport
67	Can delete monthly doctor report	17	delete_monthlydoctorreport
68	Can view monthly doctor report	17	view_monthlydoctorreport
69	Can add Bölgə	18	add_region
70	Can change Bölgə	18	change_region
71	Can delete Bölgə	18	delete_region
72	Can view Bölgə	18	view_region
73	Can add Şəhər	19	add_city
74	Can change Şəhər	19	change_city
75	Can delete Şəhər	19	delete_city
76	Can view Şəhər	19	view_city
77	Can add Xəstəxana/Klinika	20	add_hospital
78	Can change Xəstəxana/Klinika	20	change_hospital
79	Can delete Xəstəxana/Klinika	20	delete_hospital
80	Can view Xəstəxana/Klinika	20	view_hospital
81	Can add Həkim	21	add_doctors
82	Can change Həkim	21	change_doctors
83	Can delete Həkim	21	delete_doctors
84	Can view Həkim	21	view_doctors
85	Can add Resept	22	add_recipe
86	Can change Resept	22	change_recipe
87	Can delete Resept	22	delete_recipe
88	Can view Resept	22	view_recipe
89	Can add Resept Dərmanı	23	add_recipedrug
90	Can change Resept Dərmanı	23	change_recipedrug
91	Can delete Resept Dərmanı	23	delete_recipedrug
92	Can view Resept Dərmanı	23	view_recipedrug
93	Can add Real Satış	24	add_realsales
94	Can change Real Satış	24	change_realsales
95	Can delete Real Satış	24	delete_realsales
96	Can view Real Satış	24	view_realsales
97	Can add Real Satış Dərmanı	25	add_realsalesdrug
98	Can change Real Satış Dərmanı	25	change_realsalesdrug
99	Can delete Real Satış Dərmanı	25	delete_realsalesdrug
100	Can view Real Satış Dərmanı	25	view_realsalesdrug
101	Can add deleted recipe drug log	26	add_deletedrecipedruglog
102	Can change deleted recipe drug log	26	change_deletedrecipedruglog
103	Can delete deleted recipe drug log	26	delete_deletedrecipedruglog
104	Can view deleted recipe drug log	26	view_deletedrecipedruglog
105	Can add deleted recipe drug log	27	add_deletedrecipedruglog
106	Can change deleted recipe drug log	27	change_deletedrecipedruglog
107	Can delete deleted recipe drug log	27	delete_deletedrecipedruglog
108	Can view deleted recipe drug log	27	view_deletedrecipedruglog
109	Can add backup	28	add_backup
110	Can change backup	28	change_backup
111	Can delete backup	28	delete_backup
112	Can view backup	28	view_backup
113	Can add movqe	29	add_movqe
114	Can change movqe	29	change_movqe
115	Can delete movqe	29	delete_movqe
116	Can view movqe	29	view_movqe
117	Can add istifadeci profil	30	add_istifadeciprofil
118	Can change istifadeci profil	30	change_istifadeciprofil
119	Can delete istifadeci profil	30	delete_istifadeciprofil
120	Can view istifadeci profil	30	view_istifadeciprofil
121	Can add Token	31	add_token
122	Can change Token	31	change_token
123	Can delete Token	31	delete_token
124	Can view Token	31	view_token
125	Can add Token	32	add_tokenproxy
126	Can change Token	32	change_tokenproxy
127	Can delete Token	32	delete_tokenproxy
128	Can view Token	32	view_tokenproxy
129	Can add Dərman	33	add_medical
130	Can change Dərman	33	change_medical
131	Can delete Dərman	33	delete_medical
132	Can view Dərman	33	view_medical
133	Can add istifadeci profil	34	add_istifadeciprofil
134	Can change istifadeci profil	34	change_istifadeciprofil
135	Can delete istifadeci profil	34	delete_istifadeciprofil
136	Can view istifadeci profil	34	view_istifadeciprofil
137	Can add backup	35	add_backup
138	Can change backup	35	change_backup
139	Can delete backup	35	delete_backup
140	Can view backup	35	view_backup
141	Can add Bölgə Satış	36	add_sale
142	Can change Bölgə Satış	36	change_sale
143	Can delete Bölgə Satış	36	delete_sale
144	Can view Bölgə Satış	36	view_sale
145	Can add Bölgə Satış	37	add_payment_doctor
146	Can change Bölgə Satış	37	change_payment_doctor
147	Can delete Bölgə Satış	37	delete_payment_doctor
148	Can view Bölgə Satış	37	view_payment_doctor
149	Can add monthly doctor report	38	add_monthlydoctorreport
150	Can change monthly doctor report	38	change_monthlydoctorreport
151	Can delete monthly doctor report	38	delete_monthlydoctorreport
152	Can view monthly doctor report	38	view_monthlydoctorreport
\.


--
-- Data for Name: auth_user; Type: TABLE DATA; Schema: public; Owner: postgres
--

COPY public.auth_user (id, password, last_login, is_superuser, username, first_name, last_name, email, is_staff, is_active, date_joined) FROM stdin;
8	pbkdf2_sha256$1000000$GUvN4wQ3Zf5YFu4nXQdyrf$UYUKUau3uqTrqR9nMXpzyNHoCVzjwn+7ZFQXx1hXCHA=	2025-09-11 08:40:23.17003+04	t	Kamandar				t	t	2025-09-10 09:54:20.9452+04
\.


--
-- Data for Name: auth_user_groups; Type: TABLE DATA; Schema: public; Owner: postgres
--

COPY public.auth_user_groups (id, user_id, group_id) FROM stdin;
\.


--
-- Data for Name: auth_user_user_permissions; Type: TABLE DATA; Schema: public; Owner: postgres
--

COPY public.auth_user_user_permissions (id, user_id, permission_id) FROM stdin;
\.


--
-- Data for Name: authtoken_token; Type: TABLE DATA; Schema: public; Owner: postgres
--

COPY public.authtoken_token (key, created, user_id) FROM stdin;
\.


--
-- Data for Name: core_deletedrecipedruglog; Type: TABLE DATA; Schema: public; Owner: postgres
--

COPY public.core_deletedrecipedruglog (id, drug_name, recipe_id, deleted_at, deleted_by_id) FROM stdin;
3	Betasol	1992	2025-09-01 12:21:06.608072+04	\N
4	Betasol	1996	2025-09-01 16:44:49.286523+04	\N
5	Fesola	1998	2025-09-01 16:44:54.088332+04	\N
6	Betasol	2467	2025-09-08 10:52:18.6175+04	\N
\.


--
-- Data for Name: dashboard_backup; Type: TABLE DATA; Schema: public; Owner: postgres
--

COPY public.dashboard_backup (id, ad, fayl, olusturulma_tarixi, olcu) FROM stdin;
\.


--
-- Data for Name: django_admin_log; Type: TABLE DATA; Schema: public; Owner: postgres
--

COPY public.django_admin_log (id, action_time, object_id, object_repr, action_flag, change_message, content_type_id, user_id) FROM stdin;
\.


--
-- Data for Name: django_content_type; Type: TABLE DATA; Schema: public; Owner: postgres
--

COPY public.django_content_type (id, app_label, model) FROM stdin;
1	admin	logentry
2	auth	permission
3	auth	group
4	auth	user
5	contenttypes	contenttype
6	sessions	session
7	order	order
8	order	invoice
9	order	stock
10	medicine	medical
11	pharmach	pharm
12	refund	refund
13	refund	refunditem
14	payment	payment
15	payment	payment_doctor
16	payment	sale
17	payment	monthlydoctorreport
18	regions	region
19	regions	city
20	regions	hospital
21	doctors	doctors
22	doctors	recipe
23	doctors	recipedrug
24	doctors	realsales
25	doctors	realsalesdrug
26	doctors	deletedrecipedruglog
27	core	deletedrecipedruglog
28	export	backup
29	tracking	movqe
30	user	istifadeciprofil
31	authtoken	token
32	authtoken	tokenproxy
33	drugs	medical
34	users	istifadeciprofil
35	dashboard	backup
36	sales	sale
37	payments	payment_doctor
38	payments	monthlydoctorreport
\.


--
-- Data for Name: django_migrations; Type: TABLE DATA; Schema: public; Owner: postgres
--

COPY public.django_migrations (id, app, name, applied) FROM stdin;
1	contenttypes	0001_initial	2025-08-01 10:36:59.312856+04
2	auth	0001_initial	2025-08-01 10:36:59.400699+04
3	admin	0001_initial	2025-08-01 10:36:59.425574+04
4	admin	0002_logentry_remove_auto_add	2025-08-01 10:36:59.434743+04
5	admin	0003_logentry_add_action_flag_choices	2025-08-01 10:36:59.444214+04
6	contenttypes	0002_remove_content_type_name	2025-08-01 10:36:59.459189+04
7	auth	0002_alter_permission_name_max_length	2025-08-01 10:36:59.473061+04
8	auth	0003_alter_user_email_max_length	2025-08-01 10:36:59.473061+04
9	auth	0004_alter_user_username_opts	2025-08-01 10:36:59.491909+04
10	auth	0005_alter_user_last_login_null	2025-08-01 10:36:59.500746+04
11	auth	0006_require_contenttypes_0002	2025-08-01 10:36:59.503083+04
12	auth	0007_alter_validators_add_error_messages	2025-08-01 10:36:59.503083+04
13	auth	0008_alter_user_username_max_length	2025-08-01 10:36:59.519845+04
14	auth	0009_alter_user_last_name_max_length	2025-08-01 10:36:59.532687+04
15	auth	0010_alter_group_name_max_length	2025-08-01 10:36:59.536459+04
16	auth	0011_update_proxy_permissions	2025-08-01 10:36:59.549746+04
17	auth	0012_alter_user_first_name_max_length	2025-08-01 10:36:59.553539+04
18	regions	0001_initial	2025-08-01 10:36:59.570054+04
19	regions	0002_hospital	2025-08-01 10:36:59.59014+04
20	regions	0003_alter_city_options_alter_hospital_options_and_more	2025-08-01 10:36:59.603379+04
21	medicine	0001_initial	2025-08-01 10:36:59.622719+04
22	medicine	0002_medical_med_komissa	2025-08-01 10:36:59.628429+04
23	medicine	0003_alter_medical_options	2025-08-01 10:36:59.630453+04
24	medicine	0004_rename_med_komissa_medical_komissiya	2025-08-01 10:36:59.630453+04
25	doctors	0001_initial	2025-08-01 10:36:59.653845+04
26	doctors	0002_doctors_borc_alter_doctors_barkod_and_more	2025-08-01 10:36:59.67901+04
27	doctors	0003_alter_doctors_barkod	2025-08-01 10:36:59.688894+04
28	doctors	0004_remove_doctors_datasya_remove_doctors_investisiya_and_more	2025-08-01 10:36:59.72742+04
29	doctors	0005_doctors_investisiya	2025-08-01 10:36:59.739858+04
30	doctors	0006_doctors_geriqaytarma	2025-08-01 10:36:59.747172+04
31	doctors	0007_alter_doctors_options_alter_recipe_options_and_more	2025-08-01 10:36:59.757779+04
32	doctors	0008_doctors_previous_debt	2025-08-01 10:36:59.772501+04
33	doctors	0009_doctors_hekimden_silinen_doctors_hesablanan_miqdar	2025-08-01 10:36:59.773517+04
34	doctors	0010_doctors_yekun_borc	2025-08-01 10:36:59.790649+04
35	doctors	0011_doctors_derece_alter_doctors_ixtisas_and_more	2025-08-01 10:36:59.803482+04
36	doctors	0012_doctors_number	2025-08-01 10:36:59.815469+04
37	doctors	0013_alter_doctors_derece	2025-08-01 10:36:59.820169+04
38	doctors	0014_realsales_realsalesdrug	2025-08-01 10:36:59.85762+04
39	doctors	0015_doctors_datasiya	2025-08-01 10:36:59.859637+04
40	medicine	0005_medical_status	2025-08-01 10:36:59.873874+04
41	pharmach	0001_initial	2025-08-01 10:36:59.882177+04
42	order	0001_initial	2025-08-01 10:36:59.936609+04
43	order	0002_alter_invoice_options_alter_order_options_and_more	2025-08-01 10:36:59.965957+04
44	payment	0001_initial	2025-08-01 10:36:59.985324+04
45	payment	0002_alter_payment_created_at	2025-08-01 10:36:59.999542+04
46	payment	0003_payment_order	2025-08-01 10:37:00.022759+04
47	payment	0004_payment_doctor	2025-08-01 10:37:00.043138+04
48	payment	0005_payment_doctor_area_alter_payment_created_at	2025-08-01 10:37:00.068937+04
49	payment	0006_alter_payment_created_at_alter_payment_doctor_date	2025-08-01 10:37:00.101194+04
50	payment	0007_alter_payment_doctor_doctor	2025-08-01 10:37:00.121394+04
51	payment	0008_sale	2025-08-01 10:37:00.143442+04
52	payment	0009_alter_payment_options_alter_payment_doctor_options_and_more	2025-08-01 10:37:00.172393+04
53	payment	0010_monthlydoctorreport	2025-08-01 10:37:00.196486+04
54	payment	0011_rename_month_monthlydoctorreport_report_month_and_more	2025-08-01 10:37:00.208011+04
55	payment	0012_monthlydoctorreport_recipe_drugs_list_and_more	2025-08-01 10:37:00.22481+04
56	pharmach	0002_alter_pharm_options	2025-08-01 10:37:00.243+04
59	sessions	0001_initial	2025-08-01 10:37:00.362922+04
60	core	0001_initial	2025-08-02 17:19:23.306002+04
61	core	0002_alter_invoice_options_alter_order_options_and_more	2025-08-02 17:19:23.314164+04
62	export	0001_initial	2025-08-02 17:19:49.555355+04
63	export	0002_alter_pharm_options	2025-08-02 17:19:49.557795+04
64	medicine	0006_medical_med_full_name	2025-08-05 12:28:00.981338+04
65	regions	0004_alter_city_city_name	2025-08-05 18:39:51.637377+04
66	doctors	0002_doctors_cinsiyyet_doctors_city	2025-08-05 18:39:51.726584+04
67	regions	0005_region_region_type	2025-08-06 12:08:37.495327+04
68	doctors	0003_alter_doctors_bolge	2025-08-06 12:45:36.137646+04
69	regions	0006_hospital_city	2025-08-06 13:06:45.290138+04
70	doctors	0004_deletedrecipedruglog	2025-08-06 15:21:14.909917+04
71	core	0003_initial	2025-08-06 15:40:37.125531+04
72	doctors	0005_delete_deletedrecipedruglog	2025-08-06 15:40:37.136604+04
73	core	0004_delete_deletedrecipedruglog	2025-08-06 18:12:05.648991+04
74	core	0005_initial	2025-08-06 18:33:49.132809+04
75	doctors	0006_alter_doctors_barkod	2025-08-07 11:20:49.529495+04
76	doctors	0007_alter_recipedrug_number	2025-08-07 13:46:37.098775+04
77	doctors	0008_alter_recipe_dr	2025-08-08 10:21:55.514746+04
78	export	0003_initial	2025-08-25 10:28:56.431934+04
79	export	0004_backup_olcu_alter_backup_ad	2025-08-25 11:47:19.710047+04
80	doctors	0009_recipedrug_created_at	2025-08-25 17:48:06.112506+04
81	tracking	0001_initial	2025-08-27 09:42:46.929403+04
82	doctors	0010_alter_recipedrug_created_at	2025-08-27 16:37:04.774276+04
83	doctors	0011_alter_recipedrug_number	2025-08-27 18:13:08.915409+04
84	user	0001_initial	2025-08-28 10:04:50.669141+04
85	authtoken	0001_initial	2025-08-28 16:46:06.989155+04
86	authtoken	0002_auto_20160226_1747	2025-08-28 16:46:07.051116+04
87	authtoken	0003_tokenproxy	2025-08-28 16:46:07.054115+04
88	authtoken	0004_alter_tokenproxy_options	2025-08-28 16:46:07.059111+04
89	doctors	0012_alter_doctors_barkod	2025-09-02 10:18:00.031976+04
90	payment	0002_monthlydoctorreport_region	2025-09-02 17:42:52.57889+04
91	payment	0003_alter_monthlydoctorreport_region	2025-09-02 17:42:52.673502+04
92	payment	0004_remove_monthlydoctorreport_region	2025-09-02 17:42:52.70456+04
93	payment	0005_monthlydoctorreport_region	2025-09-03 13:57:06.292283+04
94	payment	0006_alter_sale_sale_date	2025-09-09 10:36:54.546426+04
95	drugs	0001_initial	2025-09-10 15:40:54.349598+04
96	dashboard	0001_initial	2025-09-10 15:41:41.121784+04
97	sales	0001_initial	2025-09-10 15:41:41.149658+04
98	users	0001_initial	2025-09-10 15:41:41.186819+04
99	payments	0001_initial	2025-09-10 15:42:08.876738+04
\.


--
-- Data for Name: django_session; Type: TABLE DATA; Schema: public; Owner: postgres
--

COPY public.django_session (session_key, session_data, expire_date) FROM stdin;
q7hs3pu9b9o7t25bvpotwc0irlz0zx64	.eJxVjEEOwiAQRe_C2pB2QAZcuu8ZyDAMUjVtUtqV8e7apAvd_vfef6lI21rj1mSJY1YX1avT75aIHzLtIN9pus2a52ldxqR3RR-06WHO8rwe7t9BpVa_NSYvUDDkbLpATC6gdcYKiBf2fSkEaMklAU4lnw1jj0EMBIau8wnV-wP6WDhF:1ujBgY:x63XNkPy3G-WeWyecFJsGxaXke0wm4KPTVt_UA2hvgg	2025-08-19 11:02:10.289977+04
453mmuths1cwwxpf1gs6hcx2odididd0	.eJxVjEEOwiAQRe_C2pB2QAZcuu8ZyDAMUjVtUtqV8e7apAvd_vfef6lI21rj1mSJY1YX1avT75aIHzLtIN9pus2a52ldxqR3RR-06WHO8rwe7t9BpVa_NSYvUDDkbLpATC6gdcYKiBf2fSkEaMklAU4lnw1jj0EMBIau8wnV-wP6WDhF:1ujeYn:kBnozLTmQfl1vnJ9bwPboAxhA_y_11xhoW0EtTCT8F8	2025-08-20 17:52:05.369912+04
lz2dq9kxt3c4o1bnf5xqip0vjkg2ike7	.eJxVjEEOwiAQRe_C2pB2QAZcuu8ZyDAMUjVtUtqV8e7apAvd_vfef6lI21rj1mSJY1YX1avT75aIHzLtIN9pus2a52ldxqR3RR-06WHO8rwe7t9BpVa_NSYvUDDkbLpATC6gdcYKiBf2fSkEaMklAU4lnw1jj0EMBIau8wnV-wP6WDhF:1uqQkI:m4V8VgzgEUjSpqsJ-QX7X3b459jyVmx1NlzEzo_sQ4M	2025-09-08 10:31:58.581842+04
lml9knxzx96rsfpmhjfanjod14qzw64e	.eJxVjEEOwiAQRe_C2pB2QAZcuu8ZyDAMUjVtUtqV8e7apAvd_vfef6lI21rj1mSJY1YX1avT75aIHzLtIN9pus2a52ldxqR3RR-06WHO8rwe7t9BpVa_NSYvUDDkbLpATC6gdcYKiBf2fSkEaMklAU4lnw1jj0EMBIau8wnV-wP6WDhF:1urVAb:vPIeCT3b0Mh25IJZpILMOC9J1v6LHAvY9UrY21p3Ncc	2025-09-11 09:27:33.755053+04
8dx0vwhj8oo349p559qofm9ivj58y35t	.eJxVjDsOwjAQRO_iGlmLf0iU9JzB2l2vcQDZUpxUiLuDpRSJppt5bz4q4rqUuHaZ45TUVVl12neE_JI6hvTE-miaW13mifRA9LZ2fW9J3reNPRwU7GXYnNERWEuZwl9zwWA6h5ELsM3kvRfLzkB2jN5kAQFDDAHYBxL1_QEGFDiR:1urVVf:JIeTkdyMRm2WQqbBF8iBxe70HGXTY9y4bWPq4Vga6YE	2025-09-11 09:49:19.95672+04
hvp1s9vfiarrxgl9i1jpgai9a44r77na	.eJxVjEEOwiAQRe_C2pB2QAZcuu8ZyDAMUjVtUtqV8e7apAvd_vfef6lI21rj1mSJY1YX1avT75aIHzLtIN9pus2a52ldxqR3RR-06WHO8rwe7t9BpVa_NSYvUDDkbLpATC6gdcYKiBf2fSkEaMklAU4lnw1jj0EMBIau8wnV-wP6WDhF:1urc1M:mAMeF0_BMinPlekxtX_6YFc3v23g7L4RrAJBkJ-Ufko	2025-09-11 16:46:28.377291+04
1xcch0nssnkq8eocofwk2uklxkm44eeh	.eJxVjEEOwiAQRe_C2pB2QAZcuu8ZyDAMUjVtUtqV8e7apAvd_vfef6lI21rj1mSJY1YX1avT75aIHzLtIN9pus2a52ldxqR3RR-06WHO8rwe7t9BpVa_NSYvUDDkbLpATC6gdcYKiBf2fSkEaMklAU4lnw1jj0EMBIau8wnV-wP6WDhF:1utKeq:W-UuXeAXDrn7P1FG1lZRNz66B4vpdGeUEpivWWTds8k	2025-09-16 10:38:20.605971+04
0xn84vtil3rltr8d5euyaq0uzx4lni29	.eJxVjMsOwiAQRf-FtSHlPbh07zeQgQGpGkhKuzL-uzbpQrf3nHNfLOC21rCNvISZ2JkBO_1uEdMjtx3QHdut89TbusyR7wo_6ODXTvl5Ody_g4qjfmsLxTlHALKIQlZkGeNkk6CC6ItLHqQDUEaRF0DCoLMSVElaaTMlHdn7A-eAN5c:1uwIlG:MXKslgldnZ9I7pmRcOzjBz50o1VLoTipRpZbpcUNc1k	2025-09-24 15:13:14.06858+04
tfei9yx7qncq1jggougv5g0mixgmomcv	.eJxVjMsOwiAQRf-FtSHlPbh07zeQgQGpGkhKuzL-uzbpQrf3nHNfLOC21rCNvISZ2JkBO_1uEdMjtx3QHdut89TbusyR7wo_6ODXTvl5Ody_g4qjfmsLxTlHALKIQlZkGeNkk6CC6ItLHqQDUEaRF0DCoLMSVElaaTMlHdn7A-eAN5c:1uwZ6d:dbNoZFNYT6zq0IK8zhaMIzmZObcMpH-oHaaOweDAcQY	2025-09-25 08:40:23.182419+04
\.


--
-- Data for Name: doctors_doctors; Type: TABLE DATA; Schema: public; Owner: postgres
--

COPY public.doctors_doctors (id, ad, ixtisas, kategoriya, barkod, avans, bolge_id, klinika_id, borc, investisiya, geriqaytarma, previous_debt, hekimden_silinen, hesablanan_miqdar, yekun_borc, derece, number, datasiya, cinsiyyet, city_id) FROM stdin;
2887	İbrahimova Samirə	TE		MƏ-64081	0.00	28	318	0.00	0.00	0.00	92.17	0.00	0.00	92.17	I	0503337606	0.00	Qadın	\N
2888	İmanova  Gülrux	NP		MƏ-74691	0.00	28	318	0.00	0.00	0.00	-0.22	0.00	0.00	-0.22	I	050 667 40 99	0.00	Qadın	\N
2889	İmanova Elmira	TE		MƏ-41652	0.00	28	318	0.00	0.00	0.00	-4.43	0.00	0.00	-4.43	I	055 711 72 79	0.00	Qadın	\N
2615	Abbasov Mehman	TE	C	QƏ-96126	100.00	25	361	0.00	0.00	0.00	-0.06	389.96	98.99	-290.02	I	nan	0.00	Kişi	\N
2890	İsayev Cəlil	SU		MƏ-17644	0.00	28	318	0.00	0.00	0.00	41.32	0.00	0.00	41.32	I	050 395 44 72	0.00	Kişi	\N
2875	İsgəndərli Vüsalə	GN		MƏ-33270	0.00	28	317	0.00	0.00	0.00	100.00	0.00	0.00	100.00	III	nan	0.00	Kişi	\N
2881	Məmmədov Rüfət	SU		MƏ-54092	0.00	28	318	0.00	0.00	0.00	28.51	0.00	0.00	28.51	II	055 479 45 29	0.00	Kişi	\N
2769	İbrahimova Tamella	GN		NA-15311	0.00	44	309	0.00	0.00	0.00	0.41	0.00	0.00	0.41	II	055 923 37 18	0.00	Qadın	\N
2760	İsmayılova Türkan	FZ		NA-65595	0.00	44	306	0.00	0.00	0.00	-10.24	0.00	0.00	-10.24	I	nan	0.00	Qadın	\N
2763	Kazımova Sabirə	PE		NA-80013	0.00	44	308	0.00	0.00	0.00	-24.92	0.00	0.00	-24.92	I	none	0.00	Qadın	\N
2749	Məmmədov Fəxrəddin	TE		NA-68136	0.00	44	304	0.00	0.00	0.00	-0.61	0.00	0.00	-0.61	II	nan	0.00	Kişi	\N
2755	Mikayılov Amind	TE		NA-44210	0.00	44	306	0.00	0.00	0.00	64.92	0.00	0.00	64.92	I	nan	0.00	Kişi	\N
2606	Cabbarova Seyran	GN	C	QƏ-85913	0.00	25	354	0.00	0.00	0.00	21.81	0.00	0.00	21.81	I	050 329 13 71	21.00	Kişi	\N
2573	Səfərova Ofelya	NP	C	QƏ-92814	0.00	25	346	0.00	0.00	0.00	-28.45	0.00	0.00	-28.45	I	055 796 97 69	-28.00	Kişi	\N
2745	Niftəliyev Hüseyn	TE		NA-11820	0.00	44	303	0.00	0.00	0.00	-0.91	0.00	0.00	-0.91	I	nan	0.00	Kişi	\N
2756	Rəhimova Arzu	AN		NA-00267	0.00	44	306	0.00	0.00	0.00	7.80	0.00	0.00	7.80	I	nan	0.00	Qadın	\N
2764	Tahirova Aytən	PE		NA-83706	0.00	44	308	0.00	0.00	0.00	7.39	0.00	0.00	7.39	I	nan	0.00	Qadın	\N
2762	Zeynalov Sərxan	TR		NA-34053	0.00	44	307	0.00	0.00	0.00	-11.64	0.00	0.00	-11.64	I	nan	0.00	Kişi	\N
2477	Əliyeva Gülbəniz	SU	B	ŞƏ-49650	0.00	47	21	0.00	10.00	0.00	0.00	0.00	0.00	10.00	II	\N	0.00	Kişi	4
2917	Gülmalıyev Vahid	NP		BA-31246	0.00	34	21	0.00	0.00	0.00	0.00	0.00	0.00	0.00	II dərəcə	nan	0.00	Kişi	\N
2754	Ağayev Mamed	NP		NA-42886	0.00	44	306	0.00	0.00	0.00	-0.16	0.00	0.00	-0.16	I	nan	0.00	Kişi	\N
2767	Aytac dr	TE		NA-46992	0.00	44	309	0.00	0.00	0.00	-0.89	0.00	0.00	-0.89	III	nan	0.00	Kişi	\N
3007	Əliyev Aslan	LOR		BA-11737	0.00	38	23	0.00	0.00	0.00	10.21	0.00	0.00	10.21	I	0502862828	0.00	Kişi	\N
2746	Bababəyli Namiq	SU		NA-41919	0.00	44	304	0.00	0.00	0.00	250.19	0.00	0.00	250.19	I	nan	0.00	Kişi	\N
2759	İsmayılov Amin	TR		NA-64084	0.00	44	306	0.00	0.00	0.00	-9.28	0.00	0.00	-9.28	I	nan	0.00	Kişi	\N
2765	İsmayılova Dilguşə	PE		NA-52600	0.00	44	308	0.00	0.00	0.00	-16.09	0.00	0.00	-16.09	II	nan	0.00	Qadın	\N
2770	Babayeva Rəfayə	GN		NA-11937	0.00	44	310	0.00	0.00	0.00	0.00	0.00	0.00	0.00	III	nan	0.00	Qadın	\N
2744	Baxşəliyeva Gülarə	PE		NA-89759	0.00	44	303	0.00	0.00	0.00	37.45	0.00	0.00	37.45	II	nan	0.00	Qadın	\N
2750	Cəfərova Əminə	TE		NA-17022	0.00	44	305	0.00	0.00	0.00	-392.14	0.00	0.00	-392.14	I	none	0.00	Qadın	\N
2753	Ələkbərov Anar	TR		NA-32675	0.00	44	305	0.00	0.00	0.00	-0.59	0.00	0.00	-0.59	II	nan	0.00	Kişi	\N
2761	Əliyeva Nuray	EN		NA-71823	0.00	44	306	0.00	0.00	0.00	32.76	0.00	0.00	32.76	I	none	0.00	Qadın	\N
2992	Əsgərova Xanımzər	TE		BA-51990	0.00	38	22	0.00	0.00	0.00	-0.59	0.00	0.00	-0.59	I	0557588759	0.00	Qadın	\N
2998	Kasımova Nərgiz	ON		BA-83883	0.00	38	23	0.00	0.00	0.00	-123.45	22.30	5.54	-145.75	I	0998980196	0.00	Qadın	\N
2991	Mehralıyeva Günay	CA		BA-76546	0.00	38	22	0.00	0.00	0.00	157.59	22.51	5.80	135.08	I	050 398 09 65	0.00	Qadın	\N
3000	Novruzova Pərvin	GN		BA-13314	0.00	38	23	0.00	0.00	0.00	18.57	7.83	7.05	10.74	I	0505290239	0.00	Qadın	\N
2995	Fərmanova Aynurə	TE		BA-95027	0.00	38	23	0.00	0.00	0.00	57.88	15.21	4.57	42.67	II	0555207233	0.00	Qadın	\N
2996	Fətullayev Cəfər	TE		BA-87450	0.00	38	23	0.00	0.00	0.00	120.32	67.51	20.80	52.81	I	none	0.00	Kişi	\N
3002	Rüstəmova Həmidə	CA		BA-21792	0.00	38	23	0.00	0.00	0.00	-5.53	0.00	0.00	-5.53	II	0506276207	0.00	Qadın	\N
3001	Rzayeva Vüsalə	TE		BA-41899	0.00	38	23	0.00	0.00	0.00	55.17	6.34	12.67	48.83	I	0554202219	0.00	Qadın	\N
2886	İbrahimova Pərvin	CA	A	MƏ-05474	0.00	28	318	0.00	0.00	0.00	110.60	0.00	0.00	110.60	I	050 711 84 22	0.00	Qadın	\N
2476	Abdullayev Hüseyn	CA	B	ŞƏ-35918	10.00	47	23	0.00	0.00	0.00	0.00	0.00	0.00	10.00	I	\N	0.00	Kişi	2
2541	Cəlilov İlqar	PE	C	QƏ-11934	0.00	25	346	0.00	0.00	0.00	-43.35	0.00	0.00	-43.35	II	nan	0.00	Kişi	\N
2993	Aslanova Leyla	TE		BA-85774	0.00	38	23	0.00	0.00	0.00	103.26	56.48	55.03	46.78	I	0506485608	0.00	Qadın	\N
2994	Bünyadova Ləman	NP		BA-08658	0.00	38	23	0.00	0.00	0.00	-2.97	0.00	0.00	-2.97	I	0774550506	0.00	Qadın	\N
2942	Ağayev Əliağa	SU-TP		BA-95684	0.00	39	26	0.00	0.00	0.00	0.00	0.00	0.00	0.00	I dərəcə	nan	0.00	Kişi	\N
2766	.	TE		NA-60057	0.00	44	309	0.00	0.00	0.00	-0.53	0.00	0.00	-0.53	II	assaas	0.00	Kişi	\N
2840	Abbasova Bəyim	TE	A	NA-85645	0.00	44	312	0.00	0.00	0.00	142.39	0.00	0.00	142.39	I		0.00	Qadın	\N
2790	Abdullayeva Dilarə	PUL		NA-74636	0.00	44	312	0.00	0.00	0.00	31.50	0.00	0.00	31.50	II	nan	0.00	Qadın	\N
2780	İsmayılova Siddiqə	GN		NA-22314	0.00	44	310	0.00	0.00	0.00	84.54	0.00	0.00	84.54	II	0505264541	0.00	Qadın	\N
2943	Cabbarlı Lalə	NP		BA-79833	0.00	39	26	0.00	0.00	0.00	0.00	0.00	0.00	0.00	I dərəcə	0517667686	0.00	Kişi	\N
2944	Həsənov Surac	DV		BA-79517	0.00	39	26	0.00	0.00	0.00	0.00	0.00	0.00	0.00	I dərəcə	0506483448	0.00	Kişi	\N
2945	Kərimova Tamella	CA		BA-23650	0.00	39	26	0.00	0.00	0.00	0.00	0.00	0.00	0.00	I dərəcə	0507101992	0.00	Qadın	\N
2946	Qasımova Sevil	REV		BA-18672	0.00	39	26	0.00	0.00	0.00	0.00	0.00	0.00	0.00	II dərəcə	nan	0.00	Qadın	\N
2947	Qədimova Ülkər	NP		BA-08681	0.00	39	26	0.00	0.00	0.00	0.00	0.00	0.00	0.00	I dərəcə	0503227472	0.00	Qadın	\N
2948	Talıbov Mirfiruddin	UR-AN		BA-29558	0.00	39	26	0.00	0.00	0.00	0.00	0.00	0.00	0.00	I dərəcə	0503325903	0.00	Kişi	\N
2949	Zeynalova Günay	GE		BA-79966	0.00	39	26	0.00	0.00	0.00	0.00	0.00	0.00	0.00	I dərəcə	0516112242	0.00	Qadın	\N
2950	Əliyeva Svetlana	GE		BA-45598	0.00	39	26	0.00	0.00	0.00	0.00	0.00	0.00	0.00	I dərəcə	0557893736	0.00	Qadın	\N
2951	Abbasova Nəzakət	SU		BA-76503	0.00	39	27	0.00	0.00	0.00	0.00	0.00	0.00	0.00	I dərəcə	0557893736	0.00	Qadın	\N
3004	Sayılova Ülviyyə	CA		BA-79249	0.00	38	23	0.00	0.00	0.00	-24.54	2.10	0.55	-26.64	I	0702445565	0.00	Qadın	\N
2952	Mirzəyeva Nazı	NP		BA-12162	0.00	39	27	0.00	0.00	0.00	0.00	0.00	0.00	0.00	I dərəcə	0503712687	0.00	Qadın	\N
2953	Əsgərova Könül	SU		BA-69020	0.00	39	27	0.00	0.00	0.00	0.00	0.00	0.00	0.00	I dərəcə	nan	0.00	Qadın	\N
2954	Cabbarova Seyran	GN		BA-89997	0.00	39	28	0.00	0.00	0.00	0.00	0.00	0.00	0.00	I dərəcə	0503291371	0.00	Qadın	\N
2955	İlyasov Əliabbas	UR		BA-63530	0.00	39	29	0.00	0.00	0.00	0.00	0.00	0.00	0.00	I dərəcə	nan	0.00	Kişi	\N
2956	Paşayeva Məhəbbət	TE		BA-35502	0.00	39	30	0.00	0.00	0.00	0.00	0.00	0.00	0.00	I dərəcə	0556061340	0.00	Qadın	\N
2957	Əliyev Malik	NP		BA-92115	0.00	39	30	0.00	0.00	0.00	0.00	0.00	0.00	0.00	I dərəcə	0553533139	0.00	Kişi	\N
2958	Əsədova Günay	GN		BA-23828	0.00	39	30	0.00	0.00	0.00	0.00	0.00	0.00	0.00	I dərəcə	055 720 60 45	0.00	Qadın	\N
2959	Paşayev Mübariz	TE		BA-09072	0.00	39	31	0.00	0.00	0.00	0.00	0.00	0.00	0.00	II dərəcə	0708803733	0.00	Kişi	\N
2960	Qulamov Şakir	TE		BA-52660	0.00	39	31	0.00	0.00	0.00	0.00	0.00	0.00	0.00	I dərəcə	0503931109	0.00	Kişi	\N
2961	Şəmmədova İradə	TE		BA-55537	0.00	39	31	0.00	0.00	0.00	0.00	0.00	0.00	0.00	I dərəcə	0506133660	0.00	Qadın	\N
2962	Bağırov Rasif	TE		BA-62405	0.00	39	32	0.00	0.00	0.00	0.00	0.00	0.00	0.00	I dərəcə	0557048138	0.00	Kişi	\N
2963	Rüstəmova Raya	NP		BA-75347	0.00	39	32	0.00	0.00	0.00	0.00	0.00	0.00	0.00	II dərəcə	1	0.00	Qadın	\N
2964	Şıxəliyev Alim	CA		BA-50290	0.00	39	32	0.00	0.00	0.00	0.00	0.00	0.00	0.00	I dərəcə	0503138653	0.00	Kişi	\N
2965	Hacıyeva Sevda	FT		BA-47140	0.00	40	33	0.00	0.00	0.00	0.00	0.00	0.00	0.00	III dərəcə	nan	0.00	Qadın	\N
2966	Əliyeva Sevda (13 )	TE		BA-41461	0.00	40	33	0.00	0.00	0.00	0.00	0.00	0.00	0.00	II dərəcə	011111111	0.00	Qadın	\N
2584	Əliyev Orxan	UR	C	QƏ-04310	0.00	25	346	0.00	0.00	0.00	-0.77	0.00	0.00	-0.77	I	050 663 55 22	0.00	Kişi	\N
2743	Hüseynov Füzuli	CA	A	QA-25408	0.00	45	319	0.00	0.00	0.00	0.00	0.00	0.00	0.00	II		0.00	Kişi	\N
2747	Həsənov Vəliqulu	CA		NA-62387	0.00	44	304	0.00	0.00	0.00	56.78	0.00	0.00	56.78	I	none	0.00	Kişi	\N
2751	Hüseynov Cabir	GA		NA-26583	0.00	44	305	0.00	0.00	0.00	-2.30	0.00	0.00	-2.30	II	nan	0.00	Kişi	\N
2511	Hümbetov Yadulla	TE	C	QƏ-46712	0.00	25	342	0.00	0.00	0.00	-23.46	0.00	0.00	-23.46	II	050 424 40 12	0.00	Kişi	\N
2544	Hüseynov Asif	UR	C	QƏ-46036	0.00	25	346	0.00	0.00	0.00	59.22	0.00	0.00	59.22	II	nan	0.00	Kişi	\N
2512	Hüseynov Azer	CA	C	QƏ-67999	0.00	25	342	0.00	0.00	0.00	-8.39	0.00	0.00	-8.39	I	050 351 24 55	0.00	Kişi	\N
2545	Hüseynov İbrahim	FL	C	QƏ-81428	0.00	25	346	0.00	0.00	0.00	23.76	0.00	0.00	23.76	II	nan	0.00	Kişi	\N
2546	Hüseynova Sevinc	NE	C	QƏ-20803	0.00	25	346	0.00	0.00	0.00	42.95	0.00	0.00	42.95	I	0504739717	0.00	Kişi	\N
2528	İbrahimova Gülzar	İN	C	QƏ-55575	0.00	25	342	0.00	0.00	0.00	-1.92	0.00	0.00	-1.92	II	0552552940	0.00	Kişi	\N
2529	İslamov Nərbala	TE	C	QƏ-88582	0.00	25	342	0.00	0.00	0.00	128.25	0.00	0.00	128.25	II	nan	0.00	Kişi	\N
2530	Əliyeva Ədalət	PE	C	QƏ-85754	0.00	25	342	0.00	0.00	0.00	2.01	0.00	0.00	2.01	I	nan	0.00	Kişi	\N
2508	Hacıyev Seid	TE	C	QƏ-58534	0.00	25	342	0.00	0.00	0.00	42.85	0.00	0.00	42.85	II	nan	0.00	Kişi	\N
2509	Hacıyeva Fəxrimə	GN	C	QƏ-17862	0.00	25	342	0.00	0.00	0.00	-7.39	0.00	0.00	-7.39	II	nan	0.00	Kişi	\N
2510	Hesenov Elxan	PE	C	QƏ-27387	0.00	25	342	0.00	0.00	0.00	-0.60	0.00	0.00	-0.60	II	050 645 52 52	0.00	Kişi	\N
2561	Osmanova Telli	GN	C	QƏ-75279	0.00	25	346	0.00	0.00	0.00	31.81	0.00	0.00	31.81	II	050 382 80 77	0.00	Kişi	\N
2523	Ummetli Qorxmaz	SU	C	QƏ-72063	0.00	25	342	0.00	0.00	0.00	-0.73	0.00	0.00	-0.73	II	nan	0.00	Kişi	\N
2525	Vəlixanlı Təranə	EN	C	QƏ-42148	0.00	25	342	0.00	0.00	0.00	2.44	0.00	0.00	2.44	II	nan	0.00	Kişi	\N
2506	Yaqublu Nicat	TE	C	QƏ-95892	0.00	25	341	0.00	0.00	0.00	-0.26	0.00	0.00	-0.26	II	nan	0.00	Kişi	\N
2526	Yolçuyev Söhret	SU	C	QƏ-07507	0.00	25	342	0.00	0.00	0.00	-2.70	0.00	0.00	-2.70	II	nan	0.00	Kişi	\N
2527	Zəngiyeva Gülsüm	GN	C	QƏ-24033	0.00	25	342	0.00	0.00	0.00	7.00	0.00	0.00	7.00	II	070 855 77 84	0.00	Kişi	\N
2538	Ağayeva Azade	CA	C	QƏ-07115	0.00	25	346	0.00	0.00	0.00	-11.98	0.00	0.00	-11.98	II	050 525 52 02	0.00	Kişi	\N
2535	Alxasova Mehriban	NE	C	QƏ-44965	0.00	25	346	0.00	0.00	0.00	47.50	0.00	0.00	47.50	II	nan	0.00	Kişi	\N
2536	Aslanov Saleh	PE	C	QƏ-92631	0.00	25	346	0.00	0.00	0.00	-14.79	0.00	0.00	-14.79	II	nan	0.00	Kişi	\N
2537	Atakişiyev Xanlar	NP	C	QƏ-24254	0.00	25	346	0.00	0.00	0.00	7.13	0.00	0.00	7.13	II	nan	0.00	Kişi	\N
2539	Babayev Vahid	TE	C	QƏ-43151	0.00	25	346	0.00	0.00	0.00	7.86	0.00	0.00	7.86	II	nan	0.00	Kişi	\N
2507	Babayev Vüsal	TE	C	QƏ-74023	0.00	25	342	0.00	0.00	0.00	10.33	0.00	0.00	10.33	II	0503220655	0.00	Kişi	\N
2540	Bağırlı Elçin	UR	C	QƏ-14416	0.00	25	346	0.00	0.00	0.00	12.94	0.00	0.00	12.94	I	0504498852	0.00	Kişi	\N
2532	İsrafilova Qalina	NP	C	QƏ-43518	0.00	25	344	0.00	0.00	0.00	8.60	0.00	0.00	8.60	II	nan	0.00	Kişi	\N
2548	Kazımova Aynur	NP	C	QƏ-88625	0.00	25	346	0.00	0.00	0.00	0.00	0.00	0.00	0.00	II	nan	0.00	Kişi	\N
2514	Kerimova İrade	TE	C	QƏ-49845	0.00	25	342	0.00	0.00	0.00	-0.50	0.00	0.00	-0.50	II	nan	0.00	Kişi	\N
2513	Kerimova Sedaye	TE	C	QƏ-07061	0.00	25	342	0.00	0.00	0.00	-0.13	0.00	0.00	-0.13	III	nan	0.00	Kişi	\N
2553	Mikayıllı Çimnaz	PE	C	QƏ-20311	0.00	25	346	0.00	0.00	0.00	-1.94	0.00	0.00	-1.94	II	nan	0.00	Kişi	\N
2515	Mikayılova Ulduz	TE	C	QƏ-71019	0.00	25	342	0.00	0.00	0.00	-0.22	0.00	0.00	-0.22	II	nan	0.00	Kişi	\N
2516	Muradova Sara	DV	C	QƏ-35309	0.00	25	342	0.00	0.00	0.00	0.00	0.00	0.00	0.00	II	nan	0.00	Kişi	\N
2504	Musayev Musalim	TE	C	QƏ-14306	0.00	25	339	0.00	0.00	0.00	138.36	0.00	0.00	138.36	II	050 314 03 87	0.00	Kişi	\N
2752	Hüseynov Cabir	GA		NA-46127	0.00	44	305	0.00	0.00	0.00	-2.30	0.00	0.00	-2.30	I	none	0.00	Kişi	\N
2517	Musayeva Ceyhunə	TE	C	QƏ-40505	0.00	25	342	0.00	0.00	0.00	3.21	0.00	0.00	3.21	II	050 458 38 25	0.00	Kişi	\N
2555	Mütəllibov Adil	TE	C	QƏ-16348	0.00	25	346	0.00	0.00	0.00	-1.22	0.00	0.00	-1.22	VIP	050 347 81 55	0.00	Kişi	\N
2556	Mütəllibov Zaur	PE	C	QƏ-31544	0.00	25	346	0.00	0.00	0.00	-0.73	0.00	0.00	-0.73	II	nan	0.00	Kişi	\N
2518	Nebiyeva Yaqut	PE	C	QƏ-94819	0.00	25	342	0.00	0.00	0.00	2.65	0.00	0.00	2.65	I	051 908 12 37	0.00	Kişi	\N
2533	Osmanov Tural	TE	C	QƏ-76782	0.00	25	345	0.00	0.00	0.00	-23.91	0.00	0.00	-23.91	II	nan	0.00	Kişi	\N
2505	Qismətov Şakir	PE	C	QƏ-54275	0.00	25	340	0.00	0.00	0.00	-26.34	0.00	0.00	-26.34	I	050 376 34 92	0.00	Kişi	\N
2519	Salmanova Sara	DV	C	QƏ-37579	0.00	25	342	0.00	0.00	0.00	3.41	0.00	0.00	3.41	II	055 825 20 60	0.00	Kişi	\N
2520	Səfərəliyeva Kəmalə	PE	C	QƏ-52772	0.00	25	342	0.00	0.00	0.00	-4.68	0.00	0.00	-4.68	II	055 663 48 62	0.00	Kişi	\N
2521	Səfərəliyeva Pərvanə	CA	C	QƏ-15438	0.00	25	342	0.00	0.00	0.00	4.43	0.00	0.00	4.43	I	055 891 93 40	0.00	Kişi	\N
2522	Tahirova Zümrüd	TE	C	QƏ-77065	0.00	25	342	0.00	0.00	0.00	-4.39	0.00	0.00	-4.39	II	0557568986	0.00	Kişi	\N
2550	Kərimova Səxavət	GN	C	QƏ-13057	0.00	25	346	0.00	0.00	0.00	24.42	0.00	0.00	24.42	II	050 491 45 99	0.00	Kişi	\N
2531	Lətifova Mərziyyə	FT	C	QƏ-23232	0.00	25	343	0.00	0.00	0.00	12.02	0.00	0.00	12.02	I	051 647 51 94	0.00	Kişi	\N
2551	Mehdiyev Tofiq	EN	C	QƏ-35795	0.00	25	346	0.00	0.00	0.00	246.25	0.00	0.00	246.25	II	nan	0.00	Kişi	\N
2552	Memmedov Orxan	CA	C	QƏ-44060	0.00	25	346	0.00	0.00	0.00	5.67	0.00	0.00	5.67	II	nan	0.00	Kişi	\N
2582	Əbdüləzizova  Günetay	CA	C	QƏ-82050	0.00	25	346	0.00	0.00	0.00	1.32	0.00	0.00	1.32	II	nan	0.00	Kişi	\N
2598	Əhmədova Səidə	TE	C	QƏ-17073	0.00	25	351	0.00	0.00	0.00	8.40	0.00	0.00	8.40	II	051 654 44 90	0.00	Kişi	\N
2585	Ələsgərli Safəddin	ON	C	QƏ-50934	0.00	25	346	0.00	0.00	0.00	80.91	0.00	0.00	80.91	II	nan	0.00	Kişi	\N
2603	Əlimirzəyev Novruz	GE	C	QƏ-39693	0.00	25	352	0.00	0.00	0.00	2.04	0.00	0.00	2.04	VIP	nan	0.00	Kişi	\N
2586	Əmirfətli Tərlan	PU	C	QƏ-13354	0.00	25	346	0.00	0.00	0.00	130.51	0.00	0.00	130.51	II	051 543 81 16	0.00	Kişi	\N
2587	Əzimova Şahnaz	TE	C	QƏ-60283	0.00	25	346	0.00	0.00	0.00	1.21	0.00	0.00	1.21	II	050 408 65 67	0.00	Kişi	\N
2609	Əzizova Validə	PE	C	QƏ-97083	0.00	25	356	0.00	0.00	0.00	0.96	0.00	0.00	0.96	III	nan	0.00	Kişi	\N
2590	Feyzullayeva Mehriban	GN	C	QƏ-61348	0.00	25	347	0.00	0.00	0.00	2.39	0.00	0.00	2.39	II	nan	0.00	Kişi	\N
2599	Həmidova Aynur	OF	C	QƏ-04399	0.00	25	352	0.00	0.00	0.00	23.67	0.00	0.00	23.67	II	0706637290	0.00	Kişi	\N
2608	Hüseynov Afər	PE	C	QƏ-87964	0.00	25	356	0.00	0.00	0.00	36.03	0.00	0.00	36.03	I	nan	0.00	Kişi	\N
2576	İbrahimova Dəstəgül	TE	C	QƏ-59305	0.00	25	346	0.00	0.00	0.00	1.95	0.00	0.00	1.95	II	0505445125	0.00	Kişi	\N
2593	İlyasov Azər	TR	C	QƏ-30971	0.00	25	347	0.00	0.00	0.00	-0.04	0.00	0.00	-0.04	II	nan	0.00	Kişi	\N
2611	İsmayılov Eldar	TE	C	QƏ-90860	0.00	25	342	0.00	0.00	0.00	-33.68	0.00	0.00	-33.68	II	055 285 60 56	0.00	Kişi	\N
2577	İsmayılov Vaqif	TR	C	QƏ-44083	0.00	25	346	0.00	0.00	0.00	9.52	0.00	0.00	9.52	II	nan	0.00	Kişi	\N
2578	İsmayılova Gülnar	TE	C	QƏ-12484	0.00	25	346	0.00	0.00	0.00	28.61	0.00	0.00	28.61	II	nan	0.00	Kişi	\N
2626	Maqsudov Lətif	TE	C	QƏ-72346	0.00	25	361	0.00	0.00	0.00	-1.25	0.00	0.00	-1.25	II	nan	0.00	Kişi	\N
2597	Məmmədov Bəxtiyar	PE	C	QƏ-81026	0.00	25	351	0.00	0.00	0.00	-17.96	0.00	0.00	-17.96	II	nan	0.00	Kişi	\N
2557	Məmmədov Malik	İN	C	QƏ-74675	0.00	25	346	0.00	0.00	0.00	-0.56	0.00	0.00	-0.56	II	nan	0.00	Kişi	\N
2558	Məmmədova Elvira	OF	C	QƏ-27832	0.00	25	346	0.00	0.00	0.00	15.65	0.00	0.00	15.65	II	nan	0.00	Kişi	\N
2600	Məmmədzadə Gülnar	GN	C	QƏ-80094	0.00	25	352	0.00	0.00	0.00	-0.14	0.00	0.00	-0.14	I	nan	0.00	Kişi	\N
2596	Muxtarov Faiq	PE	C	QƏ-82909	0.00	25	350	0.00	0.00	0.00	51.99	0.00	0.00	51.99	II	nan	0.00	Kişi	\N
2560	Nəzirov İmran	TE	C	QƏ-00630	0.00	25	346	0.00	0.00	0.00	-54.49	0.00	0.00	-54.49	I	050 399 97 11	0.00	Kişi	\N
2562	Pənahova Şəhanə	TE	C	QƏ-66201	0.00	25	346	0.00	0.00	0.00	8.24	0.00	0.00	8.24	II	0505980653	0.00	Kişi	\N
2563	Qasımov Arzu	DV	C	QƏ-88580	0.00	25	346	0.00	0.00	0.00	-2.93	0.00	0.00	-2.93	II	nan	0.00	Kişi	\N
2565	Qasımova Zeyneb	GN	C	QƏ-75687	0.00	25	346	90.00	0.00	90.00	-0.04	0.00	0.00	-0.04	II	050 381 65 41	0.00	Kişi	\N
2566	Qədirli Gülnar	END	C	QƏ-14773	0.00	25	346	0.00	0.00	0.00	-0.17	0.00	0.00	-0.17	I	nan	0.00	Kişi	\N
2588	Abdullayev Fariz	SU	C	QƏ-69411	0.00	25	347	0.00	0.00	0.00	82.84	0.00	0.00	82.84	II	0507412188	0.00	Kişi	\N
2631	Qəribova Mətanət	TE	C	QƏ-43741	0.00	25	361	0.00	0.00	0.00	-117.03	0.00	0.00	-117.03	II	nan	0.00	Kişi	\N
2567	Qəribova Türkay	TE	C	QƏ-24079	0.00	25	346	0.00	0.00	0.00	1.26	0.00	0.00	1.26	III	0557128154	0.00	Kişi	\N
2570	Rəşid Əhməd	TR	C	QƏ-41783	0.00	25	346	0.00	0.00	0.00	199.28	0.00	0.00	199.28	II	051 653 17 33	0.00	Kişi	\N
2569	Rəşid Xanım	GN	C	QƏ-70177	0.00	25	346	0.00	0.00	0.00	-0.49	0.00	0.00	-0.49	II	nan	0.00	Kişi	\N
2612	Rəsulov Fəxrəddin	TE	C	QƏ-03712	0.00	25	358	0.00	0.00	0.00	-0.25	0.00	0.00	-0.25	II	nan	0.00	Kişi	\N
2568	Rüstəmova Sədaqət	PE	C	QƏ-47558	0.00	25	346	0.00	0.00	0.00	21.69	0.00	0.00	21.69	II	050 308 89 88	0.00	Kişi	\N
2591	Sadıqov Şirəli	OF	C	QƏ-96394	0.00	25	347	0.00	0.00	0.00	-2.82	0.00	0.00	-2.82	II	nan	0.00	Kişi	\N
2632	Salehova Nüşabə	NP	C	QƏ-42552	0.00	25	361	0.00	0.00	0.00	266.16	0.00	0.00	266.16	II	nan	0.00	Kişi	\N
2607	Səbzəliyev Vaqif	TE	C	QƏ-37933	0.00	25	355	0.00	0.00	0.00	8.45	0.00	0.00	8.45	II	050 393 52 82	0.00	Kişi	\N
2592	Səfərli Pərviz	PS	C	QƏ-43429	0.00	25	347	0.00	0.00	0.00	105.56	0.00	0.00	105.56	II	none	0.00	Kişi	\N
2580	Şəfiyeva Firuzə	PE	C	QƏ-78975	0.00	25	346	0.00	0.00	0.00	-2.95	0.00	0.00	-2.95	II	nan	0.00	Kişi	\N
2581	Şərifli Günay	TE	C	QƏ-93172	0.00	25	346	0.00	0.00	0.00	-0.04	0.00	0.00	-0.04	II	nan	0.00	Kişi	\N
2574	Sərkərov Telman	SU	C	QƏ-47085	0.00	25	346	0.00	0.00	0.00	-0.73	0.00	0.00	-0.73	III	nan	0.00	Kişi	\N
2579	Şirinova Sevinc	NP	C	QƏ-18892	0.00	25	346	0.00	0.00	0.00	-21.54	0.00	0.00	-21.54	II	nan	0.00	Kişi	\N
2637	Şıxıyeva Mehriban	OF	C	QƏ-62607	0.00	25	361	0.00	0.00	0.00	0.24	0.00	0.00	0.24	I	0505532057	0.00	Kişi	\N
2572	Süleymanova Nəhayət	İN	C	QƏ-78869	0.00	25	346	0.00	0.00	0.00	-4.91	0.00	0.00	-4.91	II	0507329140	0.00	Kişi	\N
2601	Vəliyeva Həqiqət	ON	C	QƏ-52935	0.00	25	352	0.00	0.00	0.00	-0.02	0.00	0.00	-0.02	I	nan	0.00	Kişi	\N
2594	Verdiyeva Günay	NP	C	QƏ-59654	0.00	25	348	0.00	0.00	0.00	-12.05	0.00	0.00	-12.05	II	0504244167	0.00	Kişi	\N
2575	Xəlilov Səməd	LOR	C	QƏ-22379	0.00	25	346	0.00	0.00	0.00	8.99	0.00	0.00	8.99	II	nan	0.00	Kişi	\N
2610	Yusifov Emin	TE	C	QƏ-74867	0.00	25	357	0.00	0.00	0.00	-0.65	0.00	0.00	-0.65	II	nan	0.00	Kişi	\N
2602	Zəkəriyəyev Şirvan	EN	C	QƏ-97130	0.00	25	352	0.00	0.00	0.00	11.09	0.00	0.00	11.09	II	050 574 19 89	0.00	Kişi	\N
2616	Abbasova Aytən	TE	C	QƏ-65115	0.00	25	361	0.00	10.00	0.00	137.51	0.00	0.00	147.51	II	051 722 52 39	0.00	Kişi	\N
2605	Aşurov Elnur	FT	C	QƏ-82151	0.00	25	353	0.00	0.00	0.00	16.86	0.00	0.00	16.86	II	0515695154	0.00	Kişi	\N
2630	Qədirov Mehman	TE	C	QƏ-95595	0.00	25	361	0.00	0.00	0.00	-0.59	0.00	0.00	-0.59	II	050 890 64 93	0.00	Kişi	\N
2628	Nümunə Ad	TR	C	QƏ-83699	0.00	25	361	0.00	0.00	0.00	0.00	0.00	0.00	0.00	II	nan	0.00	Kişi	\N
2589	Abduləzizov Hökmran	TE	C	QƏ-15605	0.00	25	347	0.00	0.00	0.00	77.21	0.00	0.00	77.21	II	050 455 04 29	0.00	Kişi	\N
2534	Abdullayev Kamran	TE	C	QƏ-10786	0.00	25	346	0.00	0.00	0.00	8.00	0.00	0.00	8.00	I	nan	0.00	Kişi	\N
2617	Ağayev Firudin	CA	C	QƏ-45836	0.00	25	361	0.00	0.00	0.00	1.59	0.00	0.00	1.59	I	0506633133	0.00	Kişi	\N
2618	Ağayev Mətin	SU	C	QƏ-61738	0.00	25	361	0.00	0.00	0.00	-26.35	0.00	0.00	-26.35	II	nan	0.00	Kişi	\N
2619	Ağayeva Kübra	PE	C	QƏ-55476	0.00	25	361	0.00	0.00	0.00	-7.22	0.00	0.00	-7.22	I	0506369733	0.00	Kişi	\N
2614	Dadaşov Niyazi	TE	C	QƏ-94373	0.00	25	360	0.00	0.00	0.00	-91.61	0.00	0.00	-91.61	II	nan	0.00	Kişi	\N
2583	Əbdürrəhmanova Fəxrimə	TE	C	QƏ-44093	0.00	25	346	0.00	0.00	0.00	-5.62	0.00	0.00	-5.62	II	050 324 65 13	0.00	Kişi	\N
2623	Ekbərova Narxanım	GN	C	QƏ-60073	0.00	25	361	0.00	0.00	0.00	0.00	0.00	0.00	0.00	II	nan	0.00	Kişi	\N
2638	Əliyeva Aytən İsmayıllı	PE	C	QƏ-60029	0.00	25	361	0.00	0.00	0.00	0.00	0.00	0.00	0.00	II	nan	0.00	Kişi	\N
2604	Əliyeva Aytən Sağlam Həyat	GE	C	QƏ-59627	0.00	25	352	0.00	0.00	0.00	40.65	0.00	0.00	40.65	II	0503044054	0.00	Kişi	\N
2542	Eyyubova Azadə	GN	C	QƏ-01644	0.00	25	346	0.00	0.00	0.00	287.09	0.00	0.00	287.09	II	nan	0.00	Kişi	\N
2543	Haqverdiyeva Esmira	GE	C	QƏ-91657	0.00	25	346	0.00	0.00	0.00	0.73	0.00	0.00	0.73	I	050 640 99 96	0.00	Kişi	\N
2547	Həlimov Abid	TE	C	QƏ-44822	0.00	25	346	0.00	0.00	0.00	115.39	0.00	0.00	115.39	I	050344 14 37	0.00	Kişi	\N
2625	Həsənova Ülviyyə	FT	C	QƏ-40560	0.00	25	361	0.00	0.00	0.00	2.33	0.00	0.00	2.33	II	nan	0.00	Kişi	\N
2624	Hüseynova Məlahət	GN	C	QƏ-90496	0.00	25	361	0.00	0.00	0.00	161.43	0.00	0.00	161.43	II	nan	0.00	Kişi	\N
2635	İdrisov Etibar	NE	C	QƏ-32383	0.00	25	361	0.00	0.00	0.00	-8.81	0.00	0.00	-8.81	II	none	0.00	Kişi	\N
2549	Kərimova Gülbəniz	EN	C	QƏ-59169	0.00	25	346	0.00	0.00	0.00	298.41	0.00	0.00	298.41	I	050 519 16 09	0.00	Kişi	\N
2595	Məlikov Kamran	GE	C	QƏ-27871	0.00	25	349	0.00	0.00	0.00	-5.10	0.00	0.00	-5.10	II	0505254062	0.00	Kişi	\N
2559	Məsimova İfadə	NP	C	QƏ-21380	0.00	25	346	0.00	0.00	0.00	43.47	0.00	0.00	43.47	II	0517560644	0.00	Kişi	\N
2554	Musabeyova Svetlana	CA	C	QƏ-83238	0.00	25	346	0.00	0.00	0.00	6.04	0.00	0.00	6.04	II	0555898464	0.00	Kişi	\N
2629	Osmanov Fikrət	PED	C	QƏ-64571	0.00	25	361	0.00	0.00	0.00	-10.25	0.00	0.00	-10.25	II	nan	0.00	Kişi	\N
2564	Qasımova Rübabə	TE	C	QƏ-76533	0.00	25	346	0.00	0.00	0.00	0.11	0.00	0.00	0.11	II	nan	0.00	Kişi	\N
2633	Səlimzadə Tural	GE	C	QƏ-61145	0.00	25	361	0.00	0.00	0.00	-19.57	0.00	0.00	-19.57	II	none	0.00	Kişi	\N
2571	Seyidova Şəhla	TE	C	QƏ-73253	0.00	25	346	0.00	0.00	0.00	191.29	0.00	0.00	191.29	II	050 330 12 36	0.00	Kişi	\N
2636	Şirəliyev Şahmurad	TE	C	QƏ-11535	0.00	25	361	0.00	0.00	0.00	12.88	0.00	0.00	12.88	II	050 591 40 04	0.00	Kişi	\N
2634	Təhməzov Elbrus	LOR	C	QƏ-06702	0.00	25	361	0.00	0.00	0.00	-0.15	0.00	0.00	-0.15	II	nan	0.00	Kişi	\N
2524	Vahabov Natiq	LOR	C	QƏ-61810	0.00	25	342	0.00	0.00	0.00	3.19	0.00	0.00	3.19	I	050 347 50 85	0.00	Kişi	\N
2613	Vəliyeva Kəmalə	EN	C	QƏ-80630	0.00	25	359	0.00	0.00	0.00	360.04	0.00	0.00	360.04	I	0513321090	0.00	Kişi	\N
2620	Babayeva Gülər	NE	C	QƏ-72517	0.00	25	361	0.00	0.00	0.00	25.09	0.00	0.00	25.09	II	nan	0.00	Kişi	\N
2621	Bağırova Səmayə	EN	C	QƏ-88236	0.00	25	361	0.00	0.00	0.00	0.00	0.00	0.00	0.00	II	nan	0.00	Kişi	\N
2622	Cəbrayılova Xumar	İN	C	QƏ-71716	0.00	25	361	0.00	0.00	0.00	-0.16	0.00	0.00	-0.16	II	nan	0.00	Kişi	\N
2627	Mirzəyeva Afaq	GN	C	QƏ-93779	0.00	25	361	0.00	0.00	0.00	-2.90	0.00	0.00	-2.90	II	050 374 60 85	0.00	Kişi	\N
2796	Bağırova Günay	GN		NA-21638	0.00	44	312	0.00	0.00	0.00	81.93	0.00	0.00	81.93	I	nan	0.00	Qadın	\N
2797	Bağırova Leyla	TE		NA-61703	0.00	44	312	0.00	0.00	0.00	133.54	0.00	0.00	133.54	I	nan	0.00	Qadın	\N
2771	Bayramova Aidə	GN		NA-53101	0.00	44	310	0.00	0.00	0.00	0.00	0.00	0.00	0.00	III	nan	0.00	Qadın	\N
2798	Cəfərli Zümrüd	TE		NA-24468	0.00	44	312	0.00	0.00	0.00	-0.01	0.00	0.00	-0.01	II	nan	0.00	Kişi	\N
2783	Cəfərov Rəşad	UR		NA-19810	0.00	44	311	0.00	0.00	0.00	-84.65	0.00	0.00	-84.65	I	nan	0.00	Kişi	\N
2799	Cəlilova Sona	TE		NA-48766	0.00	44	312	0.00	0.00	0.00	56.37	0.00	0.00	56.37	II	nan	0.00	Qadın	\N
2800	Dünyamalıyeva Aysel	EN		NA-27879	0.00	44	312	0.00	0.00	0.00	-0.33	0.00	0.00	-0.33	I	nan	0.00	Qadın	\N
2781	Əliyeva Gülxar	İN		NA-45716	0.00	44	310	0.00	0.00	0.00	-0.93	0.00	0.00	-0.93	I	nan	0.00	Qadın	\N
2806	Mehdiyev Sabir	NP		NA-85098	0.00	44	312	0.00	0.00	0.00	29.95	0.00	0.00	29.95	I	nan	0.00	Kişi	\N
2838	Məlikov Elvin	TE		NA-49143	0.00	44	316	0.00	0.00	0.00	0.17	0.00	0.00	0.17	II	nan	0.00	Kişi	\N
2809	Məmmədova Səbinə	HE		NA-42072	0.00	44	312	0.00	0.00	0.00	0.00	0.00	0.00	0.00	II	nan	0.00	Qadın	\N
2807	Mirzəyeva Səkinə	NP		NA-45668	0.00	44	312	0.00	0.00	0.00	-3.22	0.00	0.00	-3.22	I	nan	0.00	Qadın	\N
2786	Mürsəlov Cabir	TR		NA-20205	0.00	44	311	0.00	0.00	0.00	-3.20	0.00	0.00	-3.20	II	nan	0.00	Kişi	\N
2882	Məmmədova Sevinc	EN		MƏ-78734	0.00	28	318	0.00	0.00	0.00	31.92	0.00	0.00	31.92	I	050 663 00 71	0.00	Qadın	\N
2870	Piriyeva Fəridə	NP		MƏ-60491	0.00	28	317	0.00	0.00	0.00	5.15	0.00	0.00	5.15	II	nan	0.00	Qadın	\N
2867	Abdinli Elşən	GE		MƏ-43267	0.00	28	317	0.00	0.00	0.00	30.31	0.00	0.00	30.31	III	nan	0.00	Kişi	\N
2871	Qocayeva Lalə	END		MƏ-08435	0.00	28	317	0.00	0.00	0.00	7.01	0.00	0.00	7.01	I	nan	0.00	Qadın	\N
2883	Salahova Elnarə	NP		MƏ-04532	0.00	28	318	0.00	0.00	0.00	94.00	0.00	0.00	94.00	I	055 894 37 53	0.00	Qadın	\N
2873	Səfərov Fizuli	TE		MƏ-62957	0.00	28	317	0.00	0.00	0.00	9.66	0.00	0.00	9.66	II	nan	0.00	Kişi	\N
2872	Süleymanov Elxan	DV		MƏ-46823	0.00	28	317	0.00	0.00	0.00	4.53	0.00	0.00	4.53	I	nan	0.00	Kişi	\N
2884	Talıbova Leyla	TE		MƏ-93976	0.00	28	318	0.00	0.00	0.00	9.49	0.00	0.00	9.49	I	050 500 26 50	0.00	Qadın	\N
2868	Abidov Vüqar	SU		MƏ-04016	0.00	28	317	0.00	0.00	0.00	-6.92	0.00	0.00	-6.92	I	nan	0.00	Kişi	\N
2885	ad	TE		MƏ-61211	0.00	28	318	0.00	0.00	0.00	0.00	0.00	0.00	0.00	II	nan	0.00	Kişi	\N
2878	Baloğlanov Adil	TE		MƏ-71957	0.00	28	318	0.00	0.00	0.00	76.10	0.00	0.00	76.10	I	nan	0.00	Kişi	\N
2785	Mustafayev Elvin	GA		NA-81150	0.00	44	311	0.00	0.00	0.00	-0.66	0.00	0.00	-0.66	I	nan	0.00	Kişi	\N
2879	Cəmaləddin	LOR		MƏ-46602	0.00	28	318	0.00	0.00	0.00	-7.69	0.00	0.00	-7.69	I	050 335 48 05	0.00	Kişi	\N
2876	Əhmədova Aygün	PE		MƏ-91980	0.00	28	317	0.00	0.00	0.00	-4.01	0.00	0.00	-4.01	II	nan	0.00	Qadın	\N
2891	Əliyev Şahin	TE		MƏ-18856	0.00	28	318	0.00	0.00	0.00	13.23	0.00	0.00	13.23	I	010 312 31 03	0.00	Kişi	\N
2877	Əliyeva Sevda (Pirallahı)	GN		MƏ-83631	0.00	28	317	0.00	0.00	0.00	9.36	0.00	0.00	9.36	II	4554654654	0.00	Qadın	\N
2892	Əsədova İlahə	İN		MƏ-01842	0.00	28	318	0.00	0.00	0.00	32.53	0.00	0.00	32.53	I	055 433 80 23	0.00	Qadın	\N
2880	Həsənova Bikəxanım	NP		MƏ-30174	0.00	28	318	0.00	0.00	0.00	159.92	0.00	0.00	159.92	I	050 473 91 38	0.00	Qadın	\N
2869	Hüseynzadə Məhəmməd	GE		MƏ-40031	0.00	28	317	0.00	0.00	0.00	0.00	0.00	0.00	0.00	I	nan	0.00	Kişi	\N
2874	İbadov Ceyhun	CA		MƏ-74199	0.00	28	317	0.00	0.00	0.00	-10.57	0.00	0.00	-10.57	VIP	nan	0.00	Kişi	\N
2803	Fətəliyeva Qızılgül	GN		NA-84886	0.00	44	312	0.00	0.00	0.00	-0.60	0.00	0.00	-0.60	III	nan	0.00	Qadın	\N
2802	Fətullayev İntiqam	CA		NA-23785	0.00	44	312	0.00	0.00	0.00	157.92	0.00	0.00	157.92	I	3	0.00	Kişi	\N
2808	Mustafayeva Gülçin	END		NA-42308	0.00	44	312	0.00	0.00	0.00	100.44	0.00	0.00	100.44	I	nan	0.00	Qadın	\N
2832	Novruzov Aydın	NP		NA-36914	0.00	44	313	0.00	0.00	0.00	-0.22	0.00	0.00	-0.22	III	none	0.00	Kişi	\N
3006	Əhmədli Lamiyə	SU		BA-89726	0.00	38	23	0.00	0.00	0.00	-35.15	0.00	0.00	-35.15	VIP	0506276923	0.00	Kişi	\N
2758	İbrahimli Əkbər	TE		NA-84599	0.00	44	306	0.00	0.00	0.00	-15.69	0.00	0.00	-15.69	I	nan	0.00	Kişi	\N
2835	Camalov Hidayət	PE		NA-95129	0.00	44	315	0.00	0.00	0.00	-0.10	0.00	0.00	-0.10	II	nan	0.00	Kişi	\N
2792	Allahverdiyeva Tərlan	LOR		NA-25700	0.00	44	312	0.00	0.00	0.00	9.01	0.00	0.00	9.01	I	nan	0.00	Qadın	\N
2837	arxivv	PE		NA-76997	0.00	44	315	0.00	0.00	0.00	0.00	0.00	0.00	0.00	II	nan	0.00	Kişi	\N
2793	Aslanov Elnur	TR		NA-72363	0.00	44	312	0.00	0.00	0.00	-0.84	0.00	0.00	-0.84	II	nan	0.00	Kişi	\N
2827	Babayev Seyfəddin	LOR		NA-41233	0.00	44	313	0.00	0.00	0.00	-4.90	0.00	0.00	-4.90	II	nan	0.00	Kişi	\N
2794	Babayeva Xeyrənsə	PE		NA-51923	0.00	44	312	0.00	0.00	0.00	56.09	0.00	0.00	56.09	I	nan	0.00	Qadın	\N
2795	Bağırova Elnurə	TR		NA-00929	0.00	44	312	0.00	0.00	0.00	1.82	0.00	0.00	1.82	I	nan	0.00	Qadın	\N
2828	Bağırova Kəmalə	TE		NA-92822	0.00	44	313	0.00	0.00	0.00	152.41	0.00	0.00	152.41	I	NONE	0.00	Qadın	\N
2836	Camalova Ofelya	GN		NA-09013	0.00	44	315	0.00	0.00	0.00	31.90	0.00	0.00	31.90	I	nan	0.00	Qadın	\N
2829	Cəfərov Nurlan	SU		NA-60955	0.00	44	313	0.00	0.00	0.00	-12.79	0.00	0.00	-12.79	I	nan	0.00	Kişi	\N
2833	Əliyev Nizami	EN		NA-20061	0.00	44	313	0.00	0.00	0.00	33.52	0.00	0.00	33.52	II	077 569 22 62	0.00	Kişi	\N
2825	Əsgərov Malik	CA		NA-42367	0.00	44	312	0.00	0.00	0.00	-50.38	0.00	0.00	-50.38	I	nan	0.00	Kişi	\N
2830	Fərəcova Türanə	IN		NA-57694	0.00	44	313	0.00	0.00	0.00	2.85	0.00	0.00	2.85	II	NONE	0.00	Qadın	\N
2801	Fərzəliyev Fazil	FT		NA-60703	0.00	44	312	0.00	0.00	0.00	-0.15	0.00	0.00	-0.15	II	nan	0.00	Kişi	\N
2784	Fikrətli Dəyanət	TE		NA-34190	0.00	44	311	0.00	0.00	0.00	88.16	0.00	0.00	88.16	I	nan	0.00	Kişi	\N
2772	Gülməmmədova Nəzakət	GN		NA-39749	0.00	44	310	0.00	0.00	0.00	0.00	0.00	0.00	0.00	III	0503202180	0.00	Qadın	\N
2804	Hacıyev Ramin	CA		NA-59015	0.00	44	312	0.00	0.00	0.00	-13.79	0.00	0.00	-13.79	I	nan	0.00	Kişi	\N
2768	Hacıyeva Sürayyə	GN		NA-94427	0.00	44	309	0.00	0.00	0.00	-0.28	0.00	0.00	-0.28	I	nan	0.00	Qadın	\N
2831	Həsənov Nüsrət	NP		NA-63267	0.00	44	313	0.00	0.00	0.00	-72.48	0.00	0.00	-72.48	I	nan	0.00	Kişi	\N
2774	Həsənova Təranə	TE		NA-67574	0.00	44	310	0.00	0.00	0.00	18.54	0.00	0.00	18.54	II	0775060367	0.00	Qadın	\N
2773	Hümbətova Gülnarə	GN		NA-21092	0.00	44	310	0.00	0.00	0.00	77.20	0.00	0.00	77.20	I	nan	0.00	Qadın	\N
2805	Hüseynova Nərmin	HE		NA-34640	0.00	44	312	0.00	0.00	0.00	45.68	0.00	0.00	45.68	I	nan	0.00	Qadın	\N
2823	İmanova İsmət	TE		NA-85257	0.00	44	312	0.00	0.00	0.00	13.33	0.00	0.00	13.33	III	nan	0.00	Qadın	\N
2824	İsmayılova Aysel	END		NA-81438	0.00	44	312	0.00	0.00	0.00	342.14	0.00	0.00	342.14	I	nan	0.00	Qadın	\N
2775	Mamedova Könül	GN		NA-23421	0.00	44	310	0.00	0.00	0.00	0.00	0.00	0.00	0.00	III	0508912177	0.00	Qadın	\N
2810	Novruzov Niyazi	NP		NA-39511	0.00	44	312	0.00	0.00	0.00	-1.13	0.00	0.00	-1.13	II	nan	0.00	Kişi	\N
2776	Novruzova Bəhriyyə	GN		NA-54940	0.00	44	310	0.00	0.00	0.00	-0.65	0.00	0.00	-0.65	I	05066777404	0.00	Qadın	\N
2997	Hüseynova Kəmalə	TE		BA-17364	0.00	38	23	0.00	0.00	0.00	-16.20	0.00	0.00	-16.20	I	none	0.00	Qadın	\N
2999	Məmmədov İmran	TE		BA-65937	0.00	38	23	0.00	0.00	0.00	-21.06	0.00	0.00	-21.06	I	nan	0.00	Kişi	\N
3003	Rəhilə Mənsur	EN		BA-64760	0.00	38	23	0.00	0.00	0.00	-27.34	6.08	1.35	-33.42	I	nan	0.00	Kişi	\N
3005	Süleymanova Tünzalə	TE		BA-47412	0.00	38	23	0.00	0.00	0.00	-29.75	0.00	0.00	-29.75	I	0503622501	0.00	Qadın	\N
3010	Axundova Afaq ST	TR		BA-33733	0.00	38	25	0.00	0.00	0.00	-2.16	0.00	0.00	-2.16	I	0504667500	0.00	Qadın	\N
3008	Azadlı İnarə	PED		BA-98260	0.00	38	24	0.00	0.00	0.00	0.00	0.00	0.00	0.00	I	0553753971	0.00	Kişi	\N
3009	Cəfərova Mirvari	OF		BA-11764	0.00	38	24	0.00	0.00	0.00	43.93	6.83	1.96	37.10	I	0556559229	0.00	Qadın	\N
3011	Cəfərova Zərifə	PED		BA-61302	0.00	38	25	0.00	0.00	0.00	13.46	0.00	0.00	13.46	I	0515754208	0.00	Qadın	\N
3012	Hüseynova Arzu	SU		BA-39967	0.00	38	25	0.00	0.00	0.00	142.10	11.05	5.79	131.05	I	0518702581	0.00	Qadın	\N
3013	Tağıyeva Günay	LOR		BA-00843	0.00	38	25	0.00	0.00	0.00	-28.02	0.00	0.00	-28.02	I	none	0.00	Qadın	\N
3014	Xəlilova Zümrüd	TE		BA-79896	0.00	38	25	0.00	80.00	0.00	-82.66	111.43	42.61	-114.09	I	0503555598	0.00	Qadın	\N
2791	Allahverdiyeva Gülan	TE		NA-64184	0.00	44	312	0.00	0.00	0.00	2.19	0.00	0.00	2.19	III	nan	0.00	Qadın	\N
2811	Nümunə ad	FT		NA-97923	0.00	44	312	0.00	0.00	0.00	0.00	0.00	0.00	0.00	II	1	0.00	Kişi	\N
2812	Qoçəliyeva Esmira	GA		NA-37901	0.00	44	312	0.00	0.00	0.00	22.66	0.00	0.00	22.66	I	none	0.00	Qadın	\N
2814	Quliyeva Nəzrin	GN		NA-80169	0.00	44	312	0.00	0.00	0.00	0.00	0.00	0.00	0.00	III	nan	0.00	Qadın	\N
2834	Qurbanov Əli	TE		NA-86184	0.00	44	314	0.00	0.00	0.00	-27.99	0.00	0.00	-27.99	II	nan	0.00	Kişi	\N
2816	Rəhmiyyə Dr	OF		NA-43185	0.00	44	312	0.00	0.00	0.00	-1.74	0.00	0.00	-1.74	III	nan	0.00	Kişi	\N
2815	Rzayev Yaşar	TR		NA-15350	0.00	44	312	0.00	0.00	0.00	11.38	0.00	0.00	11.38	I	none	0.00	Kişi	\N
2817	Səfərov Anar	NP		NA-21121	0.00	44	312	0.00	0.00	0.00	-49.62	0.00	0.00	-49.62	I	nan	0.00	Kişi	\N
2839	Səfərov Ənvər	CA		NA-02101	0.00	44	316	0.00	0.00	0.00	-17.36	0.00	0.00	-17.36	I	nan	0.00	Kişi	\N
2778	Səttarov İslam	LOR		NA-16572	0.00	44	310	0.00	0.00	0.00	-0.70	0.00	0.00	-0.70	II	nan	0.00	Kişi	\N
2779	Səyyadova Səbinə	GN		NA-67194	0.00	44	310	0.00	0.00	0.00	41.87	0.00	0.00	41.87	II	0707476716	0.00	Qadın	\N
2788	Şükürlü Azad	PS		NA-12775	0.00	44	311	0.00	0.00	0.00	-10.24	0.00	0.00	-10.24	I	nan	0.00	Kişi	\N
2787	Tarquluyev Tarqulu	TR		NA-10973	0.00	44	311	0.00	0.00	0.00	746.68	0.00	0.00	746.68	I	none	0.00	Kişi	\N
2818	Tarverdiyeva Şəfəq	TE		NA-46303	0.00	44	312	0.00	0.00	0.00	-5.27	0.00	0.00	-5.27	II	none	0.00	Qadın	\N
2819	Tayuk Xaspolad	AN/UR		NA-42156	0.00	44	312	0.00	0.00	0.00	-60.52	0.00	0.00	-60.52	I	000	0.00	Kişi	\N
2821	Vəliyeva Vəfa	TE		NA-57987	0.00	44	312	0.00	0.00	0.00	97.41	0.00	0.00	97.41	II	nan	0.00	Qadın	\N
2820	Verdiyev Vüqar	TE		NA-48382	0.00	44	312	0.00	0.00	0.00	-0.80	0.00	0.00	-0.80	II	000	0.00	Kişi	\N
2826	Abbasov Hüseynalı	TE		NA-49105	0.00	44	313	0.00	0.00	0.00	105.20	0.00	0.00	105.20	I	none	0.00	Kişi	\N
2782	Axverdiyev Mustafa	NP		NA-69250	0.00	44	311	0.00	0.00	0.00	15.26	0.00	0.00	15.26	I	nan	0.00	Kişi	\N
2748	Musayev Araz	TE		NA-62729	0.00	44	304	0.00	0.00	0.00	-7.58	0.00	0.00	-7.58	II	nan	0.00	Kişi	\N
2813	Quliyev Vidadi	TE		NA-85750	0.00	44	312	0.00	0.00	0.00	-0.27	0.00	0.00	-0.27	II	nan	0.00	Kişi	\N
2777	Səlimli Məryəm	GN		NA-43769	0.00	44	310	0.00	0.00	0.00	6.72	0.00	0.00	6.72	III	0503680582	0.00	Kişi	\N
2757	Süleymanlı Ayşən	GN		NA-90473	0.00	44	306	0.00	0.00	0.00	10.41	0.00	0.00	10.41	I	nan	0.00	Kişi	\N
2822	Zeynalova İlahə	FT		NA-01085	0.00	44	312	0.00	0.00	0.00	15.60	0.00	0.00	15.60	II	none	0.00	Qadın	\N
\.


--
-- Data for Name: doctors_realsales; Type: TABLE DATA; Schema: public; Owner: postgres
--

COPY public.doctors_realsales (id, date_sale, dr_name_id, region_n_id) FROM stdin;
\.


--
-- Data for Name: doctors_realsalesdrug; Type: TABLE DATA; Schema: public; Owner: postgres
--

COPY public.doctors_realsalesdrug (id, numbers, drug_name_id, real_sale_id) FROM stdin;
\.


--
-- Data for Name: doctors_recipe; Type: TABLE DATA; Schema: public; Owner: postgres
--

COPY public.doctors_recipe (id, date, dr_id, region_id) FROM stdin;
2541	2025-08-15	2991	38
2542	2025-08-15	2992	38
2543	2025-08-15	2993	38
2544	2025-08-15	2994	38
2545	2025-08-15	2995	38
2546	2025-08-15	2996	38
2547	2025-08-15	2997	38
2548	2025-08-15	2998	38
2549	2025-08-15	2999	38
2550	2025-08-15	3000	38
2551	2025-08-15	3001	38
2552	2025-08-15	3002	38
2553	2025-08-15	3003	38
2554	2025-08-15	3004	38
2555	2025-08-15	3005	38
2556	2025-08-15	3006	38
2557	2025-08-15	3007	38
2558	2025-08-15	3008	38
2559	2025-08-15	3009	38
2560	2025-08-15	3010	38
2561	2025-08-15	3011	38
2562	2025-08-15	3012	38
2563	2025-08-15	3013	38
2564	2025-08-15	3014	38
\.


--
-- Data for Name: doctors_recipedrug; Type: TABLE DATA; Schema: public; Owner: postgres
--

COPY public.doctors_recipedrug (id, number, drug_id, recipe_id, created_at) FROM stdin;
4288	7.0	88	2541	2025-09-09 17:14:34.297809+04
4289	18.0	90	2541	2025-09-09 17:14:34.314275+04
4290	4.0	89	2541	2025-09-09 17:14:34.314275+04
4291	1.0	79	2541	2025-09-09 17:14:34.314275+04
4292	2.0	98	2543	2025-09-09 17:14:34.330969+04
4293	50.0	92	2543	2025-09-09 17:14:34.332969+04
4294	3.0	91	2545	2025-09-09 17:14:34.340047+04
4295	1.0	95	2545	2025-09-09 17:14:34.341046+04
4296	2.0	99	2545	2025-09-09 17:14:34.342045+04
4297	3.0	98	2545	2025-09-09 17:14:34.342045+04
4298	1.0	80	2545	2025-09-09 17:14:34.343046+04
4299	2.0	81	2545	2025-09-09 17:14:34.344054+04
4300	1.0	93	2545	2025-09-09 17:14:34.345045+04
4301	1.0	88	2546	2025-09-09 17:14:34.350042+04
4302	12.0	91	2546	2025-09-09 17:14:34.350082+04
4303	12.0	89	2546	2025-09-09 17:14:34.350082+04
4304	2.0	95	2546	2025-09-09 17:14:34.350082+04
4305	3.0	96	2546	2025-09-09 17:14:34.350082+04
4306	2.0	99	2546	2025-09-09 17:14:34.350082+04
4307	1.0	98	2546	2025-09-09 17:14:34.350082+04
4308	30.0	79	2546	2025-09-09 17:14:34.350082+04
4309	6.0	81	2546	2025-09-09 17:14:34.350082+04
4310	1.0	97	2546	2025-09-09 17:14:34.350082+04
4311	1.0	91	2548	2025-09-09 17:14:34.359692+04
4312	2.0	79	2548	2025-09-09 17:14:34.359692+04
4313	2.0	81	2548	2025-09-09 17:14:34.365246+04
4314	9.0	93	2548	2025-09-09 17:14:34.366409+04
4315	1.0	96	2550	2025-09-09 17:14:34.366409+04
4316	1.0	79	2550	2025-09-09 17:14:34.366409+04
4317	1.0	81	2550	2025-09-09 17:14:34.366409+04
4318	5.0	92	2550	2025-09-09 17:14:34.366409+04
4319	11.0	96	2551	2025-09-09 17:14:34.366409+04
4320	3.0	99	2551	2025-09-09 17:14:34.381086+04
4321	5.0	91	2553	2025-09-09 17:14:34.389081+04
4322	1.0	88	2554	2025-09-09 17:14:34.39308+04
4323	1.0	79	2554	2025-09-09 17:14:34.39308+04
4324	1.0	81	2554	2025-09-09 17:14:34.39408+04
4325	2.0	89	2559	2025-09-09 17:14:34.410133+04
4326	4.0	94	2559	2025-09-09 17:14:34.413413+04
4327	2.0	82	2559	2025-09-09 17:14:34.413879+04
4328	3.0	96	2562	2025-09-09 17:14:34.424873+04
4329	7.0	81	2562	2025-09-09 17:14:34.425873+04
4330	11.0	88	2564	2025-09-09 17:14:34.433867+04
4331	2.0	91	2564	2025-09-09 17:14:34.434867+04
4332	1.0	89	2564	2025-09-09 17:14:34.434867+04
4333	14.0	96	2564	2025-09-09 17:14:34.435866+04
4334	12.0	98	2564	2025-09-09 17:14:34.436866+04
4335	38.0	81	2564	2025-09-09 17:14:34.436866+04
4336	17.0	93	2564	2025-09-09 17:14:34.437864+04
\.


--
-- Data for Name: drugs_medical; Type: TABLE DATA; Schema: public; Owner: postgres
--

COPY public.drugs_medical (id, med_name, med_full_name, med_price, komissiya, status) FROM stdin;
\.


--
-- Data for Name: export_backup; Type: TABLE DATA; Schema: public; Owner: postgres
--

COPY public.export_backup (id, ad, fayl, olusturulma_tarixi, olcu) FROM stdin;
20	Solvey Backup	backups/solvey_backup_20250825_114937.sql	2025-08-25 11:49:37.579754+04	0.34 MB
21	Solvey Backup	backups/solvey_backup_20250825_153121.sql	2025-08-25 15:31:21.481027+04	0.35 MB
22	Solvey Backup	backups/solvey_backup_20250826_111159.sql	2025-08-26 11:12:00.73198+04	0.35 MB
23	Solvey Backup	backups/solvey_backup_20250827_163858.sql	2025-08-27 16:38:58.713082+04	0.36 MB
24	Solvey Backup	backups/solvey_backup_20250901_112942.sql	2025-09-01 11:29:43.432747+04	0.36 MB
25	Solvey Backup	backups/solvey_backup_20250902_164626.sql	2025-09-02 16:46:27.732208+04	0.40 MB
26	Solvey Backup	backups/solvey_backup_20250902_173648.sql	2025-09-02 17:36:48.768285+04	0.40 MB
27	Solvey Backup	backups/solvey_backup_20250903_112330.sql	2025-09-03 11:23:30.882871+04	0.40 MB
28	Solvey Backup	backups/solvey_backup_20250904_091757.sql	2025-09-04 09:17:58.541645+04	0.43 MB
29	Solvey Backup	backups/solvey_backup_20250908_110516.sql	2025-09-08 11:05:17.42478+04	0.45 MB
30	Solvey Backup	backups/solvey_backup_20250909_173120.sql	2025-09-09 17:31:21.1753+04	0.46 MB
\.


--
-- Data for Name: medicine_medical; Type: TABLE DATA; Schema: public; Owner: postgres
--

COPY public.medicine_medical (id, med_name, med_price, komissiya, status, med_full_name) FROM stdin;
92	Levostrong	7.50	1.00	t	Levostrong 100ml
91	Zemovar	33.00	4.50	t	Zemovar N30 tab
90	Opsidol	30.00	4.00	t	Opsidol N30 kap
89	Soltrop	30.90	4.00	t	Soltrop N30 tab
88	Solseda	21.40	3.00	t	Solseda N30 tab
87	Kartovey	25.90	3.50	t	Kartovey N30 tab
85	Fensavin	20.90	2.50	t	Fensavin 150 ml
84	Soltep	25.90	3.50	t	Soltep N30 tab
83	Vitomer	15.00	2.00	t	Vitomer D3
82	Kalvey	22.70	3.50	t	Kalvey N30 tab
79	Betasol	26.20	4.00	t	Betasol N30 kap
80	Genosfer	21.40	3.00	t	Genosfer N30 tab
81	Serrasol	28.70	4.00	t	Serrasol N30 kap
86	Litasol	25.50	3.50	t	Litasol N30 kap
99	Heptrazol	45.00	3.00	t	Heptrazol N5 amp
98	Fesola	16.50	3.50	t	Fesola 250 ml
97	Ropsol	15.20	2.00	t	Ropsol 30ml
96	Provital	5.00	0.50	t	Provital N5 amp
95	Prostazolin	15.03	2.00	t	Prostazolin N30 kap
94	Vitomer Kids	23.66	3.00	t	Vitomer Kids 150ml
93	Opeblock	34.40	4.00	t	Opeblock N5 3amp
\.


--
-- Data for Name: order_invoice; Type: TABLE DATA; Schema: public; Owner: postgres
--

COPY public.order_invoice (id, total, created_at, pharma_id) FROM stdin;
\.


--
-- Data for Name: order_invoice_orders; Type: TABLE DATA; Schema: public; Owner: postgres
--

COPY public.order_invoice_orders (id, invoice_id, order_id) FROM stdin;
\.


--
-- Data for Name: order_order; Type: TABLE DATA; Schema: public; Owner: postgres
--

COPY public.order_order (id, quantity, total_price, date, created_at, aptek_id, drug_id) FROM stdin;
\.


--
-- Data for Name: order_stock; Type: TABLE DATA; Schema: public; Owner: postgres
--

COPY public.order_stock (id, stock_num, drug_id) FROM stdin;
\.


--
-- Data for Name: payment_monthlydoctorreport; Type: TABLE DATA; Schema: public; Owner: postgres
--

COPY public.payment_monthlydoctorreport (id, report_month, borc, avans, investisiya, hesablanan_miqdar, hekimden_silinen, yekun_borc, doctor_id, recipe_drugs_list, recipe_total_drugs, region_id) FROM stdin;
2112	2025-08-01	0	0	0	0	0	0	2476	[]	0	\N
2113	2025-08-01	0	0	0	0	0	0	2477	[]	0	\N
2397	2025-08-01	0	0	0	0	0	0.41	2769	[]	0	44
2398	2025-08-01	0	0	0	16.28	0	-10.24	2760	[{"name": "Soltrop", "count": "5.0"}, {"name": "Provital", "count": "10.0"}, {"name": "Opeblock", "count": "7.0"}]	22	44
2399	2025-08-01	0	0	0	0	0	-24.92	2763	[]	0	44
2400	2025-08-01	0	0	0	0	0	-0.61	2749	[]	0	44
2401	2025-08-01	0	0	0	0	0	64.92	2755	[]	0	44
2402	2025-08-01	0	0	0	0	0	-0.91	2745	[]	0	44
2403	2025-08-01	0	0	0	0	0	7.8	2756	[]	0	44
2404	2025-08-01	0	0	0	0	0	7.39	2764	[]	0	44
2405	2025-08-01	0	0	0	0	0	-11.64	2762	[]	0	44
2406	2025-08-01	0	0	0	0	0	-0.16	2754	[]	0	44
2407	2025-08-01	0	0	0	0	0	-0.89	2767	[]	0	44
2408	2025-08-01	0	0	0	20.37	0	250.19	2746	[{"name": "Zemovar", "count": "7.0"}, {"name": "Prostazolin", "count": "10.0"}, {"name": "Fesola", "count": "11.0"}, {"name": "Betasol", "count": "8.0"}, {"name": "Serrasol", "count": "13.0"}]	49	44
2409	2025-08-01	0	0	0	0	0	-9.28	2759	[]	0	44
2410	2025-08-01	0	0	0	0	0	-16.09	2765	[]	0	44
2411	2025-08-01	0	0	0	0	0	0	2770	[]	0	44
2412	2025-08-01	0	0	0	1.79	0	37.45	2744	[{"name": "Vitomer", "count": "25.0"}]	25	44
2413	2025-08-01	0	0	0	10.89	0	-392.14	2750	[{"name": "Solseda", "count": "4.0"}, {"name": "Soltrop", "count": "3.0"}, {"name": "Kartovey", "count": "3.0"}, {"name": "Vitomer", "count": "10.0"}, {"name": "Opeblock", "count": "6.0"}]	26	44
2414	2025-08-01	0	0	0	0	0	-0.59	2753	[]	0	44
2415	2025-08-01	0	0	0	0	0	32.76	2761	[]	0	44
2140	2025-08-01	0	0	0	0	0.06	-43.35	2541	[{"name": "Kalvey", "count": "5.00"}, {"name": "Vitomer", "count": "6.00"}]	11	\N
2141	2025-08-01	0	0	0	0	0	-0.77	2584	[]	0	\N
2142	2025-08-01	0	0	0	0	0	-7.39	2509	[]	0	\N
2143	2025-08-01	0	0	20	0	0.33	-0.6	2510	[{"name": "Vitomer Kids", "count": "6.00"}, {"name": "Fesola", "count": "4.00"}, {"name": "Betasol", "count": "6.00"}, {"name": "Ropsol", "count": "4.00"}]	20	\N
2144	2025-08-01	0	0	0	0	0	-23.46	2511	[]	0	\N
2145	2025-08-01	0	100	0	0	0.03	59.22	2544	[{"name": "Prostazolin", "count": "7.00"}, {"name": "Serrasol", "count": "9.00"}]	16	\N
2146	2025-08-01	0	0	15	0	0.08	2.01	2530	[{"name": "Fesola", "count": "1.00"}, {"name": "Ropsol", "count": "6.00"}]	7	\N
2147	2025-08-01	0	50	0	0	0.03	42.85	2508	[{"name": "Zemovar", "count": "12.00"}, {"name": "Betasol", "count": "4.00"}, {"name": "Serrasol", "count": "2.00"}]	18	\N
2148	2025-08-01	0	100	0	0	0.16	-8.39	2512	[{"name": "Solseda", "count": "20.00"}, {"name": "Opsidol", "count": "4.00"}, {"name": "Prostazolin", "count": "5.00"}, {"name": "Vitomer", "count": "6.00"}]	35	\N
2149	2025-08-01	0	0	0	0	0.01	23.76	2545	[{"name": "Serrasol", "count": "3.00"}]	3	\N
2150	2025-08-01	0	0	120	0	0.25	42.95	2546	[{"name": "Soltrop", "count": "5.00"}, {"name": "Heptrazol", "count": "5.00"}, {"name": "Betasol", "count": "5.00"}, {"name": "Serrasol", "count": "5.00"}, {"name": "Vitomer", "count": "40.00"}]	60	\N
2151	2025-08-01	0	0	30	0	0.34	-1.92	2528	[{"name": "Solseda", "count": "4.00"}, {"name": "Zemovar", "count": "3.00"}, {"name": "Heptrazol", "count": "12.00"}, {"name": "Betasol", "count": "6.00"}, {"name": "Genosfer", "count": "1.00"}, {"name": "Serrasol", "count": "2.00"}, {"name": "Vitomer", "count": "2.00"}, {"name": "Opeblock", "count": "0.20"}, {"name": "Ropsol", "count": "3.00"}]	33	\N
2152	2025-08-01	0	0	0	0	0.38	128.25	2529	[{"name": "Fensavin", "count": "3.00"}, {"name": "Serrasol", "count": "14.00"}, {"name": "Opeblock", "count": "16.00"}]	33	\N
2153	2025-08-01	0	0	40	0	0.37	8.6	2532	[{"name": "Opsidol", "count": "6.00"}, {"name": "Soltrop", "count": "4.00"}, {"name": "Heptrazol", "count": "3.00"}, {"name": "Fesola", "count": "4.00"}, {"name": "Betasol", "count": "1.00"}, {"name": "Kalvey", "count": "1.00"}, {"name": "Opeblock", "count": "7.00"}]	26	\N
2154	2025-08-01	0	0	0	0	0	0	2548	[]	0	\N
2155	2025-08-01	0	0	0	0	0	-0.5	2514	[]	0	\N
2156	2025-08-01	0	0	0	0	0	-0.13	2513	[]	0	\N
2157	2025-08-01	0	0	0	0	0.2	24.42	2550	[{"name": "Fesola", "count": "4.00"}, {"name": "Betasol", "count": "4.00"}, {"name": "Serrasol", "count": "6.00"}, {"name": "Kalvey", "count": "4.00"}, {"name": "Vitomer", "count": "6.00"}, {"name": "Levostrong", "count": "8.00"}, {"name": "Ropsol", "count": "3.00"}]	35	\N
2158	2025-08-01	0	50	0	0	0.32	12.02	2531	[{"name": "Zemovar", "count": "6.00"}, {"name": "Fensavin", "count": "4.00"}, {"name": "Heptrazol", "count": "6.00"}, {"name": "Betasol", "count": "9.00"}, {"name": "Levostrong", "count": "12.00"}]	37	\N
2159	2025-08-01	0	0	0	0	0.29	246.25	2551	[{"name": "Solseda", "count": "8.00"}, {"name": "Serrasol", "count": "13.00"}, {"name": "Kalvey", "count": "18.00"}, {"name": "Vitomer", "count": "18.00"}]	57	\N
2160	2025-08-01	0	0	15	0	0.19	5.67	2552	[{"name": "Solseda", "count": "5.00"}, {"name": "Opsidol", "count": "4.00"}, {"name": "Litasol", "count": "1.00"}, {"name": "Opeblock", "count": "2.00"}]	12	\N
2161	2025-08-01	0	0	30	0	0.48	-1.94	2553	[{"name": "Betasol", "count": "3.00"}, {"name": "Genosfer", "count": "5.00"}, {"name": "Vitomer", "count": "23.00"}, {"name": "Levostrong", "count": "10.00"}, {"name": "Ropsol", "count": "10.00"}]	51	\N
2162	2025-08-01	0	0	0	0	0	-4.68	2520	[]	0	\N
2163	2025-08-01	0	0	0	0	0	-0.22	2515	[]	0	\N
2164	2025-08-01	0	0	0	0	0	0	2516	[]	0	\N
2165	2025-08-01	0	100	0	0	0.87	138.36	2504	[{"name": "Solseda", "count": "5.00"}, {"name": "Opsidol", "count": "3.00"}, {"name": "Zemovar", "count": "6.00"}, {"name": "Soltrop", "count": "4.00"}, {"name": "Fensavin", "count": "8.00"}, {"name": "Prostazolin", "count": "6.00"}, {"name": "Fesola", "count": "3.00"}, {"name": "Kartovey", "count": "4.00"}, {"name": "Betasol", "count": "6.00"}, {"name": "Genosfer", "count": "4.00"}, {"name": "Serrasol", "count": "6.00"}, {"name": "Kalvey", "count": "4.00"}, {"name": "Vitomer", "count": "8.00"}, {"name": "Levostrong", "count": "18.00"}, {"name": "Ropsol", "count": "4.00"}]	89	\N
2166	2025-08-01	0	0	80	0	0.35	3.21	2517	[{"name": "Opsidol", "count": "3.20"}, {"name": "Zemovar", "count": "1.60"}, {"name": "Fensavin", "count": "1.00"}, {"name": "Provital", "count": "13.00"}, {"name": "Heptrazol", "count": "4.00"}, {"name": "Betasol", "count": "10.60"}, {"name": "Serrasol", "count": "4.60"}, {"name": "Kalvey", "count": "1.90"}, {"name": "Vitomer", "count": "13.00"}]	52	\N
2167	2025-08-01	0	0	40	0	0.15	-1.22	2555	[{"name": "Solseda", "count": "3.00"}, {"name": "Zemovar", "count": "6.00"}, {"name": "Prostazolin", "count": "3.00"}, {"name": "Fesola", "count": "6.00"}, {"name": "Serrasol", "count": "3.00"}, {"name": "Opeblock", "count": "3.00"}]	24	\N
2168	2025-08-01	0	0	0	0	0	-0.73	2556	[]	0	\N
2169	2025-08-01	0	0	30	0	0.52	2.65	2518	[{"name": "Opsidol", "count": "7.00"}, {"name": "Vitomer Kids", "count": "7.00"}, {"name": "Kalvey", "count": "13.10"}, {"name": "Vitomer", "count": "17.00"}, {"name": "Ropsol", "count": "2.00"}]	46	\N
2170	2025-08-01	0	0	0	0	0	-23.91	2533	[]	0	\N
2171	2025-08-01	0	0	0	0	0.35	-26.34	2505	[{"name": "Opsidol", "count": "3.00"}, {"name": "Vitomer Kids", "count": "4.00"}, {"name": "Betasol", "count": "3.00"}, {"name": "Kalvey", "count": "3.00"}, {"name": "Vitomer", "count": "2.00"}, {"name": "Ropsol", "count": "11.00"}]	26	\N
2172	2025-08-01	0	0	15	0	0.01	3.41	2519	[{"name": "Serrasol", "count": "1.00"}, {"name": "Vitomer", "count": "4.00"}]	5	\N
2173	2025-08-01	0	0	0	0	0.31	4.43	2521	[{"name": "Opsidol", "count": "12.00"}, {"name": "Soltrop", "count": "6.00"}, {"name": "Betasol", "count": "1.00"}, {"name": "Serrasol", "count": "10.00"}]	29	\N
2174	2025-08-01	0	0	0	0	0.04	-4.39	2522	[{"name": "Opeblock", "count": "2.00"}, {"name": "Ropsol", "count": "1.00"}]	3	\N
2175	2025-08-01	0	0	0	0	0	-0.73	2523	[]	0	\N
2176	2025-08-01	0	0	0	0	0.32	2.44	2525	[{"name": "Solseda", "count": "6.00"}, {"name": "Opsidol", "count": "1.00"}, {"name": "Zemovar", "count": "16.00"}, {"name": "Soltrop", "count": "4.00"}, {"name": "Heptrazol", "count": "5.00"}, {"name": "Genosfer", "count": "1.00"}, {"name": "Serrasol", "count": "4.00"}, {"name": "Kalvey", "count": "4.00"}, {"name": "Vitomer", "count": "26.00"}]	67	\N
2177	2025-08-01	0	0	0	0	0	-0.26	2506	[]	0	\N
2178	2025-08-01	0	0	0	0	0.02	-2.7	2526	[{"name": "Serrasol", "count": "6.00"}]	6	\N
2179	2025-08-01	0	0	0	0	0.06	7	2527	[{"name": "Serrasol", "count": "21.00"}]	21	\N
2180	2025-08-01	0	0	0	0	0.08	-11.98	2538	[{"name": "Solseda", "count": "3.00"}, {"name": "Opsidol", "count": "3.00"}, {"name": "Kalvey", "count": "1.00"}, {"name": "Vitomer", "count": "3.00"}]	10	\N
2181	2025-08-01	0	0	80	0	0.35	47.5	2535	[{"name": "Soltrop", "count": "5.00"}, {"name": "Serrasol", "count": "10.00"}, {"name": "Vitomer", "count": "65.00"}, {"name": "Opeblock", "count": "10.00"}]	90	\N
2182	2025-08-01	0	0	0	0	0.18	-14.79	2536	[{"name": "Soltrop", "count": "2.00"}, {"name": "Vitomer Kids", "count": "5.00"}, {"name": "Vitomer", "count": "3.00"}]	10	\N
2183	2025-08-01	0	0	40	0	0.23	7.13	2537	[{"name": "Solseda", "count": "9.00"}, {"name": "Opsidol", "count": "3.00"}, {"name": "Soltrop", "count": "12.00"}, {"name": "Vitomer", "count": "6.00"}]	30	\N
2184	2025-08-01	0	0	20	0	0.04	7.86	2539	[{"name": "Opeblock", "count": "2.60"}]	2	\N
2185	2025-08-01	0	0	0	0	0.03	10.33	2507	[{"name": "Serrasol", "count": "2.00"}, {"name": "Opeblock", "count": "2.00"}]	4	\N
2186	2025-08-01	0	0	0	0	0	12.94	2540	[{"name": "Prostazolin", "count": "8.00"}]	8	\N
2187	2025-08-01	0	100	0	0	0.07	130.51	2586	[{"name": "Solseda", "count": "1.00"}, {"name": "Zemovar", "count": "8.30"}, {"name": "Betasol", "count": "7.00"}, {"name": "Serrasol", "count": "1.00"}, {"name": "Ropsol", "count": "2.00"}]	19	\N
2188	2025-08-01	0	0	10	0	0.05	1.21	2587	[{"name": "Levostrong", "count": "27.00"}]	27	\N
2189	2025-08-01	0	0	0	0	0	0.96	2609	[]	0	\N
2190	2025-08-01	0	0	0	0	0	2.39	2590	[]	0	\N
2191	2025-08-01	0	0	0	0	0.3	23.67	2599	[{"name": "Soltrop", "count": "27.00"}]	27	\N
2192	2025-08-01	0	0	0	0	0.15	36.03	2608	[{"name": "Fesola", "count": "4.00"}, {"name": "Kartovey", "count": "2.00"}, {"name": "Vitomer", "count": "14.00"}, {"name": "Ropsol", "count": "6.00"}]	26	\N
2193	2025-08-01	0	0	15	0	0.05	1.95	2576	[{"name": "Solseda", "count": "4.00"}, {"name": "Betasol", "count": "3.00"}, {"name": "Serrasol", "count": "2.00"}, {"name": "Vitomer", "count": "3.00"}]	12	\N
2194	2025-08-01	0	0	0	0	0	-0.04	2593	[]	0	\N
2195	2025-08-01	0	0	0	0	0	-33.68	2611	[]	0	\N
2196	2025-08-01	0	0	0	0	0.01	11.09	2602	[{"name": "Zemovar", "count": "2.00"}, {"name": "Serrasol", "count": "2.00"}]	4	\N
2197	2025-08-01	0	0	40	0	0.41	9.52	2577	[{"name": "Soltep", "count": "2.00"}, {"name": "Kartovey", "count": "26.00"}, {"name": "Kalvey", "count": "3.00"}, {"name": "Opeblock", "count": "17.60"}]	48	\N
2198	2025-08-01	0	0	0	0	0.03	28.61	2578	[{"name": "Opeblock", "count": "2.20"}]	2	\N
2199	2025-08-01	0	0	0	0	0	-17.96	2597	[]	0	\N
2200	2025-08-01	0	0	0	0	0	-0.56	2557	[]	0	\N
2201	2025-08-01	0	0	0	0	0.17	-0.17	2566	[{"name": "Opsidol", "count": "3.00"}, {"name": "Zemovar", "count": "4.00"}, {"name": "Kalvey", "count": "12.00"}]	19	\N
2202	2025-08-01	0	0	0	0	0	1.26	2567	[]	0	\N
2203	2025-08-01	0	50	0	0	0.11	51.99	2596	[{"name": "Zemovar", "count": "1.00"}, {"name": "Prostazolin", "count": "3.00"}, {"name": "Provital", "count": "2.00"}, {"name": "Vitomer Kids", "count": "2.00"}, {"name": "Betasol", "count": "2.50"}, {"name": "Serrasol", "count": "1.50"}, {"name": "Vitomer", "count": "1.00"}, {"name": "Opeblock", "count": "1.00"}]	14	\N
2204	2025-08-01	0	0	0	0	0.1	-54.49	2560	[{"name": "Solseda", "count": "15.00"}, {"name": "Fensavin", "count": "1.00"}, {"name": "Prostazolin", "count": "10.00"}]	26	\N
2205	2025-08-01	0	0	200	0	1.37	31.81	2561	[{"name": "Solseda", "count": "12.00"}, {"name": "Opsidol", "count": "7.00"}, {"name": "Litasol", "count": "6.00"}, {"name": "Betasol", "count": "50.00"}, {"name": "Genosfer", "count": "1.00"}, {"name": "Serrasol", "count": "101.00"}, {"name": "Kalvey", "count": "6.00"}]	183	\N
2206	2025-08-01	0	0	40	0	0.17	8.24	2562	[{"name": "Solseda", "count": "9.00"}, {"name": "Provital", "count": "9.00"}, {"name": "Levostrong", "count": "43.00"}]	61	\N
2207	2025-08-01	0	0	0	0	0.04	-2.93	2563	[{"name": "Betasol", "count": "7.00"}]	7	\N
2208	2025-08-01	0	0	0	0	0	-0.04	2565	[]	0	\N
2209	2025-08-01	0	0	0	0	1.48	199.28	2570	[{"name": "Soltep", "count": "16.00"}, {"name": "Serrasol", "count": "11.00"}, {"name": "Kalvey", "count": "2.00"}, {"name": "Levostrong", "count": "20.00"}, {"name": "Opeblock", "count": "24.20"}]	73	\N
2210	2025-08-01	0	0	0	0	0	-2.82	2591	[]	0	\N
2211	2025-08-01	0	0	40	0	0.26	-0.25	2612	[{"name": "Solseda", "count": "11.00"}, {"name": "Opsidol", "count": "4.00"}, {"name": "Provital", "count": "11.00"}, {"name": "Kalvey", "count": "4.00"}, {"name": "Vitomer", "count": "7.00"}, {"name": "Levostrong", "count": "18.00"}]	55	\N
2212	2025-08-01	0	0	30	0	0.17	-0.49	2569	[{"name": "Fesola", "count": "4.00"}, {"name": "Betasol", "count": "1.00"}, {"name": "Serrasol", "count": "4.00"}, {"name": "Kalvey", "count": "6.00"}, {"name": "Vitomer", "count": "6.00"}, {"name": "Ropsol", "count": "2.00"}]	23	\N
2213	2025-08-01	0	0	0	0	0.14	21.69	2568	[{"name": "Solseda", "count": "4.00"}, {"name": "Soltrop", "count": "3.00"}, {"name": "Vitomer Kids", "count": "3.00"}]	10	\N
2214	2025-08-01	0	0	0	0	0.04	15.65	2558	[{"name": "Soltrop", "count": "2.00"}, {"name": "Betasol", "count": "2.00"}]	4	\N
2215	2025-08-01	0	0	0	0	0	-0.14	2600	[]	0	\N
2216	2025-08-01	0	50	0	0	0.14	8.45	2607	[{"name": "Solseda", "count": "1.00"}, {"name": "Soltrop", "count": "1.00"}, {"name": "Kartovey", "count": "1.00"}, {"name": "Betasol", "count": "3.00"}, {"name": "Genosfer", "count": "1.00"}, {"name": "Kalvey", "count": "4.00"}, {"name": "Vitomer", "count": "2.00"}]	13	\N
2217	2025-08-01	0	0	0	0	0.07	105.56	2592	[{"name": "Solseda", "count": "7.00"}, {"name": "Soltrop", "count": "4.00"}]	11	\N
2218	2025-08-01	0	0	0	0	0.27	-28.45	2573	[{"name": "Solseda", "count": "18.00"}, {"name": "Opsidol", "count": "1.00"}, {"name": "Soltrop", "count": "4.00"}, {"name": "Kartovey", "count": "24.00"}, {"name": "Kalvey", "count": "6.00"}, {"name": "Vitomer", "count": "41.00"}]	94	\N
2219	2025-08-01	0	0	0	0	0.01	-2.95	2580	[{"name": "Vitomer", "count": "7.00"}]	7	\N
2220	2025-08-01	0	0	0	0	0	-0.04	2581	[]	0	\N
2221	2025-08-01	0	0	0	0	0	-0.73	2574	[]	0	\N
2222	2025-08-01	0	0	30	0	0.17	-4.91	2572	[{"name": "Zemovar", "count": "1.00"}, {"name": "Soltrop", "count": "5.00"}, {"name": "Betasol", "count": "5.00"}, {"name": "Opeblock", "count": "2.00"}, {"name": "Ropsol", "count": "5.00"}]	18	\N
2223	2025-08-01	0	0	0	0	0.24	-12.05	2594	[{"name": "Soltrop", "count": "2.00"}, {"name": "Soltep", "count": "3.00"}, {"name": "Kalvey", "count": "2.00"}]	7	\N
2224	2025-08-01	0	0	0	0	0	-21.54	2579	[]	0	\N
2225	2025-08-01	0	0	0	0	0	-0.02	2601	[]	0	\N
2226	2025-08-01	0	0	0	0	0	-0.65	2610	[]	0	\N
2227	2025-08-01	0	0	0	0	0.3	8.99	2575	[{"name": "Soltrop", "count": "3.00"}, {"name": "Fensavin", "count": "4.00"}, {"name": "Ropsol", "count": "11.00"}]	18	\N
2228	2025-08-01	0	0	0	0	0.09	82.84	2588	[{"name": "Fesola", "count": "1.00"}, {"name": "Serrasol", "count": "26.00"}]	27	\N
2229	2025-08-01	0	0	0	0	0	16.86	2605	[]	0	\N
2230	2025-08-01	0	0	260	0	0.58	21.81	2606	[{"name": "Solseda", "count": "41.00"}, {"name": "Opsidol", "count": "6.00"}, {"name": "Betasol", "count": "18.00"}, {"name": "Serrasol", "count": "14.00"}, {"name": "Kalvey", "count": "12.00"}, {"name": "Vitomer", "count": "15.00"}]	106	\N
2231	2025-08-01	0	0	0	0	0	1.32	2582	[]	0	\N
2232	2025-08-01	0	0	40	0	0.27	8.4	2598	[{"name": "Zemovar", "count": "13.00"}, {"name": "Heptrazol", "count": "11.00"}, {"name": "Serrasol", "count": "11.00"}, {"name": "Levostrong", "count": "36.00"}]	71	\N
2233	2025-08-01	0	50	0	0	0.14	80.91	2585	[{"name": "Opsidol", "count": "1.60"}, {"name": "Zemovar", "count": "4.00"}, {"name": "Heptrazol", "count": "3.00"}, {"name": "Fesola", "count": "2.00"}, {"name": "Serrasol", "count": "2.00"}, {"name": "Vitomer", "count": "7.00"}, {"name": "Opeblock", "count": "1.00"}]	20	\N
2234	2025-08-01	0	0	350	0	0.63	2.04	2603	[{"name": "Fensavin", "count": "1.00"}, {"name": "Provital", "count": "1.00"}, {"name": "Fesola", "count": "18.00"}, {"name": "Serrasol", "count": "75.00"}, {"name": "Vitomer", "count": "13.00"}, {"name": "Opeblock", "count": "3.00"}, {"name": "Ropsol", "count": "2.00"}]	113	\N
2235	2025-08-01	0	0	0	0	0	-1.25	2626	[]	0	\N
2236	2025-08-01	0	0	0	0	0	-0.59	2630	[]	0	\N
2416	2025-08-01	0	0	0	0	0	-0.53	2766	[]	0	44
2237	2025-08-01	0	0	0	0	0.51	-117.03	2631	[{"name": "Opsidol", "count": "10.60"}, {"name": "Zemovar", "count": "16.00"}, {"name": "Soltrop", "count": "6.00"}, {"name": "Kartovey", "count": "1.00"}, {"name": "Betasol", "count": "30.30"}, {"name": "Serrasol", "count": "7.00"}, {"name": "Kalvey", "count": "1.00"}, {"name": "Opeblock", "count": "2.90"}]	74	\N
2238	2025-08-01	0	0	0	0	0.21	266.16	2632	[{"name": "Solseda", "count": "5.00"}, {"name": "Kartovey", "count": "7.00"}, {"name": "Kalvey", "count": "11.00"}, {"name": "Levostrong", "count": "5.00"}, {"name": "Opeblock", "count": "5.00"}]	33	\N
2239	2025-08-01	0	0	25	0	0.25	0.24	2637	[{"name": "Solseda", "count": "2.00"}, {"name": "Soltrop", "count": "9.00"}, {"name": "Provital", "count": "2.00"}, {"name": "Heptrazol", "count": "4.00"}, {"name": "Vitomer Kids", "count": "2.00"}, {"name": "Vitomer", "count": "5.00"}]	24	\N
2240	2025-08-01	0	0	15	0	0	-0.06	2615	[{"name": "Zemovar", "count": "3.00"}, {"name": "Prostazolin", "count": "4.00"}]	7	\N
2241	2025-08-01	0	100	0	0	0.16	137.51	2616	[{"name": "Solseda", "count": "11.00"}, {"name": "Zemovar", "count": "12.00"}, {"name": "Kartovey", "count": "5.00"}, {"name": "Betasol", "count": "11.00"}, {"name": "Serrasol", "count": "10.00"}, {"name": "Vitomer", "count": "9.00"}]	58	\N
2242	2025-08-01	0	0	0	0	0	-5.1	2595	[]	0	\N
2243	2025-08-01	0	0	0	0	0.13	43.47	2559	[{"name": "Kartovey", "count": "5.00"}, {"name": "Opeblock", "count": "9.40"}]	14	\N
2244	2025-08-01	0	0	0	0	0	-2.9	2627	[]	0	\N
2245	2025-08-01	0	0	15	0	0.03	6.04	2554	[{"name": "Solseda", "count": "3.00"}, {"name": "Opsidol", "count": "1.00"}]	4	\N
2246	2025-08-01	0	0	0	0	0	-26.35	2618	[]	0	\N
2247	2025-08-01	0	0	40	0	0.34	-7.22	2619	[{"name": "Vitomer Kids", "count": "9.00"}, {"name": "Fesola", "count": "2.00"}, {"name": "Kalvey", "count": "1.00"}, {"name": "Vitomer", "count": "13.00"}]	25	\N
2248	2025-08-01	0	0	0	0	0.1	-19.57	2633	[{"name": "Solseda", "count": "9.00"}, {"name": "Fesola", "count": "4.00"}]	13	\N
2249	2025-08-01	0	0	0	0	0.61	191.29	2571	[{"name": "Solseda", "count": "2.00"}, {"name": "Zemovar", "count": "10.00"}, {"name": "Soltrop", "count": "5.00"}, {"name": "Fensavin", "count": "4.00"}, {"name": "Prostazolin", "count": "1.00"}, {"name": "Fesola", "count": "2.00"}, {"name": "Betasol", "count": "1.00"}, {"name": "Genosfer", "count": "4.00"}, {"name": "Serrasol", "count": "11.00"}, {"name": "Kalvey", "count": "3.00"}, {"name": "Vitomer", "count": "17.00"}, {"name": "Levostrong", "count": "14.00"}, {"name": "Ropsol", "count": "2.00"}]	76	\N
2250	2025-08-01	0	0	10	0	0.14	12.88	2636	[{"name": "Prostazolin", "count": "2.00"}, {"name": "Heptrazol", "count": "8.00"}, {"name": "Betasol", "count": "2.00"}, {"name": "Vitomer", "count": "2.00"}]	14	\N
2251	2025-08-01	0	0	0	0	0	-0.15	2634	[]	0	\N
2252	2025-08-01	0	0	30	0	0.08	3.19	2524	[{"name": "Soltrop", "count": "3.00"}, {"name": "Serrasol", "count": "14.00"}]	17	\N
2253	2025-08-01	0	100	0	0	0.29	77.21	2589	[{"name": "Solseda", "count": "4.00"}, {"name": "Zemovar", "count": "2.00"}, {"name": "Fensavin", "count": "2.00"}, {"name": "Provital", "count": "1.00"}, {"name": "Kartovey", "count": "4.00"}, {"name": "Betasol", "count": "4.00"}, {"name": "Serrasol", "count": "1.00"}, {"name": "Vitomer", "count": "2.00"}, {"name": "Opeblock", "count": "8.00"}, {"name": "Ropsol", "count": "4.00"}]	32	\N
2254	2025-08-01	0	0	30	0	0.11	8	2534	[{"name": "Soltrop", "count": "5.00"}, {"name": "Prostazolin", "count": "3.00"}, {"name": "Serrasol", "count": "4.00"}, {"name": "Opeblock", "count": "3.00"}]	15	\N
2255	2025-08-01	0	50	0	0	0.32	25.09	2620	[{"name": "Vitomer Kids", "count": "1.00"}, {"name": "Fesola", "count": "15.00"}, {"name": "Vitomer", "count": "30.00"}, {"name": "Opeblock", "count": "1.00"}]	47	\N
2256	2025-08-01	0	0	15	0	0.08	1.59	2617	[{"name": "Solseda", "count": "15.00"}, {"name": "Zemovar", "count": "9.00"}, {"name": "Serrasol", "count": "2.00"}, {"name": "Opeblock", "count": "1.00"}]	27	\N
2257	2025-08-01	0	0	0	0	0	0	2621	[]	0	\N
2258	2025-08-01	0	0	0	0	0	-0.16	2622	[]	0	\N
2259	2025-08-01	0	0	0	0	0.1	-91.61	2614	[{"name": "Zemovar", "count": "16.00"}, {"name": "Soltrop", "count": "7.00"}, {"name": "Prostazolin", "count": "5.00"}, {"name": "Kartovey", "count": "8.00"}, {"name": "Serrasol", "count": "6.00"}, {"name": "Vitomer", "count": "1.00"}]	43	\N
2260	2025-08-01	0	50	0	0	0.11	40.65	2604	[{"name": "Solseda", "count": "3.00"}, {"name": "Heptrazol", "count": "1.00"}, {"name": "Fesola", "count": "4.00"}, {"name": "Betasol", "count": "1.00"}, {"name": "Serrasol", "count": "4.00"}]	13	\N
2261	2025-08-01	0	300	0	0	0.7	287.09	2542	[{"name": "Solseda", "count": "13.20"}, {"name": "Opsidol", "count": "19.90"}, {"name": "Betasol", "count": "19.40"}, {"name": "Serrasol", "count": "47.30"}, {"name": "Kalvey", "count": "3.70"}]	103	\N
2262	2025-08-01	0	0	100	0	1.45	0.73	2543	[{"name": "Litasol", "count": "14.00"}, {"name": "Fesola", "count": "16.00"}, {"name": "Betasol", "count": "8.00"}, {"name": "Serrasol", "count": "26.00"}, {"name": "Levostrong", "count": "17.00"}]	81	\N
2263	2025-08-01	0	100	0	0	0.84	115.39	2547	[{"name": "Solseda", "count": "3.00"}, {"name": "Zemovar", "count": "8.00"}, {"name": "Fensavin", "count": "2.00"}, {"name": "Soltep", "count": "3.00"}, {"name": "Heptrazol", "count": "12.00"}, {"name": "Fesola", "count": "7.00"}, {"name": "Betasol", "count": "5.00"}, {"name": "Genosfer", "count": "3.00"}, {"name": "Serrasol", "count": "7.00"}, {"name": "Vitomer", "count": "13.00"}, {"name": "Levostrong", "count": "15.00"}]	78	\N
2264	2025-08-01	0	0	0	0	0	2.33	2625	[]	0	\N
2265	2025-08-01	0	0	0	0	0.12	161.43	2624	[{"name": "Opsidol", "count": "4.00"}, {"name": "Serrasol", "count": "17.00"}]	21	\N
2266	2025-08-01	0	0	0	0	0	-8.81	2635	[]	0	\N
2267	2025-08-01	0	300	0	0	0.83	360.04	2613	[{"name": "Solseda", "count": "49.00"}, {"name": "Zemovar", "count": "67.00"}, {"name": "Soltrop", "count": "14.00"}, {"name": "Fesola", "count": "4.00"}, {"name": "Betasol", "count": "25.00"}, {"name": "Serrasol", "count": "46.00"}, {"name": "Kalvey", "count": "9.00"}, {"name": "Vitomer", "count": "6.00"}]	220	\N
2268	2025-08-01	0	0	0	0	0.29	-5.62	2583	[{"name": "Solseda", "count": "3.00"}, {"name": "Zemovar", "count": "7.00"}, {"name": "Fensavin", "count": "1.00"}, {"name": "Prostazolin", "count": "1.00"}, {"name": "Fesola", "count": "2.00"}, {"name": "Betasol", "count": "2.00"}, {"name": "Genosfer", "count": "2.00"}, {"name": "Serrasol", "count": "3.00"}, {"name": "Kalvey", "count": "4.00"}, {"name": "Opeblock", "count": "2.00"}, {"name": "Ropsol", "count": "1.00"}]	28	\N
2269	2025-08-01	0	0	0	0	0	0	2623	[]	0	\N
2270	2025-08-01	0	0	0	0	0	0	2638	[]	0	\N
2271	2025-08-01	0	300	0	0	0.87	298.41	2549	[{"name": "Solseda", "count": "14.00"}, {"name": "Zemovar", "count": "11.00"}, {"name": "Soltrop", "count": "18.00"}, {"name": "Heptrazol", "count": "14.00"}, {"name": "Betasol", "count": "15.00"}, {"name": "Genosfer", "count": "2.00"}, {"name": "Serrasol", "count": "7.00"}, {"name": "Kalvey", "count": "11.00"}, {"name": "Vitomer", "count": "27.00"}]	119	\N
2272	2025-08-01	0	0	0	0	0	0	2628	[]	0	\N
2273	2025-08-01	0	0	0	0	0.15	-10.25	2629	[{"name": "Vitomer Kids", "count": "5.00"}]	5	\N
2274	2025-08-01	0	0	0	0	0	0.11	2564	[]	0	\N
2417	2025-08-01	0	0	0	29.22	0	142.39	2840	[{"name": "Solseda", "count": "1.0"}, {"name": "Zemovar", "count": "42.0"}, {"name": "Soltrop", "count": "1.0"}, {"name": "Heptrazol", "count": "2.0"}, {"name": "Fesola", "count": "4.0"}, {"name": "Kartovey", "count": "2.0"}, {"name": "Genosfer", "count": "3.0"}, {"name": "Serrasol", "count": "9.0"}]	64	44
2418	2025-08-01	0	0	0	0.33	0	31.5	2790	[{"name": "Zemovar", "count": "1.0"}, {"name": "Betasol", "count": "3.0"}]	4	44
2419	2025-08-01	0	0	0	6.49	0	84.54	2780	[{"name": "Solseda", "count": "12.0"}, {"name": "Serrasol", "count": "6.0"}, {"name": "Kalvey", "count": "1.0"}, {"name": "Vitomer", "count": "4.0"}]	23	44
2420	2025-08-01	0	0	0	36.91	0	56.78	2747	[{"name": "Solseda", "count": "32.0"}, {"name": "Opsidol", "count": "17.0"}, {"name": "Zemovar", "count": "16.0"}, {"name": "Soltrop", "count": "4.0"}, {"name": "Betasol", "count": "5.0"}, {"name": "Opeblock", "count": "5.0"}]	79	44
2421	2025-08-01	0	0	0	0	0	-2.3	2751	[]	0	44
2422	2025-08-01	0	0	0	0	0	-2.3	2752	[]	0	44
2423	2025-08-01	0	0	0	0	0	-15.69	2758	[]	0	44
2424	2025-08-01	0	0	0	0	0	-0.1	2835	[]	0	44
2425	2025-08-01	0	0	0	0	0	9.01	2792	[]	0	44
2426	2025-08-01	0	0	0	0	0	0	2837	[]	0	44
2427	2025-08-01	0	0	0	0	0	-0.84	2793	[]	0	44
2428	2025-08-01	0	0	0	2.81	0	-4.9	2827	[{"name": "Soltrop", "count": "6.0"}]	6	44
2429	2025-08-01	0	0	0	51.35	0	56.09	2794	[{"name": "Fensavin", "count": "3.0"}, {"name": "Vitomer Kids", "count": "1.0"}, {"name": "Vitomer", "count": "4.0"}, {"name": "Levostrong", "count": "50.0"}]	58	44
2430	2025-08-01	0	0	0	0	0	1.82	2795	[]	0	44
2431	2025-08-01	0	0	0	11	0	152.41	2828	[{"name": "Vitomer Kids", "count": "5.0"}, {"name": "Vitomer", "count": "41.0"}, {"name": "Ropsol", "count": "18.0"}]	64	44
2432	2025-08-01	0	0	0	0	0	31.9	2836	[]	0	44
2433	2025-08-01	0	0	0	0	0	-12.79	2829	[]	0	44
2434	2025-08-01	0	0	0	0	0	33.52	2833	[]	0	44
2435	2025-08-01	0	0	0	0	0	-50.38	2825	[]	0	44
2436	2025-08-01	0	0	0	8.19	0	2.85	2830	[{"name": "Solseda", "count": "1.0"}, {"name": "Opsidol", "count": "4.0"}, {"name": "Zemovar", "count": "7.0"}, {"name": "Soltrop", "count": "5.0"}, {"name": "Fensavin", "count": "1.0"}, {"name": "Prostazolin", "count": "1.0"}, {"name": "Heptrazol", "count": "2.0"}, {"name": "Opeblock", "count": "2.0"}]	23	44
2437	2025-08-01	0	0	0	2.07	0	-0.15	2801	[{"name": "Provital", "count": "2.0"}, {"name": "Kartovey", "count": "3.0"}]	5	44
2438	2025-08-01	0	0	0	11.88	0	88.16	2784	[{"name": "Vitomer", "count": "120.0"}]	120	44
2439	2025-08-01	0	0	0	0	0	0	2772	[]	0	44
2440	2025-08-01	0	0	0	0	0	-13.79	2804	[]	0	44
2441	2025-08-01	0	0	0	0	0	-0.28	2768	[]	0	44
2442	2025-08-01	0	0	0	33.83	0	-72.48	2831	[{"name": "Solseda", "count": "3.0"}, {"name": "Soltrop", "count": "15.0"}, {"name": "Provital", "count": "30.0"}]	48	44
2443	2025-08-01	0	0	0	1.9	0	18.54	2774	[{"name": "Zemovar", "count": "3.0"}, {"name": "Betasol", "count": "3.0"}, {"name": "Serrasol", "count": "2.0"}, {"name": "Vitomer", "count": "4.0"}]	12	44
2444	2025-08-01	0	0	0	0	0	77.2	2773	[]	0	44
2445	2025-08-01	0	0	0	14.26	0	45.68	2805	[{"name": "Soltrop", "count": "22.0"}]	22	44
2446	2025-08-01	0	0	0	0	0	13.33	2823	[]	0	44
2447	2025-08-01	0	0	0	33.12	0	342.14	2824	[{"name": "Solseda", "count": "19.0"}, {"name": "Zemovar", "count": "18.0"}, {"name": "Soltrop", "count": "15.0"}, {"name": "Fesola", "count": "6.0"}, {"name": "Kartovey", "count": "4.0"}, {"name": "Serrasol", "count": "1.0"}, {"name": "Vitomer", "count": "16.0"}]	79	44
2448	2025-08-01	0	0	0	0	0	0	2775	[]	0	44
2449	2025-08-01	0	0	0	0	0	81.93	2796	[]	0	44
2450	2025-08-01	0	0	0	21.29	0	133.54	2797	[{"name": "Solseda", "count": "5.0"}, {"name": "Zemovar", "count": "20.0"}, {"name": "Soltrop", "count": "15.0"}]	40	44
2451	2025-08-01	0	0	0	0	0	0	2771	[]	0	44
2452	2025-08-01	0	0	0	0	0	-0.01	2798	[]	0	44
2453	2025-08-01	0	0	0	4.43	0	-84.65	2783	[{"name": "Prostazolin", "count": "6.0"}]	6	44
2454	2025-08-01	0	0	0	0	0	56.37	2799	[]	0	44
2455	2025-08-01	0	0	0	0	0	-0.33	2800	[]	0	44
2456	2025-08-01	0	0	0	0	0	-0.93	2781	[]	0	44
2457	2025-08-01	0	0	0	11.29	0	29.95	2806	[{"name": "Solseda", "count": "9.0"}, {"name": "Soltrop", "count": "1.0"}, {"name": "Kartovey", "count": "2.0"}, {"name": "Genosfer", "count": "1.0"}, {"name": "Opeblock", "count": "6.0"}]	19	44
2458	2025-08-01	0	0	0	0	0	0.17	2838	[]	0	44
2459	2025-08-01	0	0	0	0	0	0	2809	[{"name": "Betasol", "count": "29.0"}]	29	44
2460	2025-08-01	0	0	0	1.26	0	-3.22	2807	[{"name": "Solseda", "count": "1.0"}, {"name": "Opeblock", "count": "1.0"}]	2	44
2461	2025-08-01	0	0	0	0	0	-3.2	2786	[]	0	44
2462	2025-08-01	0	0	0	0	0	-0.66	2785	[]	0	44
2463	2025-08-01	0	0	0	0	0	-0.6	2803	[]	0	44
2464	2025-08-01	0	0	0	25.71	0	157.92	2802	[{"name": "Solseda", "count": "16.0"}, {"name": "Opsidol", "count": "14.0"}, {"name": "Kartovey", "count": "5.0"}, {"name": "Opeblock", "count": "12.0"}]	47	44
2465	2025-08-01	0	0	0	14.22	0	100.44	2808	[{"name": "Solseda", "count": "16.0"}, {"name": "Opsidol", "count": "1.0"}, {"name": "Zemovar", "count": "4.0"}, {"name": "Soltrop", "count": "1.0"}, {"name": "Serrasol", "count": "4.0"}, {"name": "Kalvey", "count": "4.0"}, {"name": "Vitomer", "count": "8.0"}]	38	44
2466	2025-08-01	0	0	0	0	0	-0.22	2832	[]	0	44
2467	2025-08-01	0	0	0	0	0	-1.13	2810	[]	0	44
2468	2025-08-01	0	0	0	0	0	-0.65	2776	[]	0	44
2469	2025-08-01	0	0	0	0	0	0	2811	[]	0	44
2470	2025-08-01	0	0	0	0.89	0	22.66	2812	[{"name": "Zemovar", "count": "1.0"}, {"name": "Serrasol", "count": "1.0"}]	2	44
2471	2025-08-01	0	0	0	0	0	0	2814	[]	0	44
2472	2025-08-01	0	0	0	0	0	-27.99	2834	[]	0	44
2473	2025-08-01	0	0	0	0	0	-1.74	2816	[]	0	44
2474	2025-08-01	0	0	0	0	0	11.38	2815	[]	0	44
2475	2025-08-01	0	0	0	8.21	0	-49.62	2817	[{"name": "Solseda", "count": "5.0"}, {"name": "Soltrop", "count": "3.0"}, {"name": "Kartovey", "count": "8.0"}, {"name": "Kalvey", "count": "1.0"}]	17	44
2476	2025-08-01	0	0	0	17.64	0	-17.36	2839	[{"name": "Opsidol", "count": "20.0"}, {"name": "Prostazolin", "count": "8.0"}, {"name": "Heptrazol", "count": "4.0"}, {"name": "Kartovey", "count": "2.0"}, {"name": "Betasol", "count": "10.0"}, {"name": "Kalvey", "count": "4.0"}]	48	44
2477	2025-08-01	0	0	0	0	0	-0.7	2778	[]	0	44
2478	2025-08-01	0	0	0	0	0	41.87	2779	[]	0	44
2479	2025-08-01	0	0	0	0	0	-10.24	2788	[]	0	44
2371	2025-08-01	0	0	0	0	0	110.6	2886	[]	0	28
2372	2025-08-01	0	0	0	0	0	92.17	2887	[]	0	28
2373	2025-08-01	0	0	60	53.44	0	-0.22	2888	[{"name": "Provital", "count": "34.0"}, {"name": "Opeblock", "count": "10.0"}]	44	28
2374	2025-08-01	0	0	0	15.32	0	-4.43	2889	[{"name": "Zemovar", "count": "5.0"}, {"name": "Prostazolin", "count": "6.0"}, {"name": "Opeblock", "count": "19.0"}]	30	28
2375	2025-08-01	0	0	0	0	0	41.32	2890	[]	0	28
2376	2025-08-01	0	0	0	0	0	100	2875	[]	0	28
2377	2025-08-01	0	0	0	0	0	28.51	2881	[]	0	28
2378	2025-08-01	0	0	0	9.29	0	31.92	2882	[{"name": "Serrasol", "count": "24.0"}]	24	28
2379	2025-08-01	0	0	0	0	0	5.15	2870	[]	0	28
2380	2025-08-01	0	0	0	0	0	30.31	2867	[]	0	28
2381	2025-08-01	0	0	0	0	0	7.01	2871	[]	0	28
2382	2025-08-01	0	0	0	0	0	94	2883	[]	0	28
2383	2025-08-01	0	0	0	0	0	9.66	2873	[]	0	28
2384	2025-08-01	0	0	0	0	0	4.53	2872	[]	0	28
2385	2025-08-01	0	0	0	18.23	0	9.49	2884	[{"name": "Opsidol", "count": "5.0"}, {"name": "Prostazolin", "count": "4.0"}, {"name": "Kartovey", "count": "4.0"}, {"name": "Serrasol", "count": "12.0"}, {"name": "Opeblock", "count": "17.0"}]	42	28
2386	2025-08-01	0	0	0	0	0	-6.92	2868	[]	0	28
2387	2025-08-01	0	0	0	0	0	0	2885	[]	0	28
2388	2025-08-01	0	0	0	0	0	76.1	2878	[]	0	28
2389	2025-08-01	0	0	0	0	0	-7.69	2879	[]	0	28
2390	2025-08-01	0	0	0	0	0	-4.01	2876	[]	0	28
2391	2025-08-01	0	0	0	0	0	13.23	2891	[]	0	28
2392	2025-08-01	0	0	0	0	0	9.36	2877	[]	0	28
2393	2025-08-01	0	0	0	4.61	0	32.53	2892	[{"name": "Zemovar", "count": "16.0"}]	16	28
2394	2025-08-01	0	0	0	0	0	159.92	2880	[]	0	28
2395	2025-08-01	0	0	0	0	0	0	2869	[]	0	28
2396	2025-08-01	0	0	0	0	0	-10.57	2874	[]	0	28
2480	2025-08-01	0	0	0	183.73	0	746.68	2787	[{"name": "Solseda", "count": "20.0"}, {"name": "Zemovar", "count": "32.0"}, {"name": "Soltrop", "count": "18.0"}, {"name": "Soltep", "count": "2.0"}, {"name": "Prostazolin", "count": "20.0"}, {"name": "Kartovey", "count": "75.0"}, {"name": "Betasol", "count": "6.0"}, {"name": "Serrasol", "count": "7.0"}, {"name": "Kalvey", "count": "1.0"}, {"name": "Levostrong", "count": "50.0"}, {"name": "Opeblock", "count": "55.0"}]	286	44
2481	2025-08-01	0	0	0	0	0	-5.27	2818	[]	0	44
2482	2025-08-01	0	0	0	22.37	0	-60.52	2819	[{"name": "Prostazolin", "count": "25.0"}, {"name": "Opeblock", "count": "5.0"}]	30	44
2483	2025-08-01	0	0	0	7.71	0	97.41	2821	[{"name": "Solseda", "count": "2.0"}, {"name": "Soltrop", "count": "15.0"}]	17	44
2484	2025-08-01	0	0	0	0	0	-0.8	2820	[]	0	44
2485	2025-08-01	0	0	0	24.91	0	105.2	2826	[{"name": "Zemovar", "count": "8.0"}, {"name": "Prostazolin", "count": "20.0"}, {"name": "Serrasol", "count": "15.0"}]	43	44
2486	2025-08-01	0	0	0	0	0	2.19	2791	[]	0	44
2487	2025-08-01	0	0	0	52.15	0	15.26	2782	[{"name": "Solseda", "count": "33.0"}, {"name": "Soltrop", "count": "20.0"}, {"name": "Provital", "count": "6.0"}, {"name": "Kartovey", "count": "2.0"}, {"name": "Opeblock", "count": "23.0"}]	84	44
2488	2025-08-01	0	0	0	0	0	-7.58	2748	[]	0	44
2489	2025-08-01	0	0	0	0	0	-0.27	2813	[]	0	44
2490	2025-08-01	0	0	0	0	0	6.72	2777	[]	0	44
2491	2025-08-01	0	0	0	5.62	0	10.41	2757	[{"name": "Betasol", "count": "3.0"}, {"name": "Serrasol", "count": "13.0"}]	16	44
2492	2025-08-01	0	0	0	1.22	0	15.6	2822	[{"name": "Kartovey", "count": "2.0"}, {"name": "Opeblock", "count": "1.0"}]	3	44
\.


--
-- Data for Name: payment_payment; Type: TABLE DATA; Schema: public; Owner: postgres
--

COPY public.payment_payment (created_at, id, paid, pharm_id, order_id) FROM stdin;
\.


--
-- Data for Name: payment_payment_doctor; Type: TABLE DATA; Schema: public; Owner: postgres
--

COPY public.payment_payment_doctor (id, payment_type, pay, date, doctor_id, area_id) FROM stdin;
9	Avans	100.00	2025-08-25	2615	25
10	İnvest	10.00	2025-08-25	2616	25
11	Geri_qaytarma	90.00	2025-08-25	2565	25
12	Avans	100.00	2025-09-01	2476	47
13	İnvest	10.00	2025-09-01	2477	47
14	İnvest	60.00	2025-08-31	2888	28
15	Avans	250.00	2025-08-31	2746	44
16	Avans	100.00	2025-08-31	2747	44
17	İnvest	20.00	2025-08-31	2757	44
18	İnvest	250.00	2025-08-31	2782	44
19	Avans	250.00	2025-08-31	2784	44
20	Avans	700.00	2025-08-31	2787	44
21	Avans	100.00	2025-08-31	2840	44
22	Avans	50.00	2025-08-31	2790	44
23	Avans	200.00	2025-08-31	2802	44
24	Avans	50.00	2025-08-31	2806	44
25	Avans	100.00	2025-08-31	2819	44
26	Avans	50.00	2025-08-31	2821	44
27	Avans	200.00	2025-08-31	2824	44
31	İnvest	80.00	2025-08-16	3014	38
\.


--
-- Data for Name: payment_sale; Type: TABLE DATA; Schema: public; Owner: postgres
--

COPY public.payment_sale (id, quantity, sale_date, drug_id, region_id) FROM stdin;
154	95	2025-08-07	79	25
155	4	2025-08-07	85	25
156	8	2025-08-07	98	25
157	5	2025-08-07	80	25
158	3	2025-08-07	99	25
159	66	2025-08-07	82	25
160	88	2025-08-07	92	25
161	5	2025-08-07	86	25
162	22	2025-08-07	93	25
163	4	2025-08-07	90	25
164	66	2025-08-07	96	25
165	5	2025-08-07	97	25
166	77	2025-08-07	81	25
167	44	2025-08-07	88	25
168	125	2025-08-07	84	25
169	6	2025-08-07	89	25
170	22	2025-08-07	83	25
171	88	2025-08-07	94	25
172	8	2025-09-02	98	44
173	3	2025-09-02	80	44
174	1	2025-09-02	99	44
175	3	2025-09-02	82	44
176	48	2025-09-02	87	44
177	100	2025-09-02	92	44
178	96	2025-09-02	93	44
179	25	2025-09-02	90	44
180	66	2025-09-02	95	44
181	36	2025-09-02	96	44
182	2	2025-09-02	97	44
183	30	2025-09-02	81	44
184	83	2025-09-02	88	44
185	3	2025-09-02	84	44
186	92	2025-09-02	89	44
187	23	2025-09-02	83	44
188	6	2025-09-02	94	44
189	72	2025-09-02	91	44
190	1	2025-09-03	87	28
191	25	2025-09-03	93	28
192	1	2025-09-03	90	28
193	6	2025-09-03	95	28
194	48	2025-09-03	96	28
195	14	2025-09-03	81	28
196	6	2025-09-03	91	28
238	4	2025-08-31	79	38
239	5	2025-08-31	98	38
240	2	2025-08-31	80	38
241	60	2025-08-31	92	38
242	13	2025-08-31	93	38
243	3	2025-08-31	90	38
244	2	2025-08-31	95	38
245	37	2025-08-31	96	38
246	1	2025-08-31	97	38
247	19	2025-08-31	81	38
248	2	2025-08-31	88	38
249	9	2025-08-31	89	38
250	1	2025-08-31	94	38
251	6	2025-08-31	91	38
\.


--
-- Data for Name: payments_monthlydoctorreport; Type: TABLE DATA; Schema: public; Owner: postgres
--

COPY public.payments_monthlydoctorreport (id, report_month, borc, avans, investisiya, hesablanan_miqdar, hekimden_silinen, yekun_borc, recipe_total_drugs, recipe_drugs_list, doctor_id, region_id) FROM stdin;
\.


--
-- Data for Name: payments_payment_doctor; Type: TABLE DATA; Schema: public; Owner: postgres
--

COPY public.payments_payment_doctor (id, payment_type, pay, date, area_id, doctor_id) FROM stdin;
\.


--
-- Data for Name: pharmach_pharm; Type: TABLE DATA; Schema: public; Owner: postgres
--

COPY public.pharmach_pharm (id, name, location, phone, note, barkod, debt) FROM stdin;
\.


--
-- Data for Name: regions_city; Type: TABLE DATA; Schema: public; Owner: postgres
--

COPY public.regions_city (id, city_name, region_id) FROM stdin;
1	agjabadi	21
2	ganja	22
3	gazakh	22
4	naftalan	22
5	ismayilli	25
6	oguz	25
7	zagatala	31
8	qakh	31
9	balakan	31
10	shaki	31
\.


--
-- Data for Name: regions_hospital; Type: TABLE DATA; Schema: public; Owner: postgres
--

COPY public.regions_hospital (id, hospital_name, region_net_id, city_id) FROM stdin;
21	Bakı	34	\N
22	16 U.P	38	\N
23	23 POL	38	\N
24	Zığ Pol	38	\N
25	Zığ tibb mərkəzi	38	\N
26	38 POL	39	\N
27	6 № Ş.P	39	\N
28	BMP	39	\N
29	Diaqnoz T/M	39	\N
30	Medika klinikas;	39	\N
31	Sokrat KL	39	\N
32	Əhmədli Tibb Mərkəzi	39	\N
33	18 BŞX	40	\N
34	18 POL	40	\N
35	2 saylı DZD	40	\N
36	26 POL	40	\N
37	4 UP	40	\N
38	4 saylı vərəm	40	\N
39	44 POL	40	\N
40	7 saylı Doğum evi	40	\N
41	Bakı 2 DZD	40	\N
42	Bakı 4 VƏD	40	\N
43	Bakı 8 Q/M	40	\N
44	Bakı 8/qm	40	\N
45	Bakı Ankara klinik.	40	\N
46	Bakı Banadea klinik.	40	\N
47	Bakı Miamed klinik.	40	\N
48	Bakı Nəbz klinik.	40	\N
49	Bakı Xəzər klinik.	40	\N
50	Bakı ƏTAİ	40	\N
51	HTZ	40	\N
52	LoğMed	40	\N
53	Loğman klinikası	40	\N
54	Memorial	40	\N
55	Miamed	40	\N
56	Xəzər Klinikası	40	\N
57	15 POL	33	\N
58	20 POL	33	\N
59	35 POL	33	\N
60	Abşeron Xəstəxanası	33	\N
61	Apollo	33	\N
62	Bakı Medikus klinik.	33	\N
63	Bakı Nəsrəddin Tusi klinik.	33	\N
64	Bakı Onkologiya X.	33	\N
65	Bakı RKX	33	\N
66	Bakı Real	33	\N
67	Bakı Vərəm dispanseri	33	\N
68	Bakı Xırdalan pol.	33	\N
69	Biləcəri 15 POL	33	\N
70	Biləcəri 2 DYP	33	\N
71	Binəqədi 35 POL	33	\N
72	Central Labs klinikası	33	\N
73	Eksprimentalni xəst.	33	\N
74	Göz İnustutu	33	\N
75	Müşviq 13№ POL	33	\N
76	Məlikov Xəs.	33	\N
77	Olimp klinikası	33	\N
78	RKX	33	\N
79	Spera Hospital	33	\N
80	Xocasən Pol	33	\N
81	Xocasən SM	33	\N
82	Xırdalan LabCenter kl	33	\N
83	Xırdalan POL	33	\N
84	Xırdalan Tibb Mərkəzi	33	\N
85	Xırdalan pol.	33	\N
86	Xırdalan poliklinik.	33	\N
87	Xırdalan xəstəxanası	33	\N
88	Şəxsi kabinet	33	\N
100	11 POL	34	\N
101	12 POL	34	\N
102	12-ci BŞX	34	\N
103	12-ci Poliklinika	34	\N
104	13 BŞX	34	\N
105	13 POL	34	\N
106	13 cü BŞX	34	\N
107	3 BŞX	34	\N
108	3 nömrəli BŞX	34	\N
109	3 nömrəli doğum evi	34	\N
110	Ailə Həkim Klinikası	34	\N
111	Andromed 2	34	\N
112	Bakı 11 Pol.	34	\N
113	Bakı 12 Pol	34	\N
114	Bakı 12-ci pol.	34	\N
115	Bakı 12-ci poliklinika	34	\N
116	Bakı 13 BŞX	34	\N
117	Bakı 13-cü BŞX	34	\N
118	Bakı 24-cü pol.	34	\N
119	Bakı 3 BŞX	34	\N
120	Bakı 3 nömrəli BŞX	34	\N
121	Bakı 3-cü BŞX	34	\N
122	Bakı 3BŞX	34	\N
123	Bakı Ailə kliniması	34	\N
124	Bakı Andromed	34	\N
125	Bakı Razin-11 pol.	34	\N
126	Bülbülə xəs.	34	\N
127	Medicare	34	\N
128	Sabunçu xəst.	34	\N
129	Stimul Hosbital	34	\N
130	14 POL	35	\N
131	18 POL	35	\N
132	33 POL Bayıl	35	\N
133	37 POL	35	\N
134	ATU onkologiya	35	\N
135	BSM	35	\N
136	Bakı 5N pol.	35	\N
137	Bakı ATU	35	\N
138	Bakı ATU cərrah.	35	\N
139	Bakı KTM-Semaşka	35	\N
140	Bakı Referans Klinin	35	\N
141	Bakı Tehran klinik.	35	\N
142	Billur klinikası	35	\N
143	Diamed	35	\N
144	Ege klinikası	35	\N
145	Hemotologiya	35	\N
146	Medilux hospital	35	\N
147	New Med	35	\N
148	Pearl Dent	35	\N
149	Travmatologiya	35	\N
150	İstanbul NS	35	\N
151	Ədliyyə Hospital	35	\N
152	28 DYX	36	\N
153	28 TSH	36	\N
154	28-ci Poliklinika	36	\N
155	4 POL	36	\N
156	Bakı 28-ci pol.	36	\N
157	Bakı APM	36	\N
158	Bakı DYX	36	\N
159	Bakı Leyla Med.Cen.	36	\N
160	Bakı Leyla Mər.Klinik.	36	\N
161	Bakı MNX	36	\N
162	Bakı Medilənd klinik.	36	\N
163	Bakı REM	36	\N
164	Bakı Əfəndiyev Klin.	36	\N
165	Bakı Əfəndiyev xəst.	36	\N
166	Fetal Mərkəz	36	\N
167	Kirov	36	\N
168	Leyla Med	36	\N
169	REM	36	\N
170	Xətai Estetik Klinikası	36	\N
171	Yeni Klinika	36	\N
172	1 nömrəli DYP	37	\N
173	1 nömrəli DYP	36	\N
174	2 Q/M	37	\N
175	2 saylı POL	37	\N
176	3 POL	37	\N
177	4 POL	37	\N
178	5 N xəstəxana	37	\N
179	7 nömrəli Qadın Məsləhətxanası	37	\N
180	7 saylı uşaq POL	37	\N
181	Alistokrat	37	\N
182	Bakı Kardiologiya	37	\N
183	Bakı Kardiologiya institutu	37	\N
184	Bakı Kirov İnstitutu	37	\N
185	Bakı Medikal Plaza vip	37	\N
186	Bakı Urologiya	37	\N
187	Bakı ŞDZD	37	\N
188	DİN POL	37	\N
189	DİN hospital	37	\N
190	Endakrim Mərkəz	37	\N
191	Funda hospital	37	\N
192	Kardiologiya İns.	37	\N
193	Kirov İnstitutu	37	\N
194	Medaura klinik	37	\N
195	Medeyra Hospital	37	\N
196	Mediplanet	37	\N
197	Res.Dəri Zöhrəvi Dis	37	\N
198	Vəfa klnikası	37	\N
199	Xətai estetik klinikası	37	\N
200	Yaşam Klinikası	37	\N
201	Ömür Klinikası	37	\N
202	İMC	37	\N
203	İNC	37	\N
204	ŞDZD	37	\N
205	Əfəndiyev	37	\N
206	Ağcabədi ASM	21	\N
207	Ağcabədi Taxta körpü	21	\N
208	Ağdam MRX	21	\N
209	Bərd MDM	21	\N
210	Bərdə ASM	21	\N
211	Bərdə Balabəy kəndi	21	\N
212	Bərdə Kənd	21	\N
213	Bərdə MRX	21	\N
214	Bərdə Zümürxan kənd	21	\N
215	Bərdə Əyricə kənd	21	\N
216	Epidemstansiya	21	\N
217	Tərtər MRX	21	\N
218	Şəfa klinikası	21	\N
219	Goranboy Alpout tibb mənt.	23	\N
220	Goranboy MRX	23	\N
221	Goranboy Medline	23	\N
222	Naftalan MRX	23	\N
223	Göyçay MRX	24	\N
224	Ucar MRX	24	\N
225	Zərdab MRX	24	\N
226	2 saylı Uşaq xəstəxanası	22	\N
227	Abbas Səhhət POL	22	\N
228	Ailə və nikah klinikası	22	\N
229	Ev Həkimi	22	\N
230	Gəncə 1N uşaq x.	22	\N
231	Gəncə 1Npol	22	\N
232	Gəncə 2N Pol	22	\N
233	Gəncə 2N Pol.	22	\N
234	Gəncə 3N TTYX	22	\N
235	Gəncə 3N pol.	22	\N
236	Gəncə 3N x	22	\N
237	Gəncə 3N x.	22	\N
238	Gəncə 3N xəst.	22	\N
239	Gəncə Beynəlxalq x.	22	\N
240	Gəncə DNK	22	\N
241	Gəncə Diaqnostika	22	\N
242	Gəncə Dəmiryol x.	22	\N
243	Gəncə Dəmiryol xəst.	22	\N
244	Gəncə Hərbi qospital	22	\N
245	Gəncə Mərkəzi Klinikası	22	\N
246	Gəncə Referans	22	\N
247	Gəncə TTYX	22	\N
248	Gəncə TTYX- 3N	22	\N
249	Gəncə TTYX-2N Pol.	22	\N
251	Gəncə Vərəm disp.	22	\N
252	Gəncə Vərəm dispanseri	22	\N
253	Gəncə Vərəm x.	22	\N
254	Gəncə İstanbul klinik.	22	\N
255	Nəzrin klinik	22	\N
256	Vest klinikası	22	\N
257	Yeni Gəncə Tibb mərkəzi	22	\N
258	Şəkərlər xəstəxanası	22	\N
259	Gəncə ev həkimi	22	\N
260	Astara Kijəbə kənd	43	\N
261	Astara MRX	43	\N
262	Astara Siyəkü Kəndi	43	\N
263	Astara Təngərüd kəndi	43	\N
264	Astara Ərçivan Kəndi	43	\N
265	Lerik MRX	43	\N
266	LƏNKƏRAN MEDİCAN HOSPİTALI	43	\N
267	Lənkəran ASM	43	\N
268	Lənkəran Avicenna kl	43	\N
269	Lənkəran MRX	43	\N
270	Lənkəran Mesican	43	\N
271	Lənkəran Sanatoria	43	\N
272	Lənkəran Vilvan kənd	43	\N
273	Lənkəran Vərəm Dispanseri	43	\N
274	Lənkəran Zövlə kənd	43	\N
275	Lənkəran Şixəkəran kənd	43	\N
276	Mamusta kənd	43	\N
277	Medican Hospital	43	\N
278	Medlandiya	43	\N
279	Monomed klinik	43	\N
280	Pensər kənd	43	\N
281	Ağdaş MRX	27	\N
282	Ağdaş MRX	31	\N
283	Ağdaş kənd	27	\N
284	Goranboy	27	\N
285	Göyçay MRX	27	\N
286	Mingəçevir	27	\N
287	Mingəçevir ASM	27	\N
288	Mingəçevir MRX	27	\N
289	Mingəçevir Nərgiz kl.	27	\N
290	Mingəçevir Nərgiz klinik.	27	\N
291	Mingəçevir Ramiz klinik.	27	\N
292	Mingəçevir Regional kl.	27	\N
293	Mingəçevir Regional klinik.	27	\N
294	Mingəçevir Vital kl.	27	\N
295	Mingəçevir Şəfa Diaqnostika	27	\N
296	Mingəçevir,Goranboy r.	27	\N
297	Mingəçevir,Yevlax r.	27	\N
298	Ucar MRX	27	\N
299	Yevlax	27	\N
300	Yevlax Aran poliklinik.	27	\N
301	Yevlax MRX	27	\N
302	Yevlaz ASM	27	\N
303	Babək Rayon Nehrəm kənd	44	\N
304	Babək Rayon Xəstəxanası	44	\N
305	Diaqnostika	44	\N
306	Naxçıvan MRX	44	\N
307	Naxçıvan Sağlamlıq mərkəzi	44	\N
308	Naxçıvan ş. Uşaq xəstəxanası	44	\N
309	Ordubad MRX	44	\N
310	Perinatal Mərkəz	44	\N
311	Qospital	44	\N
312	Respublika Xəstəxanası	44	\N
313	Şərur	44	\N
314	Şərur Xanlıqlar k	44	\N
315	Şərur Əfsanə klinikası	44	\N
316	Ənvər Klinikası	44	\N
317	10 saylı xəstəxana	28	\N
318	Mərdəkan  26 POL	28	\N
319	Beyləqan Azmed	45	\N
320	Beyləqan Daşburun qəs.	45	\N
321	Beyləqan MRX	45	\N
322	Beyləqan Yuxarı Aranlı	45	\N
323	Cəbrayıl qəs.	45	\N
324	Fizuli Qayıdış Qəs.	45	\N
325	Füzuli Diaqnostika	45	\N
326	Füzuli Horadiz	45	\N
327	Füzuli MDM	45	\N
328	Füzuli MRX	45	\N
329	Xocavənd MRX	45	\N
330	İmişli DYX	45	\N
331	İmişli MRX	45	\N
332	Nüqədi kənd tibb məntəqəsi	26	\N
333	QUBA MRX	26	\N
334	Quba Diaqnostika Mərkəzi	26	\N
335	XAÇMAZ MRX	26	\N
336	Xaçmaz Yeni Həyat T.M	26	\N
337	Xudat MRX	26	\N
338	Şabran MRX	26	\N
339	Bum qesebesi	25	\N
340	Hacallı k	25	\N
341	Oğuz	25	\N
342	Oğuz MRX	25	\N
343	Oğuz RMX	25	\N
344	Oğuzı MRX	25	\N
345	Qarabulaq k	25	\N
346	Qebele MRX	25	\N
347	QebeleMRX	25	\N
348	Qeble MRX	25	\N
349	Qəbələ	25	\N
350	Qəbələ Bum k.	25	\N
351	Qəbələ RMX	25	\N
352	Qəbələ Sağlam Həyat	25	\N
353	Qəbələ İkinci Nəfəs klinikası	25	\N
354	Sağlam Həyat	25	\N
355	Sincan k	25	\N
356	Vendam qesebesi	25	\N
357	Xaçmaz k	25	\N
358	sağ.heyat qebele	25	\N
359	İsmayıllı	25	\N
360	İsmayıllı Hacıhətəmli kəndi	25	\N
361	İsmayıllı MRX	25	\N
362	1 ASM	29	\N
363	1 POL	29	\N
364	1 XX	29	\N
365	1 № Doğum evi	29	\N
366	2  UP	29	\N
367	2 D/E	29	\N
368	2 POL	29	\N
369	2 XX	29	\N
370	3 POL	29	\N
371	3 Q/M	29	\N
372	3 UP	29	\N
373	3 X.X	29	\N
374	4 POL	29	\N
375	4 U.P	29	\N
376	4 X.X	29	\N
377	5 UP	29	\N
378	Az Klinik	29	\N
379	Diamed klinikası	29	\N
380	Hipokrat	29	\N
381	Kamed Klinikası	29	\N
382	Liman klinik	29	\N
383	Onkologiya	29	\N
384	Palıd Klinikası	29	\N
385	Real klinik	29	\N
386	Socar	29	\N
387	Sumqayıt Hospital	29	\N
388	Sumqayıt travmatologiya	29	\N
389	TTYX	29	\N
390	Unikal Klinik	29	\N
391	Yaşma Qəsəbə məntəqəsi	29	\N
392	Özəl kabinet	29	\N
393	İntermed klinikası	29	\N
398	Agsu MRX	30	\N
399	Agsu MRX Abadova	30	\N
400	Ağsu MRX	30	\N
401	Kalva k	30	\N
402	Kurdemir MRX	30	\N
403	Kürdəmir MRX	30	\N
404	Mereze MRX	30	\N
405	Qobustan MRX	30	\N
406	Samaxi	30	\N
407	Samaxi MRX	30	\N
408	Samaxi u/x	30	\N
409	Sigirli	30	\N
410	Sigirli k	30	\N
411	Şamaxı	30	\N
412	Şamaxı Diaqnostika M.	30	\N
413	Şamaxı MRX	30	\N
414	Şamaxı,Qobustan	30	\N
415	Hacıqabul	32	\N
416	Medikus	32	\N
417	Neftçala MRX	32	\N
418	Saly-Neft	32	\N
419	Saly-Neft.	32	\N
420	Salyan	32	\N
421	Salyan MX	32	\N
422	Salyan Med Plaza	32	\N
423	Şirvan	32	\N
424	Şirvan Diaqnostika	32	\N
425	Şirvan Diaqnostika Mərkəzi	32	\N
426	Şirvan Klinikası	32	\N
427	Şirvan MRX	32	\N
428	Şirvan doğum evi	32	\N
429	Şirvan şəh.Bayramlı qəs.	32	\N
430	Şirvan,Neftçala r.	32	\N
431	Şirvan,Salyan r.	32	\N
432	Aymed klinik	31	\N
433	Balaken MRX	31	\N
434	Balakən Katex kənd	31	\N
435	Balakən İtitala kəndi	31	\N
436	Balakən.qullar kənd məntəqəsi	31	\N
437	Bideyiz k	31	\N
438	Bonum medikal	31	\N
439	Eliabad k	31	\N
440	Elmas klinik	31	\N
441	Hayat Hospital	31	\N
442	Qax MRX	31	\N
443	Qax Qıpçaq kənd Dx	31	\N
444	Qax Əlibəyli kənd xəstəxanası	31	\N
445	Qazma k	31	\N
446	Seki MRX	31	\N
447	Zaqatala	31	\N
448	Zaqatala  Zeyzed Kəndi	31	\N
449	Zaqatala Diaqnostika mərkəzi	31	\N
450	Zaqatala Güvən klinikası	31	\N
451	Zaqatala MRX	31	\N
452	Zaqatala MRX Abdullayeva	31	\N
453	Zaqatala MRX Qaraehmedova	31	\N
454	nan	31	\N
455	Şəki	31	\N
456	Şəki ASM	31	\N
457	Şəki Modul Xəstəxana	31	\N
458	Medstar	47	\N
459	Zəyəm Tibb mərkəzi	47	\N
460	Şans klinikası	47	\N
461	Şəmkir MRX	47	\N
462	Şəmkir Vərəm Xəstəxanası	47	\N
463	nan	34	\N
464	nan	44	\N
250	Gəncə Vest klinik.	22	2
\.


--
-- Data for Name: regions_region; Type: TABLE DATA; Schema: public; Owner: postgres
--

COPY public.regions_region (id, region_name, region_type) FROM stdin;
47	Şəmkir	Digər
45	Qarabağ	Digər
44	Naxcıvan	Digər
43	Lənkəran	Digər
40	Bakı bölgə-13	Bakı
39	Bakı bölgə-12	Bakı
38	Bakı bölgə-11	Bakı
37	Bakı bölgə-9	Bakı
36	Bakı bölgə-8	Bakı
35	Bakı bölgə-7	Bakı
34	Bakı bölgə-6	Bakı
33	Bakı bölgə-2	Bakı
32	Şirvan-Salyan	Digər
31	Şəki	Digər
29	Sumqayıt	Digər
28	Mərdəkan	Bakı
27	Mingəçevir	Digər
26	Quba	Digər
25	Qəbələ	Digər
24	Göyçay	Digər
23	Goranboy	Digər
22	Gəncə bölgə	Digər
21	Bərdə	Digər
30	Şamaxı	Digər
51		\N
\.


--
-- Data for Name: sales_sale; Type: TABLE DATA; Schema: public; Owner: postgres
--

COPY public.sales_sale (id, quantity, sale_date, drug_id, region_id) FROM stdin;
\.


--
-- Data for Name: tracking_movqe; Type: TABLE DATA; Schema: public; Owner: postgres
--

COPY public.tracking_movqe (id, latitude, longitude, tarix, istifadeci_id) FROM stdin;
\.


--
-- Data for Name: user_istifadeciprofil; Type: TABLE DATA; Schema: public; Owner: postgres
--

COPY public.user_istifadeciprofil (id, bolge_id, user_id) FROM stdin;
\.


--
-- Data for Name: users_istifadeciprofil; Type: TABLE DATA; Schema: public; Owner: postgres
--

COPY public.users_istifadeciprofil (id, bolge_id, user_id) FROM stdin;
\.


--
-- Name: auth_group_id_seq; Type: SEQUENCE SET; Schema: public; Owner: postgres
--

SELECT pg_catalog.setval('public.auth_group_id_seq', 2, true);


--
-- Name: auth_group_permissions_id_seq; Type: SEQUENCE SET; Schema: public; Owner: postgres
--

SELECT pg_catalog.setval('public.auth_group_permissions_id_seq', 95, true);


--
-- Name: auth_permission_id_seq; Type: SEQUENCE SET; Schema: public; Owner: postgres
--

SELECT pg_catalog.setval('public.auth_permission_id_seq', 128, true);


--
-- Name: auth_user_groups_id_seq; Type: SEQUENCE SET; Schema: public; Owner: postgres
--

SELECT pg_catalog.setval('public.auth_user_groups_id_seq', 2, true);


--
-- Name: auth_user_id_seq; Type: SEQUENCE SET; Schema: public; Owner: postgres
--

SELECT pg_catalog.setval('public.auth_user_id_seq', 7, true);


--
-- Name: auth_user_user_permissions_id_seq; Type: SEQUENCE SET; Schema: public; Owner: postgres
--

SELECT pg_catalog.setval('public.auth_user_user_permissions_id_seq', 4, true);


--
-- Name: core_deletedrecipedruglog_id_seq; Type: SEQUENCE SET; Schema: public; Owner: postgres
--

SELECT pg_catalog.setval('public.core_deletedrecipedruglog_id_seq', 6, true);


--
-- Name: dashboard_backup_id_seq; Type: SEQUENCE SET; Schema: public; Owner: postgres
--

SELECT pg_catalog.setval('public.dashboard_backup_id_seq', 1, false);


--
-- Name: django_admin_log_id_seq; Type: SEQUENCE SET; Schema: public; Owner: postgres
--

SELECT pg_catalog.setval('public.django_admin_log_id_seq', 4291, true);


--
-- Name: django_content_type_id_seq; Type: SEQUENCE SET; Schema: public; Owner: postgres
--

SELECT pg_catalog.setval('public.django_content_type_id_seq', 32, true);


--
-- Name: django_migrations_id_seq; Type: SEQUENCE SET; Schema: public; Owner: postgres
--

SELECT pg_catalog.setval('public.django_migrations_id_seq', 94, true);


--
-- Name: doctors_doctors_id_seq; Type: SEQUENCE SET; Schema: public; Owner: postgres
--

SELECT pg_catalog.setval('public.doctors_doctors_id_seq', 3015, true);


--
-- Name: doctors_realsales_id_seq; Type: SEQUENCE SET; Schema: public; Owner: postgres
--

SELECT pg_catalog.setval('public.doctors_realsales_id_seq', 4, true);


--
-- Name: doctors_realsalesdrug_id_seq; Type: SEQUENCE SET; Schema: public; Owner: postgres
--

SELECT pg_catalog.setval('public.doctors_realsalesdrug_id_seq', 5, true);


--
-- Name: doctors_recipe_id_seq; Type: SEQUENCE SET; Schema: public; Owner: postgres
--

SELECT pg_catalog.setval('public.doctors_recipe_id_seq', 2564, true);


--
-- Name: doctors_recipedrug_id_seq; Type: SEQUENCE SET; Schema: public; Owner: postgres
--

SELECT pg_catalog.setval('public.doctors_recipedrug_id_seq', 4336, true);


--
-- Name: drugs_medical_id_seq; Type: SEQUENCE SET; Schema: public; Owner: postgres
--

SELECT pg_catalog.setval('public.drugs_medical_id_seq', 1, false);


--
-- Name: export_backup_id_seq; Type: SEQUENCE SET; Schema: public; Owner: postgres
--

SELECT pg_catalog.setval('public.export_backup_id_seq', 30, true);


--
-- Name: medicine_medical_id_seq; Type: SEQUENCE SET; Schema: public; Owner: postgres
--

SELECT pg_catalog.setval('public.medicine_medical_id_seq', 121, true);


--
-- Name: order_invoice_id_seq; Type: SEQUENCE SET; Schema: public; Owner: postgres
--

SELECT pg_catalog.setval('public.order_invoice_id_seq', 1, false);


--
-- Name: order_invoice_orders_id_seq; Type: SEQUENCE SET; Schema: public; Owner: postgres
--

SELECT pg_catalog.setval('public.order_invoice_orders_id_seq', 1, false);


--
-- Name: order_order_id_seq; Type: SEQUENCE SET; Schema: public; Owner: postgres
--

SELECT pg_catalog.setval('public.order_order_id_seq', 1, false);


--
-- Name: order_stock_id_seq; Type: SEQUENCE SET; Schema: public; Owner: postgres
--

SELECT pg_catalog.setval('public.order_stock_id_seq', 1, false);


--
-- Name: payment_monthlydoctorreport_id_seq; Type: SEQUENCE SET; Schema: public; Owner: postgres
--

SELECT pg_catalog.setval('public.payment_monthlydoctorreport_id_seq', 2540, true);


--
-- Name: payment_payment_doctor_id_seq; Type: SEQUENCE SET; Schema: public; Owner: postgres
--

SELECT pg_catalog.setval('public.payment_payment_doctor_id_seq', 31, true);


--
-- Name: payment_payment_id_seq; Type: SEQUENCE SET; Schema: public; Owner: postgres
--

SELECT pg_catalog.setval('public.payment_payment_id_seq', 1, false);


--
-- Name: payment_sale_id_seq; Type: SEQUENCE SET; Schema: public; Owner: postgres
--

SELECT pg_catalog.setval('public.payment_sale_id_seq', 251, true);


--
-- Name: payments_monthlydoctorreport_id_seq; Type: SEQUENCE SET; Schema: public; Owner: postgres
--

SELECT pg_catalog.setval('public.payments_monthlydoctorreport_id_seq', 1, false);


--
-- Name: payments_payment_doctor_id_seq; Type: SEQUENCE SET; Schema: public; Owner: postgres
--

SELECT pg_catalog.setval('public.payments_payment_doctor_id_seq', 1, false);


--
-- Name: pharmach_pharm_id_seq; Type: SEQUENCE SET; Schema: public; Owner: postgres
--

SELECT pg_catalog.setval('public.pharmach_pharm_id_seq', 1, false);


--
-- Name: regions_city_id_seq; Type: SEQUENCE SET; Schema: public; Owner: postgres
--

SELECT pg_catalog.setval('public.regions_city_id_seq', 4, true);


--
-- Name: regions_hospital_id_seq; Type: SEQUENCE SET; Schema: public; Owner: postgres
--

SELECT pg_catalog.setval('public.regions_hospital_id_seq', 465, true);


--
-- Name: regions_region_id_seq; Type: SEQUENCE SET; Schema: public; Owner: postgres
--

SELECT pg_catalog.setval('public.regions_region_id_seq', 51, true);


--
-- Name: sales_sale_id_seq; Type: SEQUENCE SET; Schema: public; Owner: postgres
--

SELECT pg_catalog.setval('public.sales_sale_id_seq', 1, false);


--
-- Name: tracking_movqe_id_seq; Type: SEQUENCE SET; Schema: public; Owner: postgres
--

SELECT pg_catalog.setval('public.tracking_movqe_id_seq', 34, true);


--
-- Name: user_istifadeciprofil_id_seq; Type: SEQUENCE SET; Schema: public; Owner: postgres
--

SELECT pg_catalog.setval('public.user_istifadeciprofil_id_seq', 1, false);


--
-- Name: users_istifadeciprofil_id_seq; Type: SEQUENCE SET; Schema: public; Owner: postgres
--

SELECT pg_catalog.setval('public.users_istifadeciprofil_id_seq', 1, false);


--
-- Name: auth_group auth_group_name_key; Type: CONSTRAINT; Schema: public; Owner: postgres
--

ALTER TABLE ONLY public.auth_group
    ADD CONSTRAINT auth_group_name_key UNIQUE (name);


--
-- Name: auth_group_permissions auth_group_permissions_group_id_permission_id_0cd325b0_uniq; Type: CONSTRAINT; Schema: public; Owner: postgres
--

ALTER TABLE ONLY public.auth_group_permissions
    ADD CONSTRAINT auth_group_permissions_group_id_permission_id_0cd325b0_uniq UNIQUE (group_id, permission_id);


--
-- Name: auth_group_permissions auth_group_permissions_pkey; Type: CONSTRAINT; Schema: public; Owner: postgres
--

ALTER TABLE ONLY public.auth_group_permissions
    ADD CONSTRAINT auth_group_permissions_pkey PRIMARY KEY (id);


--
-- Name: auth_group auth_group_pkey; Type: CONSTRAINT; Schema: public; Owner: postgres
--

ALTER TABLE ONLY public.auth_group
    ADD CONSTRAINT auth_group_pkey PRIMARY KEY (id);


--
-- Name: auth_permission auth_permission_content_type_id_codename_01ab375a_uniq; Type: CONSTRAINT; Schema: public; Owner: postgres
--

ALTER TABLE ONLY public.auth_permission
    ADD CONSTRAINT auth_permission_content_type_id_codename_01ab375a_uniq UNIQUE (content_type_id, codename);


--
-- Name: auth_permission auth_permission_pkey; Type: CONSTRAINT; Schema: public; Owner: postgres
--

ALTER TABLE ONLY public.auth_permission
    ADD CONSTRAINT auth_permission_pkey PRIMARY KEY (id);


--
-- Name: auth_user_groups auth_user_groups_pkey; Type: CONSTRAINT; Schema: public; Owner: postgres
--

ALTER TABLE ONLY public.auth_user_groups
    ADD CONSTRAINT auth_user_groups_pkey PRIMARY KEY (id);


--
-- Name: auth_user_groups auth_user_groups_user_id_group_id_94350c0c_uniq; Type: CONSTRAINT; Schema: public; Owner: postgres
--

ALTER TABLE ONLY public.auth_user_groups
    ADD CONSTRAINT auth_user_groups_user_id_group_id_94350c0c_uniq UNIQUE (user_id, group_id);


--
-- Name: auth_user auth_user_pkey; Type: CONSTRAINT; Schema: public; Owner: postgres
--

ALTER TABLE ONLY public.auth_user
    ADD CONSTRAINT auth_user_pkey PRIMARY KEY (id);


--
-- Name: auth_user_user_permissions auth_user_user_permissions_pkey; Type: CONSTRAINT; Schema: public; Owner: postgres
--

ALTER TABLE ONLY public.auth_user_user_permissions
    ADD CONSTRAINT auth_user_user_permissions_pkey PRIMARY KEY (id);


--
-- Name: auth_user_user_permissions auth_user_user_permissions_user_id_permission_id_14a6b632_uniq; Type: CONSTRAINT; Schema: public; Owner: postgres
--

ALTER TABLE ONLY public.auth_user_user_permissions
    ADD CONSTRAINT auth_user_user_permissions_user_id_permission_id_14a6b632_uniq UNIQUE (user_id, permission_id);


--
-- Name: auth_user auth_user_username_key; Type: CONSTRAINT; Schema: public; Owner: postgres
--

ALTER TABLE ONLY public.auth_user
    ADD CONSTRAINT auth_user_username_key UNIQUE (username);


--
-- Name: authtoken_token authtoken_token_pkey; Type: CONSTRAINT; Schema: public; Owner: postgres
--

ALTER TABLE ONLY public.authtoken_token
    ADD CONSTRAINT authtoken_token_pkey PRIMARY KEY (key);


--
-- Name: authtoken_token authtoken_token_user_id_key; Type: CONSTRAINT; Schema: public; Owner: postgres
--

ALTER TABLE ONLY public.authtoken_token
    ADD CONSTRAINT authtoken_token_user_id_key UNIQUE (user_id);


--
-- Name: core_deletedrecipedruglog core_deletedrecipedruglog_pkey; Type: CONSTRAINT; Schema: public; Owner: postgres
--

ALTER TABLE ONLY public.core_deletedrecipedruglog
    ADD CONSTRAINT core_deletedrecipedruglog_pkey PRIMARY KEY (id);


--
-- Name: dashboard_backup dashboard_backup_pkey; Type: CONSTRAINT; Schema: public; Owner: postgres
--

ALTER TABLE ONLY public.dashboard_backup
    ADD CONSTRAINT dashboard_backup_pkey PRIMARY KEY (id);


--
-- Name: django_admin_log django_admin_log_pkey; Type: CONSTRAINT; Schema: public; Owner: postgres
--

ALTER TABLE ONLY public.django_admin_log
    ADD CONSTRAINT django_admin_log_pkey PRIMARY KEY (id);


--
-- Name: django_content_type django_content_type_app_label_model_76bd3d3b_uniq; Type: CONSTRAINT; Schema: public; Owner: postgres
--

ALTER TABLE ONLY public.django_content_type
    ADD CONSTRAINT django_content_type_app_label_model_76bd3d3b_uniq UNIQUE (app_label, model);


--
-- Name: django_content_type django_content_type_pkey; Type: CONSTRAINT; Schema: public; Owner: postgres
--

ALTER TABLE ONLY public.django_content_type
    ADD CONSTRAINT django_content_type_pkey PRIMARY KEY (id);


--
-- Name: django_migrations django_migrations_pkey; Type: CONSTRAINT; Schema: public; Owner: postgres
--

ALTER TABLE ONLY public.django_migrations
    ADD CONSTRAINT django_migrations_pkey PRIMARY KEY (id);


--
-- Name: django_session django_session_pkey; Type: CONSTRAINT; Schema: public; Owner: postgres
--

ALTER TABLE ONLY public.django_session
    ADD CONSTRAINT django_session_pkey PRIMARY KEY (session_key);


--
-- Name: doctors_doctors doctors_doctors_barkod_key; Type: CONSTRAINT; Schema: public; Owner: postgres
--

ALTER TABLE ONLY public.doctors_doctors
    ADD CONSTRAINT doctors_doctors_barkod_key UNIQUE (barkod);


--
-- Name: doctors_doctors doctors_doctors_pkey; Type: CONSTRAINT; Schema: public; Owner: postgres
--

ALTER TABLE ONLY public.doctors_doctors
    ADD CONSTRAINT doctors_doctors_pkey PRIMARY KEY (id);


--
-- Name: doctors_realsales doctors_realsales_pkey; Type: CONSTRAINT; Schema: public; Owner: postgres
--

ALTER TABLE ONLY public.doctors_realsales
    ADD CONSTRAINT doctors_realsales_pkey PRIMARY KEY (id);


--
-- Name: doctors_realsalesdrug doctors_realsalesdrug_pkey; Type: CONSTRAINT; Schema: public; Owner: postgres
--

ALTER TABLE ONLY public.doctors_realsalesdrug
    ADD CONSTRAINT doctors_realsalesdrug_pkey PRIMARY KEY (id);


--
-- Name: doctors_recipe doctors_recipe_pkey; Type: CONSTRAINT; Schema: public; Owner: postgres
--

ALTER TABLE ONLY public.doctors_recipe
    ADD CONSTRAINT doctors_recipe_pkey PRIMARY KEY (id);


--
-- Name: doctors_recipedrug doctors_recipedrug_pkey; Type: CONSTRAINT; Schema: public; Owner: postgres
--

ALTER TABLE ONLY public.doctors_recipedrug
    ADD CONSTRAINT doctors_recipedrug_pkey PRIMARY KEY (id);


--
-- Name: drugs_medical drugs_medical_pkey; Type: CONSTRAINT; Schema: public; Owner: postgres
--

ALTER TABLE ONLY public.drugs_medical
    ADD CONSTRAINT drugs_medical_pkey PRIMARY KEY (id);


--
-- Name: export_backup export_backup_pkey; Type: CONSTRAINT; Schema: public; Owner: postgres
--

ALTER TABLE ONLY public.export_backup
    ADD CONSTRAINT export_backup_pkey PRIMARY KEY (id);


--
-- Name: medicine_medical medicine_medical_pkey; Type: CONSTRAINT; Schema: public; Owner: postgres
--

ALTER TABLE ONLY public.medicine_medical
    ADD CONSTRAINT medicine_medical_pkey PRIMARY KEY (id);


--
-- Name: order_invoice_orders order_invoice_orders_invoice_id_order_id_eb3eac7a_uniq; Type: CONSTRAINT; Schema: public; Owner: postgres
--

ALTER TABLE ONLY public.order_invoice_orders
    ADD CONSTRAINT order_invoice_orders_invoice_id_order_id_eb3eac7a_uniq UNIQUE (invoice_id, order_id);


--
-- Name: order_invoice_orders order_invoice_orders_pkey; Type: CONSTRAINT; Schema: public; Owner: postgres
--

ALTER TABLE ONLY public.order_invoice_orders
    ADD CONSTRAINT order_invoice_orders_pkey PRIMARY KEY (id);


--
-- Name: order_invoice order_invoice_pkey; Type: CONSTRAINT; Schema: public; Owner: postgres
--

ALTER TABLE ONLY public.order_invoice
    ADD CONSTRAINT order_invoice_pkey PRIMARY KEY (id);


--
-- Name: order_order order_order_pkey; Type: CONSTRAINT; Schema: public; Owner: postgres
--

ALTER TABLE ONLY public.order_order
    ADD CONSTRAINT order_order_pkey PRIMARY KEY (id);


--
-- Name: order_stock order_stock_pkey; Type: CONSTRAINT; Schema: public; Owner: postgres
--

ALTER TABLE ONLY public.order_stock
    ADD CONSTRAINT order_stock_pkey PRIMARY KEY (id);


--
-- Name: payment_monthlydoctorreport payment_monthlydoctorrep_doctor_id_report_month_3a4b2e93_uniq; Type: CONSTRAINT; Schema: public; Owner: postgres
--

ALTER TABLE ONLY public.payment_monthlydoctorreport
    ADD CONSTRAINT payment_monthlydoctorrep_doctor_id_report_month_3a4b2e93_uniq UNIQUE (doctor_id, report_month);


--
-- Name: payment_monthlydoctorreport payment_monthlydoctorreport_pkey; Type: CONSTRAINT; Schema: public; Owner: postgres
--

ALTER TABLE ONLY public.payment_monthlydoctorreport
    ADD CONSTRAINT payment_monthlydoctorreport_pkey PRIMARY KEY (id);


--
-- Name: payment_payment_doctor payment_payment_doctor_pkey; Type: CONSTRAINT; Schema: public; Owner: postgres
--

ALTER TABLE ONLY public.payment_payment_doctor
    ADD CONSTRAINT payment_payment_doctor_pkey PRIMARY KEY (id);


--
-- Name: payment_payment payment_payment_pkey; Type: CONSTRAINT; Schema: public; Owner: postgres
--

ALTER TABLE ONLY public.payment_payment
    ADD CONSTRAINT payment_payment_pkey PRIMARY KEY (id);


--
-- Name: payment_sale payment_sale_pkey; Type: CONSTRAINT; Schema: public; Owner: postgres
--

ALTER TABLE ONLY public.payment_sale
    ADD CONSTRAINT payment_sale_pkey PRIMARY KEY (id);


--
-- Name: payments_monthlydoctorreport payments_monthlydoctorre_doctor_id_report_month_9a18d0a3_uniq; Type: CONSTRAINT; Schema: public; Owner: postgres
--

ALTER TABLE ONLY public.payments_monthlydoctorreport
    ADD CONSTRAINT payments_monthlydoctorre_doctor_id_report_month_9a18d0a3_uniq UNIQUE (doctor_id, report_month);


--
-- Name: payments_monthlydoctorreport payments_monthlydoctorreport_pkey; Type: CONSTRAINT; Schema: public; Owner: postgres
--

ALTER TABLE ONLY public.payments_monthlydoctorreport
    ADD CONSTRAINT payments_monthlydoctorreport_pkey PRIMARY KEY (id);


--
-- Name: payments_payment_doctor payments_payment_doctor_pkey; Type: CONSTRAINT; Schema: public; Owner: postgres
--

ALTER TABLE ONLY public.payments_payment_doctor
    ADD CONSTRAINT payments_payment_doctor_pkey PRIMARY KEY (id);


--
-- Name: pharmach_pharm pharmach_pharm_pkey; Type: CONSTRAINT; Schema: public; Owner: postgres
--

ALTER TABLE ONLY public.pharmach_pharm
    ADD CONSTRAINT pharmach_pharm_pkey PRIMARY KEY (id);


--
-- Name: regions_city regions_city_pkey; Type: CONSTRAINT; Schema: public; Owner: postgres
--

ALTER TABLE ONLY public.regions_city
    ADD CONSTRAINT regions_city_pkey PRIMARY KEY (id);


--
-- Name: regions_hospital regions_hospital_pkey; Type: CONSTRAINT; Schema: public; Owner: postgres
--

ALTER TABLE ONLY public.regions_hospital
    ADD CONSTRAINT regions_hospital_pkey PRIMARY KEY (id);


--
-- Name: regions_region regions_region_pkey; Type: CONSTRAINT; Schema: public; Owner: postgres
--

ALTER TABLE ONLY public.regions_region
    ADD CONSTRAINT regions_region_pkey PRIMARY KEY (id);


--
-- Name: regions_region regions_region_region_name_key; Type: CONSTRAINT; Schema: public; Owner: postgres
--

ALTER TABLE ONLY public.regions_region
    ADD CONSTRAINT regions_region_region_name_key UNIQUE (region_name);


--
-- Name: sales_sale sales_sale_pkey; Type: CONSTRAINT; Schema: public; Owner: postgres
--

ALTER TABLE ONLY public.sales_sale
    ADD CONSTRAINT sales_sale_pkey PRIMARY KEY (id);


--
-- Name: tracking_movqe tracking_movqe_pkey; Type: CONSTRAINT; Schema: public; Owner: postgres
--

ALTER TABLE ONLY public.tracking_movqe
    ADD CONSTRAINT tracking_movqe_pkey PRIMARY KEY (id);


--
-- Name: user_istifadeciprofil user_istifadeciprofil_pkey; Type: CONSTRAINT; Schema: public; Owner: postgres
--

ALTER TABLE ONLY public.user_istifadeciprofil
    ADD CONSTRAINT user_istifadeciprofil_pkey PRIMARY KEY (id);


--
-- Name: user_istifadeciprofil user_istifadeciprofil_user_id_key; Type: CONSTRAINT; Schema: public; Owner: postgres
--

ALTER TABLE ONLY public.user_istifadeciprofil
    ADD CONSTRAINT user_istifadeciprofil_user_id_key UNIQUE (user_id);


--
-- Name: users_istifadeciprofil users_istifadeciprofil_pkey; Type: CONSTRAINT; Schema: public; Owner: postgres
--

ALTER TABLE ONLY public.users_istifadeciprofil
    ADD CONSTRAINT users_istifadeciprofil_pkey PRIMARY KEY (id);


--
-- Name: users_istifadeciprofil users_istifadeciprofil_user_id_key; Type: CONSTRAINT; Schema: public; Owner: postgres
--

ALTER TABLE ONLY public.users_istifadeciprofil
    ADD CONSTRAINT users_istifadeciprofil_user_id_key UNIQUE (user_id);


--
-- Name: auth_group_name_a6ea08ec_like; Type: INDEX; Schema: public; Owner: postgres
--

CREATE INDEX auth_group_name_a6ea08ec_like ON public.auth_group USING btree (name varchar_pattern_ops);


--
-- Name: auth_group_permissions_group_id_b120cbf9; Type: INDEX; Schema: public; Owner: postgres
--

CREATE INDEX auth_group_permissions_group_id_b120cbf9 ON public.auth_group_permissions USING btree (group_id);


--
-- Name: auth_group_permissions_permission_id_84c5c92e; Type: INDEX; Schema: public; Owner: postgres
--

CREATE INDEX auth_group_permissions_permission_id_84c5c92e ON public.auth_group_permissions USING btree (permission_id);


--
-- Name: auth_permission_content_type_id_2f476e4b; Type: INDEX; Schema: public; Owner: postgres
--

CREATE INDEX auth_permission_content_type_id_2f476e4b ON public.auth_permission USING btree (content_type_id);


--
-- Name: auth_user_groups_group_id_97559544; Type: INDEX; Schema: public; Owner: postgres
--

CREATE INDEX auth_user_groups_group_id_97559544 ON public.auth_user_groups USING btree (group_id);


--
-- Name: auth_user_groups_user_id_6a12ed8b; Type: INDEX; Schema: public; Owner: postgres
--

CREATE INDEX auth_user_groups_user_id_6a12ed8b ON public.auth_user_groups USING btree (user_id);


--
-- Name: auth_user_user_permissions_permission_id_1fbb5f2c; Type: INDEX; Schema: public; Owner: postgres
--

CREATE INDEX auth_user_user_permissions_permission_id_1fbb5f2c ON public.auth_user_user_permissions USING btree (permission_id);


--
-- Name: auth_user_user_permissions_user_id_a95ead1b; Type: INDEX; Schema: public; Owner: postgres
--

CREATE INDEX auth_user_user_permissions_user_id_a95ead1b ON public.auth_user_user_permissions USING btree (user_id);


--
-- Name: auth_user_username_6821ab7c_like; Type: INDEX; Schema: public; Owner: postgres
--

CREATE INDEX auth_user_username_6821ab7c_like ON public.auth_user USING btree (username varchar_pattern_ops);


--
-- Name: authtoken_token_key_10f0b77e_like; Type: INDEX; Schema: public; Owner: postgres
--

CREATE INDEX authtoken_token_key_10f0b77e_like ON public.authtoken_token USING btree (key varchar_pattern_ops);


--
-- Name: core_deletedrecipedruglog_deleted_by_id_b8a1caf7; Type: INDEX; Schema: public; Owner: postgres
--

CREATE INDEX core_deletedrecipedruglog_deleted_by_id_b8a1caf7 ON public.core_deletedrecipedruglog USING btree (deleted_by_id);


--
-- Name: django_admin_log_content_type_id_c4bce8eb; Type: INDEX; Schema: public; Owner: postgres
--

CREATE INDEX django_admin_log_content_type_id_c4bce8eb ON public.django_admin_log USING btree (content_type_id);


--
-- Name: django_admin_log_user_id_c564eba6; Type: INDEX; Schema: public; Owner: postgres
--

CREATE INDEX django_admin_log_user_id_c564eba6 ON public.django_admin_log USING btree (user_id);


--
-- Name: django_session_expire_date_a5c62663; Type: INDEX; Schema: public; Owner: postgres
--

CREATE INDEX django_session_expire_date_a5c62663 ON public.django_session USING btree (expire_date);


--
-- Name: django_session_session_key_c0390e0f_like; Type: INDEX; Schema: public; Owner: postgres
--

CREATE INDEX django_session_session_key_c0390e0f_like ON public.django_session USING btree (session_key varchar_pattern_ops);


--
-- Name: doctors_doctors_barkod_b93d9d39_like; Type: INDEX; Schema: public; Owner: postgres
--

CREATE INDEX doctors_doctors_barkod_b93d9d39_like ON public.doctors_doctors USING btree (barkod varchar_pattern_ops);


--
-- Name: doctors_doctors_bolge_id_056eacc2; Type: INDEX; Schema: public; Owner: postgres
--

CREATE INDEX doctors_doctors_bolge_id_056eacc2 ON public.doctors_doctors USING btree (bolge_id);


--
-- Name: doctors_doctors_city_id_ae09bd1e; Type: INDEX; Schema: public; Owner: postgres
--

CREATE INDEX doctors_doctors_city_id_ae09bd1e ON public.doctors_doctors USING btree (city_id);


--
-- Name: doctors_doctors_klinika_id_efee8c6d; Type: INDEX; Schema: public; Owner: postgres
--

CREATE INDEX doctors_doctors_klinika_id_efee8c6d ON public.doctors_doctors USING btree (klinika_id);


--
-- Name: doctors_realsales_dr_name_id_dbe846c3; Type: INDEX; Schema: public; Owner: postgres
--

CREATE INDEX doctors_realsales_dr_name_id_dbe846c3 ON public.doctors_realsales USING btree (dr_name_id);


--
-- Name: doctors_realsales_region_n_id_603a649a; Type: INDEX; Schema: public; Owner: postgres
--

CREATE INDEX doctors_realsales_region_n_id_603a649a ON public.doctors_realsales USING btree (region_n_id);


--
-- Name: doctors_realsalesdrug_drug_name_id_46f87e00; Type: INDEX; Schema: public; Owner: postgres
--

CREATE INDEX doctors_realsalesdrug_drug_name_id_46f87e00 ON public.doctors_realsalesdrug USING btree (drug_name_id);


--
-- Name: doctors_realsalesdrug_real_sale_id_35443f99; Type: INDEX; Schema: public; Owner: postgres
--

CREATE INDEX doctors_realsalesdrug_real_sale_id_35443f99 ON public.doctors_realsalesdrug USING btree (real_sale_id);


--
-- Name: doctors_recipe_dr_id_9a142213; Type: INDEX; Schema: public; Owner: postgres
--

CREATE INDEX doctors_recipe_dr_id_9a142213 ON public.doctors_recipe USING btree (dr_id);


--
-- Name: doctors_recipe_region_id_fecea7ff; Type: INDEX; Schema: public; Owner: postgres
--

CREATE INDEX doctors_recipe_region_id_fecea7ff ON public.doctors_recipe USING btree (region_id);


--
-- Name: doctors_recipedrug_drug_id_2befd933; Type: INDEX; Schema: public; Owner: postgres
--

CREATE INDEX doctors_recipedrug_drug_id_2befd933 ON public.doctors_recipedrug USING btree (drug_id);


--
-- Name: doctors_recipedrug_recipe_id_75aedc44; Type: INDEX; Schema: public; Owner: postgres
--

CREATE INDEX doctors_recipedrug_recipe_id_75aedc44 ON public.doctors_recipedrug USING btree (recipe_id);


--
-- Name: order_invoice_orders_invoice_id_516d5e47; Type: INDEX; Schema: public; Owner: postgres
--

CREATE INDEX order_invoice_orders_invoice_id_516d5e47 ON public.order_invoice_orders USING btree (invoice_id);


--
-- Name: order_invoice_orders_order_id_a5609c37; Type: INDEX; Schema: public; Owner: postgres
--

CREATE INDEX order_invoice_orders_order_id_a5609c37 ON public.order_invoice_orders USING btree (order_id);


--
-- Name: order_invoice_pharma_id_9f4342f5; Type: INDEX; Schema: public; Owner: postgres
--

CREATE INDEX order_invoice_pharma_id_9f4342f5 ON public.order_invoice USING btree (pharma_id);


--
-- Name: order_order_aptek_id_d9ac6cdc; Type: INDEX; Schema: public; Owner: postgres
--

CREATE INDEX order_order_aptek_id_d9ac6cdc ON public.order_order USING btree (aptek_id);


--
-- Name: order_order_drug_id_72e8b95f; Type: INDEX; Schema: public; Owner: postgres
--

CREATE INDEX order_order_drug_id_72e8b95f ON public.order_order USING btree (drug_id);


--
-- Name: order_stock_drug_id_77dc5d97; Type: INDEX; Schema: public; Owner: postgres
--

CREATE INDEX order_stock_drug_id_77dc5d97 ON public.order_stock USING btree (drug_id);


--
-- Name: payment_monthlydoctorreport_doctor_id_a1342ef6; Type: INDEX; Schema: public; Owner: postgres
--

CREATE INDEX payment_monthlydoctorreport_doctor_id_a1342ef6 ON public.payment_monthlydoctorreport USING btree (doctor_id);


--
-- Name: payment_monthlydoctorreport_region_id_1f61ffff; Type: INDEX; Schema: public; Owner: postgres
--

CREATE INDEX payment_monthlydoctorreport_region_id_1f61ffff ON public.payment_monthlydoctorreport USING btree (region_id);


--
-- Name: payment_payment_doctor_area_id_730b10c0; Type: INDEX; Schema: public; Owner: postgres
--

CREATE INDEX payment_payment_doctor_area_id_730b10c0 ON public.payment_payment_doctor USING btree (area_id);


--
-- Name: payment_payment_doctor_doctor_id_aadc8112; Type: INDEX; Schema: public; Owner: postgres
--

CREATE INDEX payment_payment_doctor_doctor_id_aadc8112 ON public.payment_payment_doctor USING btree (doctor_id);


--
-- Name: payment_payment_order_id_22b45881; Type: INDEX; Schema: public; Owner: postgres
--

CREATE INDEX payment_payment_order_id_22b45881 ON public.payment_payment USING btree (order_id);


--
-- Name: payment_payment_pharm_id_5a75e16d; Type: INDEX; Schema: public; Owner: postgres
--

CREATE INDEX payment_payment_pharm_id_5a75e16d ON public.payment_payment USING btree (pharm_id);


--
-- Name: payment_sale_drug_id_5350c116; Type: INDEX; Schema: public; Owner: postgres
--

CREATE INDEX payment_sale_drug_id_5350c116 ON public.payment_sale USING btree (drug_id);


--
-- Name: payment_sale_region_id_79f6f01a; Type: INDEX; Schema: public; Owner: postgres
--

CREATE INDEX payment_sale_region_id_79f6f01a ON public.payment_sale USING btree (region_id);


--
-- Name: payments_monthlydoctorreport_doctor_id_67d86286; Type: INDEX; Schema: public; Owner: postgres
--

CREATE INDEX payments_monthlydoctorreport_doctor_id_67d86286 ON public.payments_monthlydoctorreport USING btree (doctor_id);


--
-- Name: payments_monthlydoctorreport_region_id_bc021f84; Type: INDEX; Schema: public; Owner: postgres
--

CREATE INDEX payments_monthlydoctorreport_region_id_bc021f84 ON public.payments_monthlydoctorreport USING btree (region_id);


--
-- Name: payments_payment_doctor_area_id_7ab5993f; Type: INDEX; Schema: public; Owner: postgres
--

CREATE INDEX payments_payment_doctor_area_id_7ab5993f ON public.payments_payment_doctor USING btree (area_id);


--
-- Name: payments_payment_doctor_doctor_id_80e55b3d; Type: INDEX; Schema: public; Owner: postgres
--

CREATE INDEX payments_payment_doctor_doctor_id_80e55b3d ON public.payments_payment_doctor USING btree (doctor_id);


--
-- Name: regions_city_region_id_591f0555; Type: INDEX; Schema: public; Owner: postgres
--

CREATE INDEX regions_city_region_id_591f0555 ON public.regions_city USING btree (region_id);


--
-- Name: regions_hospital_city_id_0192f760; Type: INDEX; Schema: public; Owner: postgres
--

CREATE INDEX regions_hospital_city_id_0192f760 ON public.regions_hospital USING btree (city_id);


--
-- Name: regions_hospital_region_net_id_c5b825f6; Type: INDEX; Schema: public; Owner: postgres
--

CREATE INDEX regions_hospital_region_net_id_c5b825f6 ON public.regions_hospital USING btree (region_net_id);


--
-- Name: regions_region_region_name_9bdd389f_like; Type: INDEX; Schema: public; Owner: postgres
--

CREATE INDEX regions_region_region_name_9bdd389f_like ON public.regions_region USING btree (region_name varchar_pattern_ops);


--
-- Name: sales_sale_drug_id_a07c1772; Type: INDEX; Schema: public; Owner: postgres
--

CREATE INDEX sales_sale_drug_id_a07c1772 ON public.sales_sale USING btree (drug_id);


--
-- Name: sales_sale_region_id_421113b7; Type: INDEX; Schema: public; Owner: postgres
--

CREATE INDEX sales_sale_region_id_421113b7 ON public.sales_sale USING btree (region_id);


--
-- Name: tracking_movqe_istifadeci_id_2e4934ef; Type: INDEX; Schema: public; Owner: postgres
--

CREATE INDEX tracking_movqe_istifadeci_id_2e4934ef ON public.tracking_movqe USING btree (istifadeci_id);


--
-- Name: user_istifadeciprofil_bolge_id_52fd8735; Type: INDEX; Schema: public; Owner: postgres
--

CREATE INDEX user_istifadeciprofil_bolge_id_52fd8735 ON public.user_istifadeciprofil USING btree (bolge_id);


--
-- Name: users_istifadeciprofil_bolge_id_c9c1c62a; Type: INDEX; Schema: public; Owner: postgres
--

CREATE INDEX users_istifadeciprofil_bolge_id_c9c1c62a ON public.users_istifadeciprofil USING btree (bolge_id);


--
-- Name: auth_group_permissions auth_group_permissio_permission_id_84c5c92e_fk_auth_perm; Type: FK CONSTRAINT; Schema: public; Owner: postgres
--

ALTER TABLE ONLY public.auth_group_permissions
    ADD CONSTRAINT auth_group_permissio_permission_id_84c5c92e_fk_auth_perm FOREIGN KEY (permission_id) REFERENCES public.auth_permission(id) DEFERRABLE INITIALLY DEFERRED;


--
-- Name: auth_group_permissions auth_group_permissions_group_id_b120cbf9_fk_auth_group_id; Type: FK CONSTRAINT; Schema: public; Owner: postgres
--

ALTER TABLE ONLY public.auth_group_permissions
    ADD CONSTRAINT auth_group_permissions_group_id_b120cbf9_fk_auth_group_id FOREIGN KEY (group_id) REFERENCES public.auth_group(id) DEFERRABLE INITIALLY DEFERRED;


--
-- Name: auth_permission auth_permission_content_type_id_2f476e4b_fk_django_co; Type: FK CONSTRAINT; Schema: public; Owner: postgres
--

ALTER TABLE ONLY public.auth_permission
    ADD CONSTRAINT auth_permission_content_type_id_2f476e4b_fk_django_co FOREIGN KEY (content_type_id) REFERENCES public.django_content_type(id) DEFERRABLE INITIALLY DEFERRED;


--
-- Name: auth_user_groups auth_user_groups_group_id_97559544_fk_auth_group_id; Type: FK CONSTRAINT; Schema: public; Owner: postgres
--

ALTER TABLE ONLY public.auth_user_groups
    ADD CONSTRAINT auth_user_groups_group_id_97559544_fk_auth_group_id FOREIGN KEY (group_id) REFERENCES public.auth_group(id) DEFERRABLE INITIALLY DEFERRED;


--
-- Name: auth_user_groups auth_user_groups_user_id_6a12ed8b_fk_auth_user_id; Type: FK CONSTRAINT; Schema: public; Owner: postgres
--

ALTER TABLE ONLY public.auth_user_groups
    ADD CONSTRAINT auth_user_groups_user_id_6a12ed8b_fk_auth_user_id FOREIGN KEY (user_id) REFERENCES public.auth_user(id) DEFERRABLE INITIALLY DEFERRED;


--
-- Name: auth_user_user_permissions auth_user_user_permi_permission_id_1fbb5f2c_fk_auth_perm; Type: FK CONSTRAINT; Schema: public; Owner: postgres
--

ALTER TABLE ONLY public.auth_user_user_permissions
    ADD CONSTRAINT auth_user_user_permi_permission_id_1fbb5f2c_fk_auth_perm FOREIGN KEY (permission_id) REFERENCES public.auth_permission(id) DEFERRABLE INITIALLY DEFERRED;


--
-- Name: auth_user_user_permissions auth_user_user_permissions_user_id_a95ead1b_fk_auth_user_id; Type: FK CONSTRAINT; Schema: public; Owner: postgres
--

ALTER TABLE ONLY public.auth_user_user_permissions
    ADD CONSTRAINT auth_user_user_permissions_user_id_a95ead1b_fk_auth_user_id FOREIGN KEY (user_id) REFERENCES public.auth_user(id) DEFERRABLE INITIALLY DEFERRED;


--
-- Name: authtoken_token authtoken_token_user_id_35299eff_fk_auth_user_id; Type: FK CONSTRAINT; Schema: public; Owner: postgres
--

ALTER TABLE ONLY public.authtoken_token
    ADD CONSTRAINT authtoken_token_user_id_35299eff_fk_auth_user_id FOREIGN KEY (user_id) REFERENCES public.auth_user(id) DEFERRABLE INITIALLY DEFERRED;


--
-- Name: core_deletedrecipedruglog core_deletedrecipedr_deleted_by_id_b8a1caf7_fk_auth_user; Type: FK CONSTRAINT; Schema: public; Owner: postgres
--

ALTER TABLE ONLY public.core_deletedrecipedruglog
    ADD CONSTRAINT core_deletedrecipedr_deleted_by_id_b8a1caf7_fk_auth_user FOREIGN KEY (deleted_by_id) REFERENCES public.auth_user(id) DEFERRABLE INITIALLY DEFERRED;


--
-- Name: django_admin_log django_admin_log_content_type_id_c4bce8eb_fk_django_co; Type: FK CONSTRAINT; Schema: public; Owner: postgres
--

ALTER TABLE ONLY public.django_admin_log
    ADD CONSTRAINT django_admin_log_content_type_id_c4bce8eb_fk_django_co FOREIGN KEY (content_type_id) REFERENCES public.django_content_type(id) DEFERRABLE INITIALLY DEFERRED;


--
-- Name: django_admin_log django_admin_log_user_id_c564eba6_fk_auth_user_id; Type: FK CONSTRAINT; Schema: public; Owner: postgres
--

ALTER TABLE ONLY public.django_admin_log
    ADD CONSTRAINT django_admin_log_user_id_c564eba6_fk_auth_user_id FOREIGN KEY (user_id) REFERENCES public.auth_user(id) DEFERRABLE INITIALLY DEFERRED;


--
-- Name: doctors_doctors doctors_doctors_bolge_id_056eacc2_fk_regions_region_id; Type: FK CONSTRAINT; Schema: public; Owner: postgres
--

ALTER TABLE ONLY public.doctors_doctors
    ADD CONSTRAINT doctors_doctors_bolge_id_056eacc2_fk_regions_region_id FOREIGN KEY (bolge_id) REFERENCES public.regions_region(id) DEFERRABLE INITIALLY DEFERRED;


--
-- Name: doctors_doctors doctors_doctors_city_id_ae09bd1e_fk_regions_city_id; Type: FK CONSTRAINT; Schema: public; Owner: postgres
--

ALTER TABLE ONLY public.doctors_doctors
    ADD CONSTRAINT doctors_doctors_city_id_ae09bd1e_fk_regions_city_id FOREIGN KEY (city_id) REFERENCES public.regions_city(id) DEFERRABLE INITIALLY DEFERRED;


--
-- Name: doctors_doctors doctors_doctors_klinika_id_efee8c6d_fk_regions_hospital_id; Type: FK CONSTRAINT; Schema: public; Owner: postgres
--

ALTER TABLE ONLY public.doctors_doctors
    ADD CONSTRAINT doctors_doctors_klinika_id_efee8c6d_fk_regions_hospital_id FOREIGN KEY (klinika_id) REFERENCES public.regions_hospital(id) DEFERRABLE INITIALLY DEFERRED;


--
-- Name: doctors_realsales doctors_realsales_dr_name_id_dbe846c3_fk_doctors_doctors_id; Type: FK CONSTRAINT; Schema: public; Owner: postgres
--

ALTER TABLE ONLY public.doctors_realsales
    ADD CONSTRAINT doctors_realsales_dr_name_id_dbe846c3_fk_doctors_doctors_id FOREIGN KEY (dr_name_id) REFERENCES public.doctors_doctors(id) DEFERRABLE INITIALLY DEFERRED;


--
-- Name: doctors_realsales doctors_realsales_region_n_id_603a649a_fk_regions_region_id; Type: FK CONSTRAINT; Schema: public; Owner: postgres
--

ALTER TABLE ONLY public.doctors_realsales
    ADD CONSTRAINT doctors_realsales_region_n_id_603a649a_fk_regions_region_id FOREIGN KEY (region_n_id) REFERENCES public.regions_region(id) DEFERRABLE INITIALLY DEFERRED;


--
-- Name: doctors_realsalesdrug doctors_realsalesdru_drug_name_id_46f87e00_fk_medicine_; Type: FK CONSTRAINT; Schema: public; Owner: postgres
--

ALTER TABLE ONLY public.doctors_realsalesdrug
    ADD CONSTRAINT doctors_realsalesdru_drug_name_id_46f87e00_fk_medicine_ FOREIGN KEY (drug_name_id) REFERENCES public.medicine_medical(id) DEFERRABLE INITIALLY DEFERRED;


--
-- Name: doctors_realsalesdrug doctors_realsalesdru_real_sale_id_35443f99_fk_doctors_r; Type: FK CONSTRAINT; Schema: public; Owner: postgres
--

ALTER TABLE ONLY public.doctors_realsalesdrug
    ADD CONSTRAINT doctors_realsalesdru_real_sale_id_35443f99_fk_doctors_r FOREIGN KEY (real_sale_id) REFERENCES public.doctors_realsales(id) DEFERRABLE INITIALLY DEFERRED;


--
-- Name: doctors_recipe doctors_recipe_dr_id_9a142213_fk_doctors_doctors_id; Type: FK CONSTRAINT; Schema: public; Owner: postgres
--

ALTER TABLE ONLY public.doctors_recipe
    ADD CONSTRAINT doctors_recipe_dr_id_9a142213_fk_doctors_doctors_id FOREIGN KEY (dr_id) REFERENCES public.doctors_doctors(id) DEFERRABLE INITIALLY DEFERRED;


--
-- Name: doctors_recipe doctors_recipe_region_id_fecea7ff_fk_regions_region_id; Type: FK CONSTRAINT; Schema: public; Owner: postgres
--

ALTER TABLE ONLY public.doctors_recipe
    ADD CONSTRAINT doctors_recipe_region_id_fecea7ff_fk_regions_region_id FOREIGN KEY (region_id) REFERENCES public.regions_region(id) DEFERRABLE INITIALLY DEFERRED;


--
-- Name: doctors_recipedrug doctors_recipedrug_drug_id_2befd933_fk_medicine_medical_id; Type: FK CONSTRAINT; Schema: public; Owner: postgres
--

ALTER TABLE ONLY public.doctors_recipedrug
    ADD CONSTRAINT doctors_recipedrug_drug_id_2befd933_fk_medicine_medical_id FOREIGN KEY (drug_id) REFERENCES public.medicine_medical(id) DEFERRABLE INITIALLY DEFERRED;


--
-- Name: doctors_recipedrug doctors_recipedrug_recipe_id_75aedc44_fk_doctors_recipe_id; Type: FK CONSTRAINT; Schema: public; Owner: postgres
--

ALTER TABLE ONLY public.doctors_recipedrug
    ADD CONSTRAINT doctors_recipedrug_recipe_id_75aedc44_fk_doctors_recipe_id FOREIGN KEY (recipe_id) REFERENCES public.doctors_recipe(id) DEFERRABLE INITIALLY DEFERRED;


--
-- Name: order_invoice_orders order_invoice_orders_invoice_id_516d5e47_fk_order_invoice_id; Type: FK CONSTRAINT; Schema: public; Owner: postgres
--

ALTER TABLE ONLY public.order_invoice_orders
    ADD CONSTRAINT order_invoice_orders_invoice_id_516d5e47_fk_order_invoice_id FOREIGN KEY (invoice_id) REFERENCES public.order_invoice(id) DEFERRABLE INITIALLY DEFERRED;


--
-- Name: order_invoice_orders order_invoice_orders_order_id_a5609c37_fk_order_order_id; Type: FK CONSTRAINT; Schema: public; Owner: postgres
--

ALTER TABLE ONLY public.order_invoice_orders
    ADD CONSTRAINT order_invoice_orders_order_id_a5609c37_fk_order_order_id FOREIGN KEY (order_id) REFERENCES public.order_order(id) DEFERRABLE INITIALLY DEFERRED;


--
-- Name: order_invoice order_invoice_pharma_id_9f4342f5_fk_pharmach_pharm_id; Type: FK CONSTRAINT; Schema: public; Owner: postgres
--

ALTER TABLE ONLY public.order_invoice
    ADD CONSTRAINT order_invoice_pharma_id_9f4342f5_fk_pharmach_pharm_id FOREIGN KEY (pharma_id) REFERENCES public.pharmach_pharm(id) DEFERRABLE INITIALLY DEFERRED;


--
-- Name: order_order order_order_aptek_id_d9ac6cdc_fk_pharmach_pharm_id; Type: FK CONSTRAINT; Schema: public; Owner: postgres
--

ALTER TABLE ONLY public.order_order
    ADD CONSTRAINT order_order_aptek_id_d9ac6cdc_fk_pharmach_pharm_id FOREIGN KEY (aptek_id) REFERENCES public.pharmach_pharm(id) DEFERRABLE INITIALLY DEFERRED;


--
-- Name: order_order order_order_drug_id_72e8b95f_fk_medicine_medical_id; Type: FK CONSTRAINT; Schema: public; Owner: postgres
--

ALTER TABLE ONLY public.order_order
    ADD CONSTRAINT order_order_drug_id_72e8b95f_fk_medicine_medical_id FOREIGN KEY (drug_id) REFERENCES public.medicine_medical(id) DEFERRABLE INITIALLY DEFERRED;


--
-- Name: order_stock order_stock_drug_id_77dc5d97_fk_medicine_medical_id; Type: FK CONSTRAINT; Schema: public; Owner: postgres
--

ALTER TABLE ONLY public.order_stock
    ADD CONSTRAINT order_stock_drug_id_77dc5d97_fk_medicine_medical_id FOREIGN KEY (drug_id) REFERENCES public.medicine_medical(id) DEFERRABLE INITIALLY DEFERRED;


--
-- Name: payment_monthlydoctorreport payment_monthlydocto_doctor_id_a1342ef6_fk_doctors_d; Type: FK CONSTRAINT; Schema: public; Owner: postgres
--

ALTER TABLE ONLY public.payment_monthlydoctorreport
    ADD CONSTRAINT payment_monthlydocto_doctor_id_a1342ef6_fk_doctors_d FOREIGN KEY (doctor_id) REFERENCES public.doctors_doctors(id) DEFERRABLE INITIALLY DEFERRED;


--
-- Name: payment_monthlydoctorreport payment_monthlydocto_region_id_1f61ffff_fk_regions_r; Type: FK CONSTRAINT; Schema: public; Owner: postgres
--

ALTER TABLE ONLY public.payment_monthlydoctorreport
    ADD CONSTRAINT payment_monthlydocto_region_id_1f61ffff_fk_regions_r FOREIGN KEY (region_id) REFERENCES public.regions_region(id) DEFERRABLE INITIALLY DEFERRED;


--
-- Name: payment_payment_doctor payment_payment_doctor_area_id_730b10c0_fk_regions_region_id; Type: FK CONSTRAINT; Schema: public; Owner: postgres
--

ALTER TABLE ONLY public.payment_payment_doctor
    ADD CONSTRAINT payment_payment_doctor_area_id_730b10c0_fk_regions_region_id FOREIGN KEY (area_id) REFERENCES public.regions_region(id) DEFERRABLE INITIALLY DEFERRED;


--
-- Name: payment_payment_doctor payment_payment_doctor_doctor_id_aadc8112_fk_doctors_doctors_id; Type: FK CONSTRAINT; Schema: public; Owner: postgres
--

ALTER TABLE ONLY public.payment_payment_doctor
    ADD CONSTRAINT payment_payment_doctor_doctor_id_aadc8112_fk_doctors_doctors_id FOREIGN KEY (doctor_id) REFERENCES public.doctors_doctors(id) DEFERRABLE INITIALLY DEFERRED;


--
-- Name: payment_payment payment_payment_order_id_22b45881_fk_order_order_id; Type: FK CONSTRAINT; Schema: public; Owner: postgres
--

ALTER TABLE ONLY public.payment_payment
    ADD CONSTRAINT payment_payment_order_id_22b45881_fk_order_order_id FOREIGN KEY (order_id) REFERENCES public.order_order(id) DEFERRABLE INITIALLY DEFERRED;


--
-- Name: payment_payment payment_payment_pharm_id_5a75e16d_fk_pharmach_pharm_id; Type: FK CONSTRAINT; Schema: public; Owner: postgres
--

ALTER TABLE ONLY public.payment_payment
    ADD CONSTRAINT payment_payment_pharm_id_5a75e16d_fk_pharmach_pharm_id FOREIGN KEY (pharm_id) REFERENCES public.pharmach_pharm(id) DEFERRABLE INITIALLY DEFERRED;


--
-- Name: payment_sale payment_sale_drug_id_5350c116_fk_medicine_medical_id; Type: FK CONSTRAINT; Schema: public; Owner: postgres
--

ALTER TABLE ONLY public.payment_sale
    ADD CONSTRAINT payment_sale_drug_id_5350c116_fk_medicine_medical_id FOREIGN KEY (drug_id) REFERENCES public.medicine_medical(id) DEFERRABLE INITIALLY DEFERRED;


--
-- Name: payment_sale payment_sale_region_id_79f6f01a_fk_regions_region_id; Type: FK CONSTRAINT; Schema: public; Owner: postgres
--

ALTER TABLE ONLY public.payment_sale
    ADD CONSTRAINT payment_sale_region_id_79f6f01a_fk_regions_region_id FOREIGN KEY (region_id) REFERENCES public.regions_region(id) DEFERRABLE INITIALLY DEFERRED;


--
-- Name: payments_monthlydoctorreport payments_monthlydoct_doctor_id_67d86286_fk_doctors_d; Type: FK CONSTRAINT; Schema: public; Owner: postgres
--

ALTER TABLE ONLY public.payments_monthlydoctorreport
    ADD CONSTRAINT payments_monthlydoct_doctor_id_67d86286_fk_doctors_d FOREIGN KEY (doctor_id) REFERENCES public.doctors_doctors(id) DEFERRABLE INITIALLY DEFERRED;


--
-- Name: payments_monthlydoctorreport payments_monthlydoct_region_id_bc021f84_fk_regions_r; Type: FK CONSTRAINT; Schema: public; Owner: postgres
--

ALTER TABLE ONLY public.payments_monthlydoctorreport
    ADD CONSTRAINT payments_monthlydoct_region_id_bc021f84_fk_regions_r FOREIGN KEY (region_id) REFERENCES public.regions_region(id) DEFERRABLE INITIALLY DEFERRED;


--
-- Name: payments_payment_doctor payments_payment_doc_doctor_id_80e55b3d_fk_doctors_d; Type: FK CONSTRAINT; Schema: public; Owner: postgres
--

ALTER TABLE ONLY public.payments_payment_doctor
    ADD CONSTRAINT payments_payment_doc_doctor_id_80e55b3d_fk_doctors_d FOREIGN KEY (doctor_id) REFERENCES public.doctors_doctors(id) DEFERRABLE INITIALLY DEFERRED;


--
-- Name: payments_payment_doctor payments_payment_doctor_area_id_7ab5993f_fk_regions_region_id; Type: FK CONSTRAINT; Schema: public; Owner: postgres
--

ALTER TABLE ONLY public.payments_payment_doctor
    ADD CONSTRAINT payments_payment_doctor_area_id_7ab5993f_fk_regions_region_id FOREIGN KEY (area_id) REFERENCES public.regions_region(id) DEFERRABLE INITIALLY DEFERRED;


--
-- Name: regions_city regions_city_region_id_591f0555_fk_regions_region_id; Type: FK CONSTRAINT; Schema: public; Owner: postgres
--

ALTER TABLE ONLY public.regions_city
    ADD CONSTRAINT regions_city_region_id_591f0555_fk_regions_region_id FOREIGN KEY (region_id) REFERENCES public.regions_region(id) DEFERRABLE INITIALLY DEFERRED;


--
-- Name: regions_hospital regions_hospital_city_id_0192f760_fk_regions_city_id; Type: FK CONSTRAINT; Schema: public; Owner: postgres
--

ALTER TABLE ONLY public.regions_hospital
    ADD CONSTRAINT regions_hospital_city_id_0192f760_fk_regions_city_id FOREIGN KEY (city_id) REFERENCES public.regions_city(id) DEFERRABLE INITIALLY DEFERRED;


--
-- Name: regions_hospital regions_hospital_region_net_id_c5b825f6_fk_regions_region_id; Type: FK CONSTRAINT; Schema: public; Owner: postgres
--

ALTER TABLE ONLY public.regions_hospital
    ADD CONSTRAINT regions_hospital_region_net_id_c5b825f6_fk_regions_region_id FOREIGN KEY (region_net_id) REFERENCES public.regions_region(id) DEFERRABLE INITIALLY DEFERRED;


--
-- Name: sales_sale sales_sale_drug_id_a07c1772_fk_drugs_medical_id; Type: FK CONSTRAINT; Schema: public; Owner: postgres
--

ALTER TABLE ONLY public.sales_sale
    ADD CONSTRAINT sales_sale_drug_id_a07c1772_fk_drugs_medical_id FOREIGN KEY (drug_id) REFERENCES public.drugs_medical(id) DEFERRABLE INITIALLY DEFERRED;


--
-- Name: sales_sale sales_sale_region_id_421113b7_fk_regions_region_id; Type: FK CONSTRAINT; Schema: public; Owner: postgres
--

ALTER TABLE ONLY public.sales_sale
    ADD CONSTRAINT sales_sale_region_id_421113b7_fk_regions_region_id FOREIGN KEY (region_id) REFERENCES public.regions_region(id) DEFERRABLE INITIALLY DEFERRED;


--
-- Name: tracking_movqe tracking_movqe_istifadeci_id_2e4934ef_fk_auth_user_id; Type: FK CONSTRAINT; Schema: public; Owner: postgres
--

ALTER TABLE ONLY public.tracking_movqe
    ADD CONSTRAINT tracking_movqe_istifadeci_id_2e4934ef_fk_auth_user_id FOREIGN KEY (istifadeci_id) REFERENCES public.auth_user(id) DEFERRABLE INITIALLY DEFERRED;


--
-- Name: user_istifadeciprofil user_istifadeciprofil_bolge_id_52fd8735_fk_regions_region_id; Type: FK CONSTRAINT; Schema: public; Owner: postgres
--

ALTER TABLE ONLY public.user_istifadeciprofil
    ADD CONSTRAINT user_istifadeciprofil_bolge_id_52fd8735_fk_regions_region_id FOREIGN KEY (bolge_id) REFERENCES public.regions_region(id) DEFERRABLE INITIALLY DEFERRED;


--
-- Name: user_istifadeciprofil user_istifadeciprofil_user_id_831240cc_fk_auth_user_id; Type: FK CONSTRAINT; Schema: public; Owner: postgres
--

ALTER TABLE ONLY public.user_istifadeciprofil
    ADD CONSTRAINT user_istifadeciprofil_user_id_831240cc_fk_auth_user_id FOREIGN KEY (user_id) REFERENCES public.auth_user(id) DEFERRABLE INITIALLY DEFERRED;


--
-- Name: users_istifadeciprofil users_istifadeciprofil_bolge_id_c9c1c62a_fk_regions_region_id; Type: FK CONSTRAINT; Schema: public; Owner: postgres
--

ALTER TABLE ONLY public.users_istifadeciprofil
    ADD CONSTRAINT users_istifadeciprofil_bolge_id_c9c1c62a_fk_regions_region_id FOREIGN KEY (bolge_id) REFERENCES public.regions_region(id) DEFERRABLE INITIALLY DEFERRED;


--
-- Name: users_istifadeciprofil users_istifadeciprofil_user_id_cffab335_fk_auth_user_id; Type: FK CONSTRAINT; Schema: public; Owner: postgres
--

ALTER TABLE ONLY public.users_istifadeciprofil
    ADD CONSTRAINT users_istifadeciprofil_user_id_cffab335_fk_auth_user_id FOREIGN KEY (user_id) REFERENCES public.auth_user(id) DEFERRABLE INITIALLY DEFERRED;


--
-- PostgreSQL database dump complete
--

