--
-- PostgreSQL database dump
--

-- Dumped from database version 17.5
-- Dumped by pg_dump version 17.5

SET statement_timeout = 0;
SET lock_timeout = 0;
SET idle_in_transaction_session_timeout = 0;
SET transaction_timeout = 0;
SET client_encoding = 'UTF8';
SET standard_conforming_strings = on;
SELECT pg_catalog.set_config('search_path', '', false);
SET check_function_bodies = false;
SET xmloption = content;
SET client_min_messages = warning;
SET row_security = off;

--
-- Name: public; Type: SCHEMA; Schema: -; Owner: postgres
--

-- *not* creating schema, since initdb creates it


ALTER SCHEMA public OWNER TO postgres;

--
-- Name: SCHEMA public; Type: COMMENT; Schema: -; Owner: postgres
--

COMMENT ON SCHEMA public IS '';


SET default_tablespace = '';

SET default_table_access_method = heap;

--
-- Name: auth_group; Type: TABLE; Schema: public; Owner: postgres
--

CREATE TABLE public.auth_group (
    id integer NOT NULL,
    name character varying(150) NOT NULL
);


ALTER TABLE public.auth_group OWNER TO postgres;

--
-- Name: auth_group_id_seq; Type: SEQUENCE; Schema: public; Owner: postgres
--

ALTER TABLE public.auth_group ALTER COLUMN id ADD GENERATED BY DEFAULT AS IDENTITY (
    SEQUENCE NAME public.auth_group_id_seq
    START WITH 1
    INCREMENT BY 1
    NO MINVALUE
    NO MAXVALUE
    CACHE 1
);


--
-- Name: auth_group_permissions; Type: TABLE; Schema: public; Owner: postgres
--

CREATE TABLE public.auth_group_permissions (
    id bigint NOT NULL,
    group_id integer NOT NULL,
    permission_id integer NOT NULL
);


ALTER TABLE public.auth_group_permissions OWNER TO postgres;

--
-- Name: auth_group_permissions_id_seq; Type: SEQUENCE; Schema: public; Owner: postgres
--

ALTER TABLE public.auth_group_permissions ALTER COLUMN id ADD GENERATED BY DEFAULT AS IDENTITY (
    SEQUENCE NAME public.auth_group_permissions_id_seq
    START WITH 1
    INCREMENT BY 1
    NO MINVALUE
    NO MAXVALUE
    CACHE 1
);


--
-- Name: auth_permission; Type: TABLE; Schema: public; Owner: postgres
--

CREATE TABLE public.auth_permission (
    id integer NOT NULL,
    name character varying(255) NOT NULL,
    content_type_id integer NOT NULL,
    codename character varying(100) NOT NULL
);


ALTER TABLE public.auth_permission OWNER TO postgres;

--
-- Name: auth_permission_id_seq; Type: SEQUENCE; Schema: public; Owner: postgres
--

ALTER TABLE public.auth_permission ALTER COLUMN id ADD GENERATED BY DEFAULT AS IDENTITY (
    SEQUENCE NAME public.auth_permission_id_seq
    START WITH 1
    INCREMENT BY 1
    NO MINVALUE
    NO MAXVALUE
    CACHE 1
);


--
-- Name: auth_user; Type: TABLE; Schema: public; Owner: postgres
--

CREATE TABLE public.auth_user (
    id integer NOT NULL,
    password character varying(128) NOT NULL,
    last_login timestamp with time zone,
    is_superuser boolean NOT NULL,
    username character varying(150) NOT NULL,
    first_name character varying(150) NOT NULL,
    last_name character varying(150) NOT NULL,
    email character varying(254) NOT NULL,
    is_staff boolean NOT NULL,
    is_active boolean NOT NULL,
    date_joined timestamp with time zone NOT NULL
);


ALTER TABLE public.auth_user OWNER TO postgres;

--
-- Name: auth_user_groups; Type: TABLE; Schema: public; Owner: postgres
--

CREATE TABLE public.auth_user_groups (
    id bigint NOT NULL,
    user_id integer NOT NULL,
    group_id integer NOT NULL
);


ALTER TABLE public.auth_user_groups OWNER TO postgres;

--
-- Name: auth_user_groups_id_seq; Type: SEQUENCE; Schema: public; Owner: postgres
--

ALTER TABLE public.auth_user_groups ALTER COLUMN id ADD GENERATED BY DEFAULT AS IDENTITY (
    SEQUENCE NAME public.auth_user_groups_id_seq
    START WITH 1
    INCREMENT BY 1
    NO MINVALUE
    NO MAXVALUE
    CACHE 1
);


--
-- Name: auth_user_id_seq; Type: SEQUENCE; Schema: public; Owner: postgres
--

ALTER TABLE public.auth_user ALTER COLUMN id ADD GENERATED BY DEFAULT AS IDENTITY (
    SEQUENCE NAME public.auth_user_id_seq
    START WITH 1
    INCREMENT BY 1
    NO MINVALUE
    NO MAXVALUE
    CACHE 1
);


--
-- Name: auth_user_user_permissions; Type: TABLE; Schema: public; Owner: postgres
--

CREATE TABLE public.auth_user_user_permissions (
    id bigint NOT NULL,
    user_id integer NOT NULL,
    permission_id integer NOT NULL
);


ALTER TABLE public.auth_user_user_permissions OWNER TO postgres;

--
-- Name: auth_user_user_permissions_id_seq; Type: SEQUENCE; Schema: public; Owner: postgres
--

ALTER TABLE public.auth_user_user_permissions ALTER COLUMN id ADD GENERATED BY DEFAULT AS IDENTITY (
    SEQUENCE NAME public.auth_user_user_permissions_id_seq
    START WITH 1
    INCREMENT BY 1
    NO MINVALUE
    NO MAXVALUE
    CACHE 1
);


--
-- Name: authtoken_token; Type: TABLE; Schema: public; Owner: postgres
--

CREATE TABLE public.authtoken_token (
    key character varying(40) NOT NULL,
    created timestamp with time zone NOT NULL,
    user_id integer NOT NULL
);


ALTER TABLE public.authtoken_token OWNER TO postgres;

--
-- Name: core_deletedrecipedruglog; Type: TABLE; Schema: public; Owner: postgres
--

CREATE TABLE public.core_deletedrecipedruglog (
    id bigint NOT NULL,
    drug_name character varying(255) NOT NULL,
    recipe_id integer NOT NULL,
    deleted_at timestamp with time zone NOT NULL,
    deleted_by_id integer
);


ALTER TABLE public.core_deletedrecipedruglog OWNER TO postgres;

--
-- Name: core_deletedrecipedruglog_id_seq; Type: SEQUENCE; Schema: public; Owner: postgres
--

ALTER TABLE public.core_deletedrecipedruglog ALTER COLUMN id ADD GENERATED BY DEFAULT AS IDENTITY (
    SEQUENCE NAME public.core_deletedrecipedruglog_id_seq
    START WITH 1
    INCREMENT BY 1
    NO MINVALUE
    NO MAXVALUE
    CACHE 1
);


--
-- Name: django_admin_log; Type: TABLE; Schema: public; Owner: postgres
--

CREATE TABLE public.django_admin_log (
    id integer NOT NULL,
    action_time timestamp with time zone NOT NULL,
    object_id text,
    object_repr character varying(200) NOT NULL,
    action_flag smallint NOT NULL,
    change_message text NOT NULL,
    content_type_id integer,
    user_id integer NOT NULL,
    CONSTRAINT django_admin_log_action_flag_check CHECK ((action_flag >= 0))
);


ALTER TABLE public.django_admin_log OWNER TO postgres;

--
-- Name: django_admin_log_id_seq; Type: SEQUENCE; Schema: public; Owner: postgres
--

ALTER TABLE public.django_admin_log ALTER COLUMN id ADD GENERATED BY DEFAULT AS IDENTITY (
    SEQUENCE NAME public.django_admin_log_id_seq
    START WITH 1
    INCREMENT BY 1
    NO MINVALUE
    NO MAXVALUE
    CACHE 1
);


--
-- Name: django_content_type; Type: TABLE; Schema: public; Owner: postgres
--

CREATE TABLE public.django_content_type (
    id integer NOT NULL,
    app_label character varying(100) NOT NULL,
    model character varying(100) NOT NULL
);


ALTER TABLE public.django_content_type OWNER TO postgres;

--
-- Name: django_content_type_id_seq; Type: SEQUENCE; Schema: public; Owner: postgres
--

ALTER TABLE public.django_content_type ALTER COLUMN id ADD GENERATED BY DEFAULT AS IDENTITY (
    SEQUENCE NAME public.django_content_type_id_seq
    START WITH 1
    INCREMENT BY 1
    NO MINVALUE
    NO MAXVALUE
    CACHE 1
);


--
-- Name: django_migrations; Type: TABLE; Schema: public; Owner: postgres
--

CREATE TABLE public.django_migrations (
    id bigint NOT NULL,
    app character varying(255) NOT NULL,
    name character varying(255) NOT NULL,
    applied timestamp with time zone NOT NULL
);


ALTER TABLE public.django_migrations OWNER TO postgres;

--
-- Name: django_migrations_id_seq; Type: SEQUENCE; Schema: public; Owner: postgres
--

ALTER TABLE public.django_migrations ALTER COLUMN id ADD GENERATED BY DEFAULT AS IDENTITY (
    SEQUENCE NAME public.django_migrations_id_seq
    START WITH 1
    INCREMENT BY 1
    NO MINVALUE
    NO MAXVALUE
    CACHE 1
);


--
-- Name: django_session; Type: TABLE; Schema: public; Owner: postgres
--

CREATE TABLE public.django_session (
    session_key character varying(40) NOT NULL,
    session_data text NOT NULL,
    expire_date timestamp with time zone NOT NULL
);


ALTER TABLE public.django_session OWNER TO postgres;

--
-- Name: doctors_doctors; Type: TABLE; Schema: public; Owner: postgres
--

CREATE TABLE public.doctors_doctors (
    id bigint NOT NULL,
    ad character varying(100) NOT NULL,
    ixtisas character varying(100) NOT NULL,
    kategoriya character varying(10) NOT NULL,
    derece character varying(10) NOT NULL,
    cinsiyyet character varying(10) NOT NULL,
    number character varying(250),
    barkod character varying(10) NOT NULL,
    previous_debt numeric(10,2) NOT NULL,
    hesablanan_miqdar numeric(10,2) NOT NULL,
    hekimden_silinen numeric(10,2) NOT NULL,
    datasiya numeric(10,2) NOT NULL,
    borc numeric(10,2) NOT NULL,
    yekun_borc numeric(10,2) NOT NULL,
    bolge_id bigint NOT NULL,
    city_id bigint,
    klinika_id bigint NOT NULL,
    "razılaşma" numeric(5,1) NOT NULL
);


ALTER TABLE public.doctors_doctors OWNER TO postgres;

--
-- Name: doctors_doctors_id_seq; Type: SEQUENCE; Schema: public; Owner: postgres
--

ALTER TABLE public.doctors_doctors ALTER COLUMN id ADD GENERATED BY DEFAULT AS IDENTITY (
    SEQUENCE NAME public.doctors_doctors_id_seq
    START WITH 1
    INCREMENT BY 1
    NO MINVALUE
    NO MAXVALUE
    CACHE 1
);


--
-- Name: doctors_realsales; Type: TABLE; Schema: public; Owner: postgres
--

CREATE TABLE public.doctors_realsales (
    id bigint NOT NULL,
    date_sale date NOT NULL,
    dr_name_id bigint NOT NULL,
    region_n_id bigint NOT NULL
);


ALTER TABLE public.doctors_realsales OWNER TO postgres;

--
-- Name: doctors_realsales_id_seq; Type: SEQUENCE; Schema: public; Owner: postgres
--

ALTER TABLE public.doctors_realsales ALTER COLUMN id ADD GENERATED BY DEFAULT AS IDENTITY (
    SEQUENCE NAME public.doctors_realsales_id_seq
    START WITH 1
    INCREMENT BY 1
    NO MINVALUE
    NO MAXVALUE
    CACHE 1
);


--
-- Name: doctors_realsalesdrug; Type: TABLE; Schema: public; Owner: postgres
--

CREATE TABLE public.doctors_realsalesdrug (
    id bigint NOT NULL,
    numbers integer NOT NULL,
    drug_name_id bigint NOT NULL,
    real_sale_id bigint NOT NULL,
    CONSTRAINT doctors_realsalesdrug_numbers_check CHECK ((numbers >= 0))
);


ALTER TABLE public.doctors_realsalesdrug OWNER TO postgres;

--
-- Name: doctors_realsalesdrug_id_seq; Type: SEQUENCE; Schema: public; Owner: postgres
--

ALTER TABLE public.doctors_realsalesdrug ALTER COLUMN id ADD GENERATED BY DEFAULT AS IDENTITY (
    SEQUENCE NAME public.doctors_realsalesdrug_id_seq
    START WITH 1
    INCREMENT BY 1
    NO MINVALUE
    NO MAXVALUE
    CACHE 1
);


--
-- Name: doctors_recipe; Type: TABLE; Schema: public; Owner: postgres
--

CREATE TABLE public.doctors_recipe (
    id bigint NOT NULL,
    date date NOT NULL,
    dr_id bigint NOT NULL,
    region_id bigint NOT NULL
);


ALTER TABLE public.doctors_recipe OWNER TO postgres;

--
-- Name: doctors_recipe_id_seq; Type: SEQUENCE; Schema: public; Owner: postgres
--

ALTER TABLE public.doctors_recipe ALTER COLUMN id ADD GENERATED BY DEFAULT AS IDENTITY (
    SEQUENCE NAME public.doctors_recipe_id_seq
    START WITH 1
    INCREMENT BY 1
    NO MINVALUE
    NO MAXVALUE
    CACHE 1
);


--
-- Name: doctors_recipedrug; Type: TABLE; Schema: public; Owner: postgres
--

CREATE TABLE public.doctors_recipedrug (
    id bigint NOT NULL,
    number numeric(5,1) NOT NULL,
    created_at timestamp with time zone NOT NULL,
    drug_id bigint NOT NULL,
    recipe_id bigint NOT NULL
);


ALTER TABLE public.doctors_recipedrug OWNER TO postgres;

--
-- Name: doctors_recipedrug_id_seq; Type: SEQUENCE; Schema: public; Owner: postgres
--

ALTER TABLE public.doctors_recipedrug ALTER COLUMN id ADD GENERATED BY DEFAULT AS IDENTITY (
    SEQUENCE NAME public.doctors_recipedrug_id_seq
    START WITH 1
    INCREMENT BY 1
    NO MINVALUE
    NO MAXVALUE
    CACHE 1
);


--
-- Name: export_backup; Type: TABLE; Schema: public; Owner: postgres
--

CREATE TABLE public.export_backup (
    id bigint NOT NULL,
    ad character varying(100) NOT NULL,
    fayl character varying(100) NOT NULL,
    olusturulma_tarixi timestamp with time zone NOT NULL,
    olcu character varying(20) NOT NULL
);


ALTER TABLE public.export_backup OWNER TO postgres;

--
-- Name: export_backup_id_seq; Type: SEQUENCE; Schema: public; Owner: postgres
--

ALTER TABLE public.export_backup ALTER COLUMN id ADD GENERATED BY DEFAULT AS IDENTITY (
    SEQUENCE NAME public.export_backup_id_seq
    START WITH 1
    INCREMENT BY 1
    NO MINVALUE
    NO MAXVALUE
    CACHE 1
);


--
-- Name: medicine_medical; Type: TABLE; Schema: public; Owner: postgres
--

CREATE TABLE public.medicine_medical (
    id bigint NOT NULL,
    med_name character varying(250) NOT NULL,
    med_full_name character varying(250),
    med_price numeric(10,2) NOT NULL,
    komissiya numeric(10,2) NOT NULL,
    status boolean NOT NULL
);


ALTER TABLE public.medicine_medical OWNER TO postgres;

--
-- Name: medicine_medical_id_seq; Type: SEQUENCE; Schema: public; Owner: postgres
--

ALTER TABLE public.medicine_medical ALTER COLUMN id ADD GENERATED BY DEFAULT AS IDENTITY (
    SEQUENCE NAME public.medicine_medical_id_seq
    START WITH 1
    INCREMENT BY 1
    NO MINVALUE
    NO MAXVALUE
    CACHE 1
);


--
-- Name: payment_financial_document; Type: TABLE; Schema: public; Owner: postgres
--

CREATE TABLE public.payment_financial_document (
    id bigint NOT NULL,
    check_photo character varying(100) NOT NULL,
    check_date date NOT NULL,
    check_dr_id bigint NOT NULL,
    check_region_id bigint
);


ALTER TABLE public.payment_financial_document OWNER TO postgres;

--
-- Name: payment_financial_document_id_seq; Type: SEQUENCE; Schema: public; Owner: postgres
--

ALTER TABLE public.payment_financial_document ALTER COLUMN id ADD GENERATED BY DEFAULT AS IDENTITY (
    SEQUENCE NAME public.payment_financial_document_id_seq
    START WITH 1
    INCREMENT BY 1
    NO MINVALUE
    NO MAXVALUE
    CACHE 1
);


--
-- Name: payment_monthlydoctorreport; Type: TABLE; Schema: public; Owner: postgres
--

CREATE TABLE public.payment_monthlydoctorreport (
    id bigint NOT NULL,
    report_month date NOT NULL,
    borc double precision NOT NULL,
    avans double precision NOT NULL,
    investisiya double precision NOT NULL,
    hesablanan_miqdar double precision NOT NULL,
    hekimden_silinen double precision NOT NULL,
    yekun_borc double precision NOT NULL,
    recipe_total_drugs integer NOT NULL,
    recipe_drugs_list text NOT NULL,
    doctor_id bigint NOT NULL,
    region_id bigint
);


ALTER TABLE public.payment_monthlydoctorreport OWNER TO postgres;

--
-- Name: payment_monthlydoctorreport_id_seq; Type: SEQUENCE; Schema: public; Owner: postgres
--

ALTER TABLE public.payment_monthlydoctorreport ALTER COLUMN id ADD GENERATED BY DEFAULT AS IDENTITY (
    SEQUENCE NAME public.payment_monthlydoctorreport_id_seq
    START WITH 1
    INCREMENT BY 1
    NO MINVALUE
    NO MAXVALUE
    CACHE 1
);


--
-- Name: payment_payment_doctor; Type: TABLE; Schema: public; Owner: postgres
--

CREATE TABLE public.payment_payment_doctor (
    id bigint NOT NULL,
    payment_type character varying(200) NOT NULL,
    pay numeric(10,2) NOT NULL,
    date date NOT NULL,
    area_id bigint NOT NULL,
    doctor_id bigint NOT NULL
);


ALTER TABLE public.payment_payment_doctor OWNER TO postgres;

--
-- Name: payment_payment_doctor_id_seq; Type: SEQUENCE; Schema: public; Owner: postgres
--

ALTER TABLE public.payment_payment_doctor ALTER COLUMN id ADD GENERATED BY DEFAULT AS IDENTITY (
    SEQUENCE NAME public.payment_payment_doctor_id_seq
    START WITH 1
    INCREMENT BY 1
    NO MINVALUE
    NO MAXVALUE
    CACHE 1
);


--
-- Name: payment_sale; Type: TABLE; Schema: public; Owner: postgres
--

CREATE TABLE public.payment_sale (
    id bigint NOT NULL,
    quantity integer NOT NULL,
    sale_date date NOT NULL,
    drug_id bigint NOT NULL,
    region_id bigint NOT NULL,
    CONSTRAINT payment_sale_quantity_check CHECK ((quantity >= 0))
);


ALTER TABLE public.payment_sale OWNER TO postgres;

--
-- Name: payment_sale_id_seq; Type: SEQUENCE; Schema: public; Owner: postgres
--

ALTER TABLE public.payment_sale ALTER COLUMN id ADD GENERATED BY DEFAULT AS IDENTITY (
    SEQUENCE NAME public.payment_sale_id_seq
    START WITH 1
    INCREMENT BY 1
    NO MINVALUE
    NO MAXVALUE
    CACHE 1
);


--
-- Name: regions_city; Type: TABLE; Schema: public; Owner: postgres
--

CREATE TABLE public.regions_city (
    id bigint NOT NULL,
    city_name character varying(100) NOT NULL,
    region_id bigint NOT NULL
);


ALTER TABLE public.regions_city OWNER TO postgres;

--
-- Name: regions_city_id_seq; Type: SEQUENCE; Schema: public; Owner: postgres
--

ALTER TABLE public.regions_city ALTER COLUMN id ADD GENERATED BY DEFAULT AS IDENTITY (
    SEQUENCE NAME public.regions_city_id_seq
    START WITH 1
    INCREMENT BY 1
    NO MINVALUE
    NO MAXVALUE
    CACHE 1
);


--
-- Name: regions_hospital; Type: TABLE; Schema: public; Owner: postgres
--

CREATE TABLE public.regions_hospital (
    id bigint NOT NULL,
    hospital_name character varying(100) NOT NULL,
    city_id bigint,
    region_net_id bigint NOT NULL
);


ALTER TABLE public.regions_hospital OWNER TO postgres;

--
-- Name: regions_hospital_id_seq; Type: SEQUENCE; Schema: public; Owner: postgres
--

ALTER TABLE public.regions_hospital ALTER COLUMN id ADD GENERATED BY DEFAULT AS IDENTITY (
    SEQUENCE NAME public.regions_hospital_id_seq
    START WITH 1
    INCREMENT BY 1
    NO MINVALUE
    NO MAXVALUE
    CACHE 1
);


--
-- Name: regions_region; Type: TABLE; Schema: public; Owner: postgres
--

CREATE TABLE public.regions_region (
    id bigint NOT NULL,
    region_name character varying(100) NOT NULL,
    region_type character varying(50)
);


ALTER TABLE public.regions_region OWNER TO postgres;

--
-- Name: regions_region_id_seq; Type: SEQUENCE; Schema: public; Owner: postgres
--

ALTER TABLE public.regions_region ALTER COLUMN id ADD GENERATED BY DEFAULT AS IDENTITY (
    SEQUENCE NAME public.regions_region_id_seq
    START WITH 1
    INCREMENT BY 1
    NO MINVALUE
    NO MAXVALUE
    CACHE 1
);


--
-- Name: tracking_locationpoint; Type: TABLE; Schema: public; Owner: postgres
--

CREATE TABLE public.tracking_locationpoint (
    id bigint NOT NULL,
    latitude double precision NOT NULL,
    longitude double precision NOT NULL,
    "timestamp" timestamp with time zone NOT NULL,
    speed double precision NOT NULL,
    session_id bigint NOT NULL
);


ALTER TABLE public.tracking_locationpoint OWNER TO postgres;

--
-- Name: tracking_locationpoint_id_seq; Type: SEQUENCE; Schema: public; Owner: postgres
--

ALTER TABLE public.tracking_locationpoint ALTER COLUMN id ADD GENERATED BY DEFAULT AS IDENTITY (
    SEQUENCE NAME public.tracking_locationpoint_id_seq
    START WITH 1
    INCREMENT BY 1
    NO MINVALUE
    NO MAXVALUE
    CACHE 1
);


--
-- Name: tracking_stoppoint; Type: TABLE; Schema: public; Owner: postgres
--

CREATE TABLE public.tracking_stoppoint (
    id bigint NOT NULL,
    latitude double precision NOT NULL,
    longitude double precision NOT NULL,
    start_time timestamp with time zone NOT NULL,
    end_time timestamp with time zone NOT NULL,
    duration double precision NOT NULL,
    session_id bigint NOT NULL
);


ALTER TABLE public.tracking_stoppoint OWNER TO postgres;

--
-- Name: tracking_stoppoint_id_seq; Type: SEQUENCE; Schema: public; Owner: postgres
--

ALTER TABLE public.tracking_stoppoint ALTER COLUMN id ADD GENERATED BY DEFAULT AS IDENTITY (
    SEQUENCE NAME public.tracking_stoppoint_id_seq
    START WITH 1
    INCREMENT BY 1
    NO MINVALUE
    NO MAXVALUE
    CACHE 1
);


--
-- Name: tracking_trackingsession; Type: TABLE; Schema: public; Owner: postgres
--

CREATE TABLE public.tracking_trackingsession (
    id bigint NOT NULL,
    start_time timestamp with time zone NOT NULL,
    end_time timestamp with time zone,
    total_distance double precision NOT NULL,
    total_duration double precision NOT NULL,
    user_id integer NOT NULL
);


ALTER TABLE public.tracking_trackingsession OWNER TO postgres;

--
-- Name: tracking_trackingsession_id_seq; Type: SEQUENCE; Schema: public; Owner: postgres
--

ALTER TABLE public.tracking_trackingsession ALTER COLUMN id ADD GENERATED BY DEFAULT AS IDENTITY (
    SEQUENCE NAME public.tracking_trackingsession_id_seq
    START WITH 1
    INCREMENT BY 1
    NO MINVALUE
    NO MAXVALUE
    CACHE 1
);


--
-- Name: user_istifadeciprofil; Type: TABLE; Schema: public; Owner: postgres
--

CREATE TABLE public.user_istifadeciprofil (
    id bigint NOT NULL,
    bolge_id bigint NOT NULL,
    user_id integer NOT NULL
);


ALTER TABLE public.user_istifadeciprofil OWNER TO postgres;

--
-- Name: user_istifadeciprofil_id_seq; Type: SEQUENCE; Schema: public; Owner: postgres
--

ALTER TABLE public.user_istifadeciprofil ALTER COLUMN id ADD GENERATED BY DEFAULT AS IDENTITY (
    SEQUENCE NAME public.user_istifadeciprofil_id_seq
    START WITH 1
    INCREMENT BY 1
    NO MINVALUE
    NO MAXVALUE
    CACHE 1
);


--
-- Data for Name: auth_group; Type: TABLE DATA; Schema: public; Owner: postgres
--

COPY public.auth_group (id, name) FROM stdin;
\.


--
-- Data for Name: auth_group_permissions; Type: TABLE DATA; Schema: public; Owner: postgres
--

COPY public.auth_group_permissions (id, group_id, permission_id) FROM stdin;
\.


--
-- Data for Name: auth_permission; Type: TABLE DATA; Schema: public; Owner: postgres
--

COPY public.auth_permission (id, name, content_type_id, codename) FROM stdin;
1	Can add permission	1	add_permission
2	Can change permission	1	change_permission
3	Can delete permission	1	delete_permission
4	Can view permission	1	view_permission
5	Can add group	2	add_group
6	Can change group	2	change_group
7	Can delete group	2	delete_group
8	Can view group	2	view_group
9	Can add user	3	add_user
10	Can change user	3	change_user
11	Can delete user	3	delete_user
12	Can view user	3	view_user
13	Can add content type	4	add_contenttype
14	Can change content type	4	change_contenttype
15	Can delete content type	4	delete_contenttype
16	Can view content type	4	view_contenttype
17	Can add deleted recipe drug log	5	add_deletedrecipedruglog
18	Can change deleted recipe drug log	5	change_deletedrecipedruglog
19	Can delete deleted recipe drug log	5	delete_deletedrecipedruglog
20	Can view deleted recipe drug log	5	view_deletedrecipedruglog
21	Can add Dərman	6	add_medical
22	Can change Dərman	6	change_medical
23	Can delete Dərman	6	delete_medical
24	Can view Dərman	6	view_medical
25	Can add backup	7	add_backup
26	Can change backup	7	change_backup
27	Can delete backup	7	delete_backup
28	Can view backup	7	view_backup
29	Can add Həkimə Ödəniş	8	add_payment_doctor
30	Can change Həkimə Ödəniş	8	change_payment_doctor
31	Can delete Həkimə Ödəniş	8	delete_payment_doctor
32	Can view Həkimə Ödəniş	8	view_payment_doctor
33	Can add Bölgə Satış	9	add_sale
34	Can change Bölgə Satış	9	change_sale
35	Can delete Bölgə Satış	9	delete_sale
36	Can view Bölgə Satış	9	view_sale
37	Can add monthly doctor report	10	add_monthlydoctorreport
38	Can change monthly doctor report	10	change_monthlydoctorreport
39	Can delete monthly doctor report	10	delete_monthlydoctorreport
40	Can view monthly doctor report	10	view_monthlydoctorreport
41	Can add Şəhər	11	add_city
42	Can change Şəhər	11	change_city
43	Can delete Şəhər	11	delete_city
44	Can view Şəhər	11	view_city
45	Can add Bölgə	12	add_region
46	Can change Bölgə	12	change_region
47	Can delete Bölgə	12	delete_region
48	Can view Bölgə	12	view_region
49	Can add Xəstəxana/Klinika	13	add_hospital
50	Can change Xəstəxana/Klinika	13	change_hospital
51	Can delete Xəstəxana/Klinika	13	delete_hospital
52	Can view Xəstəxana/Klinika	13	view_hospital
53	Can add Həkim	14	add_doctors
54	Can change Həkim	14	change_doctors
55	Can delete Həkim	14	delete_doctors
56	Can view Həkim	14	view_doctors
57	Can add Real Satış	15	add_realsales
58	Can change Real Satış	15	change_realsales
59	Can delete Real Satış	15	delete_realsales
60	Can view Real Satış	15	view_realsales
61	Can add Real Satış Dərmanı	16	add_realsalesdrug
62	Can change Real Satış Dərmanı	16	change_realsalesdrug
63	Can delete Real Satış Dərmanı	16	delete_realsalesdrug
64	Can view Real Satış Dərmanı	16	view_realsalesdrug
65	Can add Resept	17	add_recipe
66	Can change Resept	17	change_recipe
67	Can delete Resept	17	delete_recipe
68	Can view Resept	17	view_recipe
69	Can add Resept Dərmanı	18	add_recipedrug
70	Can change Resept Dərmanı	18	change_recipedrug
71	Can delete Resept Dərmanı	18	delete_recipedrug
72	Can view Resept Dərmanı	18	view_recipedrug
73	Can add istifadeci profil	19	add_istifadeciprofil
74	Can change istifadeci profil	19	change_istifadeciprofil
75	Can delete istifadeci profil	19	delete_istifadeciprofil
76	Can view istifadeci profil	19	view_istifadeciprofil
77	Can add movqe	20	add_movqe
78	Can change movqe	20	change_movqe
79	Can delete movqe	20	delete_movqe
80	Can view movqe	20	view_movqe
81	Can add log entry	21	add_logentry
82	Can change log entry	21	change_logentry
83	Can delete log entry	21	delete_logentry
84	Can view log entry	21	view_logentry
85	Can add session	22	add_session
86	Can change session	22	change_session
87	Can delete session	22	delete_session
88	Can view session	22	view_session
89	Can add Token	23	add_token
90	Can change Token	23	change_token
91	Can delete Token	23	delete_token
92	Can view Token	23	view_token
93	Can add Token	24	add_tokenproxy
94	Can change Token	24	change_tokenproxy
95	Can delete Token	24	delete_tokenproxy
96	Can view Token	24	view_tokenproxy
97	Can add tracking session	25	add_trackingsession
98	Can change tracking session	25	change_trackingsession
99	Can delete tracking session	25	delete_trackingsession
100	Can view tracking session	25	view_trackingsession
101	Can add location point	26	add_locationpoint
102	Can change location point	26	change_locationpoint
103	Can delete location point	26	delete_locationpoint
104	Can view location point	26	view_locationpoint
105	Can add stop point	27	add_stoppoint
106	Can change stop point	27	change_stoppoint
107	Can delete stop point	27	delete_stoppoint
108	Can view stop point	27	view_stoppoint
109	Can add financial_document	28	add_financial_document
110	Can change financial_document	28	change_financial_document
111	Can delete financial_document	28	delete_financial_document
112	Can view financial_document	28	view_financial_document
\.


--
-- Data for Name: auth_user; Type: TABLE DATA; Schema: public; Owner: postgres
--

COPY public.auth_user (id, password, last_login, is_superuser, username, first_name, last_name, email, is_staff, is_active, date_joined) FROM stdin;
1	pbkdf2_sha256$1000000$ThsTrVnyDheIicAMrdACW8$bDOexOZVfv2e2Y7dZbv3ly1np+Ry50Gsu7SvzP6ZrdA=	2025-10-30 16:13:33.360792+04	t	Kamandar			kamandaragasafli@gmail.com	t	t	2025-09-11 15:18:15.358259+04
\.


--
-- Data for Name: auth_user_groups; Type: TABLE DATA; Schema: public; Owner: postgres
--

COPY public.auth_user_groups (id, user_id, group_id) FROM stdin;
\.


--
-- Data for Name: auth_user_user_permissions; Type: TABLE DATA; Schema: public; Owner: postgres
--

COPY public.auth_user_user_permissions (id, user_id, permission_id) FROM stdin;
\.


--
-- Data for Name: authtoken_token; Type: TABLE DATA; Schema: public; Owner: postgres
--

COPY public.authtoken_token (key, created, user_id) FROM stdin;
\.


--
-- Data for Name: core_deletedrecipedruglog; Type: TABLE DATA; Schema: public; Owner: postgres
--

COPY public.core_deletedrecipedruglog (id, drug_name, recipe_id, deleted_at, deleted_by_id) FROM stdin;
\.


--
-- Data for Name: django_admin_log; Type: TABLE DATA; Schema: public; Owner: postgres
--

COPY public.django_admin_log (id, action_time, object_id, object_repr, action_flag, change_message, content_type_id, user_id) FROM stdin;
1	2025-09-11 15:19:37.186922+04	1	Ropsol	1	[{"added": {}}]	6	1
2	2025-09-11 15:19:59.565853+04	1	Bakı bölgə-13	1	[{"added": {}}]	12	1
3	2025-09-11 15:20:11.659462+04	1	37 POL-Bakı bölgə-13	1	[{"added": {}}]	13	1
4	2025-09-11 15:21:26.350652+04	1	37 POL-Bakı bölgə-13	3		13	1
5	2025-09-11 15:22:18.419876+04	2	Bakı bölgə-11	1	[{"added": {}}]	12	1
6	2025-09-11 15:22:39.446772+04	2	16 U.P-Bakı bölgə-11	1	[{"added": {}}]	13	1
7	2025-09-11 15:22:50.220317+04	3	23 POL-Bakı bölgə-11	1	[{"added": {}}]	13	1
8	2025-09-11 15:23:00.802858+04	4	Zığ Pol-Bakı bölgə-11	1	[{"added": {}}]	13	1
9	2025-09-11 15:23:10.072923+04	5	Zığ tibb mərkəzi-Bakı bölgə-11	1	[{"added": {}}]	13	1
10	2025-09-11 15:44:29.854442+04	26	Xəlilova Zümrüd - 2025-08-31	3		17	1
11	2025-09-11 15:44:29.854442+04	25	Tağıyeva Günay - 2025-08-31	3		17	1
12	2025-09-11 15:44:29.854442+04	24	Hüseynova Arzu - 2025-08-31	3		17	1
13	2025-09-11 15:44:29.854442+04	23	Cəfərova Zərifə - 2025-08-31	3		17	1
14	2025-09-11 15:44:29.854442+04	22	Axundova Afaq ST - 2025-08-31	3		17	1
15	2025-09-11 15:44:29.854442+04	21	Cəfərova Mirvari - 2025-08-31	3		17	1
16	2025-09-11 15:44:29.854442+04	20	Azadlı İnarə - 2025-08-31	3		17	1
17	2025-09-11 15:44:29.854442+04	19	Əliyev Aslan - 2025-08-31	3		17	1
18	2025-09-11 15:44:29.854442+04	18	Əhmədli Lamiyə - 2025-08-31	3		17	1
19	2025-09-11 15:44:29.854442+04	17	Süleymanova Tünzalə - 2025-08-31	3		17	1
20	2025-09-11 15:44:29.854442+04	16	Sayılova Ülviyyə - 2025-08-31	3		17	1
21	2025-09-11 15:44:29.854442+04	15	Rəhilə Mənsur - 2025-08-31	3		17	1
22	2025-09-11 15:44:29.854442+04	14	Rüstəmova Həmidə - 2025-08-31	3		17	1
23	2025-09-11 15:44:29.854442+04	13	Rzayeva Vüsalə - 2025-08-31	3		17	1
24	2025-09-11 15:44:29.854442+04	12	Novruzova Pərvin - 2025-08-31	3		17	1
25	2025-09-11 15:44:29.854442+04	11	Məmmədov İmran - 2025-08-31	3		17	1
26	2025-09-11 15:44:29.854442+04	10	Kasımova Nərgiz - 2025-08-31	3		17	1
27	2025-09-11 15:44:29.854442+04	9	Hüseynova Kəmalə - 2025-08-31	3		17	1
28	2025-09-11 15:44:29.854442+04	8	Fətullayev Cəfər - 2025-08-31	3		17	1
29	2025-09-11 15:44:29.854442+04	7	Fərmanova Aynurə - 2025-08-31	3		17	1
30	2025-09-11 15:44:29.854442+04	6	Bünyadova Ləman - 2025-08-31	3		17	1
31	2025-09-11 15:44:29.854442+04	5	Aslanova Leyla - 2025-08-31	3		17	1
32	2025-09-11 15:44:29.854442+04	4	Əsgərova Xanımzər - 2025-08-31	3		17	1
33	2025-09-11 15:44:29.854442+04	3	Mehralıyeva Günay - 2025-08-31	3		17	1
34	2025-09-11 15:44:29.854442+04	2	Mehralıyeva Günay - 2025-09-11	3		17	1
35	2025-09-11 15:46:23.934445+04	94	Ropsol (1.0)	3		18	1
36	2025-09-11 15:46:32.572573+04	1	Ropsol	3		6	1
37	2025-09-11 15:47:03.769629+04	22	Ropsol	1	[{"added": {}}]	6	1
38	2025-09-11 15:51:29.202824+04	1	Xəlilova Zümrüd-İnvest-80	1	[{"added": {}}]	8	1
39	2025-09-12 14:57:23.59936+04	12	Fensavin (Recipe ID: 89) silindi 2025-09-12 07:34:36.344104+00:00	3		5	1
40	2025-09-12 14:57:23.59936+04	11	Solseda (Recipe ID: 85) silindi 2025-09-12 07:34:30.812042+00:00	3		5	1
41	2025-09-12 14:57:23.59936+04	10	Zemovar (Recipe ID: 81) silindi 2025-09-12 06:42:16.412184+00:00	3		5	1
42	2025-09-12 14:57:23.59936+04	9	Solseda (Recipe ID: 67) silindi 2025-09-12 06:42:14.211425+00:00	3		5	1
43	2025-09-12 14:57:23.59936+04	8	Zemovar (Recipe ID: 82) silindi 2025-09-12 06:42:12.111744+00:00	3		5	1
44	2025-09-12 14:57:23.59936+04	7	Solseda (Recipe ID: 71) silindi 2025-09-12 06:42:07.411661+00:00	3		5	1
45	2025-09-12 14:57:23.59936+04	6	Solseda (Recipe ID: 73) silindi 2025-09-12 06:42:05.016020+00:00	3		5	1
46	2025-09-12 14:57:23.59936+04	5	Solseda (Recipe ID: 83) silindi 2025-09-12 06:42:03.015075+00:00	3		5	1
47	2025-09-12 14:57:23.59936+04	4	Solseda (Recipe ID: 63) silindi 2025-09-12 06:15:33.813508+00:00	3		5	1
48	2025-09-12 14:57:23.59936+04	3	Solseda (Recipe ID: 64) silindi 2025-09-12 06:15:31.915010+00:00	3		5	1
49	2025-09-12 14:57:23.59936+04	2	Opsidol (Recipe ID: 62) silindi 2025-09-12 06:13:44.164113+00:00	3		5	1
50	2025-09-12 14:57:23.59936+04	1	Solseda (Recipe ID: 61) silindi 2025-09-12 06:13:41.479482+00:00	3		5	1
51	2025-09-19 09:47:31.211073+04	17	Əhmədli Lamiyə	2	[{"changed": {"fields": ["Kategoriya", "Raz\\u0131la\\u015fma"]}}]	14	1
52	2025-10-01 14:01:10.477587+04	27	Zabrat	2	[{"changed": {"fields": ["Region type"]}}]	12	1
53	2025-10-01 14:01:25.242816+04	26	PİRALLAHI	2	[{"changed": {"fields": ["Region type"]}}]	12	1
54	2025-10-01 14:01:33.702349+04	9	Bakı bölgə-9	2	[{"changed": {"fields": ["Region type"]}}]	12	1
55	2025-10-01 14:01:42.674747+04	8	Bakı bölgə-8	2	[{"changed": {"fields": ["Region type"]}}]	12	1
56	2025-10-01 14:01:50.359569+04	7	Bakı bölgə-7	2	[{"changed": {"fields": ["Region type"]}}]	12	1
57	2025-10-01 14:02:00.812838+04	6	Bakı bölgə-3	2	[{"changed": {"fields": ["Region type"]}}]	12	1
58	2025-10-01 14:02:10.166303+04	3	Bakı bölgə-6	2	[{"changed": {"fields": ["Region type"]}}]	12	1
59	2025-10-01 14:02:16.035357+04	4	Bakı bölgə-12	2	[{"changed": {"fields": ["Region type"]}}]	12	1
60	2025-10-01 14:02:21.954178+04	5	Bakı bölgə-2	2	[{"changed": {"fields": ["Region type"]}}]	12	1
61	2025-10-01 14:02:41.39567+04	24	Şəmkir	2	[{"changed": {"fields": ["Region type"]}}]	12	1
62	2025-10-01 14:02:49.922271+04	10	Bərdə	2	[{"changed": {"fields": ["Region type"]}}]	12	1
63	2025-10-01 14:02:55.934246+04	23	Şirvan-Salyan	2	[{"changed": {"fields": ["Region type"]}}]	12	1
64	2025-10-01 14:03:04.038795+04	22	Şamaxı	2	[{"changed": {"fields": ["Region type"]}}]	12	1
65	2025-10-01 14:03:12.806828+04	21	Sumqayıt	2	[{"changed": {"fields": ["Region type"]}}]	12	1
66	2025-10-01 14:03:20.027012+04	20	Qəbələ	2	[{"changed": {"fields": ["Region type"]}}]	12	1
67	2025-10-01 14:03:32.247289+04	19	Quba	2	[{"changed": {"fields": ["Region type"]}}]	12	1
68	2025-10-01 14:03:41.006406+04	18	Qarabağ	2	[{"changed": {"fields": ["Region type"]}}]	12	1
69	2025-10-01 14:03:47.119117+04	17	Naxcıvan	2	[{"changed": {"fields": ["Region type"]}}]	12	1
70	2025-10-01 14:03:51.654651+04	16	Şəki	2	[{"changed": {"fields": ["Region type"]}}]	12	1
71	2025-10-01 14:03:57.206876+04	15	Mingəçevir	2	[{"changed": {"fields": ["Region type"]}}]	12	1
72	2025-10-01 14:04:04.095629+04	14	Lənkəran	2	[{"changed": {"fields": ["Region type"]}}]	12	1
73	2025-10-01 14:04:12.478585+04	13	Gəncə bölgə	2	[{"changed": {"fields": ["Region type"]}}]	12	1
74	2025-10-01 14:04:21.052874+04	12	Göyçay	2	[{"changed": {"fields": ["Region type"]}}]	12	1
75	2025-10-01 14:04:25.350936+04	11	Goranboy	2	[{"changed": {"fields": ["Region type"]}}]	12	1
76	2025-10-14 15:44:59.831034+04	111	Abasova Asif - 2025-09-30	3		17	1
77	2025-10-14 15:44:59.831034+04	110	Səfərov Anar - 2025-10-13	3		17	1
78	2025-10-14 15:44:59.831034+04	109	Baxşəliyeva Gülarə - 2025-09-30	3		17	1
79	2025-10-14 15:44:59.831034+04	108	Baxşəliyeva Gülarə - 2025-09-30	3		17	1
80	2025-10-14 15:44:59.831034+04	107	Baxşəliyeva Gülarə - 2025-09-30	3		17	1
81	2025-10-14 15:44:59.831034+04	106	Baxşəliyeva Gülarə - 2025-09-30	3		17	1
82	2025-10-14 15:44:59.831034+04	105	Hüseynova Kəmalə - 2025-09-22	3		17	1
83	2025-10-14 15:44:59.831034+04	104	Bünyadova Ləman - 2025-09-22	3		17	1
84	2025-10-14 15:44:59.831034+04	103	Əhmədli Lamiyə - 2025-09-22	3		17	1
85	2025-10-14 15:44:59.831034+04	102	Əhmədli Lamiyə - 2025-09-12	3		17	1
86	2025-10-14 15:44:59.831034+04	101	Əhmədli Lamiyə - 2025-09-12	3		17	1
87	2025-10-14 15:44:59.831034+04	100	Əliyev Amil - 2025-08-12	3		17	1
88	2025-10-14 15:44:59.831034+04	99	Mehralıyeva Günay - 2025-09-12	3		17	1
89	2025-10-14 15:44:59.831034+04	98	Mehralıyeva Günay - 2025-09-12	3		17	1
90	2025-10-14 15:44:59.831034+04	97	Əliyev Amil - 2025-08-23	3		17	1
91	2025-10-14 15:44:59.831034+04	96	Əliyev Amil - 2025-08-04	3		17	1
92	2025-10-14 15:44:59.831034+04	95	Əliyev Amil - 2025-08-05	3		17	1
93	2025-10-14 15:44:59.831034+04	94	Əliyev Amil - 2025-08-12	3		17	1
94	2025-10-14 15:44:59.831034+04	93	Əliyev Amil - 2025-08-20	3		17	1
95	2025-10-14 15:44:59.831034+04	92	Əliyev Amil - 2025-08-21	3		17	1
96	2025-10-14 15:44:59.831034+04	91	Əliyev Amil - 2025-08-27	3		17	1
97	2025-10-14 15:44:59.831034+04	90	Əliyev Amil - 2025-08-27	3		17	1
98	2025-10-14 15:44:59.831034+04	89	Əliyev Amil - 2025-09-12	3		17	1
99	2025-10-14 15:44:59.832037+04	88	Mehralıyeva Günay - 2025-09-12	3		17	1
100	2025-10-14 15:44:59.832037+04	87	Əhmədli Lamiyə - 2025-09-12	3		17	1
101	2025-10-14 15:44:59.832037+04	86	Əliyev Amil - 2025-08-05	3		17	1
102	2025-10-14 15:44:59.832037+04	85	Əliyev Amil - 2025-09-12	3		17	1
103	2025-10-14 15:44:59.832037+04	84	Əliyev Amil - 2025-08-28	3		17	1
104	2025-10-14 15:44:59.832037+04	83	Əliyev Amil - 2025-08-15	3		17	1
105	2025-10-14 15:44:59.832037+04	82	Əliyev Amil - 2025-08-05	3		17	1
106	2025-10-14 15:44:59.832037+04	81	Əliyev Amil - 2025-08-05	3		17	1
107	2025-10-14 15:44:59.832037+04	80	Əliyev Amil - 2025-08-31	3		17	1
108	2025-10-14 15:44:59.832037+04	79	Əliyev Amil - 2025-08-01	3		17	1
109	2025-10-14 15:44:59.832037+04	78	Əliyev Amil - 2025-09-01	3		17	1
110	2025-10-14 15:44:59.832037+04	77	Əliyev Amil - 2025-09-12	3		17	1
111	2025-10-14 15:44:59.832037+04	76	Cəfərova Zərifə - 2025-09-10	3		17	1
112	2025-10-14 15:44:59.832037+04	75	Cəfərova Zərifə - 2025-09-01	3		17	1
113	2025-10-14 15:44:59.832037+04	74	Cəfərova Zərifə - 2025-09-01	3		17	1
114	2025-10-14 15:44:59.832037+04	73	Əliyev Amil - 2025-08-08	3		17	1
115	2025-10-14 15:44:59.832037+04	72	Əhmədli Lamiyə - 2025-09-12	3		17	1
116	2025-10-14 15:44:59.832037+04	71	Əliyev Amil - 2025-09-12	3		17	1
117	2025-10-14 15:44:59.832037+04	70	Əliyev Amil - 2025-09-12	3		17	1
118	2025-10-14 15:44:59.832037+04	69	Əhmədli Lamiyə - 2025-09-12	3		17	1
119	2025-10-14 15:44:59.832037+04	68	Əhmədli Lamiyə - 2025-09-12	3		17	1
120	2025-10-14 15:44:59.832037+04	67	Əliyev Amil - 2025-09-11	3		17	1
121	2025-10-14 15:44:59.832037+04	66	Əliyev Amil - 2025-09-02	3		17	1
122	2025-10-14 15:44:59.832037+04	65	Əliyev Amil - 2025-09-12	3		17	1
123	2025-10-14 15:44:59.832037+04	64	Əliyev Amil - 2025-09-12	3		17	1
124	2025-10-14 15:44:59.832037+04	63	Əliyev Amil - 2025-09-12	3		17	1
125	2025-10-14 15:44:59.832037+04	62	Əliyev Amil - 2025-08-01	3		17	1
126	2025-10-14 15:44:59.832037+04	61	Əliyev Amil - 2025-08-01	3		17	1
127	2025-10-14 15:44:59.832037+04	60	Əliyev Amil - 2025-08-01	3		17	1
128	2025-10-14 15:44:59.832037+04	59	Əliyev Amil - 2025-08-01	3		17	1
129	2025-10-14 15:44:59.832037+04	58	Əliyev Amil - 2025-08-01	3		17	1
130	2025-10-14 15:44:59.832037+04	57	Əliyev Amil - 2025-09-01	3		17	1
131	2025-10-14 15:44:59.832037+04	56	Əhmədli Lamiyə - 2025-09-01	3		17	1
132	2025-10-14 15:44:59.832037+04	55	Əhmədli Lamiyə - 2025-09-01	3		17	1
133	2025-10-14 15:44:59.832037+04	54	Əhmədli Lamiyə - 2025-09-01	3		17	1
134	2025-10-14 15:44:59.832037+04	53	Fətullayev Cəfər - 2025-08-15	3		17	1
135	2025-10-14 15:44:59.832037+04	52	Fətullayev Cəfər - 2025-08-15	3		17	1
136	2025-10-14 15:44:59.832037+04	51	Fətullayev Cəfər - 2025-09-11	3		17	1
137	2025-10-14 15:44:59.833035+04	50	Xəlilova Zümrüd - 2025-08-17	3		17	1
138	2025-10-14 15:44:59.833035+04	49	Tağıyeva Günay - 2025-08-17	3		17	1
139	2025-10-14 15:44:59.833035+04	48	Hüseynova Arzu - 2025-08-17	3		17	1
140	2025-10-14 15:44:59.833035+04	47	Cəfərova Zərifə - 2025-08-17	3		17	1
141	2025-10-14 15:44:59.833035+04	46	Axundova Afaq ST - 2025-08-17	3		17	1
142	2025-10-14 15:44:59.833035+04	45	Cəfərova Mirvari - 2025-08-17	3		17	1
143	2025-10-14 15:44:59.833035+04	44	Azadlı İnarə - 2025-08-17	3		17	1
144	2025-10-14 15:44:59.833035+04	43	Əliyev Aslan - 2025-08-17	3		17	1
145	2025-10-14 15:44:59.833035+04	42	Əhmədli Lamiyə - 2025-08-17	3		17	1
146	2025-10-14 15:44:59.833035+04	41	Süleymanova Tünzalə - 2025-08-17	3		17	1
147	2025-10-14 15:44:59.833035+04	40	Sayılova Ülviyyə - 2025-08-17	3		17	1
148	2025-10-14 15:44:59.833035+04	39	Rəhilə Mənsur - 2025-08-17	3		17	1
149	2025-10-14 15:44:59.833035+04	38	Rüstəmova Həmidə - 2025-08-17	3		17	1
150	2025-10-14 15:44:59.833035+04	37	Rzayeva Vüsalə - 2025-08-17	3		17	1
151	2025-10-14 15:44:59.833035+04	36	Novruzova Pərvin - 2025-08-17	3		17	1
152	2025-10-14 15:44:59.833035+04	35	Məmmədov İmran - 2025-08-17	3		17	1
153	2025-10-14 15:44:59.833035+04	34	Kasımova Nərgiz - 2025-08-17	3		17	1
154	2025-10-14 15:44:59.833035+04	33	Hüseynova Kəmalə - 2025-08-17	3		17	1
155	2025-10-14 15:44:59.833035+04	32	Fətullayev Cəfər - 2025-08-17	3		17	1
156	2025-10-14 15:44:59.833035+04	31	Fərmanova Aynurə - 2025-08-17	3		17	1
157	2025-10-14 15:44:59.833035+04	30	Bünyadova Ləman - 2025-08-17	3		17	1
158	2025-10-14 15:44:59.833035+04	29	Aslanova Leyla - 2025-08-17	3		17	1
159	2025-10-14 15:44:59.833035+04	28	Əsgərova Xanımzər - 2025-08-17	3		17	1
160	2025-10-14 15:44:59.833035+04	27	Mehralıyeva Günay - 2025-08-17	3		17	1
\.


--
-- Data for Name: django_content_type; Type: TABLE DATA; Schema: public; Owner: postgres
--

COPY public.django_content_type (id, app_label, model) FROM stdin;
1	auth	permission
2	auth	group
3	auth	user
4	contenttypes	contenttype
5	core	deletedrecipedruglog
6	medicine	medical
7	export	backup
8	payment	payment_doctor
9	payment	sale
10	payment	monthlydoctorreport
11	regions	city
12	regions	region
13	regions	hospital
14	doctors	doctors
15	doctors	realsales
16	doctors	realsalesdrug
17	doctors	recipe
18	doctors	recipedrug
19	user	istifadeciprofil
20	tracking	movqe
21	admin	logentry
22	sessions	session
23	authtoken	token
24	authtoken	tokenproxy
25	tracking	trackingsession
26	tracking	locationpoint
27	tracking	stoppoint
28	payment	financial_document
\.


--
-- Data for Name: django_migrations; Type: TABLE DATA; Schema: public; Owner: postgres
--

COPY public.django_migrations (id, app, name, applied) FROM stdin;
1	medicine	0001_initial	2025-09-11 15:13:33.847838+04
2	medicine	0002_alter_medical_table	2025-09-11 15:13:33.855838+04
3	regions	0001_initial	2025-09-11 15:15:24.021943+04
4	doctors	0001_initial	2025-09-11 15:15:42.385812+04
5	payment	0001_initial	2025-09-11 15:16:11.669803+04
6	export	0001_initial	2025-09-11 15:16:25.124122+04
7	contenttypes	0001_initial	2025-09-11 15:16:34.355153+04
8	auth	0001_initial	2025-09-11 15:16:34.422765+04
9	core	0001_initial	2025-09-11 15:16:34.449163+04
10	user	0001_initial	2025-09-11 15:16:50.019687+04
11	tracking	0001_initial	2025-09-11 15:17:04.107891+04
12	admin	0001_initial	2025-09-11 15:17:30.710356+04
13	admin	0002_logentry_remove_auto_add	2025-09-11 15:17:30.728609+04
14	admin	0003_logentry_add_action_flag_choices	2025-09-11 15:17:30.734626+04
15	contenttypes	0002_remove_content_type_name	2025-09-11 15:17:30.769728+04
16	auth	0002_alter_permission_name_max_length	2025-09-11 15:17:30.793737+04
17	auth	0003_alter_user_email_max_length	2025-09-11 15:17:30.801895+04
18	auth	0004_alter_user_username_opts	2025-09-11 15:17:30.810334+04
19	auth	0005_alter_user_last_login_null	2025-09-11 15:17:30.826972+04
20	auth	0006_require_contenttypes_0002	2025-09-11 15:17:30.826972+04
21	auth	0007_alter_validators_add_error_messages	2025-09-11 15:17:30.843334+04
22	auth	0008_alter_user_username_max_length	2025-09-11 15:17:30.862884+04
23	auth	0009_alter_user_last_name_max_length	2025-09-11 15:17:30.8726+04
24	auth	0010_alter_group_name_max_length	2025-09-11 15:17:30.901268+04
25	auth	0011_update_proxy_permissions	2025-09-11 15:17:30.920954+04
26	auth	0012_alter_user_first_name_max_length	2025-09-11 15:17:30.933001+04
27	authtoken	0001_initial	2025-09-11 15:17:30.966472+04
28	authtoken	0002_auto_20160226_1747	2025-09-11 15:17:31.009766+04
29	authtoken	0003_tokenproxy	2025-09-11 15:17:31.01977+04
30	authtoken	0004_alter_tokenproxy_options	2025-09-11 15:17:31.01977+04
31	sessions	0001_initial	2025-09-11 15:17:31.034287+04
32	doctors	0002_doctors_razılaşma	2025-09-19 09:29:29.898609+04
33	tracking	0002_trackingsession_stoppoint_locationpoint_delete_movqe	2025-10-13 15:42:48.402587+04
34	payment	0002_financial_document	2025-10-14 11:41:40.944488+04
35	regions	0002_alter_hospital_unique_together	2025-10-14 11:41:40.962059+04
36	payment	0003_financial_document_check_region	2025-10-14 11:45:43.271469+04
37	doctors	0003_remove_doctors_avans_remove_doctors_geriqaytarma_and_more	2025-10-22 09:18:23.298917+04
\.


--
-- Data for Name: django_session; Type: TABLE DATA; Schema: public; Owner: postgres
--

COPY public.django_session (session_key, session_data, expire_date) FROM stdin;
hylmjzv40nxakidsziob1zbhwqop940p	.eJxVjEEOwiAURO_C2hD4VECX7nsG8uGPtmpKUtqV8e7apAvdzntvXirxugxpbZjTKOqsrDr8bpnLA9MG5M7TrepSp2Ues94UvdOm-yp4Xnb372DgNnzrrjBCLNF0HsYbG5zLNsZoEcBCDlyYLMTJVUAET2ROLhwJkOCzV-8P4TE3-g:1uwx01:N9MKMkhL8CR2dfXineZYr-NJ0-2jQsFLpC2Qsz_0oxM	2025-09-26 10:11:09.071703+04
fslq9yvae0re9n9lcz3h69e9vpebirx4	.eJxVjEEOwiAURO_C2hD4VECX7nsG8uGPtmpKUtqV8e7apAvdzntvXirxugxpbZjTKOqsrDr8bpnLA9MG5M7TrepSp2Ues94UvdOm-yp4Xnb372DgNnzrrjBCLNF0HsYbG5zLNsZoEcBCDlyYLMTJVUAET2ROLhwJkOCzV-8P4TE3-g:1ux0ez:-Led9NymaW0OMQ9t5FX6cFUenYdxKQQrGOxWSO8rbcI	2025-09-26 14:05:41.33906+04
yhhlgma626gduywbpk4gck3gwgas7rmg	.eJxVjEEOwiAURO_C2hD4VECX7nsG8uGPtmpKUtqV8e7apAvdzntvXirxugxpbZjTKOqsrDr8bpnLA9MG5M7TrepSp2Ues94UvdOm-yp4Xnb372DgNnzrrjBCLNF0HsYbG5zLNsZoEcBCDlyYLMTJVUAET2ROLhwJkOCzV-8P4TE3-g:1ux0fi:zlUphdBrUW3WVs4TDz_6ME-H3-5mSJ4Ui8gZr__z2gE	2025-09-26 14:06:26.616644+04
krcxqopu9ofr4rxqwzjvdg9g2xv8w8y7	.eJxVjEEOwiAURO_C2hD4VECX7nsG8uGPtmpKUtqV8e7apAvdzntvXirxugxpbZjTKOqsrDr8bpnLA9MG5M7TrepSp2Ues94UvdOm-yp4Xnb372DgNnzrrjBCLNF0HsYbG5zLNsZoEcBCDlyYLMTJVUAET2ROLhwJkOCzV-8P4TE3-g:1ux1FR:c8ZItIxA75Px4Dd_Nfh1V6_acgY1vqJTbIyxQc67XOs	2025-09-26 14:43:21.529374+04
hsffkt3a2ezai71c3kgxf3uknjb4erfu	.eJxVjEEOwiAURO_C2hD4VECX7nsG8uGPtmpKUtqV8e7apAvdzntvXirxugxpbZjTKOqsrDr8bpnLA9MG5M7TrepSp2Ues94UvdOm-yp4Xnb372DgNnzrrjBCLNF0HsYbG5zLNsZoEcBCDlyYLMTJVUAET2ROLhwJkOCzV-8P4TE3-g:1ux1Rt:gUbJlafjVUHyW5S_nVOL-7RfG_R9wvG3zvAZFCgt-Qs	2025-09-26 14:56:13.111669+04
5r8255de3c1gjb76hk1ofjnwoshdm97j	.eJxVjEEOwiAURO_C2hD4VECX7nsG8uGPtmpKUtqV8e7apAvdzntvXirxugxpbZjTKOqsrDr8bpnLA9MG5M7TrepSp2Ues94UvdOm-yp4Xnb372DgNnzrrjBCLNF0HsYbG5zLNsZoEcBCDlyYLMTJVUAET2ROLhwJkOCzV-8P4TE3-g:1v3toO:s7WuV3CdBDrOn8ZUpoqEUdTzFUKpb6l3YDFX7UuPKMM	2025-10-15 14:11:52.166593+04
iu8ghha4spzopctymaqy5jocvfygux7i	.eJxVjEEOwiAURO_C2hD4VECX7nsG8uGPtmpKUtqV8e7apAvdzntvXirxugxpbZjTKOqsrDr8bpnLA9MG5M7TrepSp2Ues94UvdOm-yp4Xnb372DgNnzrrjBCLNF0HsYbG5zLNsZoEcBCDlyYLMTJVUAET2ROLhwJkOCzV-8P4TE3-g:1v8wFg:Hujn5-gQMvf84zpePD2Wy1O19i7I6w5jysxPUR8UYUc	2025-10-29 11:48:52.372962+04
rroq40024gdjeqvmoe4pvmvwo8rknca8	.eJxVjEEOwiAURO_C2hD4VECX7nsG8uGPtmpKUtqV8e7apAvdzntvXirxugxpbZjTKOqsrDr8bpnLA9MG5M7TrepSp2Ues94UvdOm-yp4Xnb372DgNnzrrjBCLNF0HsYbG5zLNsZoEcBCDlyYLMTJVUAET2ROLhwJkOCzV-8P4TE3-g:1v8HAB:CeShlov8kCxccrENyegZ50yAvp3u0XHcBRtj3ljlofE	2025-10-27 15:56:27.583763+04
dqvbsxi83dqy2rh8dd4zdzv1jhr90i9e	.eJxVjEEOwiAURO_C2hD4VECX7nsG8uGPtmpKUtqV8e7apAvdzntvXirxugxpbZjTKOqsrDr8bpnLA9MG5M7TrepSp2Ues94UvdOm-yp4Xnb372DgNnzrrjBCLNF0HsYbG5zLNsZoEcBCDlyYLMTJVUAET2ROLhwJkOCzV-8P4TE3-g:1v8Yrc:8oaIDj1KBRLAzs1uMh0_djHYCNeltmbsSD6HaJBY-XM	2025-10-28 10:50:28.106257+04
u07ebkdgx95afj8jnm1kihjo1rko9p41	.eJxVjEEOwiAURO_C2hD4VECX7nsG8uGPtmpKUtqV8e7apAvdzntvXirxugxpbZjTKOqsrDr8bpnLA9MG5M7TrepSp2Ues94UvdOm-yp4Xnb372DgNnzrrjBCLNF0HsYbG5zLNsZoEcBCDlyYLMTJVUAET2ROLhwJkOCzV-8P4TE3-g:1vBRF7:FiZ9T-BaiRftliFlZltEMkSAkqVqzSlKUGIQzTPlx1Q	2025-11-05 09:18:37.517336+04
p0qmiom0vtsms8wftvt7rivxjoedah29	.eJxVjEEOwiAURO_C2hD4VECX7nsG8uGPtmpKUtqV8e7apAvdzntvXirxugxpbZjTKOqsrDr8bpnLA9MG5M7TrepSp2Ues94UvdOm-yp4Xnb372DgNnzrrjBCLNF0HsYbG5zLNsZoEcBCDlyYLMTJVUAET2ROLhwJkOCzV-8P4TE3-g:1vE5qX:XmuDOsKdW2lqijqXFFtfOBGBvljVcEfogu-vqVfeZaQ	2025-11-12 17:04:13.91192+04
98y3q8cwtjuk6h2grd7kni4yg3ehl95r	.eJxVjEEOwiAURO_C2hD4VECX7nsG8uGPtmpKUtqV8e7apAvdzntvXirxugxpbZjTKOqsrDr8bpnLA9MG5M7TrepSp2Ues94UvdOm-yp4Xnb372DgNnzrrjBCLNF0HsYbG5zLNsZoEcBCDlyYLMTJVUAET2ROLhwJkOCzV-8P4TE3-g:1vE6Gz:fmsaxD0j8VNiw3AJouAdEoTBD2QpmGMkML7CWDPxglk	2025-11-12 17:31:33.786647+04
ix3018jkd4x08nwaj4ki3d8xiwebchol	.eJxVjEEOwiAURO_C2hD4VECX7nsG8uGPtmpKUtqV8e7apAvdzntvXirxugxpbZjTKOqsrDr8bpnLA9MG5M7TrepSp2Ues94UvdOm-yp4Xnb372DgNnzrrjBCLNF0HsYbG5zLNsZoEcBCDlyYLMTJVUAET2ROLhwJkOCzV-8P4TE3-g:1vE6HB:N8bchDet0DRGh5IiyAiK3Csi4VmEVSpUR7spTgLOkWw	2025-11-12 17:31:45.813918+04
jqbqisdccxgiqs2vgevm3k20vpi02k7n	.eJxVjEEOwiAURO_C2hD4VECX7nsG8uGPtmpKUtqV8e7apAvdzntvXirxugxpbZjTKOqsrDr8bpnLA9MG5M7TrepSp2Ues94UvdOm-yp4Xnb372DgNnzrrjBCLNF0HsYbG5zLNsZoEcBCDlyYLMTJVUAET2ROLhwJkOCzV-8P4TE3-g:1vEL84:UGa-RVK9gzwcnFvOdbVYUUQH38DU_fpzv7Yx6FEAIeo	2025-11-13 09:23:20.509973+04
k3z0ym8a8vgst4suxihvg3fkn6nvzgkl	.eJxVjEEOwiAURO_C2hD4VECX7nsG8uGPtmpKUtqV8e7apAvdzntvXirxugxpbZjTKOqsrDr8bpnLA9MG5M7TrepSp2Ues94UvdOm-yp4Xnb372DgNnzrrjBCLNF0HsYbG5zLNsZoEcBCDlyYLMTJVUAET2ROLhwJkOCzV-8P4TE3-g:1vEMMT:ad0KS334_f1FDWz6HgsSulCu3epCuC1xh5-DjgSWN2Q	2025-11-13 10:42:17.463515+04
jnty9jkn58guv5oe24lkfjm68mgpf7y5	.eJxVjEEOwiAURO_C2hD4VECX7nsG8uGPtmpKUtqV8e7apAvdzntvXirxugxpbZjTKOqsrDr8bpnLA9MG5M7TrepSp2Ues94UvdOm-yp4Xnb372DgNnzrrjBCLNF0HsYbG5zLNsZoEcBCDlyYLMTJVUAET2ROLhwJkOCzV-8P4TE3-g:1vENBd:5nfGJM0hZf4tqBRE45oz2X3g4ciyKs_1XovInkQ1SBI	2025-11-13 11:35:09.446655+04
0okm3ndcoufnfuzgxjbjrco7r4oogdot	.eJxVjEEOwiAURO_C2hD4VECX7nsG8uGPtmpKUtqV8e7apAvdzntvXirxugxpbZjTKOqsrDr8bpnLA9MG5M7TrepSp2Ues94UvdOm-yp4Xnb372DgNnzrrjBCLNF0HsYbG5zLNsZoEcBCDlyYLMTJVUAET2ROLhwJkOCzV-8P4TE3-g:1vENqc:3vVad3BVg0mJM-sjHqtLL9PuJLzquuCbXZq_pKjRRg8	2025-11-13 12:17:30.46598+04
gmzw87m4u0wk1kq0e4sb1iyqppymkn9d	.eJxVjEEOwiAURO_C2hD4VECX7nsG8uGPtmpKUtqV8e7apAvdzntvXirxugxpbZjTKOqsrDr8bpnLA9MG5M7TrepSp2Ues94UvdOm-yp4Xnb372DgNnzrrjBCLNF0HsYbG5zLNsZoEcBCDlyYLMTJVUAET2ROLhwJkOCzV-8P4TE3-g:1vEODf:jTjAr7kCIHWUgc5zyieWNBXqb-KevRvA7eA7oqsNwiE	2025-11-13 12:41:19.167088+04
byuj3zi9pktjp26dkrpybu3fi1q62xnb	.eJxVjEEOwiAURO_C2hD4VECX7nsG8uGPtmpKUtqV8e7apAvdzntvXirxugxpbZjTKOqsrDr8bpnLA9MG5M7TrepSp2Ues94UvdOm-yp4Xnb372DgNnzrrjBCLNF0HsYbG5zLNsZoEcBCDlyYLMTJVUAET2ROLhwJkOCzV-8P4TE3-g:1vEOHC:pQMxIdiA1zrUZOz1_kWKWZvIJS1mVerdJV0o3Td2HIo	2025-11-13 12:44:58.283072+04
t80y0k3vybsvx2bxkwaanwv8ic1lcqru	.eJxVjEEOwiAURO_C2hD4VECX7nsG8uGPtmpKUtqV8e7apAvdzntvXirxugxpbZjTKOqsrDr8bpnLA9MG5M7TrepSp2Ues94UvdOm-yp4Xnb372DgNnzrrjBCLNF0HsYbG5zLNsZoEcBCDlyYLMTJVUAET2ROLhwJkOCzV-8P4TE3-g:1vEOu7:G05P772n3alJglAw2Rc0coPE3gpAGb13bINzzrQRHyw	2025-11-13 13:25:11.820935+04
77qynfx5yp552l9v6qfr3wt7e373p2j1	.eJxVjEEOwiAURO_C2hD4VECX7nsG8uGPtmpKUtqV8e7apAvdzntvXirxugxpbZjTKOqsrDr8bpnLA9MG5M7TrepSp2Ues94UvdOm-yp4Xnb372DgNnzrrjBCLNF0HsYbG5zLNsZoEcBCDlyYLMTJVUAET2ROLhwJkOCzV-8P4TE3-g:1vEOyH:5ZpkZhjGnvffP9o9wdva_mQLRx4G6XupubLKzlML9xg	2025-11-13 13:29:29.473212+04
fljaps5yfleyzy2l4wr18ty9ohdoyo7h	.eJxVjEEOwiAURO_C2hD4VECX7nsG8uGPtmpKUtqV8e7apAvdzntvXirxugxpbZjTKOqsrDr8bpnLA9MG5M7TrepSp2Ues94UvdOm-yp4Xnb372DgNnzrrjBCLNF0HsYbG5zLNsZoEcBCDlyYLMTJVUAET2ROLhwJkOCzV-8P4TE3-g:1vEQ0y:X37BEP4NXza97awCL1OL1NAVk3PDzcIfOkjjuVxrwIU	2025-11-13 14:36:20.954342+04
wwu2ugxek3xtqfr38e9y1kdyaqrvhpjp	.eJxVjEEOwiAURO_C2hD4VECX7nsG8uGPtmpKUtqV8e7apAvdzntvXirxugxpbZjTKOqsrDr8bpnLA9MG5M7TrepSp2Ues94UvdOm-yp4Xnb372DgNnzrrjBCLNF0HsYbG5zLNsZoEcBCDlyYLMTJVUAET2ROLhwJkOCzV-8P4TE3-g:1vERX3:rDAHxH4NcFjEycQFAFHxXz0kTMN3YgnalHENjVpQEO8	2025-11-13 16:13:33.366789+04
\.


--
-- Data for Name: doctors_doctors; Type: TABLE DATA; Schema: public; Owner: postgres
--

COPY public.doctors_doctors (id, ad, ixtisas, kategoriya, derece, cinsiyyet, number, barkod, previous_debt, hesablanan_miqdar, hekimden_silinen, datasiya, borc, yekun_borc, bolge_id, city_id, klinika_id, "razılaşma") FROM stdin;
24	Tağıyeva Günay	LOR		I	Qadın	nan	BA-78092	-28.02	0.00	0.00	0.00	0.00	-28.02	2	\N	5	0.0
25	Xəlilova Zümrüd	TE		I	Qadın	0503555598	BA-59951	-193.82	0.00	0.00	0.00	0.00	-193.82	2	\N	5	0.0
12	Rzayeva Vüsalə	TE		I	Qadın	0554202219	BA-73107	48.83	0.00	0.00	-48.00	0.00	48.83	2	\N	3	0.0
16	Süleymanova Tünzalə	TE		I	Qadın	0503622501	BA-72205	-29.75	0.00	0.00	29.00	0.00	-29.75	2	\N	3	0.0
4	Aslanova Leyla	TE		I	Qadın	0506485608	BA-65918	146.78	0.00	0.00	0.00	0.00	146.78	2	\N	3	0.0
21	Axundova Afaq ST	TR		I	Qadın	0504667500	BA-11872	-2.16	0.00	0.00	0.00	0.00	-2.16	2	\N	5	0.0
19	Azadlı İnarə	PED		I	Kişi	0553753971	BA-71334	0.00	0.00	0.00	0.00	0.00	0.00	2	\N	4	0.0
17	Əhmədli Lamiyə	SU	A	VIP	Kişi	0506276923	BA-41142	-35.15	0.00	0.00	0.00	0.00	-35.15	2	\N	3	0.0
8	Hüseynova Kəmalə	TE		I	Qadın	nan	BA-84674	-16.20	0.00	0.00	0.00	0.00	-16.20	2	\N	3	0.0
2	Mehralıyeva Günay	CA		I	Qadın	050 398 09 65	BA-42714	235.12	0.00	0.00	0.00	0.00	235.12	2	\N	2	0.0
13	Rüstəmova Həmidə	CA		II	Qadın	0506276207	BA-90814	-5.53	0.00	0.00	0.00	0.00	-5.53	2	\N	3	0.0
15	Sayılova Ülviyyə	CA		I	Qadın	0702445565	BA-15414	-26.60	0.00	0.00	0.00	0.00	-26.60	2	\N	3	0.0
1546	Abidov Vüqar			I	Kişi		Pİ-68322	0.00	0.00	0.00	-50.00	0.00	110.00	26	\N	279	0.0
342	Quliyeva Nigar			II	Qadın		BA-54240	0.00	0.00	0.00	0.00	0.00	0.00	3	\N	61	0.0
940	d1			I	Kişi		BƏ-78563	0.00	0.00	0.00	0.00	0.00	0.00	10	\N	173	0.0
1429	Quliyeva Sədaqət			I	Qadın	055 616 76 88	MI-46204	0.00	0.00	0.00	0.00	0.00	0.00	15	\N	261	0.0
1430	Qurbanov Mübariz			I	Kişi		MI-16809	0.00	0.00	0.00	0.00	0.00	0.00	15	\N	261	0.0
1431	Rəhimoba Zibəndə			I	Qadın		MI-21670	0.00	0.00	0.00	0.00	0.00	0.00	15	\N	261	0.0
85	Nağdəliyeva Naibə	GN		III	Qadın	nan	BA-23367	0.00	0.00	0.00	0.00	0.00	0.00	5	\N	22	0.0
86	Quliyev Hikmət	CA		I	Kişi	nan	BA-29031	0.00	0.00	0.00	0.00	0.00	0.00	5	\N	22	0.0
87	Nağdalıyeva Günel	ON		II	Qadın	nan	BA-52343	0.00	0.00	0.00	0.00	0.00	0.00	5	\N	23	0.0
88	Osmanova Nərminə	ON		II	Qadın	nan	BA-37746	0.00	0.00	0.00	0.00	0.00	0.00	5	\N	23	0.0
89	Şikarlı Ülkər	ON		I	Kişi	nan	BA-22579	0.00	0.00	0.00	0.00	0.00	0.00	5	\N	23	0.0
90	Cəlilov Ceyhun	URO-AND		II	Kişi	nan	BA-37756	0.00	0.00	0.00	0.00	0.00	0.00	5	\N	24	0.0
91	Hümbətova Aynur	END		II	Qadın	nan	BA-56326	0.00	0.00	0.00	0.00	0.00	0.00	5	\N	24	0.0
92	Hüseyinova Rəvanə	EN		II	Qadın	nan	BA-69532	0.00	0.00	0.00	0.00	0.00	0.00	5	\N	24	0.0
93	Mahmudov Məhəbbət	NP		I	Kişi	nan	BA-80450	0.00	0.00	0.00	0.00	0.00	0.00	5	\N	24	0.0
94	Məcidov Məcid	UR		III	Kişi	nan	BA-32554	0.00	0.00	0.00	0.00	0.00	0.00	5	\N	24	0.0
95	Mənsimov Hüseyin	URO-AND		III	Kişi	nan	BA-15686	0.00	0.00	0.00	0.00	0.00	0.00	5	\N	24	0.0
96	Qasımov Şöhrət	TE		II	Kişi	0508731801	BA-44782	0.00	0.00	0.00	0.00	0.00	0.00	5	\N	24	0.0
97	Quliyev Nofəl	KA		III	Kişi	nan	BA-51827	0.00	0.00	0.00	0.00	0.00	0.00	5	\N	24	0.0
98	Quliyev Rəşid	SU		III	Kişi	nan	BA-87086	0.00	0.00	0.00	0.00	0.00	0.00	5	\N	24	0.0
99	Qurbanova Gülxanım	EN		III	Qadın	nan	BA-08469	0.00	0.00	0.00	0.00	0.00	0.00	5	\N	24	0.0
100	Talıbov Talıb	URO-AND		III	Kişi	nan	BA-60141	0.00	0.00	0.00	0.00	0.00	0.00	5	\N	24	0.0
101	Xələfova Aytən	NP		III	Qadın	nan	BA-28827	0.00	0.00	0.00	0.00	0.00	0.00	5	\N	24	0.0
102	Əliyeva Aidə	EN		VIP	Qadın	nan	BA-81421	0.00	0.00	0.00	0.00	0.00	0.00	5	\N	24	0.0
103	Salahov aydın	UR		III	Kişi	nan	BA-12935	0.00	0.00	0.00	0.00	0.00	0.00	5	\N	25	0.0
104	İsmayılova Aysel	PUL		I	Qadın	none	BA-15303	0.00	0.00	0.00	0.00	0.00	0.00	5	\N	26	0.0
105	Əliyeva Aybəniz	GN		VIP	Qadın	0515099913	BA-92694	0.00	0.00	0.00	0.00	0.00	0.00	5	\N	27	0.0
106	Qafarova Gülnar	EN		I	Qadın	nan	BA-93031	0.00	0.00	0.00	0.00	0.00	0.00	5	\N	28	0.0
107	Qurbanova Dilşad	TE		I	Qadın	0558918237	BA-93111	0.00	0.00	0.00	0.00	0.00	0.00	5	\N	28	0.0
108	Rəhimova Roza	TE		II	Qadın	0506870587	BA-87114	0.00	0.00	0.00	0.00	0.00	0.00	5	\N	28	0.0
109	Sultanova Afaq	TE		II	Qadın	0	BA-58123	0.00	0.00	0.00	0.00	0.00	0.00	5	\N	28	0.0
110	Həsənquluyev Fazil	İN		I	Kişi	nan	BA-89964	0.00	0.00	0.00	0.00	0.00	0.00	5	\N	29	0.0
111	Namazova Sevinc	NP		I	Qadın	nan	BA-67332	0.00	0.00	0.00	0.00	0.00	0.00	5	\N	29	0.0
112	Rəsulzadə Xəyalə	TE		I	Kişi	nan	BA-02080	0.00	0.00	0.00	0.00	0.00	0.00	5	\N	29	0.0
113	Abdullayeva Aytən	TE		II	Qadın	nan	BA-99787	0.00	0.00	0.00	0.00	0.00	0.00	5	\N	30	0.0
114	Ağayeva Kəmalə	TE		II	Qadın	0503509878	BA-01482	0.00	0.00	0.00	0.00	0.00	0.00	5	\N	30	0.0
115	Dadaşzadə Emin	TE		III	Kişi	0506273707	BA-08032	0.00	0.00	0.00	0.00	0.00	0.00	5	\N	30	0.0
116	Hüseynova Kifayət	TE		III	Qadın	nan	BA-01505	0.00	0.00	0.00	0.00	0.00	0.00	5	\N	30	0.0
117	Qurbanova Aygün	TE		II	Qadın	0506204999	BA-59513	0.00	0.00	0.00	0.00	0.00	0.00	5	\N	30	0.0
118	Qədimova Aytən	CA		II	Qadın	nan	BA-62376	0.00	0.00	0.00	0.00	0.00	0.00	5	\N	30	0.0
119	Fatullayev Şahismayıl	NP		I	Kişi	0503170619	BA-09927	0.00	0.00	0.00	0.00	0.00	0.00	5	\N	31	0.0
120	Mehralıyeva Nailə	EN		II	Qadın	nan	BA-53890	0.00	0.00	0.00	0.00	0.00	0.00	5	\N	32	0.0
121	Xəlilova İlhamə	CA		II	Qadın	nan	BA-43086	0.00	0.00	0.00	0.00	0.00	0.00	5	\N	33	0.0
1432	Savalanova Güllü			I	Qadın		MI-95129	0.00	0.00	0.00	0.00	0.00	0.00	15	\N	261	0.0
1433	İsmayılova Gülnarə			II	Qadın		MI-66633	0.00	0.00	0.00	0.00	0.00	0.00	15	\N	261	0.0
48	Bağırov Rasif	TE		I	Kişi	0557048138	BA-07281	0.00	0.00	0.00	0.00	0.00	0.00	4	\N	15	0.0
27	Gülmalıyev Vahid	NP		II	Kişi	nan	BA-47039	0.00	0.00	0.00	0.00	0.00	0.00	3	\N	8	0.0
28	Ağayev Əliağa	SU-TP		I	Kişi	nan	BA-14722	0.00	0.00	0.00	0.00	0.00	0.00	4	\N	9	0.0
29	Cabbarlı Lalə	NP		I	Kişi	0517667686	BA-93843	0.00	0.00	0.00	0.00	0.00	0.00	4	\N	9	0.0
30	Həsənov Surac	DV		I	Kişi	0506483448	BA-62594	0.00	0.00	0.00	0.00	0.00	0.00	4	\N	9	0.0
31	Kərimova Tamella	CA		I	Qadın	0507101992	BA-74862	0.00	0.00	0.00	0.00	0.00	0.00	4	\N	9	0.0
32	Qasımova Sevil	REV		II	Qadın	nan	BA-10840	0.00	0.00	0.00	0.00	0.00	0.00	4	\N	9	0.0
33	Qədimova Ülkər	NP		I	Qadın	0503227472	BA-63733	0.00	0.00	0.00	0.00	0.00	0.00	4	\N	9	0.0
34	Talıbov Mirfiruddin	UR-AN		I	Kişi	0503325903	BA-53479	0.00	0.00	0.00	0.00	0.00	0.00	4	\N	9	0.0
35	Zeynalova Günay	GE		I	Qadın	0516112242	BA-78072	0.00	0.00	0.00	0.00	0.00	0.00	4	\N	9	0.0
36	Əliyeva Svetlana	GE		I	Qadın	0557893736	BA-24012	0.00	0.00	0.00	0.00	0.00	0.00	4	\N	9	0.0
37	Abbasova Nəzakət	SU		I	Qadın	0557893736	BA-14233	0.00	0.00	0.00	0.00	0.00	0.00	4	\N	10	0.0
38	Mirzəyeva Nazı	NP		I	Qadın	0503712687	BA-60024	0.00	0.00	0.00	0.00	0.00	0.00	4	\N	10	0.0
39	Əsgərova Könül	SU		I	Qadın	nan	BA-41553	0.00	0.00	0.00	0.00	0.00	0.00	4	\N	10	0.0
40	Cabbarova Seyran	GN		I	Qadın	0503291371	BA-00229	0.00	0.00	0.00	0.00	0.00	0.00	4	\N	11	0.0
41	İlyasov Əliabbas	UR		I	Kişi	nan	BA-90655	0.00	0.00	0.00	0.00	0.00	0.00	4	\N	12	0.0
49	Rüstəmova Raya	NP		II	Qadın	1	BA-07967	0.00	0.00	0.00	0.00	0.00	0.00	4	\N	15	0.0
42	Paşayeva Məhəbbət	TE		I	Qadın	0556061340	BA-95911	0.00	0.00	0.00	0.00	0.00	0.00	4	\N	13	0.0
43	Əliyev Malik	NP		I	Kişi	0553533139	BA-04703	0.00	0.00	0.00	0.00	0.00	0.00	4	\N	13	0.0
20	Cəfərova Mirvari	OF		I	Qadın	0556559229	BA-70977	35.08	0.00	0.00	0.00	0.00	35.08	2	\N	4	0.0
44	Əsədova Günay	GN		I	Qadın	055 720 60 45	BA-34840	0.00	0.00	0.00	0.00	0.00	0.00	4	\N	13	0.0
45	Paşayev Mübariz	TE		II	Kişi	0708803733	BA-78467	0.00	0.00	0.00	0.00	0.00	0.00	4	\N	14	0.0
46	Qulamov Şakir	TE		I	Kişi	0503931109	BA-01597	0.00	0.00	0.00	0.00	0.00	0.00	4	\N	14	0.0
47	Şəmmədova İradə	TE		I	Qadın	0506133660	BA-91362	0.00	0.00	0.00	0.00	0.00	0.00	4	\N	14	0.0
50	Şıxəliyev Alim	CA		I	Kişi	0503138653	BA-18250	0.00	0.00	0.00	0.00	0.00	0.00	4	\N	15	0.0
51	Əhmədova Samirə	NP		I	Qadın	nan	BA-89297	0.00	0.00	0.00	0.00	0.00	0.00	4	\N	15	0.0
52	Fətiyeva Yeganə	CA		II	Qadın	055 455 43 06	BA-02457	0.00	0.00	0.00	0.00	0.00	0.00	5	\N	16	0.0
53	Həsənquliyev Fazil	IN		II	Kişi	0503821132	BA-97925	0.00	0.00	0.00	0.00	0.00	0.00	5	\N	16	0.0
54	Ləzgiyeva Tatyana	TE		II	Qadın	nan	BA-20602	0.00	0.00	0.00	0.00	0.00	0.00	5	\N	16	0.0
55	Məhərrəmli Pərvanə	TE		I	Kişi	0506757503	BA-67059	0.00	0.00	0.00	0.00	0.00	0.00	5	\N	16	0.0
56	Namazov Aftandil	URO		I	Kişi	nan	BA-69012	0.00	0.00	0.00	0.00	0.00	0.00	5	\N	16	0.0
57	Orucova Solmaz	DV		I	Qadın	nan	BA-84810	0.00	0.00	0.00	0.00	0.00	0.00	5	\N	16	0.0
58	Rzayeva Elnarə	LOR		III	Qadın	nan	BA-23062	0.00	0.00	0.00	0.00	0.00	0.00	5	\N	16	0.0
578	Quliyev Seymur			I	Kişi		BA-11773	0.00	0.00	0.00	0.00	0.00	0.00	7	\N	109	0.0
59	Sultanova Könül	TE		I	Qadın	nan	BA-34256	0.00	0.00	0.00	0.00	0.00	0.00	5	\N	16	0.0
60	Şamxalova Gülşən	TE		II	Qadın	nan	BA-60906	0.00	0.00	0.00	0.00	0.00	0.00	5	\N	16	0.0
61	Şərifova Xəyalə	ON		I	Qadın	nan	BA-37101	0.00	0.00	0.00	0.00	0.00	0.00	5	\N	16	0.0
62	Əliheydərova Şəhla	TE		III	Qadın	0555620207	BA-69392	0.00	0.00	0.00	0.00	0.00	0.00	5	\N	16	0.0
63	Həsənova Fəridə	İN		I	Qadın	nan	BA-84525	0.00	0.00	0.00	0.00	0.00	0.00	5	\N	17	0.0
64	Mehdiyeva Leyla	RV		II	Qadın	nan	BA-46016	0.00	0.00	0.00	0.00	0.00	0.00	5	\N	17	0.0
65	Mustafayeva  Fəxriyyə	TE		I	Qadın	0509686193	BA-04549	0.00	0.00	0.00	0.00	0.00	0.00	5	\N	17	0.0
66	Məmmədov İbrahim	UR		II	Kişi	nan	BA-12530	0.00	0.00	0.00	0.00	0.00	0.00	5	\N	17	0.0
67	Qurbanova Radimə	REV		II	Qadın	nan	BA-32662	0.00	0.00	0.00	0.00	0.00	0.00	5	\N	17	0.0
68	Rəhimova Nərmin	GN		I	Qadın	nan	BA-84245	0.00	0.00	0.00	0.00	0.00	0.00	5	\N	17	0.0
69	İsmayılova Esmira	GN		I	Qadın	nan	BA-23946	0.00	0.00	0.00	0.00	0.00	0.00	5	\N	17	0.0
70	Bayramova Fəridə	TE		III	Qadın	nan	BA-91057	0.00	0.00	0.00	0.00	0.00	0.00	5	\N	18	0.0
71	Həsənova Aygün	TE		II	Qadın	nan	BA-74511	0.00	0.00	0.00	0.00	0.00	0.00	5	\N	18	0.0
72	Paşayev Tahir	NP		II	Kişi	nan	BA-68802	0.00	0.00	0.00	0.00	0.00	0.00	5	\N	18	0.0
73	Ələsgərova Xalidə	TE		II	Qadın	0503962452	BA-91941	0.00	0.00	0.00	0.00	0.00	0.00	5	\N	18	0.0
74	Bağırov Əli	CA		II	Kişi	0702222995	BA-97505	0.00	0.00	0.00	0.00	0.00	0.00	5	\N	19	0.0
75	Bəşirova Arzu	TE		II	Qadın	nan	BA-20729	0.00	0.00	0.00	0.00	0.00	0.00	5	\N	19	0.0
76	Qasımov Pərvin	UR		I	Kişi	nan	BA-68875	0.00	0.00	0.00	0.00	0.00	0.00	5	\N	19	0.0
77	Quliyeva Ülviyyə	GA		I	Qadın	nan	BA-87568	0.00	0.00	0.00	0.00	0.00	0.00	5	\N	19	0.0
78	Süleymanova Arzu	CA		II	Qadın	none	BA-20749	0.00	0.00	0.00	0.00	0.00	0.00	5	\N	19	0.0
79	Tağıyeva Ülviyyə	TE		II	Qadın	0552000614	BA-86131	0.00	0.00	0.00	0.00	0.00	0.00	5	\N	19	0.0
80	Hüseyinova Elmira	GN		II	Qadın	nan	BA-04110	0.00	0.00	0.00	0.00	0.00	0.00	5	\N	20	0.0
81	Xudaverdiyev İsmayıl	NEF		II	Kişi	nan	BA-73756	0.00	0.00	0.00	0.00	0.00	0.00	5	\N	20	0.0
82	Abbasova Umman	GN		III	Qadın	nan	BA-87760	0.00	0.00	0.00	0.00	0.00	0.00	5	\N	21	0.0
83	Ağakişiyev Təyyar	UR		III	Kişi	nan	BA-31940	0.00	0.00	0.00	0.00	0.00	0.00	5	\N	22	0.0
84	Hacıyeva Tamella	NP		III	Qadın	nan	BA-40416	0.00	0.00	0.00	0.00	0.00	0.00	5	\N	22	0.0
636	Salayev Anar			III	Kişi		BA-58150	0.00	0.00	0.00	0.00	0.00	0.00	8	\N	120	0.0
122	Bayramov Aydın	UR		I	Kişi	nan	BA-81079	0.00	0.00	0.00	0.00	0.00	0.00	5	\N	34	0.0
123	Babayeva Gülər	END		II	Qadın	nan	BA-29533	0.00	0.00	0.00	0.00	0.00	0.00	5	\N	35	0.0
124	Dadaşova Sənəm	NP		II	Qadın	nan	BA-17070	0.00	0.00	0.00	0.00	0.00	0.00	5	\N	35	0.0
125	Dadaşova Tahirə	GN		II	Qadın	nan	BA-04379	0.00	0.00	0.00	0.00	0.00	0.00	5	\N	35	0.0
126	Hacıyeva Leyla	LOR		I	Qadın	nan	BA-39889	0.00	0.00	0.00	0.00	0.00	0.00	5	\N	35	0.0
127	Kərimova Aynurə	SU		I	Qadın	nan	BA-10548	0.00	0.00	0.00	0.00	0.00	0.00	5	\N	35	0.0
128	Məcnunov Mətləb	İN		I	Kişi	nan	BA-65210	0.00	0.00	0.00	0.00	0.00	0.00	5	\N	35	0.0
129	Abdullayeva Kəmalə	TE		II	Qadın	nan	BA-91020	0.00	0.00	0.00	0.00	0.00	0.00	5	\N	36	0.0
130	Abdullayeva Kəmalə	TE		I	Qadın	nan	BA-67514	0.00	0.00	0.00	0.00	0.00	0.00	5	\N	36	0.0
131	Mahmudova Ülkər	NP		II	Qadın	nan	BA-10752	0.00	0.00	0.00	0.00	0.00	0.00	5	\N	36	0.0
132	Məmmədova Könül	TE		I	Qadın	nan	BA-87678	0.00	0.00	0.00	0.00	0.00	0.00	5	\N	36	0.0
133	Quliyeva Nurlana	TE		I	Qadın	nan	BA-83507	0.00	0.00	0.00	0.00	0.00	0.00	5	\N	36	0.0
134	Talışxanova Pərvanə	TE		II	Qadın	none	BA-74721	0.00	0.00	0.00	0.00	0.00	0.00	5	\N	36	0.0
135	Gülmalıyev Vahid			II	Kişi		BA-85047	0.00	0.00	0.00	0.00	0.00	0.00	3	\N	8	0.0
136	Ağayev Əliağa			I	Kişi		BA-43890	0.00	0.00	0.00	0.00	0.00	0.00	4	\N	9	0.0
137	Cabbarlı Lalə			I	Kişi	0517667686	BA-42803	0.00	0.00	0.00	0.00	0.00	0.00	4	\N	9	0.0
138	Həsənov Surac			I	Kişi	0506483448	BA-04951	0.00	0.00	0.00	0.00	0.00	0.00	4	\N	9	0.0
139	Kərimova Tamella			I	Qadın	0507101992	BA-79370	0.00	0.00	0.00	0.00	0.00	0.00	4	\N	9	0.0
140	Qasımova Sevil			II	Qadın		BA-74228	0.00	0.00	0.00	0.00	0.00	0.00	4	\N	9	0.0
141	Qədimova Ülkər			I	Qadın	0503227472	BA-16506	0.00	0.00	0.00	0.00	0.00	0.00	4	\N	9	0.0
142	Talıbov Mirfiruddin			I	Kişi	0503325903	BA-36807	0.00	0.00	0.00	0.00	0.00	0.00	4	\N	9	0.0
143	Zeynalova Günay			I	Qadın	0516112242	BA-76464	0.00	0.00	0.00	0.00	0.00	0.00	4	\N	9	0.0
144	Əliyeva Svetlana			I	Qadın	0557893736	BA-31824	0.00	0.00	0.00	0.00	0.00	0.00	4	\N	9	0.0
145	Abbasova Nəzakət			I	Qadın	0557893736	BA-38396	0.00	0.00	0.00	0.00	0.00	0.00	4	\N	10	0.0
146	Mirzəyeva Nazı			I	Qadın	0503712687	BA-98449	0.00	0.00	0.00	0.00	0.00	0.00	4	\N	10	0.0
147	Əsgərova Könül			I	Qadın		BA-24793	0.00	0.00	0.00	0.00	0.00	0.00	4	\N	10	0.0
148	Cabbarova Seyran			I	Qadın	0503291371	BA-92502	0.00	0.00	0.00	0.00	0.00	0.00	4	\N	11	0.0
149	İlyasov Əliabbas			I	Kişi		BA-03630	0.00	0.00	0.00	0.00	0.00	0.00	4	\N	12	0.0
150	Paşayeva Məhəbbət			I	Qadın	0556061340	BA-49981	0.00	0.00	0.00	0.00	0.00	0.00	4	\N	13	0.0
151	Əliyev Malik			I	Kişi	0553533139	BA-54973	0.00	0.00	0.00	0.00	0.00	0.00	4	\N	13	0.0
152	Əsədova Günay			I	Qadın	055 720 60 45	BA-69797	0.00	0.00	0.00	0.00	0.00	0.00	4	\N	13	0.0
153	Paşayev Mübariz			II	Kişi	0708803733	BA-46864	0.00	0.00	0.00	0.00	0.00	0.00	4	\N	14	0.0
154	Qulamov Şakir			I	Kişi	0503931109	BA-01528	0.00	0.00	0.00	0.00	0.00	0.00	4	\N	14	0.0
155	Şəmmədova İradə			I	Qadın	0506133660	BA-25193	0.00	0.00	0.00	0.00	0.00	0.00	4	\N	14	0.0
156	Bağırov Rasif			I	Kişi	0557048138	BA-35309	0.00	0.00	0.00	0.00	0.00	0.00	4	\N	15	0.0
157	Rüstəmova Raya			II	Qadın	1	BA-31861	0.00	0.00	0.00	0.00	0.00	0.00	4	\N	15	0.0
158	Şıxəliyev Alim			I	Kişi	0503138653	BA-81990	0.00	0.00	0.00	0.00	0.00	0.00	4	\N	15	0.0
159	Əhmədova Samirə			I	Qadın		BA-07788	0.00	0.00	0.00	0.00	0.00	0.00	4	\N	15	0.0
160	Fətiyeva Yeganə			II	Qadın	055 455 43 06	BA-89801	0.00	0.00	0.00	0.00	0.00	0.00	5	\N	16	0.0
161	Həsənquliyev Fazil			II	Kişi	0503821132	BA-96981	0.00	0.00	0.00	0.00	0.00	0.00	5	\N	16	0.0
162	Ləzgiyeva Tatyana			II	Qadın		BA-93477	0.00	0.00	0.00	0.00	0.00	0.00	5	\N	16	0.0
163	Məhərrəmli Pərvanə			I	Kişi	0506757503	BA-73737	0.00	0.00	0.00	0.00	0.00	0.00	5	\N	16	0.0
164	Namazov Aftandil			I	Kişi		BA-99542	0.00	0.00	0.00	0.00	0.00	0.00	5	\N	16	0.0
165	Orucova Solmaz			I	Qadın		BA-49385	0.00	0.00	0.00	0.00	0.00	0.00	5	\N	16	0.0
166	Rzayeva Elnarə			III	Qadın		BA-24170	0.00	0.00	0.00	0.00	0.00	0.00	5	\N	16	0.0
167	Sultanova Könül			I	Qadın		BA-78142	0.00	0.00	0.00	0.00	0.00	0.00	5	\N	16	0.0
168	Şamxalova Gülşən			II	Qadın		BA-03675	0.00	0.00	0.00	0.00	0.00	0.00	5	\N	16	0.0
169	Şərifova Xəyalə			I	Qadın		BA-39710	0.00	0.00	0.00	0.00	0.00	0.00	5	\N	16	0.0
170	Əliheydərova Şəhla			III	Qadın	0555620207	BA-50108	0.00	0.00	0.00	0.00	0.00	0.00	5	\N	16	0.0
171	Həsənova Fəridə			I	Qadın		BA-01481	0.00	0.00	0.00	0.00	0.00	0.00	5	\N	17	0.0
172	Mehdiyeva Leyla			II	Qadın		BA-64061	0.00	0.00	0.00	0.00	0.00	0.00	5	\N	17	0.0
173	Mustafayeva  Fəxriyyə			I	Qadın	0509686193	BA-71425	0.00	0.00	0.00	0.00	0.00	0.00	5	\N	17	0.0
174	Məmmədov İbrahim			II	Kişi		BA-71941	0.00	0.00	0.00	0.00	0.00	0.00	5	\N	17	0.0
175	Qurbanova Radimə			II	Qadın		BA-80548	0.00	0.00	0.00	0.00	0.00	0.00	5	\N	17	0.0
176	Rəhimova Nərmin			I	Qadın		BA-76160	0.00	0.00	0.00	0.00	0.00	0.00	5	\N	17	0.0
177	İsmayılova Esmira			I	Qadın		BA-07600	0.00	0.00	0.00	0.00	0.00	0.00	5	\N	17	0.0
178	Bayramova Fəridə			III	Qadın		BA-92630	0.00	0.00	0.00	0.00	0.00	0.00	5	\N	18	0.0
179	Həsənova Aygün			II	Qadın		BA-06188	0.00	0.00	0.00	0.00	0.00	0.00	5	\N	18	0.0
180	Paşayev Tahir			II	Kişi		BA-70743	0.00	0.00	0.00	0.00	0.00	0.00	5	\N	18	0.0
181	Ələsgərova Xalidə			II	Qadın	0503962452	BA-46687	0.00	0.00	0.00	0.00	0.00	0.00	5	\N	18	0.0
182	Bağırov Əli			II	Kişi	0702222995	BA-14129	0.00	0.00	0.00	0.00	0.00	0.00	5	\N	19	0.0
183	Bəşirova Arzu			II	Qadın		BA-02691	0.00	0.00	0.00	0.00	0.00	0.00	5	\N	19	0.0
184	Qasımov Pərvin			I	Kişi		BA-58699	0.00	0.00	0.00	0.00	0.00	0.00	5	\N	19	0.0
185	Quliyeva Ülviyyə			I	Qadın		BA-02397	0.00	0.00	0.00	0.00	0.00	0.00	5	\N	19	0.0
186	Süleymanova Arzu			II	Qadın	none	BA-89929	0.00	0.00	0.00	0.00	0.00	0.00	5	\N	19	0.0
187	Tağıyeva Ülviyyə			II	Qadın	0552000614	BA-21046	0.00	0.00	0.00	0.00	0.00	0.00	5	\N	19	0.0
188	Hüseyinova Elmira			II	Qadın		BA-15501	0.00	0.00	0.00	0.00	0.00	0.00	5	\N	20	0.0
189	Xudaverdiyev İsmayıl			II	Kişi		BA-93197	0.00	0.00	0.00	0.00	0.00	0.00	5	\N	20	0.0
190	Abbasova Umman			III	Qadın		BA-70969	0.00	0.00	0.00	0.00	0.00	0.00	5	\N	21	0.0
191	Ağakişiyev Təyyar			III	Kişi		BA-06016	0.00	0.00	0.00	0.00	0.00	0.00	5	\N	22	0.0
192	Hacıyeva Tamella			III	Qadın		BA-59309	0.00	0.00	0.00	0.00	0.00	0.00	5	\N	22	0.0
193	Nağdəliyeva Naibə			III	Qadın		BA-50410	0.00	0.00	0.00	0.00	0.00	0.00	5	\N	22	0.0
194	Quliyev Hikmət			I	Kişi		BA-81504	0.00	0.00	0.00	0.00	0.00	0.00	5	\N	22	0.0
195	Nağdalıyeva Günel			II	Qadın		BA-31129	0.00	0.00	0.00	0.00	0.00	0.00	5	\N	23	0.0
196	Osmanova Nərminə			II	Qadın		BA-32346	0.00	0.00	0.00	0.00	0.00	0.00	5	\N	23	0.0
197	Şikarlı Ülkər			I	Kişi		BA-97640	0.00	0.00	0.00	0.00	0.00	0.00	5	\N	23	0.0
198	Cəlilov Ceyhun			II	Kişi		BA-30567	0.00	0.00	0.00	0.00	0.00	0.00	5	\N	24	0.0
199	Hümbətova Aynur			II	Qadın		BA-08286	0.00	0.00	0.00	0.00	0.00	0.00	5	\N	24	0.0
200	Hüseyinova Rəvanə			II	Qadın		BA-46279	0.00	0.00	0.00	0.00	0.00	0.00	5	\N	24	0.0
201	Mahmudov Məhəbbət			I	Kişi		BA-39766	0.00	0.00	0.00	0.00	0.00	0.00	5	\N	24	0.0
202	Məcidov Məcid			III	Kişi		BA-53141	0.00	0.00	0.00	0.00	0.00	0.00	5	\N	24	0.0
203	Mənsimov Hüseyin			III	Kişi		BA-18271	0.00	0.00	0.00	0.00	0.00	0.00	5	\N	24	0.0
204	Qasımov Şöhrət			II	Kişi	0508731801	BA-89151	0.00	0.00	0.00	0.00	0.00	0.00	5	\N	24	0.0
205	Quliyev Nofəl			III	Kişi		BA-31845	0.00	0.00	0.00	0.00	0.00	0.00	5	\N	24	0.0
206	Quliyev Rəşid			III	Kişi		BA-77369	0.00	0.00	0.00	0.00	0.00	0.00	5	\N	24	0.0
207	Qurbanova Gülxanım			III	Qadın		BA-66303	0.00	0.00	0.00	0.00	0.00	0.00	5	\N	24	0.0
208	Talıbov Talıb			III	Kişi		BA-27371	0.00	0.00	0.00	0.00	0.00	0.00	5	\N	24	0.0
209	Xələfova Aytən			III	Qadın		BA-84341	0.00	0.00	0.00	0.00	0.00	0.00	5	\N	24	0.0
210	Əliyeva Aidə			VIP	Qadın		BA-76046	0.00	0.00	0.00	0.00	0.00	0.00	5	\N	24	0.0
211	Salahov aydın			III	Kişi		BA-81715	0.00	0.00	0.00	0.00	0.00	0.00	5	\N	25	0.0
212	İsmayılova Aysel			I	Qadın	none	BA-31235	0.00	0.00	0.00	0.00	0.00	0.00	5	\N	26	0.0
213	Əliyeva Aybəniz			VIP	Qadın	0515099913	BA-89748	0.00	0.00	0.00	0.00	0.00	0.00	5	\N	27	0.0
214	Qafarova Gülnar			I	Qadın		BA-16646	0.00	0.00	0.00	0.00	0.00	0.00	5	\N	28	0.0
215	Qurbanova Dilşad			I	Qadın	0558918237	BA-81600	0.00	0.00	0.00	0.00	0.00	0.00	5	\N	28	0.0
216	Rəhimova Roza			II	Qadın	0506870587	BA-46678	0.00	0.00	0.00	0.00	0.00	0.00	5	\N	28	0.0
217	Sultanova Afaq			II	Qadın	0	BA-81129	0.00	0.00	0.00	0.00	0.00	0.00	5	\N	28	0.0
218	Həsənquluyev Fazil			I	Kişi		BA-57214	0.00	0.00	0.00	0.00	0.00	0.00	5	\N	29	0.0
219	Namazova Sevinc			I	Qadın		BA-21589	0.00	0.00	0.00	0.00	0.00	0.00	5	\N	29	0.0
220	Rəsulzadə Xəyalə			I	Kişi		BA-16772	0.00	0.00	0.00	0.00	0.00	0.00	5	\N	29	0.0
221	Abdullayeva Aytən			II	Qadın		BA-10841	0.00	0.00	0.00	0.00	0.00	0.00	5	\N	30	0.0
222	Ağayeva Kəmalə			II	Qadın	0503509878	BA-13422	0.00	0.00	0.00	0.00	0.00	0.00	5	\N	30	0.0
223	Dadaşzadə Emin			III	Kişi	0506273707	BA-85609	0.00	0.00	0.00	0.00	0.00	0.00	5	\N	30	0.0
224	Hüseynova Kifayət			III	Qadın		BA-47234	0.00	0.00	0.00	0.00	0.00	0.00	5	\N	30	0.0
794	Babayeva Raya			I	Qadın		BA-85805	0.00	0.00	0.00	0.00	0.00	0.00	9	\N	141	0.0
225	Qurbanova Aygün			II	Qadın	0506204999	BA-32960	0.00	0.00	0.00	0.00	0.00	0.00	5	\N	30	0.0
226	Qədimova Aytən			II	Qadın		BA-53443	0.00	0.00	0.00	0.00	0.00	0.00	5	\N	30	0.0
227	Fatullayev Şahismayıl			I	Kişi	0503170619	BA-99605	0.00	0.00	0.00	0.00	0.00	0.00	5	\N	31	0.0
228	Mehralıyeva Nailə			II	Qadın		BA-85239	0.00	0.00	0.00	0.00	0.00	0.00	5	\N	32	0.0
229	Xəlilova İlhamə			II	Qadın		BA-97401	0.00	0.00	0.00	0.00	0.00	0.00	5	\N	33	0.0
230	Bayramov Aydın			I	Kişi		BA-78009	0.00	0.00	0.00	0.00	0.00	0.00	5	\N	34	0.0
231	Babayeva Gülər			II	Qadın		BA-21749	0.00	0.00	0.00	0.00	0.00	0.00	5	\N	35	0.0
232	Dadaşova Sənəm			II	Qadın		BA-86535	0.00	0.00	0.00	0.00	0.00	0.00	5	\N	35	0.0
233	Dadaşova Tahirə			II	Qadın		BA-69895	0.00	0.00	0.00	0.00	0.00	0.00	5	\N	35	0.0
234	Hacıyeva Leyla			I	Qadın		BA-86605	0.00	0.00	0.00	0.00	0.00	0.00	5	\N	35	0.0
235	Kərimova Aynurə			I	Qadın		BA-32719	0.00	0.00	0.00	0.00	0.00	0.00	5	\N	35	0.0
236	Məcnunov Mətləb			I	Kişi		BA-28834	0.00	0.00	0.00	0.00	0.00	0.00	5	\N	35	0.0
237	Abdullayeva Kəmalə			II	Qadın		BA-45039	0.00	0.00	0.00	0.00	0.00	0.00	5	\N	36	0.0
238	Abdullayeva Kəmalə			I	Qadın		BA-51279	0.00	0.00	0.00	0.00	0.00	0.00	5	\N	36	0.0
239	Mahmudova Ülkər			II	Qadın		BA-86229	0.00	0.00	0.00	0.00	0.00	0.00	5	\N	36	0.0
240	Məmmədova Könül			I	Qadın		BA-36912	0.00	0.00	0.00	0.00	0.00	0.00	5	\N	36	0.0
241	Quliyeva Nurlana			I	Qadın		BA-98611	0.00	0.00	0.00	0.00	0.00	0.00	5	\N	36	0.0
242	Talışxanova Pərvanə			II	Qadın	none	BA-38071	0.00	0.00	0.00	0.00	0.00	0.00	5	\N	36	0.0
243	Nəsibli Təranə			I	Kişi		BA-58052	0.00	0.00	0.00	0.00	0.00	0.00	5	\N	37	0.0
244	Allahverdiyeva Ülviyyə			II	Qadın		BA-32860	0.00	0.00	0.00	0.00	0.00	0.00	5	\N	38	0.0
245	Məcidzadə Nərgiz			I	Kişi		BA-69334	0.00	0.00	0.00	0.00	0.00	0.00	5	\N	38	0.0
246	Məmmədova Sevda			I	Qadın		BA-71245	0.00	0.00	0.00	0.00	0.00	0.00	5	\N	38	0.0
247	Novruzov Teymur			I	Kişi		BA-71147	0.00	0.00	0.00	0.00	0.00	0.00	5	\N	38	0.0
248	Poladova Leyla			II	Qadın		BA-26463	0.00	0.00	0.00	0.00	0.00	0.00	5	\N	38	0.0
249	Qurbanlı Günel			I	Kişi		BA-65090	0.00	0.00	0.00	0.00	0.00	0.00	5	\N	38	0.0
250	Səfərəliyeva Leyla			II	Qadın		BA-87862	0.00	0.00	0.00	0.00	0.00	0.00	5	\N	38	0.0
251	İbrahimli Aygün			I	Kişi		BA-64269	0.00	0.00	0.00	0.00	0.00	0.00	5	\N	38	0.0
252	Şahbazova Lamiyə			I	Qadın		BA-63177	0.00	0.00	0.00	0.00	0.00	0.00	5	\N	38	0.0
253	Hüseynov Vüqar			II	Kişi		BA-35262	0.00	0.00	0.00	0.00	0.00	0.00	5	\N	39	0.0
254	Kazımova İlhamə			I	Qadın		BA-13908	0.00	0.00	0.00	0.00	0.00	0.00	5	\N	40	0.0
255	Mirzəyeva Turan			I	Qadın		BA-53883	0.00	0.00	0.00	0.00	0.00	0.00	5	\N	40	0.0
256	Məmmədova Səidə			II	Qadın		BA-51087	0.00	0.00	0.00	0.00	0.00	0.00	5	\N	40	0.0
257	Batıyeva Günel			II	Qadın		BA-74410	0.00	0.00	0.00	0.00	0.00	0.00	5	\N	41	0.0
258	Nailova Elnurə			I	Qadın		BA-22838	0.00	0.00	0.00	0.00	0.00	0.00	5	\N	41	0.0
259	Seyidova Pərvanə			III	Qadın		BA-72197	0.00	0.00	0.00	0.00	0.00	0.00	5	\N	41	0.0
260	Zülfiyev Səxavət			II	Kişi		BA-66722	0.00	0.00	0.00	0.00	0.00	0.00	5	\N	41	0.0
261	Həmidova Raisə			I	Qadın	0559158838	BA-93606	0.00	0.00	0.00	0.00	0.00	0.00	5	\N	42	0.0
262	Abdullayeva Vəfa			II	Qadın		BA-31458	0.00	0.00	0.00	0.00	0.00	0.00	5	\N	43	0.0
263	Cəfərova Gülarə			III	Qadın	none	BA-65453	0.00	0.00	0.00	0.00	0.00	0.00	5	\N	43	0.0
264	Qaragözova Sevinc			I	Qadın	0513536056	BA-32892	0.00	0.00	0.00	0.00	0.00	0.00	5	\N	43	0.0
265	İsmixanova Əminə			I	Qadın		BA-43031	0.00	0.00	0.00	0.00	0.00	0.00	5	\N	43	0.0
266	Məmmədov Nəsimi			II	Kişi		BA-97509	0.00	0.00	0.00	0.00	0.00	0.00	5	\N	44	0.0
267	Ağayeva Safura			II	Qadın	0552801464	BA-98370	0.00	0.00	0.00	0.00	0.00	0.00	5	\N	45	0.0
268	Məmmədova Səadət			VIP	Qadın	0506425253	BA-52956	0.00	0.00	0.00	0.00	0.00	0.00	5	\N	45	0.0
269	Şiriyeva Alimə			VIP	Qadın	0557931537	BA-04855	0.00	0.00	0.00	0.00	0.00	0.00	5	\N	45	0.0
270	Əhmədova Dürdanə			III	Qadın		BA-36217	0.00	0.00	0.00	0.00	0.00	0.00	5	\N	45	0.0
271	Fərəcov Rafiq			I	Kişi		BA-51655	0.00	0.00	0.00	0.00	0.00	0.00	5	\N	46	0.0
272	Həşimova Nigar			II	Qadın	0556117898	BA-68710	0.00	0.00	0.00	0.00	0.00	0.00	5	\N	46	0.0
273	Nəbiyeva Arzu			I	Qadın		BA-85687	0.00	0.00	0.00	0.00	0.00	0.00	5	\N	46	0.0
274	Süleymanova Bəyim			II	Qadın	0558803464	BA-23349	0.00	0.00	0.00	0.00	0.00	0.00	5	\N	46	0.0
275	İsgəndərli Vəfa			II	Kişi		BA-42270	0.00	0.00	0.00	0.00	0.00	0.00	5	\N	46	0.0
276	Əliyeva Pərvanə			III	Qadın		BA-03748	0.00	0.00	0.00	0.00	0.00	0.00	5	\N	46	0.0
277	Abbasova Lalə			II	Qadın	none	BA-50643	0.00	0.00	0.00	0.00	0.00	0.00	5	\N	47	0.0
278	Atakişiyeva Kəmalə			II	Qadın		BA-39400	0.00	0.00	0.00	0.00	0.00	0.00	5	\N	47	0.0
279	Atakişiyeva Rəsmiyyə			I	Qadın	0506404451	BA-38644	0.00	0.00	0.00	0.00	0.00	0.00	5	\N	47	0.0
280	Bədəlova Arzu			I	Qadın		BA-64655	0.00	0.00	0.00	0.00	0.00	0.00	5	\N	47	0.0
281	Gəncəliyeva Gülər			I	Qadın		BA-21888	0.00	0.00	0.00	0.00	0.00	0.00	5	\N	47	0.0
282	Hüseynov Araz			II	Kişi	0509916107	BA-38432	0.00	0.00	0.00	0.00	0.00	0.00	5	\N	47	0.0
283	Kalibova Radmila			II	Qadın	0993110838	BA-21758	0.00	0.00	0.00	0.00	0.00	0.00	5	\N	47	0.0
284	Mirzəzadə Elcan			I	Kişi		BA-69055	0.00	0.00	0.00	0.00	0.00	0.00	5	\N	47	0.0
285	Müzəffərova Sevda			II	Qadın	none	BA-35939	0.00	0.00	0.00	0.00	0.00	0.00	5	\N	47	0.0
286	Səfərova Sahilə			III	Qadın		BA-76125	0.00	0.00	0.00	0.00	0.00	0.00	5	\N	47	0.0
287	Şərifli Elnarə			III	Kişi		BA-72537	0.00	0.00	0.00	0.00	0.00	0.00	5	\N	47	0.0
288	Əliyeva Sevinc			I	Qadın		BA-15098	0.00	0.00	0.00	0.00	0.00	0.00	5	\N	47	0.0
289	İbrahimov İbrahim			II	Kişi	0503382737	BA-67314	0.00	0.00	0.00	0.00	0.00	0.00	5	\N	48	0.0
290	Əliyev Loğman			III	Kişi		BA-45147	0.00	0.00	0.00	0.00	0.00	0.00	5	\N	48	0.0
291	Abasova Asif			II	Qadın	0000	BA-80176	0.00	0.00	0.00	0.00	0.00	0.00	6	\N	49	0.0
292	Abbasov Xalid			III	Kişi	0000	BA-64336	0.00	0.00	0.00	0.00	0.00	0.00	6	\N	49	0.0
293	Ağayeva Nəzrin			III	Qadın	0000	BA-88999	0.00	0.00	0.00	0.00	0.00	0.00	6	\N	49	0.0
294	Babayev Ceyhun			I	Kişi	0000	BA-56973	0.00	0.00	0.00	0.00	0.00	0.00	6	\N	49	0.0
295	Budaqova Kamilə			III	Qadın	0000	BA-12827	0.00	0.00	0.00	0.00	0.00	0.00	6	\N	49	0.0
296	Kazımov Elxan			III	Kişi	0000	BA-61559	0.00	0.00	0.00	0.00	0.00	0.00	6	\N	49	0.0
297	Kəngərli Emilya			III	Kişi	0000	BA-37789	0.00	0.00	0.00	0.00	0.00	0.00	6	\N	49	0.0
298	Kərimova Nərminə			II	Qadın	0501155005	BA-61283	0.00	0.00	0.00	0.00	0.00	0.00	6	\N	49	0.0
299	Masurov Elçin			II	Kişi	0000	BA-81758	0.00	0.00	0.00	0.00	0.00	0.00	6	\N	49	0.0
300	Mirzəyeva Həbibə			III	Qadın	0000	BA-75006	0.00	0.00	0.00	0.00	0.00	0.00	6	\N	49	0.0
301	Məlahət Əsgərzadə			I	Kişi	0000	BA-73694	0.00	0.00	0.00	0.00	0.00	0.00	6	\N	49	0.0
302	Məmmədov Əsəd			II	Kişi	0000	BA-54853	0.00	0.00	0.00	0.00	0.00	0.00	6	\N	49	0.0
303	Məmmədova Nərgiz			I	Qadın	0000	BA-51078	0.00	0.00	0.00	0.00	0.00	0.00	6	\N	49	0.0
304	Məmmədova Əlfiyə (Allo)			I	Qadın	0506729309	BA-78696	0.00	0.00	0.00	0.00	0.00	0.00	6	\N	49	0.0
305	Teymurov Ramil			III	Kişi	0000	BA-10262	0.00	0.00	0.00	0.00	0.00	0.00	6	\N	49	0.0
306	Xəlilova Arzu			III	Qadın	0000	BA-57162	0.00	0.00	0.00	0.00	0.00	0.00	6	\N	49	0.0
307	Ümüdov Azər			VIP	Kişi	0503242870	BA-22470	0.00	0.00	0.00	0.00	0.00	0.00	6	\N	49	0.0
308	İdrisov Fərəc			II	Kişi	0000	BA-82803	0.00	0.00	0.00	0.00	0.00	0.00	6	\N	49	0.0
309	İmanova Nərgiz			II	Qadın	0000	BA-04352	0.00	0.00	0.00	0.00	0.00	0.00	6	\N	49	0.0
310	İsmayılova Zərnişan			II	Qadın	0000	BA-39807	0.00	0.00	0.00	0.00	0.00	0.00	6	\N	49	0.0
311	Şirinov Zərraf			III	Kişi		BA-62122	0.00	0.00	0.00	0.00	0.00	0.00	6	\N	49	0.0
312	Əhmədbəyli Gülbəniz			III	Kişi	0000	BA-24445	0.00	0.00	0.00	0.00	0.00	0.00	6	\N	49	0.0
313	Əkbərbəyova Samirə			II	Qadın	0000	BA-73875	0.00	0.00	0.00	0.00	0.00	0.00	6	\N	49	0.0
314	Əliyev Amil			III	Kişi	0000	BA-77726	0.00	0.00	0.00	0.00	0.00	0.00	6	\N	49	0.0
315	Əliyev Faiq			III	Kişi	0000	BA-10078	0.00	0.00	0.00	0.00	0.00	0.00	6	\N	49	0.0
316	Əliyeva Elmira			III	Qadın	0000	BA-17006	0.00	0.00	0.00	0.00	0.00	0.00	6	\N	49	0.0
317	Əliyeva Gülnarə			III	Qadın	0000	BA-05925	0.00	0.00	0.00	0.00	0.00	0.00	6	\N	49	0.0
318	Əliyeva Mətanət			II	Qadın	0000	BA-06361	0.00	0.00	0.00	0.00	0.00	0.00	6	\N	49	0.0
319	Əliyeva Sevda (3)			VIP	Qadın	0554684262	BA-26486	0.00	0.00	0.00	0.00	0.00	0.00	6	\N	49	0.0
320	Əliyeva Şəlalə			III	Qadın	0000	BA-06477	0.00	0.00	0.00	0.00	0.00	0.00	6	\N	49	0.0
321	Namazov İlqar			VIP	Kişi		BA-79951	0.00	0.00	0.00	0.00	0.00	0.00	6	\N	50	0.0
322	Əliyeva Könül  ( E.C.M )			II	Qadın		BA-44159	0.00	0.00	0.00	0.00	0.00	0.00	6	\N	50	0.0
323	Səfərova Natella			I	Qadın		BA-57037	0.00	0.00	0.00	0.00	0.00	0.00	6	\N	51	0.0
324	Xəlilbəyova Nazilə			II	Qadın		BA-16264	0.00	0.00	0.00	0.00	0.00	0.00	6	\N	52	0.0
325	Yusifova Şahnaz			I	Qadın		BA-10393	0.00	0.00	0.00	0.00	0.00	0.00	6	\N	53	0.0
326	Arxiv Əliyeva Könül			I	Kişi	none	BA-07765	0.00	0.00	0.00	0.00	0.00	0.00	6	\N	54	0.0
327	Səttarov Nicat			I	Kişi	010 224 57 57	BA-85059	0.00	0.00	0.00	0.00	0.00	0.00	6	\N	55	0.0
328	Şaxtasinkaya Səidə			I	Qadın		BA-58075	0.00	0.00	0.00	0.00	0.00	0.00	6	\N	56	0.0
329	Mollayeva Nəzakət			I	Qadın		BA-26516	0.00	0.00	0.00	0.00	0.00	0.00	6	\N	57	0.0
330	Məmmədəliyev Sabir			III	Kişi		BA-43449	0.00	0.00	0.00	0.00	0.00	0.00	25	\N	58	0.0
331	Məmmədov Yaşar			III	Kişi		BA-39706	0.00	0.00	0.00	0.00	0.00	0.00	25	\N	59	0.0
332	Abbasov Elşad			I	Kişi		BA-68290	0.00	0.00	0.00	0.00	0.00	0.00	3	\N	60	0.0
333	Dəmirçiyeva Leyla			I	Qadın	0773469458	BA-07989	0.00	0.00	0.00	0.00	0.00	0.00	3	\N	60	0.0
334	Həsənova Zərifə			II	Qadın	5555	BA-08199	0.00	0.00	0.00	0.00	0.00	0.00	3	\N	60	0.0
335	Qədimova Nərmin			I	Qadın	0703331454	BA-33022	0.00	0.00	0.00	0.00	0.00	0.00	3	\N	60	0.0
336	Fətullayeva Rəna			I	Qadın	0505323903	BA-16518	0.00	0.00	0.00	0.00	0.00	0.00	3	\N	61	0.0
337	Hüseynova Könül			III	Qadın		BA-99111	0.00	0.00	0.00	0.00	0.00	0.00	3	\N	61	0.0
338	Həsənova Dilufər			I	Qadın		BA-39391	0.00	0.00	0.00	0.00	0.00	0.00	3	\N	61	0.0
339	Kərimova Könül			III	Qadın		BA-78365	0.00	0.00	0.00	0.00	0.00	0.00	3	\N	61	0.0
340	Məmmədova Elvira			II	Qadın		BA-85085	0.00	0.00	0.00	0.00	0.00	0.00	3	\N	61	0.0
341	Nəsirova Ümmanə			II	Qadın		BA-09796	0.00	0.00	0.00	0.00	0.00	0.00	3	\N	61	0.0
343	Əliyeva Natavan			II	Qadın	5555	BA-64062	0.00	0.00	0.00	0.00	0.00	0.00	3	\N	61	0.0
344	Əhmədova Rəna			III	Qadın		BA-72978	0.00	0.00	0.00	0.00	0.00	0.00	3	\N	62	0.0
345	Rzayeva Vüsalə			I	Qadın		BA-79677	0.00	0.00	0.00	0.00	0.00	0.00	3	\N	63	0.0
346	Əmiraslanova Esmira			III	Qadın		BA-83845	0.00	0.00	0.00	0.00	0.00	0.00	3	\N	63	0.0
347	Quliyeva Aynurə			II	Qadın		BA-20932	0.00	0.00	0.00	0.00	0.00	0.00	3	\N	426	0.0
348	Həsənxanova Təranə			I	Qadın		BA-36329	0.00	0.00	0.00	0.00	0.00	0.00	3	\N	64	0.0
349	Məmmədov Mirxalıq			I	Kişi	555	BA-34318	0.00	0.00	0.00	0.00	0.00	0.00	3	\N	64	0.0
350	Rzayeva Afaq			III	Qadın		BA-05165	0.00	0.00	0.00	0.00	0.00	0.00	3	\N	64	0.0
351	Xankişiyeva Xədicə			II	Qadın		BA-00516	0.00	0.00	0.00	0.00	0.00	0.00	3	\N	64	0.0
352	Xəlilov Azər			II	Kişi		BA-62857	0.00	0.00	0.00	0.00	0.00	0.00	3	\N	64	0.0
353	Məmmədov Mirrasif			I	Kişi		BA-21258	0.00	0.00	0.00	0.00	0.00	0.00	3	\N	65	0.0
354	arxiv.Rasif			II	Kişi	none	BA-40614	0.00	0.00	0.00	0.00	0.00	0.00	3	\N	66	0.0
355	Əşrəfova Səmayə			III	Qadın		BA-46178	0.00	0.00	0.00	0.00	0.00	0.00	3	\N	66	0.0
356	Abbasov Anar			I	Kişi	050-880-64-40	BA-51806	0.00	0.00	0.00	0.00	0.00	0.00	3	\N	67	0.0
357	Məmmədov Sənan			I	Kişi		BA-58144	0.00	0.00	0.00	0.00	0.00	0.00	3	\N	67	0.0
358	Niyazəliyeva Mirvari			III	Qadın		BA-22199	0.00	0.00	0.00	0.00	0.00	0.00	3	\N	67	0.0
359	Qaracayev Kazım			II	Kişi		BA-88632	0.00	0.00	0.00	0.00	0.00	0.00	3	\N	67	0.0
360	Qəmbərov İlham			I	Kişi	0503178113	BA-74387	0.00	0.00	0.00	0.00	0.00	0.00	3	\N	67	0.0
361	Tahirov İsgəndər			II	Kişi		BA-31961	0.00	0.00	0.00	0.00	0.00	0.00	3	\N	67	0.0
362	Vəliyeva Səba			II	Qadın		BA-36911	0.00	0.00	0.00	0.00	0.00	0.00	3	\N	67	0.0
363	Əkbərova Elnarə			I	Qadın	055 301 93 25	BA-51241	0.00	0.00	0.00	0.00	0.00	0.00	3	\N	67	0.0
364	Quliyev Nofəl			II	Kişi		BA-90688	0.00	0.00	0.00	0.00	0.00	0.00	3	\N	68	0.0
365	Zeynalov Məhəmməd			I	Kişi		BA-03460	0.00	0.00	0.00	0.00	0.00	0.00	3	\N	68	0.0
366	Şəkərəliyeva Aidə			I	Qadın		BA-65273	0.00	0.00	0.00	0.00	0.00	0.00	3	\N	68	0.0
367	Əsgərova Aygün			II	Qadın		BA-89793	0.00	0.00	0.00	0.00	0.00	0.00	3	\N	68	0.0
368	Rzayeva Sevil			II	Qadın		BA-63511	0.00	0.00	0.00	0.00	0.00	0.00	3	\N	69	0.0
369	Məmmədov Alik			VIP	Kişi	33	BA-80607	0.00	0.00	0.00	0.00	0.00	0.00	3	\N	70	0.0
370	Rüstəmova Firəngiz			II	Qadın	5	BA-68972	0.00	0.00	0.00	0.00	0.00	0.00	3	\N	70	0.0
371	Həsənov Ziya			II	Kişi	0556773266	BA-95311	0.00	0.00	0.00	0.00	0.00	0.00	3	\N	71	0.0
372	Həsənova Gülbəniz			I	Qadın	0505039461	BA-69054	0.00	0.00	0.00	0.00	0.00	0.00	3	\N	71	0.0
373	Mehdiyev Mahmud			II	Kişi		BA-23240	0.00	0.00	0.00	0.00	0.00	0.00	3	\N	71	0.0
374	Əliyeva Mətanət			II	Qadın		BA-41806	0.00	0.00	0.00	0.00	0.00	0.00	3	\N	71	0.0
375	Balayeva Fərzanə			I	Qadın		BA-82322	0.00	0.00	0.00	0.00	0.00	0.00	3	\N	72	0.0
376	Qənbərova Nüşabə			I	Qadın		BA-81808	0.00	0.00	0.00	0.00	0.00	0.00	3	\N	72	0.0
377	Xudiyev Vaqif			I	Kişi	none	BA-64134	0.00	0.00	0.00	0.00	0.00	0.00	3	\N	72	0.0
378	İsgəndərova Nərgiz			II	Qadın		BA-93297	0.00	0.00	0.00	0.00	0.00	0.00	3	\N	73	0.0
379	Cavadova Nərmin			I	Qadın		BA-20181	0.00	0.00	0.00	0.00	0.00	0.00	3	\N	74	0.0
380	Şıxəliyeva Həmidə			I	Qadın	0553174040	BA-53752	0.00	0.00	0.00	0.00	0.00	0.00	3	\N	74	0.0
381	Bağırova Nərmin			I	Qadın	0773232230	BA-90571	0.00	0.00	0.00	0.00	0.00	0.00	3	\N	75	0.0
382	Babayeva Təranə			II	Qadın	5	BA-09794	0.00	0.00	0.00	0.00	0.00	0.00	3	\N	76	0.0
383	Məmmədova Sidiqə			I	Qadın	0506282958	BA-41972	0.00	0.00	0.00	0.00	0.00	0.00	3	\N	76	0.0
384	Süleymanı Nigar			III	Kişi	077777777777	BA-52959	0.00	0.00	0.00	0.00	0.00	0.00	3	\N	76	0.0
385	Əmirova Ceyran			II	Qadın		BA-85398	0.00	0.00	0.00	0.00	0.00	0.00	3	\N	76	0.0
386	Həsənova Nərminə			III	Qadın	0507238851	BA-08353	0.00	0.00	0.00	0.00	0.00	0.00	3	\N	77	0.0
387	Rəsulova Sabirə			III	Qadın		BA-52968	0.00	0.00	0.00	0.00	0.00	0.00	3	\N	77	0.0
388	Amirmetova Zina			III	Qadın	0556773266	BA-27775	0.00	0.00	0.00	0.00	0.00	0.00	3	\N	78	0.0
389	Əliyeva Cəmilə			I	Qadın	0773027689	BA-31378	0.00	0.00	0.00	0.00	0.00	0.00	3	\N	78	0.0
390	Hüseynova Ülviyyə			II	Qadın		BA-99728	0.00	0.00	0.00	0.00	0.00	0.00	3	\N	79	0.0
391	Osmanlı Züleyxa			I	Kişi	0505677007	BA-90559	0.00	0.00	0.00	0.00	0.00	0.00	3	\N	79	0.0
392	Əhmədova Nigar			III	Qadın		BA-01971	0.00	0.00	0.00	0.00	0.00	0.00	3	\N	79	0.0
393	Müslümova Fərqanə			II	Qadın		BA-26397	0.00	0.00	0.00	0.00	0.00	0.00	3	\N	80	0.0
394	Abbasov Rəhim			I	Kişi		BA-34014	0.00	0.00	0.00	0.00	0.00	0.00	3	\N	81	0.0
395	Batıyeva Zöhrə			VIP	Qadın		BA-34536	0.00	0.00	0.00	0.00	0.00	0.00	3	\N	81	0.0
396	Mehdiyeva Zabilə			I	Qadın		BA-77815	0.00	0.00	0.00	0.00	0.00	0.00	3	\N	81	0.0
397	Mirzəyeva Xalidə			III	Qadın		BA-92011	0.00	0.00	0.00	0.00	0.00	0.00	3	\N	81	0.0
398	Məhyəddinova Günel			III	Qadın		BA-93042	0.00	0.00	0.00	0.00	0.00	0.00	3	\N	81	0.0
399	Məmmədli Aysel			II	Kişi		BA-61997	0.00	0.00	0.00	0.00	0.00	0.00	3	\N	81	0.0
400	Məmmədov Azər			II	Kişi		BA-58705	0.00	0.00	0.00	0.00	0.00	0.00	3	\N	81	0.0
401	Sadıqov Müslüm			III	Kişi		BA-77824	0.00	0.00	0.00	0.00	0.00	0.00	3	\N	81	0.0
402	Sadıqova Xəyalə			III	Qadın		BA-40710	0.00	0.00	0.00	0.00	0.00	0.00	3	\N	81	0.0
403	İsmayılov İlqar			I	Kişi		BA-85957	0.00	0.00	0.00	0.00	0.00	0.00	3	\N	81	0.0
404	Şıxəliyev Lətif			II	Kişi		BA-56753	0.00	0.00	0.00	0.00	0.00	0.00	3	\N	81	0.0
405	Səfərli Cabir			I	Kişi		BA-53835	0.00	0.00	0.00	0.00	0.00	0.00	3	\N	82	0.0
1269	Əliyev Xəyal			I	Kişi		LƏ-37230	0.00	0.00	0.00	0.00	0.00	0.00	14	\N	229	0.0
406	Qurbanova Tamella			I	Qadın	0503391850	BA-18631	0.00	0.00	0.00	0.00	0.00	0.00	3	\N	83	0.0
407	Məmmədova İradə			II	Qadın		BA-99008	0.00	0.00	0.00	0.00	0.00	0.00	3	\N	84	0.0
408	Əliyeva İradə			III	Qadın		BA-27418	0.00	0.00	0.00	0.00	0.00	0.00	3	\N	84	0.0
409	Elşad dr			II	Kişi		BA-58808	0.00	0.00	0.00	0.00	0.00	0.00	3	\N	85	0.0
410	Rəsulov Azər			II	Kişi		BA-68824	0.00	0.00	0.00	0.00	0.00	0.00	3	\N	85	0.0
411	Yahyazadə Rəna			II	Kişi		BA-21963	0.00	0.00	0.00	0.00	0.00	0.00	3	\N	85	0.0
412	Fəttahova Nurtac			II	Qadın		BA-64763	0.00	0.00	0.00	0.00	0.00	0.00	3	\N	86	0.0
413	Allahverdiyev Elnur			III	Kişi		BA-52948	0.00	0.00	0.00	0.00	0.00	0.00	3	\N	87	0.0
414	Mustafayev Elvin			III	Kişi		BA-86901	0.00	0.00	0.00	0.00	0.00	0.00	3	\N	87	0.0
415	Məmmədov Anar			III	Kişi		BA-11576	0.00	0.00	0.00	0.00	0.00	0.00	3	\N	87	0.0
416	Məmmədov Aslan			III	Kişi		BA-68414	0.00	0.00	0.00	0.00	0.00	0.00	3	\N	87	0.0
417	Məmmədov Xurşud			I	Kişi	0503213321	BA-20781	0.00	0.00	0.00	0.00	0.00	0.00	3	\N	87	0.0
418	Qocayeva Xədicə			I	Qadın	0558142973	BA-85062	0.00	0.00	0.00	0.00	0.00	0.00	3	\N	87	0.0
419	Tapdıqlı Dürdanə			II	Kişi	0502132966	BA-31443	0.00	0.00	0.00	0.00	0.00	0.00	3	\N	87	0.0
420	Yusifova Suheyla			I	Qadın	0503643974	BA-87955	0.00	0.00	0.00	0.00	0.00	0.00	3	\N	87	0.0
421	İbrahimova Tamella			I	Qadın		BA-61611	0.00	0.00	0.00	0.00	0.00	0.00	3	\N	87	0.0
422	İbrahimova Şərqiyyə			I	Qadın		BA-10514	0.00	0.00	0.00	0.00	0.00	0.00	3	\N	87	0.0
423	İnsanov Əziz			I	Kişi		BA-88750	0.00	0.00	0.00	0.00	0.00	0.00	3	\N	87	0.0
424	Aslanova Yeganə			II	Qadın	0503407117	BA-51825	0.00	0.00	0.00	0.00	0.00	0.00	3	\N	88	0.0
425	Rzayev Məhəmməd			I	Kişi		BA-30437	0.00	0.00	0.00	0.00	0.00	0.00	3	\N	88	0.0
426	Abbaszadə Elçin			II	Kişi		BA-73965	0.00	0.00	0.00	0.00	0.00	0.00	3	\N	89	0.0
427	İlham Hüseyn			II	Kişi		BA-97320	0.00	0.00	0.00	0.00	0.00	0.00	3	\N	89	0.0
428	Əhmədova Naidə			II	Qadın		BA-49024	0.00	0.00	0.00	0.00	0.00	0.00	3	\N	89	0.0
429	Tomayev Nurəddin			I	Kişi	0557807787	BA-22889	0.00	0.00	0.00	0.00	0.00	0.00	7	\N	90	0.0
430	İsmayılova Arzu			I	Qadın	0503738866	BA-06323	0.00	0.00	0.00	0.00	0.00	0.00	7	\N	90	0.0
431	Cavadzadə Pərvin			II	Kişi	0553364090	BA-08090	0.00	0.00	0.00	0.00	0.00	0.00	7	\N	91	0.0
432	Hacıyeva Əsmər			III	Qadın		BA-92095	0.00	0.00	0.00	0.00	0.00	0.00	7	\N	91	0.0
433	Mehdiyeva Sevil			III	Qadın	0506880836	BA-37840	0.00	0.00	0.00	0.00	0.00	0.00	7	\N	91	0.0
434	Məcidova Məlahət			II	Qadın		BA-83596	0.00	0.00	0.00	0.00	0.00	0.00	7	\N	91	0.0
435	Məmmədli Şəbnəm			I	Kişi	0507646070	BA-85024	0.00	0.00	0.00	0.00	0.00	0.00	7	\N	91	0.0
436	Qurbanova Ellada			III	Qadın	0503925492	BA-68637	0.00	0.00	0.00	0.00	0.00	0.00	7	\N	91	0.0
437	Qurbanova Validə			I	Qadın	0506721696	BA-15668	0.00	0.00	0.00	0.00	0.00	0.00	7	\N	91	0.0
438	Rzayeva Vüsalə			III	Qadın		BA-21447	0.00	0.00	0.00	0.00	0.00	0.00	7	\N	91	0.0
439	Rəcəbova Dilarə			II	Qadın	0776334157	BA-92342	0.00	0.00	0.00	0.00	0.00	0.00	7	\N	91	0.0
440	Verdiyeva Günay			I	Qadın	0504244167	BA-09701	0.00	0.00	0.00	0.00	0.00	0.00	7	\N	91	0.0
441	İbrahimova Ülviyyə			I	Qadın	0552650014	BA-36760	0.00	0.00	0.00	0.00	0.00	0.00	7	\N	91	0.0
442	Şahmalıyeva Afət			III	Qadın	none	BA-56103	0.00	0.00	0.00	0.00	0.00	0.00	7	\N	91	0.0
443	Əliyeva Zivər			II	Qadın	0503570139	BA-04385	0.00	0.00	0.00	0.00	0.00	0.00	7	\N	91	0.0
444	Səlimxanova Nərgiz			I	Qadın		BA-07511	0.00	0.00	0.00	0.00	0.00	0.00	7	\N	92	0.0
445	Aynur İsmayılova			I	Kişi		BA-78514	0.00	0.00	0.00	0.00	0.00	0.00	7	\N	93	0.0
446	Bənnayeva Seva			III	Qadın		BA-96476	0.00	0.00	0.00	0.00	0.00	0.00	7	\N	93	0.0
447	Cabbarova Sevinc			III	Qadın	0503997658	BA-94062	0.00	0.00	0.00	0.00	0.00	0.00	7	\N	93	0.0
448	Cəfərli Şəbnəm			II	Kişi	none	BA-47931	0.00	0.00	0.00	0.00	0.00	0.00	7	\N	93	0.0
449	Hüseynova Xumar			III	Qadın		BA-71460	0.00	0.00	0.00	0.00	0.00	0.00	7	\N	93	0.0
450	Həsənova Rəfiqə			III	Qadın		BA-91836	0.00	0.00	0.00	0.00	0.00	0.00	7	\N	93	0.0
451	Musabəyova Sürayə			III	Qadın		BA-98712	0.00	0.00	0.00	0.00	0.00	0.00	7	\N	93	0.0
452	Seyidli Günel			II	Kişi	0552796585	BA-08905	0.00	0.00	0.00	0.00	0.00	0.00	7	\N	93	0.0
453	Tağıyeva Şəfa			I	Qadın	0552722882	BA-00534	0.00	0.00	0.00	0.00	0.00	0.00	7	\N	93	0.0
454	Əfəndi Şəlalə			II	Kişi	none	BA-10785	0.00	0.00	0.00	0.00	0.00	0.00	7	\N	93	0.0
455	Hüseynov Habil			I	Kişi	1	BA-54120	0.00	0.00	0.00	0.00	0.00	0.00	7	\N	94	0.0
456	Kərimova Günəş			I	Qadın	none	BA-43649	0.00	0.00	0.00	0.00	0.00	0.00	7	\N	94	0.0
457	Kərimova Nərgiz			I	Qadın	0552342727	BA-41444	0.00	0.00	0.00	0.00	0.00	0.00	7	\N	94	0.0
458	Rüstəmzadə Mehriban			II	Kişi	none	BA-70023	0.00	0.00	0.00	0.00	0.00	0.00	7	\N	94	0.0
459	Əliyeva Arzu			II	Qadın	none	BA-36839	0.00	0.00	0.00	0.00	0.00	0.00	7	\N	94	0.0
460	Abbasova Zülfiyyə			I	Qadın		BA-01513	0.00	0.00	0.00	0.00	0.00	0.00	7	\N	95	0.0
461	Ağayeva Gülnarə			I	Qadın		BA-01392	0.00	0.00	0.00	0.00	0.00	0.00	7	\N	95	0.0
462	Hacıyev Kamil			I	Kişi	0554261496	BA-99634	0.00	0.00	0.00	0.00	0.00	0.00	7	\N	95	0.0
463	Kərimov Məhəmməd			I	Kişi	none	BA-02958	0.00	0.00	0.00	0.00	0.00	0.00	7	\N	95	0.0
464	Muradov Vahid			III	Kişi		BA-18156	0.00	0.00	0.00	0.00	0.00	0.00	7	\N	95	0.0
465	Qulamov Şahin			I	Kişi		BA-09764	0.00	0.00	0.00	0.00	0.00	0.00	7	\N	95	0.0
466	Quliyev Orxan			II	Kişi	none	BA-94444	0.00	0.00	0.00	0.00	0.00	0.00	7	\N	95	0.0
467	Rəşidova Səbinə			I	Qadın	46546546545	BA-45579	0.00	0.00	0.00	0.00	0.00	0.00	7	\N	95	0.0
468	İsayeva Azadə			III	Qadın	0557802086	BA-07394	0.00	0.00	0.00	0.00	0.00	0.00	7	\N	95	0.0
469	Əliyeva Lalə			I	Qadın		BA-46221	0.00	0.00	0.00	0.00	0.00	0.00	7	\N	95	0.0
470	Haqverdiyeva Təranə			III	Qadın		BA-45618	0.00	0.00	0.00	0.00	0.00	0.00	7	\N	96	0.0
471	Zeynalova Afət			I	Qadın		BA-21816	0.00	0.00	0.00	0.00	0.00	0.00	7	\N	96	0.0
472	Axundova Natavan			I	Qadın		BA-83616	0.00	0.00	0.00	0.00	0.00	0.00	7	\N	97	0.0
473	İbrahimov İbrahim			I	Kişi		BA-32363	0.00	0.00	0.00	0.00	0.00	0.00	7	\N	97	0.0
474	Şemşedinskaya Nərgiz			I	Qadın	none	BA-48996	0.00	0.00	0.00	0.00	0.00	0.00	7	\N	98	0.0
475	Babayeva Tənzilə			II	Qadın		BA-41274	0.00	0.00	0.00	0.00	0.00	0.00	7	\N	99	0.0
476	Hacıyeva Məsmə			I	Qadın		BA-40105	0.00	0.00	0.00	0.00	0.00	0.00	7	\N	99	0.0
477	Hacıyeva İlahə			I	Qadın		BA-55660	0.00	0.00	0.00	0.00	0.00	0.00	7	\N	99	0.0
478	Kazımova Həcər			I	Qadın		BA-48706	0.00	0.00	0.00	0.00	0.00	0.00	7	\N	99	0.0
479	Məsimov Sənan			III	Kişi		BA-27008	0.00	0.00	0.00	0.00	0.00	0.00	7	\N	99	0.0
480	Rzayeva Aytən			I	Qadın		BA-38297	0.00	0.00	0.00	0.00	0.00	0.00	7	\N	99	0.0
481	Zeynalov Bəhram			III	Kişi		BA-65895	0.00	0.00	0.00	0.00	0.00	0.00	7	\N	99	0.0
482	İbrahimov Rövşən			I	Kişi		BA-41377	0.00	0.00	0.00	0.00	0.00	0.00	7	\N	99	0.0
483	Əsgərova Səidə			I	Qadın		BA-59797	0.00	0.00	0.00	0.00	0.00	0.00	7	\N	99	0.0
484	Kazımov Rauf			I	Kişi		BA-71305	0.00	0.00	0.00	0.00	0.00	0.00	7	\N	100	0.0
485	Zeynalova Nuridə			III	Qadın		BA-39311	0.00	0.00	0.00	0.00	0.00	0.00	7	\N	100	0.0
486	Cabbarova Mehriban			I	Qadın	0503516224	BA-05360	0.00	0.00	0.00	0.00	0.00	0.00	7	\N	101	0.0
487	Məmmədova Elmira			II	Qadın		BA-03168	0.00	0.00	0.00	0.00	0.00	0.00	7	\N	101	0.0
488	Məmmədova İzmir			I	Qadın	0518828000	BA-83391	0.00	0.00	0.00	0.00	0.00	0.00	7	\N	101	0.0
489	Nəsibov Kamran			I	Kişi	none	BA-15598	0.00	0.00	0.00	0.00	0.00	0.00	7	\N	101	0.0
490	Paşayeva Dilşad			I	Qadın		BA-73900	0.00	0.00	0.00	0.00	0.00	0.00	7	\N	101	0.0
491	Qasımova Aygün			I	Qadın	0503365259	BA-74097	0.00	0.00	0.00	0.00	0.00	0.00	7	\N	101	0.0
492	Qasımova Aynurə			I	Qadın	none	BA-01156	0.00	0.00	0.00	0.00	0.00	0.00	7	\N	101	0.0
493	Rəsulov Azad			I	Kişi	none	BA-66566	0.00	0.00	0.00	0.00	0.00	0.00	7	\N	101	0.0
494	Teymurova Nərgiz			VIP	Qadın	0555157229	BA-44892	0.00	0.00	0.00	0.00	0.00	0.00	7	\N	101	0.0
495	Xıdırova İradə			II	Qadın		BA-22163	0.00	0.00	0.00	0.00	0.00	0.00	7	\N	101	0.0
496	Şəmsəddinskaya Tehran			I	Qadın		BA-05570	0.00	0.00	0.00	0.00	0.00	0.00	7	\N	101	0.0
497	Ələsgərova Afaq			I	Qadın		BA-90254	0.00	0.00	0.00	0.00	0.00	0.00	7	\N	101	0.0
498	Allahverdiyev Qürbət			II	Kişi	none	BA-52294	0.00	0.00	0.00	0.00	0.00	0.00	7	\N	102	0.0
499	Sadıqov Hikmət			I	Kişi		BA-52970	0.00	0.00	0.00	0.00	0.00	0.00	7	\N	102	0.0
500	Abdullayeva Rəna			I	Qadın		BA-19063	0.00	0.00	0.00	0.00	0.00	0.00	7	\N	103	0.0
501	Axundova Səxavəddin AL			I	Qadın	515516662	BA-37173	0.00	0.00	0.00	0.00	0.00	0.00	7	\N	103	0.0
502	Ağasıyeva Nahidə			I	Qadın	055555555	BA-41445	0.00	0.00	0.00	0.00	0.00	0.00	7	\N	103	0.0
503	Bağırov Akif			I	Kişi		BA-17009	0.00	0.00	0.00	0.00	0.00	0.00	7	\N	103	0.0
504	Cabbarov Rauf			VIP	Kişi	0502168520	BA-80558	0.00	0.00	0.00	0.00	0.00	0.00	7	\N	103	0.0
505	Hacıyeva Gülnaz			II	Qadın	0557152071	BA-83867	0.00	0.00	0.00	0.00	0.00	0.00	7	\N	103	0.0
506	Hüseynova Nüşabə (7)			I	Qadın	none	BA-07229	0.00	0.00	0.00	0.00	0.00	0.00	7	\N	103	0.0
507	Mehrəliyev Əlfi			I	Kişi	none	BA-65801	0.00	0.00	0.00	0.00	0.00	0.00	7	\N	103	0.0
508	Nehmətova Məlahət			I	Qadın	none	BA-38021	0.00	0.00	0.00	0.00	0.00	0.00	7	\N	103	0.0
509	Əliyeva Aqil			I	Qadın		BA-95341	0.00	0.00	0.00	0.00	0.00	0.00	7	\N	103	0.0
510	Ağamuradov Sarran			VIP	Kişi		BA-72823	0.00	0.00	0.00	0.00	0.00	0.00	7	\N	104	0.0
511	Bağırova Lena			II	Qadın		BA-95215	0.00	0.00	0.00	0.00	0.00	0.00	7	\N	104	0.0
512	Cavadov Toğrul			III	Kişi		BA-70078	0.00	0.00	0.00	0.00	0.00	0.00	7	\N	104	0.0
513	Ege İsmayılova Aynurə			I	Kişi		BA-13501	0.00	0.00	0.00	0.00	0.00	0.00	7	\N	104	0.0
514	Mehdiyev Röyal			I	Kişi		BA-09431	0.00	0.00	0.00	0.00	0.00	0.00	7	\N	104	0.0
515	Nəcəfəliyeva Aynurə			VIP	Qadın	none	BA-54600	0.00	0.00	0.00	0.00	0.00	0.00	7	\N	104	0.0
516	Qulamov İbrahim			I	Kişi		BA-23958	0.00	0.00	0.00	0.00	0.00	0.00	7	\N	104	0.0
517	Qulamov İbrahim			I	Kişi		BA-28603	0.00	0.00	0.00	0.00	0.00	0.00	7	\N	104	0.0
518	Rüstəmova Pərvanə			I	Qadın		BA-70494	0.00	0.00	0.00	0.00	0.00	0.00	7	\N	104	0.0
519	Salahov  Ramin			III	Kişi		BA-99749	0.00	0.00	0.00	0.00	0.00	0.00	7	\N	104	0.0
520	Səmədli Səidə			I	Kişi		BA-87019	0.00	0.00	0.00	0.00	0.00	0.00	7	\N	104	0.0
521	Vahabov Cavanşir			III	Kişi		BA-72533	0.00	0.00	0.00	0.00	0.00	0.00	7	\N	104	0.0
522	Əliyeva Gülmirə			III	Qadın		BA-04600	0.00	0.00	0.00	0.00	0.00	0.00	7	\N	104	0.0
523	Abbasova  Aksana			I	Qadın	none	BA-69768	0.00	0.00	0.00	0.00	0.00	0.00	7	\N	105	0.0
524	Abdullayev Oktay			I	Kişi		BA-66437	0.00	0.00	0.00	0.00	0.00	0.00	7	\N	105	0.0
525	Abdullayeva Zeynəb			I	Qadın		BA-47204	0.00	0.00	0.00	0.00	0.00	0.00	7	\N	105	0.0
526	Ağayeva Nazənin			I	Qadın	none	BA-70427	0.00	0.00	0.00	0.00	0.00	0.00	7	\N	105	0.0
527	Babayeva Nailə			I	Qadın	1	BA-30757	0.00	0.00	0.00	0.00	0.00	0.00	7	\N	105	0.0
528	Bədəlova Gülnaz			I	Qadın	1	BA-78878	0.00	0.00	0.00	0.00	0.00	0.00	7	\N	105	0.0
529	Hüseynova Şəfəq			II	Qadın	0557262905	BA-00451	0.00	0.00	0.00	0.00	0.00	0.00	7	\N	105	0.0
530	Həsənova Nərmin			II	Qadın	none	BA-95553	0.00	0.00	0.00	0.00	0.00	0.00	7	\N	105	0.0
531	Kərimov Azər			I	Kişi		BA-91237	0.00	0.00	0.00	0.00	0.00	0.00	7	\N	105	0.0
532	Kərimova Gülnar			III	Qadın	none	BA-85267	0.00	0.00	0.00	0.00	0.00	0.00	7	\N	105	0.0
533	Kərimova İradə			I	Qadın	none	BA-31393	0.00	0.00	0.00	0.00	0.00	0.00	7	\N	105	0.0
534	Novruzova Nərminə			I	Qadın	0502876486	BA-95383	0.00	0.00	0.00	0.00	0.00	0.00	7	\N	105	0.0
535	Orucova Leyla			I	Qadın	none	BA-72913	0.00	0.00	0.00	0.00	0.00	0.00	7	\N	105	0.0
536	Qasımzadə Emilya			II	Kişi	0503583560	BA-54693	0.00	0.00	0.00	0.00	0.00	0.00	7	\N	105	0.0
537	Qasımzadə Türkan			III	Kişi		BA-48125	0.00	0.00	0.00	0.00	0.00	0.00	7	\N	105	0.0
538	Süleymanov Əliyar			III	Kişi	none	BA-51066	0.00	0.00	0.00	0.00	0.00	0.00	7	\N	105	0.0
539	Vəlizadə Bəhruzə			II	Kişi	none	BA-31896	0.00	0.00	0.00	0.00	0.00	0.00	7	\N	105	0.0
540	Yusifova Sənubər			III	Qadın	0517799945	BA-81875	0.00	0.00	0.00	0.00	0.00	0.00	7	\N	105	0.0
541	Əlimirzəyeva Zöhrə			I	Qadın		BA-13032	0.00	0.00	0.00	0.00	0.00	0.00	7	\N	105	0.0
542	Əliyeva Nazilə			I	Qadın	0503351035	BA-30383	0.00	0.00	0.00	0.00	0.00	0.00	7	\N	105	0.0
543	Əsgərli Şəmsiyyə			II	Kişi	none	BA-52568	0.00	0.00	0.00	0.00	0.00	0.00	7	\N	105	0.0
544	Abbasov Hikmət			I	Kişi		BA-93085	0.00	0.00	0.00	0.00	0.00	0.00	7	\N	106	0.0
545	Abdullayev Elsevər			I	Kişi	none	BA-46224	0.00	0.00	0.00	0.00	0.00	0.00	7	\N	107	0.0
546	Abdulov Ramil USM			II	Kişi		BA-42375	0.00	0.00	0.00	0.00	0.00	0.00	7	\N	107	0.0
547	Alıyev Fazil			I	Kişi	0503133430	BA-39527	0.00	0.00	0.00	0.00	0.00	0.00	7	\N	107	0.0
548	Arzu Aydınqızı			I	Kişi	none	BA-86041	0.00	0.00	0.00	0.00	0.00	0.00	7	\N	107	0.0
549	Cəfərova Şərafət			II	Qadın	0518110740	BA-89634	0.00	0.00	0.00	0.00	0.00	0.00	7	\N	107	0.0
550	Hacıkərimova Hənifə			III	Qadın	0558070907	BA-14215	0.00	0.00	0.00	0.00	0.00	0.00	7	\N	107	0.0
551	Mahmudova Pərvanə			I	Qadın		BA-21083	0.00	0.00	0.00	0.00	0.00	0.00	7	\N	107	0.0
552	Mehdiyev Aman			III	Kişi	none	BA-46437	0.00	0.00	0.00	0.00	0.00	0.00	7	\N	107	0.0
553	Muxtarova Aynur			II	Qadın		BA-34991	0.00	0.00	0.00	0.00	0.00	0.00	7	\N	107	0.0
554	Məlikova Səadət			I	Qadın	0503671144	BA-58550	0.00	0.00	0.00	0.00	0.00	0.00	7	\N	107	0.0
555	Məmmədxəlilov Rəşad			I	Kişi		BA-50071	0.00	0.00	0.00	0.00	0.00	0.00	7	\N	107	0.0
556	Qurbanova Dilşad			II	Qadın	0702250680	BA-24914	0.00	0.00	0.00	0.00	0.00	0.00	7	\N	107	0.0
557	Rüstəmov Vaqif			I	Kişi	none	BA-85667	0.00	0.00	0.00	0.00	0.00	0.00	7	\N	107	0.0
558	Zalıyeva Rəhilə			I	Qadın	none	BA-58971	0.00	0.00	0.00	0.00	0.00	0.00	7	\N	107	0.0
559	Şixəliyeva Təranə			III	Qadın	none	BA-86840	0.00	0.00	0.00	0.00	0.00	0.00	7	\N	107	0.0
560	Əhmədova Sevinc			III	Qadın	0503465820	BA-55280	0.00	0.00	0.00	0.00	0.00	0.00	7	\N	107	0.0
561	Əliyeva Səadət			I	Qadın	none	BA-61211	0.00	0.00	0.00	0.00	0.00	0.00	7	\N	107	0.0
562	Əliyeva Tövhə			II	Qadın	0555271129	BA-66257	0.00	0.00	0.00	0.00	0.00	0.00	7	\N	107	0.0
563	Hacıyev Rasim			VIP	Kişi	none	BA-59964	0.00	0.00	0.00	0.00	0.00	0.00	7	\N	108	0.0
564	Abbasov Etibar			I	Kişi	none	BA-73594	0.00	0.00	0.00	0.00	0.00	0.00	7	\N	109	0.0
565	Abbasov Samir			II	Kişi	0502062626	BA-73148	0.00	0.00	0.00	0.00	0.00	0.00	7	\N	109	0.0
566	Ağaməhəmməd			II	Kişi		BA-58731	0.00	0.00	0.00	0.00	0.00	0.00	7	\N	109	0.0
567	Bağırlı Murad			I	Kişi	0502343235	BA-87267	0.00	0.00	0.00	0.00	0.00	0.00	7	\N	109	0.0
568	Bağırova Gülnar			III	Qadın	none	BA-56915	0.00	0.00	0.00	0.00	0.00	0.00	7	\N	109	0.0
569	Dadaşova Nigar			I	Qadın	0503100123	BA-91243	0.00	0.00	0.00	0.00	0.00	0.00	7	\N	109	0.0
570	Davudov Əli			III	Kişi		BA-19100	0.00	0.00	0.00	0.00	0.00	0.00	7	\N	109	0.0
571	Hacıyev Şəmistan			I	Kişi		BA-50171	0.00	0.00	0.00	0.00	0.00	0.00	7	\N	109	0.0
572	Hüseynov Nadir			I	Kişi	0503466517	BA-90946	0.00	0.00	0.00	0.00	0.00	0.00	7	\N	109	0.0
573	Kərimov Fuad			II	Kişi	0503409390	BA-76688	0.00	0.00	0.00	0.00	0.00	0.00	7	\N	109	0.0
574	Mahmudov Mahmud			VIP	Kişi	0503331341	BA-38441	0.00	0.00	0.00	0.00	0.00	0.00	7	\N	109	0.0
575	Məmmədzadə İxtiyar			I	Kişi		BA-27414	0.00	0.00	0.00	0.00	0.00	0.00	7	\N	109	0.0
576	Novruzov Valid			I	Kişi		BA-96682	0.00	0.00	0.00	0.00	0.00	0.00	7	\N	109	0.0
577	Pehman dr			I	Kişi	none	BA-41372	0.00	0.00	0.00	0.00	0.00	0.00	7	\N	109	0.0
579	Qədimova Gülçin			II	Qadın	0504115744	BA-39039	0.00	0.00	0.00	0.00	0.00	0.00	7	\N	109	0.0
580	Seyidov İlham			III	Kişi	0503151550	BA-55360	0.00	0.00	0.00	0.00	0.00	0.00	7	\N	109	0.0
581	Süleymanov Elmir			II	Kişi	0773226088	BA-91277	0.00	0.00	0.00	0.00	0.00	0.00	7	\N	109	0.0
582	Səlimov Əmrah			II	Kişi		BA-52318	0.00	0.00	0.00	0.00	0.00	0.00	7	\N	109	0.0
583	Talışınski Rüstəm			I	Kişi	none	BA-17732	0.00	0.00	0.00	0.00	0.00	0.00	7	\N	109	0.0
584	Tağıyeva Xanım			II	Qadın	0552205479	BA-64360	0.00	0.00	0.00	0.00	0.00	0.00	7	\N	109	0.0
585	Telman			II	Kişi		BA-36627	0.00	0.00	0.00	0.00	0.00	0.00	7	\N	109	0.0
586	Ədalətli Xətai			I	Kişi	none	BA-34576	0.00	0.00	0.00	0.00	0.00	0.00	7	\N	109	0.0
587	Əhmədov Hümmət			I	Kişi	none	BA-15444	0.00	0.00	0.00	0.00	0.00	0.00	7	\N	109	0.0
588	Əhmədov Nail			II	Kişi		BA-79669	0.00	0.00	0.00	0.00	0.00	0.00	7	\N	109	0.0
589	Ələsgərov Elvin			I	Kişi	none	BA-98086	0.00	0.00	0.00	0.00	0.00	0.00	7	\N	109	0.0
590	Abbaslı Nərmin			III	Kişi		BA-83430	0.00	0.00	0.00	0.00	0.00	0.00	7	\N	110	0.0
591	Musa Kılıç			I	Qadın		BA-25632	0.00	0.00	0.00	0.00	0.00	0.00	7	\N	110	0.0
592	Vaqif Rəhimov			III	Kişi	0503127606	BA-99589	0.00	0.00	0.00	0.00	0.00	0.00	7	\N	110	0.0
593	Zalov Ziyad			III	Kişi		BA-91779	0.00	0.00	0.00	0.00	0.00	0.00	7	\N	110	0.0
594	arxiv			I	Kişi	none	BA-45610	0.00	0.00	0.00	0.00	0.00	0.00	7	\N	110	0.0
595	Hacıyeva Gülnarə			II	Qadın		BA-44523	0.00	0.00	0.00	0.00	0.00	0.00	7	\N	111	0.0
596	Ağayeva Şəhla			I	Qadın	0502445001	BA-03151	0.00	0.00	0.00	0.00	0.00	0.00	8	\N	112	0.0
597	Hüseynova Yaqut			I	Qadın		BA-01295	0.00	0.00	0.00	0.00	0.00	0.00	8	\N	112	0.0
598	Quliyeva Leyla			I	Qadın	0503803740	BA-47733	0.00	0.00	0.00	0.00	0.00	0.00	8	\N	112	0.0
599	Səfərov Taleh			II	Kişi	0000	BA-14621	0.00	0.00	0.00	0.00	0.00	0.00	8	\N	112	0.0
600	Həsənova Aygün			II	Qadın		BA-10910	0.00	0.00	0.00	0.00	0.00	0.00	8	\N	113	0.0
601	Məmmədova Kamilə			III	Qadın		BA-20836	0.00	0.00	0.00	0.00	0.00	0.00	8	\N	113	0.0
602	Nəcəfova Dinara			III	Qadın		BA-42330	0.00	0.00	0.00	0.00	0.00	0.00	8	\N	113	0.0
603	Qənbərov Xanoğlan			I	Kişi	0503229411	BA-93521	0.00	0.00	0.00	0.00	0.00	0.00	8	\N	113	0.0
604	Əliyeva Sevda (8)			I	Qadın	11111212121	BA-22246	0.00	0.00	0.00	0.00	0.00	0.00	8	\N	113	0.0
605	Zeynalov Rasim			I	Kişi	0503639922	BA-42450	0.00	0.00	0.00	0.00	0.00	0.00	8	\N	114	0.0
606	Abdulova Jalə			III	Qadın		BA-64140	0.00	0.00	0.00	0.00	0.00	0.00	8	\N	115	0.0
607	Allahverdiyeva Züleyxa			II	Qadın		BA-39892	0.00	0.00	0.00	0.00	0.00	0.00	8	\N	115	0.0
608	Alıyeva Arzu			VIP	Qadın	0553714942	BA-35335	0.00	0.00	0.00	0.00	0.00	0.00	8	\N	115	0.0
609	Ağayeva Gülnarə			III	Qadın		BA-44847	0.00	0.00	0.00	0.00	0.00	0.00	8	\N	115	0.0
610	Babaxanova Dürdanə			I	Qadın		BA-91796	0.00	0.00	0.00	0.00	0.00	0.00	8	\N	115	0.0
611	Bağırova Lamiyə			II	Qadın		BA-43610	0.00	0.00	0.00	0.00	0.00	0.00	8	\N	115	0.0
612	Dadaşova Səadət			III	Qadın		BA-66959	0.00	0.00	0.00	0.00	0.00	0.00	8	\N	115	0.0
613	Dəmirova Rəna			I	Qadın		BA-50128	0.00	0.00	0.00	0.00	0.00	0.00	8	\N	115	0.0
614	Hüseynova Samirə			I	Qadın		BA-37389	0.00	0.00	0.00	0.00	0.00	0.00	8	\N	115	0.0
615	Mirzəyeva Mehri			I	Qadın		BA-48243	0.00	0.00	0.00	0.00	0.00	0.00	8	\N	115	0.0
616	Məmmədova Ruqiyyə			I	Qadın	070 303 40 93	BA-66422	0.00	0.00	0.00	0.00	0.00	0.00	8	\N	115	0.0
617	Məsimova Gülyaz			I	Qadın	0557648018	BA-02542	0.00	0.00	0.00	0.00	0.00	0.00	8	\N	115	0.0
618	Nəsibova Lalə			I	Qadın	0503397124	BA-71077	0.00	0.00	0.00	0.00	0.00	0.00	8	\N	115	0.0
619	Qarayeva Xəyalə			II	Qadın	none	BA-29229	0.00	0.00	0.00	0.00	0.00	0.00	8	\N	115	0.0
620	Soltanbəyli İlahə			III	Kişi		BA-42459	0.00	0.00	0.00	0.00	0.00	0.00	8	\N	115	0.0
621	İsgəndərova Diləfruz			III	Qadın		BA-24494	0.00	0.00	0.00	0.00	0.00	0.00	8	\N	115	0.0
622	Əlizadə Natavan			I	Kişi		BA-95331	0.00	0.00	0.00	0.00	0.00	0.00	8	\N	115	0.0
623	Qurbanov Yaşar			III	Kişi		BA-75896	0.00	0.00	0.00	0.00	0.00	0.00	8	\N	116	0.0
624	Zeynalova Dilarə			III	Qadın		BA-70571	0.00	0.00	0.00	0.00	0.00	0.00	8	\N	117	0.0
625	Ərəbova Afət			II	Qadın		BA-29126	0.00	0.00	0.00	0.00	0.00	0.00	8	\N	117	0.0
626	Mirzəyeva Gülnarə			II	Qadın		BA-25504	0.00	0.00	0.00	0.00	0.00	0.00	8	\N	118	0.0
627	Mirzəyeva Sevda			I	Qadın	0503305648	BA-30854	0.00	0.00	0.00	0.00	0.00	0.00	8	\N	118	0.0
628	Turabova Xoşqədəm			III	Qadın		BA-57251	0.00	0.00	0.00	0.00	0.00	0.00	8	\N	118	0.0
629	Vəlicanov Zaur			III	Kişi		BA-11292	0.00	0.00	0.00	0.00	0.00	0.00	8	\N	118	0.0
630	Əsədova Lalə			III	Qadın	none	BA-99683	0.00	0.00	0.00	0.00	0.00	0.00	8	\N	118	0.0
631	Mədinə Dilbazi			III	Kişi		BA-49834	0.00	0.00	0.00	0.00	0.00	0.00	8	\N	119	0.0
632	Nəbiyev Elnur			II	Kişi		BA-19229	0.00	0.00	0.00	0.00	0.00	0.00	8	\N	119	0.0
633	Vəliyev Rauf			III	Kişi		BA-80641	0.00	0.00	0.00	0.00	0.00	0.00	8	\N	119	0.0
634	Əliş Təhməzei			III	Kişi		BA-45641	0.00	0.00	0.00	0.00	0.00	0.00	8	\N	119	0.0
635	Beydullayev Əsəd			I	Kişi	0506444017	BA-25445	0.00	0.00	0.00	0.00	0.00	0.00	8	\N	120	0.0
637	Abbasova Xatirə			III	Qadın		BA-98066	0.00	0.00	0.00	0.00	0.00	0.00	8	\N	121	0.0
638	Almazxanlı Anar			III	Kişi	0505964121	BA-91788	0.00	0.00	0.00	0.00	0.00	0.00	8	\N	121	0.0
639	Axundova Failə			I	Qadın	none	BA-92555	0.00	0.00	0.00	0.00	0.00	0.00	8	\N	121	0.0
640	Bağırova Aida			I	Qadın		BA-97142	0.00	0.00	0.00	0.00	0.00	0.00	8	\N	121	0.0
641	Cəfərov Emil			I	Kişi	0775910557	BA-49691	0.00	0.00	0.00	0.00	0.00	0.00	8	\N	121	0.0
642	Cəfərov Mirqabil			I	Kişi	0515967650	BA-74448	0.00	0.00	0.00	0.00	0.00	0.00	8	\N	121	0.0
643	Cəfərova Aysel			II	Qadın	0707200000	BA-27359	0.00	0.00	0.00	0.00	0.00	0.00	8	\N	121	0.0
644	Göyüşova Səkinə			I	Qadın	0503167176	BA-42285	0.00	0.00	0.00	0.00	0.00	0.00	8	\N	121	0.0
645	Həziyeva Günel			I	Qadın		BA-31329	0.00	0.00	0.00	0.00	0.00	0.00	8	\N	121	0.0
646	Kamilov Süleyman			I	Kişi	0552271030	BA-40469	0.00	0.00	0.00	0.00	0.00	0.00	8	\N	121	0.0
647	Mahmudova Esmira			I	Qadın	0557704777	BA-66495	0.00	0.00	0.00	0.00	0.00	0.00	8	\N	121	0.0
648	Mustafayev Rauf			I	Kişi		BA-38588	0.00	0.00	0.00	0.00	0.00	0.00	8	\N	121	0.0
649	Məmmədov Nuran			I	Kişi	+90 538 726 61 11	BA-59729	0.00	0.00	0.00	0.00	0.00	0.00	8	\N	121	0.0
650	Məmmədova Yasəmən			I	Qadın	0515317438	BA-91676	0.00	0.00	0.00	0.00	0.00	0.00	8	\N	121	0.0
651	Novruzlu Gülər			I	Kişi	050 785 50 00	BA-88456	0.00	0.00	0.00	0.00	0.00	0.00	8	\N	121	0.0
652	Qaraxanlı Səbinə			I	Kişi	051 415 3161	BA-63388	0.00	0.00	0.00	0.00	0.00	0.00	8	\N	121	0.0
653	Qocayeva Səadət			III	Qadın		BA-32583	0.00	0.00	0.00	0.00	0.00	0.00	8	\N	121	0.0
654	Quliyeva Elvira			I	Qadın	0517901878	BA-37991	0.00	0.00	0.00	0.00	0.00	0.00	8	\N	121	0.0
655	Rzayeva Gülər			I	Qadın	050 396 6963	BA-06398	0.00	0.00	0.00	0.00	0.00	0.00	8	\N	121	0.0
656	Rzayeva Rəna			I	Qadın	0503164445	BA-81102	0.00	0.00	0.00	0.00	0.00	0.00	8	\N	121	0.0
657	Sadirov İlham			I	Kişi	050 459 13 16	BA-90425	0.00	0.00	0.00	0.00	0.00	0.00	8	\N	121	0.0
658	Tağızadə Şəfa			II	Kişi		BA-04290	0.00	0.00	0.00	0.00	0.00	0.00	8	\N	121	0.0
659	Xələfova Solmaz			I	Qadın	050 336 66 21	BA-23950	0.00	0.00	0.00	0.00	0.00	0.00	8	\N	121	0.0
660	İbrahimova Alidə			VIP	Qadın	050 419 1331	BA-72832	0.00	0.00	0.00	0.00	0.00	0.00	8	\N	121	0.0
661	İsayeva Arzu			III	Qadın	0509809228	BA-32189	0.00	0.00	0.00	0.00	0.00	0.00	8	\N	121	0.0
662	İsrafilli Röya			I	Kişi		BA-26777	0.00	0.00	0.00	0.00	0.00	0.00	8	\N	121	0.0
663	Əfəndiyeva Samirə			II	Qadın		BA-61214	0.00	0.00	0.00	0.00	0.00	0.00	8	\N	121	0.0
664	Əhmədova Nürdanə			III	Qadın		BA-02214	0.00	0.00	0.00	0.00	0.00	0.00	8	\N	121	0.0
665	Əliyev Rüfət			I	Kişi	055 550 56 01	BA-67993	0.00	0.00	0.00	0.00	0.00	0.00	8	\N	121	0.0
666	Əliyeva Dilarə			III	Qadın		BA-59705	0.00	0.00	0.00	0.00	0.00	0.00	8	\N	121	0.0
667	Əsədov Elvin			I	Kişi		BA-52538	0.00	0.00	0.00	0.00	0.00	0.00	8	\N	121	0.0
668	Əzizova Aynur			I	Qadın	050 642 50 52	BA-82467	0.00	0.00	0.00	0.00	0.00	0.00	8	\N	121	0.0
669	Seyidova Şirinnaz			III	Qadın		BA-03928	0.00	0.00	0.00	0.00	0.00	0.00	8	\N	122	0.0
670	Hüseynova Nüşabə(8)			II	Qadın	0552347565	BA-98439	0.00	0.00	0.00	0.00	0.00	0.00	8	\N	123	0.0
671	Kərimova Vəfa			III	Qadın		BA-60726	0.00	0.00	0.00	0.00	0.00	0.00	8	\N	123	0.0
672	Məmmədova Lalə			III	Qadın		BA-24933	0.00	0.00	0.00	0.00	0.00	0.00	8	\N	123	0.0
673	Sultanova Elza			III	Qadın		BA-91746	0.00	0.00	0.00	0.00	0.00	0.00	8	\N	123	0.0
674	Xəlilova Samirə			I	Qadın	0557205884	BA-64864	0.00	0.00	0.00	0.00	0.00	0.00	8	\N	123	0.0
675	İsmayılova Gülana			III	Qadın		BA-06951	0.00	0.00	0.00	0.00	0.00	0.00	8	\N	123	0.0
676	Əhmədova Ülviyyə			II	Qadın		BA-25745	0.00	0.00	0.00	0.00	0.00	0.00	8	\N	123	0.0
677	Əliyeva Azadə			I	Qadın	0505679848	BA-38317	0.00	0.00	0.00	0.00	0.00	0.00	8	\N	123	0.0
678	Arxiv			III	Kişi		BA-50965	0.00	0.00	0.00	0.00	0.00	0.00	8	\N	124	0.0
679	Nəcəfov Fuad			III	Kişi		BA-10932	0.00	0.00	0.00	0.00	0.00	0.00	8	\N	125	0.0
680	Səfərova Çinarə			II	Qadın		BA-12114	0.00	0.00	0.00	0.00	0.00	0.00	8	\N	125	0.0
681	Şıxəliyev Tofiq			I	Kişi		BA-36362	0.00	0.00	0.00	0.00	0.00	0.00	8	\N	125	0.0
682	Əhmədov Əlövsət			III	Kişi		BA-56595	0.00	0.00	0.00	0.00	0.00	0.00	8	\N	125	0.0
683	Haqverdiyev Emin			II	Kişi	051 333 17 27	BA-25459	0.00	0.00	0.00	0.00	0.00	0.00	8	\N	126	0.0
684	Allahverdiyeva Tamella			I	Qadın	050 321 80 13	BA-06229	0.00	0.00	0.00	0.00	0.00	0.00	8	\N	127	0.0
685	Babayeva Samirə			I	Qadın	0503777189	BA-08468	0.00	0.00	0.00	0.00	0.00	0.00	8	\N	127	0.0
686	Cəfərova Xuraman			III	Qadın	055 955 332 98	BA-82680	0.00	0.00	0.00	0.00	0.00	0.00	8	\N	127	0.0
687	Elçin			II	Kişi		BA-79763	0.00	0.00	0.00	0.00	0.00	0.00	8	\N	127	0.0
688	Həsənova Zamira			I	Qadın		BA-43947	0.00	0.00	0.00	0.00	0.00	0.00	8	\N	127	0.0
689	Həsənzadə Nərmin			I	Kişi		BA-16409	0.00	0.00	0.00	0.00	0.00	0.00	8	\N	127	0.0
690	Kərimova Sevinc			I	Qadın	0503112011	BA-93217	0.00	0.00	0.00	0.00	0.00	0.00	8	\N	127	0.0
691	Mehdizadə Sevda			I	Kişi		BA-41471	0.00	0.00	0.00	0.00	0.00	0.00	8	\N	127	0.0
692	Mikayılov Seyran			I	Kişi	0503669707	BA-53189	0.00	0.00	0.00	0.00	0.00	0.00	8	\N	127	0.0
693	Məmmədova Günel			I	Qadın	0506767629	BA-16299	0.00	0.00	0.00	0.00	0.00	0.00	8	\N	127	0.0
694	Məmmədova Nərmin			I	Qadın		BA-59090	0.00	0.00	0.00	0.00	0.00	0.00	8	\N	127	0.0
695	Qafarlı Selcan			II	Kişi	0507842662	BA-43551	0.00	0.00	0.00	0.00	0.00	0.00	8	\N	127	0.0
696	Sadıqov Təyyar			I	Kişi	0503394443	BA-26012	0.00	0.00	0.00	0.00	0.00	0.00	8	\N	127	0.0
697	Salmanova Elnurə			I	Qadın	050 412 14 02	BA-88544	0.00	0.00	0.00	0.00	0.00	0.00	8	\N	127	0.0
698	Seyidəliyeva Tünzalə			III	Qadın		BA-47538	0.00	0.00	0.00	0.00	0.00	0.00	8	\N	127	0.0
699	İsgəndərli Hasilə			II	Kişi		BA-18667	0.00	0.00	0.00	0.00	0.00	0.00	8	\N	127	0.0
700	Şahbazi İradə			I	Kişi		BA-60188	0.00	0.00	0.00	0.00	0.00	0.00	8	\N	127	0.0
701	Əliyeva Aynur			I	Qadın	050 635 93 00	BA-95908	0.00	0.00	0.00	0.00	0.00	0.00	8	\N	127	0.0
702	Əliyeva Mahal			III	Qadın		BA-33454	0.00	0.00	0.00	0.00	0.00	0.00	8	\N	127	0.0
703	Əmrahova Vüsalə			I	Qadın	051 503  51 45	BA-18613	0.00	0.00	0.00	0.00	0.00	0.00	8	\N	127	0.0
704	Əsədova Gülcahan			I	Qadın	050 631 78 15	BA-56035	0.00	0.00	0.00	0.00	0.00	0.00	8	\N	127	0.0
705	Ağayev Bəhruz			I	Kişi		BA-02856	0.00	0.00	0.00	0.00	0.00	0.00	8	\N	128	0.0
706	Namazov Kamil			I	Kişi	0703040077	BA-79614	0.00	0.00	0.00	0.00	0.00	0.00	8	\N	128	0.0
707	Şərbətova Nigar			I	Qadın		BA-27656	0.00	0.00	0.00	0.00	0.00	0.00	8	\N	128	0.0
708	Aslanova Mehriban			I	Qadın	0505830237	BA-14184	0.00	0.00	0.00	0.00	0.00	0.00	8	\N	129	0.0
709	Cəbrayılova Nərminə			II	Qadın		BA-49980	0.00	0.00	0.00	0.00	0.00	0.00	8	\N	129	0.0
710	Mirzəyev Azər			III	Kişi		BA-43322	0.00	0.00	0.00	0.00	0.00	0.00	8	\N	130	0.0
711	Abızadə Rəşad			I	Kişi		BA-86849	0.00	0.00	0.00	0.00	0.00	0.00	8	\N	131	0.0
712	Ağalarova Aysel			I	Qadın		BA-95620	0.00	0.00	0.00	0.00	0.00	0.00	8	\N	131	0.0
713	Bayramova Gülüstan Al			I	Qadın		BA-26717	0.00	0.00	0.00	0.00	0.00	0.00	8	\N	131	0.0
714	Cigərov Həmzət			I	Kişi	099 666 1999	BA-29270	0.00	0.00	0.00	0.00	0.00	0.00	8	\N	131	0.0
715	Haqverdiyev Məcid			I	Kişi	055 740 81 82	BA-44077	0.00	0.00	0.00	0.00	0.00	0.00	8	\N	131	0.0
716	Muxtarov Emil			I	Kişi	055 964 9808	BA-27836	0.00	0.00	0.00	0.00	0.00	0.00	8	\N	131	0.0
717	Məlikov Azad			I	Kişi	070 430 03 90	BA-93321	0.00	0.00	0.00	0.00	0.00	0.00	8	\N	131	0.0
718	Məmmədəliyev Turan			II	Kişi	050 475 54 40	BA-85759	0.00	0.00	0.00	0.00	0.00	0.00	8	\N	131	0.0
719	Nağdəliyev Taleh			I	Kişi		BA-09880	0.00	0.00	0.00	0.00	0.00	0.00	8	\N	131	0.0
720	Nəsibov Emin			I	Kişi	050 334 68 48	BA-90382	0.00	0.00	0.00	0.00	0.00	0.00	8	\N	131	0.0
721	Seyidova Elnurə			I	Qadın		BA-65266	0.00	0.00	0.00	0.00	0.00	0.00	8	\N	131	0.0
722	Süleymanov Azad			I	Kişi	050 334 68 48	BA-76467	0.00	0.00	0.00	0.00	0.00	0.00	8	\N	131	0.0
723	Xıdırzadə Elnur			I	Kişi	0503330941	BA-78770	0.00	0.00	0.00	0.00	0.00	0.00	8	\N	131	0.0
724	Ziyadov Elnur			I	Kişi	055 868 01 67	BA-75908	0.00	0.00	0.00	0.00	0.00	0.00	8	\N	131	0.0
725	Abdullayeva Mehriban			II	Qadın	none	BA-68332	0.00	0.00	0.00	0.00	0.00	0.00	9	\N	132	0.0
726	Allahyarova Şəfəq			II	Qadın		BA-26900	0.00	0.00	0.00	0.00	0.00	0.00	9	\N	132	0.0
727	Hümbətova Rasimə			I	Qadın	NON	BA-30540	0.00	0.00	0.00	0.00	0.00	0.00	9	\N	132	0.0
728	Kazımova Elnurə			II	Qadın	0506649894	BA-87919	0.00	0.00	0.00	0.00	0.00	0.00	9	\N	132	0.0
729	Mustafayeva Kəmalə			II	Qadın	0504114508	BA-09053	0.00	0.00	0.00	0.00	0.00	0.00	9	\N	132	0.0
730	Qəhrəmanova Nuridə			II	Qadın		BA-77365	0.00	0.00	0.00	0.00	0.00	0.00	8	\N	133	0.0
731	Yəhyabəyova  Zöhrə			I	Qadın	0503530014	BA-49606	0.00	0.00	0.00	0.00	0.00	0.00	9	\N	132	0.0
732	İsmayılova Səbinə			II	Qadın		BA-44957	0.00	0.00	0.00	0.00	0.00	0.00	9	\N	132	0.0
733	Şirinova Kəmalə			VIP	Qadın		BA-18596	0.00	0.00	0.00	0.00	0.00	0.00	9	\N	132	0.0
734	Allahverdiyeva Aybəniz			I	Qadın	050 386 69 63	BA-10018	0.00	0.00	0.00	0.00	0.00	0.00	9	\N	134	0.0
735	Bağışova Arzu			I	Qadın	0556617494	BA-40277	0.00	0.00	0.00	0.00	0.00	0.00	9	\N	135	0.0
736	Cəbrayılzadə Almaz			III	Kişi	0503866563	BA-71725	0.00	0.00	0.00	0.00	0.00	0.00	9	\N	135	0.0
737	Cəlilova Məryəm			I	Qadın	050 687 51 44	BA-98794	0.00	0.00	0.00	0.00	0.00	0.00	9	\N	135	0.0
738	Elmira			I	Qadın		BA-84024	0.00	0.00	0.00	0.00	0.00	0.00	9	\N	135	0.0
739	Eyvazova Rəna			I	Qadın		BA-69543	0.00	0.00	0.00	0.00	0.00	0.00	9	\N	135	0.0
740	Göyməmmədli Mehparə			I	Kişi		BA-26794	0.00	0.00	0.00	0.00	0.00	0.00	9	\N	135	0.0
741	Həsənova Sevda			III	Qadın		BA-85142	0.00	0.00	0.00	0.00	0.00	0.00	9	\N	135	0.0
742	Qayıbova İzabella			I	Qadın	none	BA-31460	0.00	0.00	0.00	0.00	0.00	0.00	9	\N	135	0.0
743	Quliyeva Sevda			II	Qadın		BA-90564	0.00	0.00	0.00	0.00	0.00	0.00	9	\N	135	0.0
744	Rəsulova Rəsmiyyə			I	Qadın	0502803813	BA-28545	0.00	0.00	0.00	0.00	0.00	0.00	9	\N	135	0.0
745	Talıblı Firuzə			III	Kişi		BA-10635	0.00	0.00	0.00	0.00	0.00	0.00	9	\N	135	0.0
746	İbrahimova Aybəniz			III	Qadın		BA-33391	0.00	0.00	0.00	0.00	0.00	0.00	9	\N	135	0.0
747	Şirinova Mətanət			I	Qadın	0557378807	BA-19079	0.00	0.00	0.00	0.00	0.00	0.00	9	\N	135	0.0
748	Əliyeva Sevinc USM			III	Qadın		BA-10658	0.00	0.00	0.00	0.00	0.00	0.00	9	\N	135	0.0
749	Əliyeva Təranə			I	Qadın	0506300623	BA-08960	0.00	0.00	0.00	0.00	0.00	0.00	9	\N	135	0.0
750	Əzizova Sevda			III	Qadın		BA-12714	0.00	0.00	0.00	0.00	0.00	0.00	9	\N	135	0.0
751	Ağayev Rəşid			III	Kişi	none	BA-38399	0.00	0.00	0.00	0.00	0.00	0.00	9	\N	136	0.0
752	Həsənova Kəmalə			II	Qadın		BA-03536	0.00	0.00	0.00	0.00	0.00	0.00	9	\N	136	0.0
753	Həşimova  Lalə			I	Qadın	050 578 20 35	BA-77958	0.00	0.00	0.00	0.00	0.00	0.00	9	\N	136	0.0
754	Kazımova Aynur			III	Qadın		BA-67963	0.00	0.00	0.00	0.00	0.00	0.00	9	\N	136	0.0
755	Mirzəyev Elvin			I	Kişi	077 572 20 46	BA-43496	0.00	0.00	0.00	0.00	0.00	0.00	9	\N	136	0.0
756	Nəbiyeva Günel			I	Qadın	055 426 11 62	BA-88850	0.00	0.00	0.00	0.00	0.00	0.00	9	\N	136	0.0
757	İbişova Afaq			I	Qadın	055 893 71 91	BA-32106	0.00	0.00	0.00	0.00	0.00	0.00	9	\N	136	0.0
758	Şikarova Nailə			I	Qadın		BA-55819	0.00	0.00	0.00	0.00	0.00	0.00	9	\N	136	0.0
759	Əlizadə Səbinə			I	Kişi	051 664 71 15	BA-12359	0.00	0.00	0.00	0.00	0.00	0.00	9	\N	136	0.0
760	Mustafayeva Sərvinaz			III	Qadın		BA-96963	0.00	0.00	0.00	0.00	0.00	0.00	8	\N	115	0.0
761	Əfəndiyeva Gülnarə			II	Qadın		BA-67542	0.00	0.00	0.00	0.00	0.00	0.00	9	\N	137	0.0
762	Allahverdiyeva Ramilə			I	Qadın	0515677584	BA-08505	0.00	0.00	0.00	0.00	0.00	0.00	9	\N	138	0.0
763	Alxasova Arzu			II	Qadın		BA-21636	0.00	0.00	0.00	0.00	0.00	0.00	9	\N	138	0.0
764	Bəxtiyarova Vəfa			I	Qadın	0556513905	BA-78265	0.00	0.00	0.00	0.00	0.00	0.00	9	\N	138	0.0
765	Dərvişova Xalidə			III	Qadın		BA-57973	0.00	0.00	0.00	0.00	0.00	0.00	9	\N	138	0.0
766	Hacıyeva Əminə			II	Qadın		BA-54099	0.00	0.00	0.00	0.00	0.00	0.00	9	\N	138	0.0
767	Hüseynova Nailə			II	Qadın		BA-77473	0.00	0.00	0.00	0.00	0.00	0.00	9	\N	138	0.0
768	Hüseynova Nigar			II	Qadın		BA-17863	0.00	0.00	0.00	0.00	0.00	0.00	9	\N	138	0.0
769	Mahalova Natəvan			II	Qadın		BA-38881	0.00	0.00	0.00	0.00	0.00	0.00	9	\N	138	0.0
770	Nailə			I	Kişi		BA-12229	0.00	0.00	0.00	0.00	0.00	0.00	9	\N	138	0.0
771	Qocayeva Sevinc			I	Qadın		BA-51059	0.00	0.00	0.00	0.00	0.00	0.00	9	\N	138	0.0
772	Qocayeva Vüsalə			I	Qadın	050 963 22 35	BA-34031	0.00	0.00	0.00	0.00	0.00	0.00	9	\N	138	0.0
773	Yəhyayeva Sevinc			I	Qadın	none	BA-63927	0.00	0.00	0.00	0.00	0.00	0.00	9	\N	138	0.0
774	İmaməliyeva Sevinc			II	Qadın		BA-23151	0.00	0.00	0.00	0.00	0.00	0.00	9	\N	138	0.0
775	Fərhadova Yeganə			I	Qadın	0506318777	BA-82168	0.00	0.00	0.00	0.00	0.00	0.00	9	\N	139	0.0
776	Hacıyeva İradə			III	Qadın		BA-85903	0.00	0.00	0.00	0.00	0.00	0.00	9	\N	139	0.0
777	Hidayətova Tamella			I	Qadın		BA-56233	0.00	0.00	0.00	0.00	0.00	0.00	9	\N	139	0.0
778	Hüseynova Amilə			II	Qadın	050 389 22 02	BA-77745	0.00	0.00	0.00	0.00	0.00	0.00	9	\N	139	0.0
779	Hüseynova Reyhan			I	Qadın	0504850869	BA-06895	0.00	0.00	0.00	0.00	0.00	0.00	9	\N	139	0.0
780	Həşimova Ələviyyə			III	Qadın		BA-57287	0.00	0.00	0.00	0.00	0.00	0.00	9	\N	139	0.0
781	Məhərrəmova Yetər			I	Qadın	0556207472	BA-12816	0.00	0.00	0.00	0.00	0.00	0.00	9	\N	139	0.0
782	Məlikova Almaz			I	Qadın		BA-62741	0.00	0.00	0.00	0.00	0.00	0.00	9	\N	139	0.0
783	Qarayeva Yeganə			III	Qadın		BA-64867	0.00	0.00	0.00	0.00	0.00	0.00	9	\N	139	0.0
784	Qasımova Aybəniz			III	Qadın		BA-03259	0.00	0.00	0.00	0.00	0.00	0.00	9	\N	139	0.0
785	Qasımova Gülnarə			I	Qadın		BA-94730	0.00	0.00	0.00	0.00	0.00	0.00	9	\N	139	0.0
786	Sultanova Sədaqət			I	Qadın	0506345730	BA-87982	0.00	0.00	0.00	0.00	0.00	0.00	9	\N	139	0.0
787	Yaqubova Kəmalə			VIP	Qadın	050 371 68 09	BA-53927	0.00	0.00	0.00	0.00	0.00	0.00	9	\N	139	0.0
788	İsmayılova Təranə			III	Qadın		BA-07425	0.00	0.00	0.00	0.00	0.00	0.00	9	\N	139	0.0
789	Əliyeva Yeganə			I	Qadın	0557876146	BA-91145	0.00	0.00	0.00	0.00	0.00	0.00	9	\N	139	0.0
790	Əmircanova Sevda			I	Qadın		BA-29880	0.00	0.00	0.00	0.00	0.00	0.00	9	\N	139	0.0
791	Əzizbəyova Sevda			I	Qadın	050 634  57 30	BA-45525	0.00	0.00	0.00	0.00	0.00	0.00	9	\N	139	0.0
792	Qasımova Leyla			III	Qadın		BA-31650	0.00	0.00	0.00	0.00	0.00	0.00	9	\N	140	0.0
793	Səfərova Günay			I	Qadın		BA-38329	0.00	0.00	0.00	0.00	0.00	0.00	9	\N	140	0.0
795	Alıyev Könül			III	Kişi		BA-50303	0.00	0.00	0.00	0.00	0.00	0.00	9	\N	142	0.0
796	Bağırov Mahir			II	Kişi		BA-86885	0.00	0.00	0.00	0.00	0.00	0.00	9	\N	143	0.0
797	Məcidova Aidə			III	Qadın		BA-27417	0.00	0.00	0.00	0.00	0.00	0.00	9	\N	143	0.0
798	Qarayeva Sevda			I	Qadın		BA-26617	0.00	0.00	0.00	0.00	0.00	0.00	9	\N	143	0.0
799	İbrahimov Firuz			I	Kişi		BA-09785	0.00	0.00	0.00	0.00	0.00	0.00	9	\N	143	0.0
800	Şahhüseyinov Sultan			I	Kişi		BA-09730	0.00	0.00	0.00	0.00	0.00	0.00	9	\N	143	0.0
801	Əliyeva Xuraman			III	Qadın		BA-42167	0.00	0.00	0.00	0.00	0.00	0.00	9	\N	143	0.0
802	Məmmədova Gülzar			I	Qadın		BA-59418	0.00	0.00	0.00	0.00	0.00	0.00	9	\N	144	0.0
803	Elnurə Mustafayeva			I	Kişi		BA-95352	0.00	0.00	0.00	0.00	0.00	0.00	9	\N	145	0.0
804	Ağayev Hafiz			II	Kişi		BA-94560	0.00	0.00	0.00	0.00	0.00	0.00	9	\N	146	0.0
805	Camalzadə Şəhriyar			II	Kişi		BA-47102	0.00	0.00	0.00	0.00	0.00	0.00	9	\N	146	0.0
806	Mustafayev Elçin			III	Kişi		BA-25488	0.00	0.00	0.00	0.00	0.00	0.00	9	\N	146	0.0
807	Əlizadə Fuad			I	Kişi		BA-32874	0.00	0.00	0.00	0.00	0.00	0.00	9	\N	146	0.0
808	Əzizov Tamerlan			III	Kişi		BA-59731	0.00	0.00	0.00	0.00	0.00	0.00	9	\N	146	0.0
809	Hacıyev Həsən			III	Kişi		BA-16224	0.00	0.00	0.00	0.00	0.00	0.00	9	\N	147	0.0
810	Kazımov Sənan			III	Kişi		BA-78287	0.00	0.00	0.00	0.00	0.00	0.00	9	\N	147	0.0
811	Qaragöz İsa			III	Kişi		BA-86648	0.00	0.00	0.00	0.00	0.00	0.00	9	\N	147	0.0
812	Rüstəmov Nizami			III	Kişi		BA-44723	0.00	0.00	0.00	0.00	0.00	0.00	9	\N	147	0.0
813	Şahbazov İlham			III	Kişi		BA-49969	0.00	0.00	0.00	0.00	0.00	0.00	9	\N	147	0.0
814	Haciyeva Aynur			I	Qadın		BA-09075	0.00	0.00	0.00	0.00	0.00	0.00	9	\N	148	0.0
815	Qasımova Arzu			II	Qadın	0503215031	BA-36980	0.00	0.00	0.00	0.00	0.00	0.00	9	\N	148	0.0
816	Tağıyeva Sevinc			I	Qadın	050 304 74 13	BA-72199	0.00	0.00	0.00	0.00	0.00	0.00	9	\N	148	0.0
817	Yusifova Leyla			III	Qadın		BA-08618	0.00	0.00	0.00	0.00	0.00	0.00	9	\N	148	0.0
818	Şıxıyeva Kəmalə			II	Qadın		BA-14054	0.00	0.00	0.00	0.00	0.00	0.00	9	\N	148	0.0
819	Əsgərova Naridə			I	Qadın	0503590447	BA-54254	0.00	0.00	0.00	0.00	0.00	0.00	9	\N	148	0.0
820	Baxşıyev Nadim			VIP	Kişi		BA-14978	0.00	0.00	0.00	0.00	0.00	0.00	9	\N	149	0.0
821	Eminov Vüsal			VIP	Kişi		BA-01893	0.00	0.00	0.00	0.00	0.00	0.00	9	\N	149	0.0
822	Həsənova Almaz			III	Qadın		BA-76697	0.00	0.00	0.00	0.00	0.00	0.00	9	\N	149	0.0
823	Həsənova Gülnarə			III	Qadın	051 975 73 63	BA-59443	0.00	0.00	0.00	0.00	0.00	0.00	9	\N	149	0.0
824	Kərimova Bilqeys			III	Qadın		BA-62909	0.00	0.00	0.00	0.00	0.00	0.00	9	\N	149	0.0
825	Mahmudova Nigar			III	Qadın		BA-10217	0.00	0.00	0.00	0.00	0.00	0.00	9	\N	149	0.0
826	Mirzəyeva Könül			III	Qadın		BA-71908	0.00	0.00	0.00	0.00	0.00	0.00	9	\N	149	0.0
827	Məmmədov Azər			III	Kişi		BA-21958	0.00	0.00	0.00	0.00	0.00	0.00	9	\N	149	0.0
828	Qarayeva Nigar			I	Qadın	0502055561	BA-08734	0.00	0.00	0.00	0.00	0.00	0.00	9	\N	149	0.0
829	Süleymanova Ayna			II	Qadın	0504553017	BA-54785	0.00	0.00	0.00	0.00	0.00	0.00	9	\N	149	0.0
830	Yusifov Kamil			II	Kişi		BA-76613	0.00	0.00	0.00	0.00	0.00	0.00	9	\N	149	0.0
831	İmanova Samirə			III	Qadın		BA-88508	0.00	0.00	0.00	0.00	0.00	0.00	9	\N	149	0.0
832	İsayeva Gülər			II	Qadın		BA-41929	0.00	0.00	0.00	0.00	0.00	0.00	9	\N	149	0.0
833	Əhmədova Tahirə			II	Qadın	0505363833	BA-19416	0.00	0.00	0.00	0.00	0.00	0.00	9	\N	149	0.0
834	Əliyeva İlhamə			III	Qadın	0556390096	BA-68165	0.00	0.00	0.00	0.00	0.00	0.00	9	\N	149	0.0
835	Əlizadə İlqar			VIP	Kişi		BA-47751	0.00	0.00	0.00	0.00	0.00	0.00	9	\N	149	0.0
836	Abbaszadə Könül			I	Kişi	none	BA-25057	0.00	0.00	0.00	0.00	0.00	0.00	9	\N	150	0.0
837	Ağazadə Nadirə			II	Kişi	051395	BA-52323	0.00	0.00	0.00	0.00	0.00	0.00	9	\N	151	0.0
838	Poluxov Məhəmməd			III	Kişi		BA-31928	0.00	0.00	0.00	0.00	0.00	0.00	9	\N	151	0.0
839	Taleh			I	Kişi	none	BA-14124	0.00	0.00	0.00	0.00	0.00	0.00	9	\N	151	0.0
840	Abdullayev Reyfulla			I	Kişi		BA-95068	0.00	0.00	0.00	0.00	0.00	0.00	9	\N	152	0.0
841	Bayramova Gülnarə			I	Qadın	none	BA-78641	0.00	0.00	0.00	0.00	0.00	0.00	9	\N	152	0.0
842	Nəcəfov Ruslan			I	Kişi		BA-38836	0.00	0.00	0.00	0.00	0.00	0.00	9	\N	152	0.0
843	Musayeva İradə			III	Qadın		BA-99408	0.00	0.00	0.00	0.00	0.00	0.00	9	\N	153	0.0
844	Həşimov Ələkbər			I	Kişi		BA-89492	0.00	0.00	0.00	0.00	0.00	0.00	9	\N	154	0.0
845	Məmmədov Eldar			II	Kişi	0503122796	BA-64063	0.00	0.00	0.00	0.00	0.00	0.00	9	\N	154	0.0
846	İbrahimova Aygül			III	Qadın		BA-98163	0.00	0.00	0.00	0.00	0.00	0.00	9	\N	154	0.0
847	İsbiyev Mübariz ST			III	Kişi		BA-59434	0.00	0.00	0.00	0.00	0.00	0.00	9	\N	154	0.0
848	Əzizbəyova Elnarə			I	Qadın		BA-74118	0.00	0.00	0.00	0.00	0.00	0.00	9	\N	154	0.0
849	Zeynalova Qəmər			I	Qadın		BA-96912	0.00	0.00	0.00	0.00	0.00	0.00	9	\N	155	0.0
850	Zeynalov Cəbrayıl			I	Kişi		BA-97212	0.00	0.00	0.00	0.00	0.00	0.00	9	\N	156	0.0
851	Bağırov Murad			II	Kişi		BA-08132	0.00	0.00	0.00	0.00	0.00	0.00	9	\N	157	0.0
852	Cəfərova Nəzakət			I	Qadın		BA-46819	0.00	0.00	0.00	0.00	0.00	0.00	9	\N	157	0.0
853	Mollayeva Elnurə			II	Qadın		BA-32439	0.00	0.00	0.00	0.00	0.00	0.00	9	\N	157	0.0
854	Namazova Lamiyə			I	Qadın		BA-43285	0.00	0.00	0.00	0.00	0.00	0.00	9	\N	157	0.0
855	Nəsibov Əhməd			III	Kişi		BA-58454	0.00	0.00	0.00	0.00	0.00	0.00	9	\N	157	0.0
856	Rüstəmova Quba			III	Qadın		BA-19532	0.00	0.00	0.00	0.00	0.00	0.00	9	\N	157	0.0
857	Rəsulova Səbinə			I	Qadın	0503910148	BA-99727	0.00	0.00	0.00	0.00	0.00	0.00	9	\N	157	0.0
858	Əliyeva Aygün			I	Qadın	0515988848	BA-34883	0.00	0.00	0.00	0.00	0.00	0.00	9	\N	157	0.0
859	Əliyeva Sevinc			II	Qadın		BA-11253	0.00	0.00	0.00	0.00	0.00	0.00	9	\N	157	0.0
860	Əmirova İrina			I	Qadın		BA-46638	0.00	0.00	0.00	0.00	0.00	0.00	9	\N	157	0.0
861	Məmmədzadə Azər			I	Kişi		BA-74912	0.00	0.00	0.00	0.00	0.00	0.00	9	\N	158	0.0
862	Vəliyeva Aynur			I	Qadın		BA-59501	0.00	0.00	0.00	0.00	0.00	0.00	9	\N	159	0.0
863	Hənifəyeva Könül			I	Qadın		BA-00353	0.00	0.00	0.00	0.00	0.00	0.00	9	\N	160	0.0
864	Babayev Yavər			I	Kişi	050 352 73 23	BA-35383	0.00	0.00	0.00	0.00	0.00	0.00	9	\N	161	0.0
865	Bayramova Aygün			III	Qadın		BA-87017	0.00	0.00	0.00	0.00	0.00	0.00	9	\N	161	0.0
866	Cəfərova Səidə			II	Qadın		BA-52098	0.00	0.00	0.00	0.00	0.00	0.00	9	\N	161	0.0
867	Həsənov İlqar			III	Kişi		BA-09080	0.00	0.00	0.00	0.00	0.00	0.00	9	\N	161	0.0
868	Əliyeva Nərmin			VIP	Qadın	0554801011	BA-26708	0.00	0.00	0.00	0.00	0.00	0.00	9	\N	161	0.0
869	Paşayeva Aysel			I	Qadın	0554346755	BA-58519	0.00	0.00	0.00	0.00	0.00	0.00	9	\N	162	0.0
870	Muradova Zülfiyyə			II	Qadın	none	BA-23948	0.00	0.00	0.00	0.00	0.00	0.00	9	\N	163	0.0
871	N1			III	Kişi		BA-94651	0.00	0.00	0.00	0.00	0.00	0.00	9	\N	163	0.0
872	Rzayeva Leyla			III	Qadın		BA-10519	0.00	0.00	0.00	0.00	0.00	0.00	9	\N	163	0.0
873	Səlimova Aygün			I	Qadın		BA-78416	0.00	0.00	0.00	0.00	0.00	0.00	9	\N	163	0.0
874	Əliyeva Aytən			I	Qadın		BA-16198	0.00	0.00	0.00	0.00	0.00	0.00	9	\N	163	0.0
875	Ələkbərov Vüqar			I	Kişi		BA-54447	0.00	0.00	0.00	0.00	0.00	0.00	9	\N	163	0.0
876	Aslanova Rəxsəndə			II	Qadın		BA-91139	0.00	0.00	0.00	0.00	0.00	0.00	9	\N	164	0.0
877	Hacıyev Rasim			III	Kişi		BA-19073	0.00	0.00	0.00	0.00	0.00	0.00	9	\N	164	0.0
878	Həsənov Həsən			III	Kişi		BA-98682	0.00	0.00	0.00	0.00	0.00	0.00	9	\N	164	0.0
879	Həsənova Nigar			III	Qadın		BA-45144	0.00	0.00	0.00	0.00	0.00	0.00	9	\N	164	0.0
880	Rəfiyev Nurlan			I	Kişi	0502237733	BA-08207	0.00	0.00	0.00	0.00	0.00	0.00	9	\N	164	0.0
881	Yaqubova Könül			II	Qadın	0703014088	BA-47225	0.00	0.00	0.00	0.00	0.00	0.00	9	\N	164	0.0
882	Şükürova Yeganə			III	Qadın	0557413600	BA-59499	0.00	0.00	0.00	0.00	0.00	0.00	9	\N	164	0.0
883	Aslanova Aytən			I	Qadın		BA-93539	0.00	0.00	0.00	0.00	0.00	0.00	9	\N	165	0.0
884	Hacıyev Natiq			II	Kişi		BƏ-72344	0.00	0.00	0.00	0.00	0.00	0.00	10	\N	166	0.0
885	Mustafayeva Zərifə			II	Qadın	0504903422	BƏ-42503	0.00	0.00	0.00	0.00	0.00	0.00	10	\N	166	0.0
886	İbrahimova Rahilə			I	Qadın	0504870825	BƏ-12806	0.00	0.00	0.00	0.00	0.00	0.00	10	\N	166	0.0
887	Əliyeva Rəqibə			III	Qadın	0509866399	BƏ-57334	0.00	0.00	0.00	0.00	0.00	0.00	10	\N	166	0.0
888	Əsgərova Afət			III	Qadın	none	BƏ-96769	0.00	0.00	0.00	0.00	0.00	0.00	10	\N	166	0.0
889	Ələkbərova Təzəgül			III	Qadın		BƏ-27686	0.00	0.00	0.00	0.00	0.00	0.00	10	\N	167	0.0
890	Atayeva Növrəstə			I	Qadın		BƏ-93958	0.00	0.00	0.00	0.00	0.00	0.00	10	\N	168	0.0
891	Cəlallı Anar			II	Kişi		BƏ-59453	0.00	0.00	0.00	0.00	0.00	0.00	10	\N	168	0.0
892	Qasımov Qara			II	Kişi	051 350 24 44	BƏ-38515	0.00	0.00	0.00	0.00	0.00	0.00	10	\N	168	0.0
893	Qasımova Ülviyyə			I	Qadın	0504372537	BƏ-37832	0.00	0.00	0.00	0.00	0.00	0.00	10	\N	168	0.0
894	Təhməzova Gülmirə			II	Qadın	0503634084	BƏ-89853	0.00	0.00	0.00	0.00	0.00	0.00	10	\N	169	0.0
895	İsmayılova İradə			I	Qadın	0505032300	BƏ-61818	0.00	0.00	0.00	0.00	0.00	0.00	10	\N	169	0.0
896	Abbasova Mübariz			III	Qadın		BƏ-76902	0.00	0.00	0.00	0.00	0.00	0.00	10	\N	170	0.0
897	Alıyeva İfadə			II	Qadın		BƏ-70944	0.00	0.00	0.00	0.00	0.00	0.00	10	\N	170	0.0
898	Mustafayeva Aidə			II	Qadın		BƏ-72243	0.00	0.00	0.00	0.00	0.00	0.00	10	\N	170	0.0
899	Paşayeva Gülcahan			II	Qadın		BƏ-30838	0.00	0.00	0.00	0.00	0.00	0.00	10	\N	170	0.0
900	İbrahimova Vəfa			I	Qadın		BƏ-53806	0.00	0.00	0.00	0.00	0.00	0.00	10	\N	170	0.0
901	Əsgərova Məsumə			II	Qadın	0504079634	BƏ-42157	0.00	0.00	0.00	0.00	0.00	0.00	10	\N	170	0.0
902	Əhmədova Yeganə			III	Qadın	0519463363	BƏ-82004	0.00	0.00	0.00	0.00	0.00	0.00	10	\N	171	0.0
903	Manafova Xəyalə			I	Qadın	0515577591	BƏ-13145	0.00	0.00	0.00	0.00	0.00	0.00	10	\N	172	0.0
904	Məmmədova Arzu			I	Qadın	0504532592	BƏ-04122	0.00	0.00	0.00	0.00	0.00	0.00	10	\N	172	0.0
905	Əhmədov Fəxrəddin			III	Kişi	050720	BƏ-72817	0.00	0.00	0.00	0.00	0.00	0.00	10	\N	172	0.0
906	Əliyeva Mahirə			I	Qadın	0506868549	BƏ-78578	0.00	0.00	0.00	0.00	0.00	0.00	10	\N	172	0.0
907	Abbasova Qənimət			I	Qadın		BƏ-50850	0.00	0.00	0.00	0.00	0.00	0.00	10	\N	173	0.0
908	Abbasova Vəfa			I	Qadın		BƏ-42950	0.00	0.00	0.00	0.00	0.00	0.00	10	\N	173	0.0
909	Abdullayev Zöhrab			I	Kişi		BƏ-90293	0.00	0.00	0.00	0.00	0.00	0.00	10	\N	173	0.0
910	Abdullayeva Sevda			I	Qadın		BƏ-45476	0.00	0.00	0.00	0.00	0.00	0.00	10	\N	173	0.0
911	Allahverdiyeva Tünzalə			I	Qadın		BƏ-63820	0.00	0.00	0.00	0.00	0.00	0.00	10	\N	173	0.0
912	Alıyeva Mətanət			I	Qadın		BƏ-34079	0.00	0.00	0.00	0.00	0.00	0.00	10	\N	173	0.0
913	Atayev Vüsal			I	Kişi		BƏ-26199	0.00	0.00	0.00	0.00	0.00	0.00	10	\N	173	0.0
914	Ağayeva Sevinc			I	Qadın		BƏ-00872	0.00	0.00	0.00	0.00	0.00	0.00	10	\N	173	0.0
915	Baxışəliyeva Firuzə			I	Qadın		BƏ-58243	0.00	0.00	0.00	0.00	0.00	0.00	10	\N	173	0.0
916	Baxşəliyeva Əsmər			I	Qadın		BƏ-69177	0.00	0.00	0.00	0.00	0.00	0.00	10	\N	173	0.0
917	Bəşirova Tünzalə			II	Qadın	none	BƏ-42290	0.00	0.00	0.00	0.00	0.00	0.00	10	\N	173	0.0
918	Cəfərova Səbinə			I	Qadın		BƏ-63153	0.00	0.00	0.00	0.00	0.00	0.00	10	\N	173	0.0
919	Hacıyeva Sevil			I	Qadın		BƏ-51079	0.00	0.00	0.00	0.00	0.00	0.00	10	\N	173	0.0
920	Hümbətov Elxan			I	Kişi		BƏ-45655	0.00	0.00	0.00	0.00	0.00	0.00	10	\N	173	0.0
921	Hümbətov Ələddin			I	Kişi	none	BƏ-08438	0.00	0.00	0.00	0.00	0.00	0.00	10	\N	173	0.0
922	Hüseynov Rizvan			I	Kişi		BƏ-10731	0.00	0.00	0.00	0.00	0.00	0.00	10	\N	173	0.0
923	Hüseynova İradə			II	Qadın		BƏ-34188	0.00	0.00	0.00	0.00	0.00	0.00	10	\N	173	0.0
924	Həsənova  Aynur			I	Qadın	0519838888	BƏ-72365	0.00	0.00	0.00	0.00	0.00	0.00	10	\N	173	0.0
925	Kərimli Şəlalə			I	Kişi	0508538989	BƏ-88842	0.00	0.00	0.00	0.00	0.00	0.00	10	\N	173	0.0
926	Mahmudov Azər			I	Kişi		BƏ-75498	0.00	0.00	0.00	0.00	0.00	0.00	10	\N	173	0.0
927	Mehdiyev İkram			I	Kişi		BƏ-64675	0.00	0.00	0.00	0.00	0.00	0.00	10	\N	173	0.0
928	Mikayılova Naibə			I	Qadın		BƏ-99116	0.00	0.00	0.00	0.00	0.00	0.00	10	\N	173	0.0
929	Mirzəyeva Xalidə			II	Qadın	none	BƏ-69389	0.00	0.00	0.00	0.00	0.00	0.00	10	\N	173	0.0
930	Qasımov Vaqif			I	Kişi	0503410381	BƏ-61917	0.00	0.00	0.00	0.00	0.00	0.00	10	\N	173	0.0
931	Quliyeva Tünzalə			I	Qadın	NONE	BƏ-92754	0.00	0.00	0.00	0.00	0.00	0.00	10	\N	173	0.0
932	Qəhrəmanov Namiq			I	Kişi		BƏ-52135	0.00	0.00	0.00	0.00	0.00	0.00	10	\N	173	0.0
933	Ravəndi Mərziyə			I	Kişi	0505343230	BƏ-22598	0.00	0.00	0.00	0.00	0.00	0.00	10	\N	173	0.0
934	Rəhimli Ulduz			I	Kişi		BƏ-71030	0.00	0.00	0.00	0.00	0.00	0.00	10	\N	173	0.0
935	Rəhimova Hökümə			I	Qadın		BƏ-51067	0.00	0.00	0.00	0.00	0.00	0.00	10	\N	173	0.0
936	Vəliyeva Aytən			II	Qadın		BƏ-17131	0.00	0.00	0.00	0.00	0.00	0.00	10	\N	173	0.0
937	Xıdırova Yeganə			II	Qadın	0507629971	BƏ-67316	0.00	0.00	0.00	0.00	0.00	0.00	10	\N	173	0.0
938	Xəlilov Qəzənfər			I	Kişi		BƏ-11512	0.00	0.00	0.00	0.00	0.00	0.00	10	\N	173	0.0
939	Yılmaz Günel			I	Kişi		BƏ-41055	0.00	0.00	0.00	0.00	0.00	0.00	10	\N	173	0.0
941	İbrahimova Nurlana			I	Qadın		BƏ-48116	0.00	0.00	0.00	0.00	0.00	0.00	10	\N	173	0.0
942	İsazadə Elnur			I	Kişi		BƏ-48652	0.00	0.00	0.00	0.00	0.00	0.00	10	\N	173	0.0
943	İsmayıl Günel			I	Kişi		BƏ-61568	0.00	0.00	0.00	0.00	0.00	0.00	10	\N	173	0.0
944	Şərifzadə Gülnar			II	Kişi	0505241306	BƏ-83222	0.00	0.00	0.00	0.00	0.00	0.00	10	\N	173	0.0
945	Əhmədov Əliağa			I	Kişi	0503259501	BƏ-19509	0.00	0.00	0.00	0.00	0.00	0.00	10	\N	173	0.0
946	Əhmədova Həbibə			II	Qadın		BƏ-68383	0.00	0.00	0.00	0.00	0.00	0.00	10	\N	173	0.0
947	Əhmədova Ramilə			I	Qadın	0552223208	BƏ-02257	0.00	0.00	0.00	0.00	0.00	0.00	10	\N	173	0.0
948	Əhmədova Səadət			II	Qadın	none	BƏ-22144	0.00	0.00	0.00	0.00	0.00	0.00	10	\N	173	0.0
949	Əliyev Səməd			I	Kişi		BƏ-84637	0.00	0.00	0.00	0.00	0.00	0.00	10	\N	173	0.0
950	Əliyev Zöhrab			I	Kişi	none	BƏ-87052	0.00	0.00	0.00	0.00	0.00	0.00	10	\N	173	0.0
951	Əliyeva Elnurə			VIP	Qadın		BƏ-23459	0.00	0.00	0.00	0.00	0.00	0.00	10	\N	173	0.0
952	Əliyeva Gülnarə			I	Qadın	none	BƏ-00381	0.00	0.00	0.00	0.00	0.00	0.00	10	\N	173	0.0
953	Əliyeva Gülşən			II	Qadın		BƏ-51207	0.00	0.00	0.00	0.00	0.00	0.00	10	\N	173	0.0
954	Əliyeva Risalə			III	Qadın		BƏ-53149	0.00	0.00	0.00	0.00	0.00	0.00	10	\N	173	0.0
955	Əliyeva Sevinc			I	Qadın	0518526577	BƏ-23903	0.00	0.00	0.00	0.00	0.00	0.00	10	\N	173	0.0
956	Əliyeva Zeynəb			I	Qadın	none	BƏ-50228	0.00	0.00	0.00	0.00	0.00	0.00	10	\N	173	0.0
957	Əliyeva Zöhrə			III	Qadın	none	BƏ-23693	0.00	0.00	0.00	0.00	0.00	0.00	10	\N	173	0.0
958	Əliyeva Şəfəq			II	Qadın		BƏ-02078	0.00	0.00	0.00	0.00	0.00	0.00	10	\N	173	0.0
959	Əlizadə Nicat			II	Kişi	none	BƏ-59843	0.00	0.00	0.00	0.00	0.00	0.00	10	\N	173	0.0
960	Əmiraslanova Vəfa			I	Qadın		BƏ-60148	0.00	0.00	0.00	0.00	0.00	0.00	10	\N	173	0.0
961	Əmrahov Bəhram			II	Kişi		BƏ-47398	0.00	0.00	0.00	0.00	0.00	0.00	10	\N	173	0.0
962	Əsədov Əsəd			I	Kişi		BƏ-21497	0.00	0.00	0.00	0.00	0.00	0.00	10	\N	173	0.0
963	Əzimov Rüstəm			II	Kişi	none	BƏ-55915	0.00	0.00	0.00	0.00	0.00	0.00	10	\N	173	0.0
964	Əlişov Sakit			VIP	Kişi	050 634 95 10	BƏ-39906	0.00	0.00	0.00	0.00	0.00	0.00	10	\N	174	0.0
965	Qasımova Xatirə			I	Qadın	050 437 02 60	BƏ-79779	0.00	0.00	0.00	0.00	0.00	0.00	10	\N	175	0.0
966	Mehrəliyeva Gülmirə			II	Qadın		BƏ-65185	0.00	0.00	0.00	0.00	0.00	0.00	10	\N	176	0.0
967	Əmirova Reyhanə			II	Qadın	0504596555	BƏ-12464	0.00	0.00	0.00	0.00	0.00	0.00	10	\N	176	0.0
968	Aslanova Zöhrə			II	Qadın		BƏ-69275	0.00	0.00	0.00	0.00	0.00	0.00	10	\N	177	0.0
969	Baxşəliyeva Minurə			I	Qadın		BƏ-19214	0.00	0.00	0.00	0.00	0.00	0.00	10	\N	177	0.0
970	Hüseynova Həyat			III	Qadın	none	BƏ-13634	0.00	0.00	0.00	0.00	0.00	0.00	10	\N	177	0.0
971	Hüseynova Zəhra			I	Qadın	none	BƏ-77925	0.00	0.00	0.00	0.00	0.00	0.00	10	\N	177	0.0
972	Həsənov Rəşad			I	Kişi		BƏ-14154	0.00	0.00	0.00	0.00	0.00	0.00	10	\N	177	0.0
973	Mahmudov Mübariz			II	Kişi		BƏ-85504	0.00	0.00	0.00	0.00	0.00	0.00	10	\N	177	0.0
974	Mahmudova Məlahət			I	Qadın	0507818650	BƏ-93022	0.00	0.00	0.00	0.00	0.00	0.00	10	\N	177	0.0
975	Məmmədova Ziyafət			II	Qadın	none	BƏ-48973	0.00	0.00	0.00	0.00	0.00	0.00	10	\N	177	0.0
976	Mərdanlı Ülviyyə			II	Kişi	0507485056	BƏ-19222	0.00	0.00	0.00	0.00	0.00	0.00	10	\N	177	0.0
977	Nuriyeva Məhbubə			II	Qadın		BƏ-27436	0.00	0.00	0.00	0.00	0.00	0.00	10	\N	177	0.0
978	Rzayeva Fəridə			II	Qadın	none	BƏ-34765	0.00	0.00	0.00	0.00	0.00	0.00	10	\N	177	0.0
979	Rəhimli Nadir			I	Kişi	0503273204	BƏ-39745	0.00	0.00	0.00	0.00	0.00	0.00	10	\N	177	0.0
980	Sultanova Arzu			II	Qadın		BƏ-08640	0.00	0.00	0.00	0.00	0.00	0.00	10	\N	177	0.0
981	Tağıyeva Tamella			III	Qadın	0504039559	BƏ-89515	0.00	0.00	0.00	0.00	0.00	0.00	10	\N	177	0.0
982	Əhmədova Sürəyya			I	Qadın	0504097061	BƏ-17662	0.00	0.00	0.00	0.00	0.00	0.00	10	\N	177	0.0
983	Əliyeva Sevda			III	Qadın		BƏ-99935	0.00	0.00	0.00	0.00	0.00	0.00	10	\N	177	0.0
984	Əlişova Yeganə			I	Qadın		BƏ-83926	0.00	0.00	0.00	0.00	0.00	0.00	10	\N	177	0.0
985	Mirzəyev Kamil			III	Kişi	050 3775848	BƏ-01372	0.00	0.00	0.00	0.00	0.00	0.00	10	\N	178	0.0
986	Rüstəmov Yunis			II	Kişi	0503374149	BƏ-24301	0.00	0.00	0.00	0.00	0.00	0.00	10	\N	178	0.0
987	İmamverdiyeva Gülnarə			VIP	Qadın		GO-33838	0.00	0.00	0.00	0.00	0.00	0.00	11	\N	179	0.0
988	İmanquliyeva Mənzurə			I	Qadın	0555665338	GO-27441	0.00	0.00	0.00	0.00	0.00	0.00	11	\N	179	0.0
989	Amil Əliyev			II	Kişi		GO-29465	0.00	0.00	0.00	0.00	0.00	0.00	11	\N	180	0.0
990	Aslanova Məmləkət			II	Qadın		GO-41934	0.00	0.00	0.00	0.00	0.00	0.00	11	\N	180	0.0
991	Aslanova Venera			I	Qadın		GO-02165	0.00	0.00	0.00	0.00	0.00	0.00	11	\N	180	0.0
992	Aşurov Həsən			I	Kişi		GO-18141	0.00	0.00	0.00	0.00	0.00	0.00	11	\N	180	0.0
993	Bayramova Elnarə			II	Qadın		GO-89482	0.00	0.00	0.00	0.00	0.00	0.00	11	\N	180	0.0
994	Hacıyev Bəxtiyar			II	Kişi		GO-32274	0.00	0.00	0.00	0.00	0.00	0.00	11	\N	180	0.0
995	Hacıyeva Nəcibə			I	Qadın	050 476 15 94	GO-15542	0.00	0.00	0.00	0.00	0.00	0.00	11	\N	180	0.0
996	Həsənova Afina			I	Qadın		GO-40622	0.00	0.00	0.00	0.00	0.00	0.00	11	\N	180	0.0
997	Həsənova İradə			I	Qadın		GO-24664	0.00	0.00	0.00	0.00	0.00	0.00	11	\N	180	0.0
998	Könül Vaqifqızı			I	Kişi	0503696970	GO-42965	0.00	0.00	0.00	0.00	0.00	0.00	11	\N	180	0.0
999	Mirzəyev Xətai			I	Kişi		GO-66414	0.00	0.00	0.00	0.00	0.00	0.00	11	\N	180	0.0
1000	Mirzəyeva Ceyran			I	Qadın		GO-32587	0.00	0.00	0.00	0.00	0.00	0.00	11	\N	180	0.0
1001	Məmmədli Şəhla			I	Kişi		GO-60141	0.00	0.00	0.00	0.00	0.00	0.00	11	\N	180	0.0
1002	Məmmədov Azər			III	Kişi		GO-18058	0.00	0.00	0.00	0.00	0.00	0.00	11	\N	180	0.0
1003	Məmmədov Eldəniz			I	Kişi		GO-73073	0.00	0.00	0.00	0.00	0.00	0.00	11	\N	180	0.0
1004	Məmmədov Rüfət			II	Kişi		GO-66060	0.00	0.00	0.00	0.00	0.00	0.00	11	\N	180	0.0
1005	Məmmədov İbrahim			II	Kişi		GO-23713	0.00	0.00	0.00	0.00	0.00	0.00	11	\N	180	0.0
1006	Məmmədova Ayna			I	Qadın		GO-52059	0.00	0.00	0.00	0.00	0.00	0.00	11	\N	180	0.0
1007	Paşayeva Gülnar			I	Qadın		GO-84450	0.00	0.00	0.00	0.00	0.00	0.00	11	\N	180	0.0
1008	Qənbərov Hamil			I	Kişi	none	GO-50682	0.00	0.00	0.00	0.00	0.00	0.00	11	\N	180	0.0
1009	Sadıqova Ülviyyə			II	Qadın	050 639 20 77	GO-14527	0.00	0.00	0.00	0.00	0.00	0.00	11	\N	180	0.0
1010	Yusubova Aidə			II	Qadın		GO-61473	0.00	0.00	0.00	0.00	0.00	0.00	11	\N	180	0.0
1011	İsmayılov İsmayıl			I	Kişi		GO-09705	0.00	0.00	0.00	0.00	0.00	0.00	11	\N	180	0.0
1012	Əliyev Azər			I	Kişi		GO-34710	0.00	0.00	0.00	0.00	0.00	0.00	11	\N	180	0.0
1013	Əliyev Vidadi			III	Kişi		GO-22871	0.00	0.00	0.00	0.00	0.00	0.00	11	\N	180	0.0
1014	Əliyeva Yazgül			I	Qadın		GO-26237	0.00	0.00	0.00	0.00	0.00	0.00	11	\N	180	0.0
1015	Əmrahova Ceyhunə			I	Qadın		GO-40769	0.00	0.00	0.00	0.00	0.00	0.00	11	\N	180	0.0
1016	Əzizova Firuzə			III	Qadın		GO-58262	0.00	0.00	0.00	0.00	0.00	0.00	11	\N	180	0.0
1017	Əzizova Təranə			III	Qadın		GO-36219	0.00	0.00	0.00	0.00	0.00	0.00	11	\N	180	0.0
1018	Səlimzadə Həsən			II	Kişi		GO-59998	0.00	0.00	0.00	0.00	0.00	0.00	11	\N	181	0.0
1019	Hacıyeva Zəminə			II	Qadın	0708797189	GO-67468	0.00	0.00	0.00	0.00	0.00	0.00	11	\N	182	0.0
1020	Hüseynova Vəfa			I	Qadın	none	GO-31597	0.00	0.00	0.00	0.00	0.00	0.00	11	\N	182	0.0
1021	Həsənova Xalidə			I	Qadın		GO-63641	0.00	0.00	0.00	0.00	0.00	0.00	11	\N	182	0.0
1022	Mehdiyeva Rahilə			I	Qadın		GO-69875	0.00	0.00	0.00	0.00	0.00	0.00	11	\N	182	0.0
1023	Mustafayeva Saida			I	Qadın		GO-00265	0.00	0.00	0.00	0.00	0.00	0.00	11	\N	182	0.0
1024	Mustafazadə Azadə			I	Kişi		GO-87424	0.00	0.00	0.00	0.00	0.00	0.00	11	\N	182	0.0
1025	Nəzirova Gülüstan			I	Qadın		GO-66912	0.00	0.00	0.00	0.00	0.00	0.00	11	\N	182	0.0
1026	Qaraşov Sabir			I	Kişi		GO-73353	0.00	0.00	0.00	0.00	0.00	0.00	11	\N	182	0.0
1027	Quliyeva Sevinc			I	Qadın		GO-69715	0.00	0.00	0.00	0.00	0.00	0.00	11	\N	182	0.0
1028	Quluzadə Əlyar			I	Kişi		GO-65422	0.00	0.00	0.00	0.00	0.00	0.00	11	\N	182	0.0
1029	Rzayeva Məlahət			II	Qadın		GO-15663	0.00	0.00	0.00	0.00	0.00	0.00	11	\N	182	0.0
1030	Zeynalova  Güldanə			I	Qadın		GO-26147	0.00	0.00	0.00	0.00	0.00	0.00	11	\N	182	0.0
1031	İbrahimov Qurban			I	Kişi		GO-20842	0.00	0.00	0.00	0.00	0.00	0.00	11	\N	182	0.0
1032	İsmayılova İlhamə			II	Qadın		GO-03946	0.00	0.00	0.00	0.00	0.00	0.00	11	\N	182	0.0
1033	Əhmədova Nəzakət			I	Qadın		GO-62776	0.00	0.00	0.00	0.00	0.00	0.00	11	\N	182	0.0
1034	Əlizadə Dağlar			I	Kişi	0504006471	GO-06295	0.00	0.00	0.00	0.00	0.00	0.00	11	\N	182	0.0
1035	Əzizova Fabil			II	Qadın		GO-60588	0.00	0.00	0.00	0.00	0.00	0.00	11	\N	182	0.0
1036	Atakişiyev Əziz			II	Kişi		GÖ-86212	0.00	0.00	0.00	0.00	0.00	0.00	12	\N	183	0.0
1037	Cabbarova Tahirə			II	Qadın	0555555555	GÖ-84919	0.00	0.00	0.00	0.00	0.00	0.00	12	\N	183	0.0
1038	Davudov Şahin			II	Kişi		GÖ-46304	0.00	0.00	0.00	0.00	0.00	0.00	12	\N	183	0.0
1039	Hacıyev Eldəniz			I	Kişi		GÖ-58934	0.00	0.00	0.00	0.00	0.00	0.00	12	\N	183	0.0
1040	Hacıyeva Təranə			I	Qadın	0519032000	GÖ-06495	0.00	0.00	0.00	0.00	0.00	0.00	12	\N	183	0.0
1041	Hüseynova Xuraman			II	Qadın		GÖ-80160	0.00	0.00	0.00	0.00	0.00	0.00	12	\N	183	0.0
1042	Hüseynova Şəhanə			II	Qadın	0518200623	GÖ-39305	0.00	0.00	0.00	0.00	0.00	0.00	12	\N	183	0.0
1043	Kərimova Böyükxanım			II	Qadın	0507246545	GÖ-47629	0.00	0.00	0.00	0.00	0.00	0.00	12	\N	183	0.0
1044	Mikayılov Qurban			I	Kişi		GÖ-36765	0.00	0.00	0.00	0.00	0.00	0.00	12	\N	183	0.0
1045	Mirabova Sevinc			I	Qadın		GÖ-27483	0.00	0.00	0.00	0.00	0.00	0.00	12	\N	183	0.0
1046	Miriyev Həsən			I	Kişi		GÖ-28598	0.00	0.00	0.00	0.00	0.00	0.00	12	\N	183	0.0
1047	Musayeva Elmira			I	Qadın	0506752964	GÖ-94104	0.00	0.00	0.00	0.00	0.00	0.00	12	\N	183	0.0
1048	Mustafayev Mahmud			I	Kişi		GÖ-55378	0.00	0.00	0.00	0.00	0.00	0.00	12	\N	183	0.0
1049	Mustafayev Rafiq			I	Kişi		GÖ-58912	0.00	0.00	0.00	0.00	0.00	0.00	12	\N	183	0.0
1050	Mustafayev İlqar			I	Kişi		GÖ-45080	0.00	0.00	0.00	0.00	0.00	0.00	12	\N	183	0.0
1051	Qaçayev Şahin			I	Kişi		GÖ-20893	0.00	0.00	0.00	0.00	0.00	0.00	12	\N	183	0.0
1052	Quliyev Ramal			I	Kişi	050 3881084	GÖ-53527	0.00	0.00	0.00	0.00	0.00	0.00	12	\N	183	0.0
1053	Qurbanova Elza			I	Qadın		GÖ-85744	0.00	0.00	0.00	0.00	0.00	0.00	12	\N	183	0.0
1054	Qədirova Yeganə			II	Qadın		GÖ-31203	0.00	0.00	0.00	0.00	0.00	0.00	12	\N	183	0.0
1055	Seyidova Flora			I	Qadın		GÖ-18191	0.00	0.00	0.00	0.00	0.00	0.00	12	\N	183	0.0
1056	Sultanov Fuad			I	Kişi		GÖ-44845	0.00	0.00	0.00	0.00	0.00	0.00	12	\N	183	0.0
1057	Tanrıverdiyeva İlhamə			I	Qadın		GÖ-62885	0.00	0.00	0.00	0.00	0.00	0.00	12	\N	183	0.0
1058	İbrahimov Akif			I	Kişi		GÖ-45831	0.00	0.00	0.00	0.00	0.00	0.00	12	\N	183	0.0
1059	İbrahimova Aydın			I	Qadın		GÖ-48625	0.00	0.00	0.00	0.00	0.00	0.00	12	\N	183	0.0
1060	İsmiyeva Zümrüt			I	Qadın		GÖ-27621	0.00	0.00	0.00	0.00	0.00	0.00	12	\N	183	0.0
1061	İsmiyeva Şəfaxanım			III	Qadın		GÖ-89628	0.00	0.00	0.00	0.00	0.00	0.00	12	\N	183	0.0
1062	Şahalıyeva Aynur			II	Qadın		GÖ-65349	0.00	0.00	0.00	0.00	0.00	0.00	12	\N	183	0.0
1063	Şirinov Vladimr			I	Kişi		GÖ-03160	0.00	0.00	0.00	0.00	0.00	0.00	12	\N	183	0.0
1064	Əfəndiyeva Jalə			II	Qadın		GÖ-61301	0.00	0.00	0.00	0.00	0.00	0.00	12	\N	183	0.0
1065	Eyvazova Pərvanə			II	Qadın		GÖ-30847	0.00	0.00	0.00	0.00	0.00	0.00	12	\N	184	0.0
1066	Hacıyeva Fatma			I	Qadın		GÖ-31142	0.00	0.00	0.00	0.00	0.00	0.00	12	\N	184	0.0
1067	Kamilova Esmira			I	Qadın		GÖ-03314	0.00	0.00	0.00	0.00	0.00	0.00	12	\N	184	0.0
1068	Kərimov Yaşar			I	Kişi		GÖ-49040	0.00	0.00	0.00	0.00	0.00	0.00	12	\N	184	0.0
1069	Mustafayev Ramin (Göyçay)			I	Kişi		GÖ-41669	0.00	0.00	0.00	0.00	0.00	0.00	12	\N	184	0.0
1070	Sultanova Natella			I	Qadın		GÖ-05392	0.00	0.00	0.00	0.00	0.00	0.00	12	\N	184	0.0
1071	Süleymanov Samir			I	Kişi		GÖ-96888	0.00	0.00	0.00	0.00	0.00	0.00	12	\N	184	0.0
1072	Teymurova Xavər			I	Qadın		GÖ-32302	0.00	0.00	0.00	0.00	0.00	0.00	12	\N	184	0.0
1073	İbrahimova Şəhla			II	Qadın		GÖ-63286	0.00	0.00	0.00	0.00	0.00	0.00	12	\N	184	0.0
1074	İsmayılov Fəzayıl			I	Kişi		GÖ-96172	0.00	0.00	0.00	0.00	0.00	0.00	12	\N	184	0.0
1075	Əliyev Rövşən			II	Kişi		GÖ-67944	0.00	0.00	0.00	0.00	0.00	0.00	12	\N	184	0.0
1076	Əlizadə Səadət			I	Kişi		GÖ-41903	0.00	0.00	0.00	0.00	0.00	0.00	12	\N	184	0.0
1077	Abdullayeva  Aysel			I	Qadın	none	GÖ-23727	0.00	0.00	0.00	0.00	0.00	0.00	12	\N	185	0.0
1078	Hüseynova Afərin			I	Qadın		GÖ-22017	0.00	0.00	0.00	0.00	0.00	0.00	12	\N	185	0.0
1079	Mikayılov Əli			I	Kişi		GÖ-67847	0.00	0.00	0.00	0.00	0.00	0.00	12	\N	185	0.0
1080	Muradlı Anar			I	Kişi		GÖ-95323	0.00	0.00	0.00	0.00	0.00	0.00	12	\N	185	0.0
1081	Muradov Zabit			I	Kişi		GÖ-84118	0.00	0.00	0.00	0.00	0.00	0.00	12	\N	185	0.0
1082	Mürsəlova Firuzə			I	Qadın		GÖ-61095	0.00	0.00	0.00	0.00	0.00	0.00	12	\N	185	0.0
1083	Mürsəlova Nəcibə			I	Qadın		GÖ-95900	0.00	0.00	0.00	0.00	0.00	0.00	12	\N	185	0.0
1084	Nümunə ad 1			I	Kişi	no	GÖ-24815	0.00	0.00	0.00	0.00	0.00	0.00	12	\N	185	0.0
1085	Soltanov Mehman			I	Kişi		GÖ-74716	0.00	0.00	0.00	0.00	0.00	0.00	12	\N	185	0.0
1086	Xancanov Nərbala			I	Kişi		GÖ-20057	0.00	0.00	0.00	0.00	0.00	0.00	12	\N	185	0.0
1087	Əliyeva Səbinə			I	Qadın		GÖ-94344	0.00	0.00	0.00	0.00	0.00	0.00	12	\N	185	0.0
1088	Abdullayeva Səringül			VIP	Qadın	0000	GƏ-55130	0.00	0.00	0.00	0.00	0.00	0.00	13	\N	186	0.0
1089	Ağayeva Şəfəq			I	Qadın		GƏ-01726	0.00	0.00	0.00	0.00	0.00	0.00	13	\N	186	0.0
1090	Bayramov Bahəddin			I	Kişi	0000	GƏ-18558	0.00	0.00	0.00	0.00	0.00	0.00	13	\N	186	0.0
1091	Cəfərova Kəmalə			II	Qadın		GƏ-50300	0.00	0.00	0.00	0.00	0.00	0.00	13	\N	186	0.0
1092	Dəmirova İradə			I	Qadın	0506369119	GƏ-89391	0.00	0.00	0.00	0.00	0.00	0.00	13	\N	186	0.0
1093	Dəsti Durna			II	Kişi	0518796008	GƏ-19140	0.00	0.00	0.00	0.00	0.00	0.00	13	\N	186	0.0
1094	Heydərli Sevinc			II	Kişi		GƏ-11788	0.00	0.00	0.00	0.00	0.00	0.00	13	\N	186	0.0
1095	Hüseynova Sədaqət			I	Qadın	0554271615	GƏ-28812	0.00	0.00	0.00	0.00	0.00	0.00	13	\N	186	0.0
1096	Həsənov Nazim			II	Kişi		GƏ-22101	0.00	0.00	0.00	0.00	0.00	0.00	13	\N	186	0.0
1097	Həsənov Yunis			VIP	Kişi	0000	GƏ-63975	0.00	0.00	0.00	0.00	0.00	0.00	13	\N	186	0.0
1098	Həsənova Nazimə			I	Qadın	0000	GƏ-53664	0.00	0.00	0.00	0.00	0.00	0.00	13	\N	186	0.0
1099	Həsənova Təranə			I	Qadın	0000	GƏ-48864	0.00	0.00	0.00	0.00	0.00	0.00	13	\N	186	0.0
1100	Mehdiyeva Kifayət			II	Qadın		GƏ-90509	0.00	0.00	0.00	0.00	0.00	0.00	13	\N	186	0.0
1101	Musayeva Xatun			I	Qadın		GƏ-11939	0.00	0.00	0.00	0.00	0.00	0.00	13	\N	186	0.0
1102	Ofelya Rəvani			II	Qadın	0514050660	GƏ-81390	0.00	0.00	0.00	0.00	0.00	0.00	13	\N	186	0.0
1103	Piriyev Namiq			II	Kişi	0554823062	GƏ-76404	0.00	0.00	0.00	0.00	0.00	0.00	13	\N	186	0.0
1104	Qasımova Azadə			III	Qadın	0000	GƏ-12169	0.00	0.00	0.00	0.00	0.00	0.00	13	\N	186	0.0
1105	Vəliyev Polad			I	Kişi	0504653191	GƏ-63383	0.00	0.00	0.00	0.00	0.00	0.00	13	\N	186	0.0
1106	Vəliyev Şirxan			II	Kişi	0000	GƏ-59982	0.00	0.00	0.00	0.00	0.00	0.00	13	\N	186	0.0
1107	Zeynalova Nübuvət			I	Qadın	0000	GƏ-27126	0.00	0.00	0.00	0.00	0.00	0.00	13	\N	186	0.0
1108	İbrahimov Niyazi			VIP	Kişi	0504751407	GƏ-58646	0.00	0.00	0.00	0.00	0.00	0.00	13	\N	186	0.0
1109	İbrahimov Nizami			III	Kişi	0000	GƏ-08895	0.00	0.00	0.00	0.00	0.00	0.00	13	\N	186	0.0
1110	İbrahimova Bahar			III	Qadın		GƏ-42967	0.00	0.00	0.00	0.00	0.00	0.00	13	\N	186	0.0
1111	Şirinova Mehparə			I	Qadın		GƏ-11109	0.00	0.00	0.00	0.00	0.00	0.00	13	\N	186	0.0
1112	Şərifova Tünzalə			I	Qadın	0000	GƏ-63423	0.00	0.00	0.00	0.00	0.00	0.00	13	\N	186	0.0
1113	Əliyeva Lalə			II	Qadın		GƏ-76442	0.00	0.00	0.00	0.00	0.00	0.00	13	\N	186	0.0
1114	Əliyeva Şəhla			II	Qadın		GƏ-96188	0.00	0.00	0.00	0.00	0.00	0.00	13	\N	186	0.0
1115	Əlizadə Mina			I	Kişi		GƏ-87782	0.00	0.00	0.00	0.00	0.00	0.00	13	\N	186	0.0
1116	Ələkbərova İradə			I	Qadın	0000	GƏ-86389	0.00	0.00	0.00	0.00	0.00	0.00	13	\N	186	0.0
1117	Əmirov Tərlan			VIP	Kişi	0000	GƏ-37414	0.00	0.00	0.00	0.00	0.00	0.00	13	\N	186	0.0
1118	Abdullayeva Günay			I	Qadın		GƏ-65953	0.00	0.00	0.00	0.00	0.00	0.00	13	\N	187	0.0
1119	Abışova Ülviyyə			I	Qadın		GƏ-02790	0.00	0.00	0.00	0.00	0.00	0.00	13	\N	187	0.0
1120	Bağırova Gülnar			I	Qadın		GƏ-43227	0.00	0.00	0.00	0.00	0.00	0.00	13	\N	187	0.0
1121	Məmmədov Anar			II	Kişi		GƏ-79496	0.00	0.00	0.00	0.00	0.00	0.00	13	\N	187	0.0
1122	Məmmədova Leyla			I	Qadın		GƏ-78980	0.00	0.00	0.00	0.00	0.00	0.00	13	\N	187	0.0
1123	Məmmədova Tamella			II	Qadın		GƏ-30286	0.00	0.00	0.00	0.00	0.00	0.00	13	\N	187	0.0
1124	Məsimova Səbinə			VIP	Qadın		GƏ-70835	0.00	0.00	0.00	0.00	0.00	0.00	13	\N	187	0.0
1125	Nağıyeva Mehriban			II	Qadın		GƏ-15426	0.00	0.00	0.00	0.00	0.00	0.00	13	\N	187	0.0
1126	Qarayeva Səbinə			I	Qadın		GƏ-32796	0.00	0.00	0.00	0.00	0.00	0.00	13	\N	187	0.0
1127	Quliyev Rövşən			I	Kişi		GƏ-04845	0.00	0.00	0.00	0.00	0.00	0.00	13	\N	187	0.0
1128	Quliyev Əli			VIP	Kişi		GƏ-67426	0.00	0.00	0.00	0.00	0.00	0.00	13	\N	187	0.0
1129	Sadıqov Hikmət			I	Kişi		GƏ-74743	0.00	0.00	0.00	0.00	0.00	0.00	13	\N	187	0.0
1130	Xəlilova Aytəkin			II	Qadın		GƏ-63534	0.00	0.00	0.00	0.00	0.00	0.00	13	\N	187	0.0
1131	Əliyeva Səbinə			I	Qadın		GƏ-52629	0.00	0.00	0.00	0.00	0.00	0.00	13	\N	187	0.0
1132	Həsənova Tərifə			I	Qadın	0000	GƏ-76807	0.00	0.00	0.00	0.00	0.00	0.00	13	\N	188	0.0
1133	Qənbərova Sahilə			I	Qadın		GƏ-61083	0.00	0.00	0.00	0.00	0.00	0.00	13	\N	189	0.0
1134	Əlizadə Səadət			I	Kişi		GƏ-28193	0.00	0.00	0.00	0.00	0.00	0.00	13	\N	189	0.0
1135	Babayeva Pərvanə			II	Qadın		GƏ-69854	0.00	0.00	0.00	0.00	0.00	0.00	13	\N	190	0.0
1136	Məmmədova Rəqsanə			II	Qadın	0557039717	GƏ-80934	0.00	0.00	0.00	0.00	0.00	0.00	13	\N	190	0.0
1137	Hüseynova Yaqut			II	Qadın		GƏ-61198	0.00	0.00	0.00	0.00	0.00	0.00	13	\N	191	0.0
1138	Qurbanova Aysu			I	Qadın		GƏ-92964	0.00	0.00	0.00	0.00	0.00	0.00	13	\N	191	0.0
1139	Zeynalova Mətanət			II	Qadın		GƏ-17392	0.00	0.00	0.00	0.00	0.00	0.00	13	\N	191	0.0
1140	Əliyeva Bahar			III	Qadın		GƏ-44400	0.00	0.00	0.00	0.00	0.00	0.00	13	\N	191	0.0
1141	Həsənov Əli			I	Kişi		GƏ-94266	0.00	0.00	0.00	0.00	0.00	0.00	13	\N	192	0.0
1142	Məmmədzadə Gültən			I	Kişi		GƏ-67557	0.00	0.00	0.00	0.00	0.00	0.00	13	\N	192	0.0
1143	Cəfərova Lalə			I	Qadın	0557031110	GƏ-52714	0.00	0.00	0.00	0.00	0.00	0.00	13	\N	193	0.0
1144	Muradova Rima			II	Qadın		GƏ-83010	0.00	0.00	0.00	0.00	0.00	0.00	13	\N	193	0.0
1145	Qulubəyova Səfa			III	Qadın		GƏ-09042	0.00	0.00	0.00	0.00	0.00	0.00	13	\N	427	0.0
1146	Məmmədova Nurlana			I	Qadın	0556246850	GƏ-55378	0.00	0.00	0.00	0.00	0.00	0.00	13	\N	428	0.0
1147	Novruzova Kifayət			II	Qadın		GƏ-07359	0.00	0.00	0.00	0.00	0.00	0.00	13	\N	428	0.0
1148	İsmayılova Ramidə			III	Qadın		GƏ-45519	0.00	0.00	0.00	0.00	0.00	0.00	13	\N	428	0.0
1149	Quliyev Aftandil			I	Kişi		GƏ-07647	0.00	0.00	0.00	0.00	0.00	0.00	13	\N	194	0.0
1150	Hüseynova Zemfira			I	Qadın	050 367 84 46	GƏ-40686	0.00	0.00	0.00	0.00	0.00	0.00	13	\N	195	0.0
1151	Movlayeva Şəlalə			II	Qadın		GƏ-53226	0.00	0.00	0.00	0.00	0.00	0.00	13	\N	195	0.0
1152	Əsgərov Ayaz			I	Kişi	0554835913	GƏ-50860	0.00	0.00	0.00	0.00	0.00	0.00	13	\N	195	0.0
1153	Turabova Aygün			I	Qadın	0505260188	GƏ-90907	0.00	0.00	0.00	0.00	0.00	0.00	13	\N	196	0.0
1154	Kərimov Məharət			I	Kişi	0503223518	GƏ-76547	0.00	0.00	0.00	0.00	0.00	0.00	13	\N	197	0.0
1155	Mövlayeva Günay			II	Qadın	0707940464	GƏ-14448	0.00	0.00	0.00	0.00	0.00	0.00	13	\N	197	0.0
1156	Alıyev Elçin			II	Kişi		GƏ-71531	0.00	0.00	0.00	0.00	0.00	0.00	13	\N	198	0.0
1157	İbrahimov Adil			II	Kişi		GƏ-40496	0.00	0.00	0.00	0.00	0.00	0.00	13	\N	198	0.0
1158	İsmayılov Rasim			III	Kişi		GƏ-37801	0.00	0.00	0.00	0.00	0.00	0.00	13	\N	198	0.0
1159	Həşimov Zamin			I	Kişi		GƏ-56652	0.00	0.00	0.00	0.00	0.00	0.00	13	\N	199	0.0
1160	Macanov Ülvi			I	Kişi		GƏ-94403	0.00	0.00	0.00	0.00	0.00	0.00	13	\N	199	0.0
1161	Əsədova Fəridə			I	Qadın		GƏ-92773	0.00	0.00	0.00	0.00	0.00	0.00	13	\N	199	0.0
1162	Abuzərov Rauf			II	Kişi		GƏ-53454	0.00	0.00	0.00	0.00	0.00	0.00	13	\N	200	0.0
1163	Hacıyev İnayət			I	Kişi		GƏ-26721	0.00	0.00	0.00	0.00	0.00	0.00	13	\N	200	0.0
1164	Fərzəliyeva Yamən			VIP	Qadın		GƏ-53819	0.00	0.00	0.00	0.00	0.00	0.00	13	\N	201	0.0
1165	Mehrəliyeva Ramidə			II	Qadın	0552434233	GƏ-54367	0.00	0.00	0.00	0.00	0.00	0.00	13	\N	201	0.0
1166	Məmmədova Bəyim			II	Qadın		GƏ-37787	0.00	0.00	0.00	0.00	0.00	0.00	13	\N	201	0.0
1167	Salmanova Solmaz			II	Qadın		GƏ-34660	0.00	0.00	0.00	0.00	0.00	0.00	13	\N	201	0.0
1168	Vəliyeva Aysel			I	Qadın		GƏ-47381	0.00	0.00	0.00	0.00	0.00	0.00	13	\N	201	0.0
1169	Xəlilova Nəsibə			I	Qadın	0508950333	GƏ-14375	0.00	0.00	0.00	0.00	0.00	0.00	13	\N	201	0.0
1170	Əhmədova Tamella			III	Qadın		GƏ-06573	0.00	0.00	0.00	0.00	0.00	0.00	13	\N	201	0.0
1171	Əkbərova Kəmalə			I	Qadın	0514640926	GƏ-99829	0.00	0.00	0.00	0.00	0.00	0.00	13	\N	201	0.0
1172	Məmmədova Məhəbbət			I	Qadın		GƏ-87748	0.00	0.00	0.00	0.00	0.00	0.00	13	\N	202	0.0
1173	Qasımova Rəna			III	Qadın		GƏ-09494	0.00	0.00	0.00	0.00	0.00	0.00	13	\N	202	0.0
1174	Əliyev Arzu			II	Kişi		GƏ-13861	0.00	0.00	0.00	0.00	0.00	0.00	13	\N	202	0.0
1175	Əliyeva Flora			I	Qadın	0505516866	GƏ-27230	0.00	0.00	0.00	0.00	0.00	0.00	13	\N	202	0.0
1176	Abbasova Svetlana			I	Qadın	0557771817	GƏ-22024	0.00	0.00	0.00	0.00	0.00	0.00	13	\N	203	0.0
1177	Alirzayeva Rüxsarə			II	Qadın		GƏ-58158	0.00	0.00	0.00	0.00	0.00	0.00	13	\N	203	0.0
1178	Allahverdiyev Qasım			II	Kişi		GƏ-04357	0.00	0.00	0.00	0.00	0.00	0.00	13	\N	203	0.0
1179	Haqverdiyeva Tünzalə			I	Qadın		GƏ-37820	0.00	0.00	0.00	0.00	0.00	0.00	13	\N	203	0.0
1180	Hüseyinova Şahilə			II	Qadın		GƏ-33877	0.00	0.00	0.00	0.00	0.00	0.00	13	\N	203	0.0
1181	Hüseynova Sevil			I	Qadın	0506630942	GƏ-17593	0.00	0.00	0.00	0.00	0.00	0.00	13	\N	203	0.0
1182	Həsənova Samirə			I	Qadın	0517036630	GƏ-48352	0.00	0.00	0.00	0.00	0.00	0.00	13	\N	203	0.0
1183	Novruzova Ramilə			III	Qadın		GƏ-50879	0.00	0.00	0.00	0.00	0.00	0.00	13	\N	203	0.0
1184	Quliyev Rafət			II	Kişi	0506802910	GƏ-00406	0.00	0.00	0.00	0.00	0.00	0.00	13	\N	203	0.0
1185	Rzayev Samir			I	Kişi	0000	GƏ-05594	0.00	0.00	0.00	0.00	0.00	0.00	13	\N	203	0.0
1186	Əhmədova Afaq			I	Qadın	none	GƏ-84370	0.00	0.00	0.00	0.00	0.00	0.00	13	\N	203	0.0
1187	Abbasova Esmira			II	Qadın		GƏ-61908	0.00	0.00	0.00	0.00	0.00	0.00	13	\N	204	0.0
1188	Arxiv			III	Kişi	none	GƏ-70131	0.00	0.00	0.00	0.00	0.00	0.00	13	\N	204	0.0
1189	Bağırov Malik			III	Kişi		GƏ-32837	0.00	0.00	0.00	0.00	0.00	0.00	13	\N	204	0.0
1190	Eyvazov Davud			II	Kişi		GƏ-12951	0.00	0.00	0.00	0.00	0.00	0.00	13	\N	204	0.0
1191	Museyibov İqbal			II	Kişi	0503333631	GƏ-35958	0.00	0.00	0.00	0.00	0.00	0.00	13	\N	204	0.0
1192	Qazıyev Ramiq			III	Kişi		GƏ-10022	0.00	0.00	0.00	0.00	0.00	0.00	13	\N	204	0.0
1193	Sarıyev Fihruz			I	Kişi	0708424243	GƏ-40494	0.00	0.00	0.00	0.00	0.00	0.00	13	\N	204	0.0
1194	İlyaszadə Cavid			I	Kişi		GƏ-28279	0.00	0.00	0.00	0.00	0.00	0.00	13	\N	204	0.0
1195	Şəfiyev Cavid			I	Kişi		GƏ-36205	0.00	0.00	0.00	0.00	0.00	0.00	13	\N	204	0.0
1196	Sadıqov Elxan			I	Kişi	050 355 17 70	GƏ-99495	0.00	0.00	0.00	0.00	0.00	0.00	13	\N	205	0.0
1197	Eyvazov Cəmil			I	Kişi	0000	GƏ-62322	0.00	0.00	0.00	0.00	0.00	0.00	13	\N	206	0.0
1198	Məmmədov Yusif			II	Kişi		GƏ-01778	0.00	0.00	0.00	0.00	0.00	0.00	13	\N	207	0.0
1199	Hacıyeva Sevinc			I	Qadın	0553163713	GƏ-25493	0.00	0.00	0.00	0.00	0.00	0.00	13	\N	208	0.0
1200	Atakişiyeva Ofelya			II	Qadın	0705364899	GƏ-65991	0.00	0.00	0.00	0.00	0.00	0.00	13	\N	209	0.0
1201	Camalova Gülnarə			I	Qadın		GƏ-64698	0.00	0.00	0.00	0.00	0.00	0.00	13	\N	209	0.0
1202	Şabanova Solmaz			III	Qadın		GƏ-96909	0.00	0.00	0.00	0.00	0.00	0.00	13	\N	209	0.0
1203	Mirzəyev Azər			II	Kişi		GƏ-15542	0.00	0.00	0.00	0.00	0.00	0.00	13	\N	210	0.0
1204	Mehdiyeva Afət			III	Qadın	0557464188	GƏ-66174	0.00	0.00	0.00	0.00	0.00	0.00	13	\N	211	0.0
1205	Məmmədova Rəqibə			VIP	Qadın		GƏ-59436	0.00	0.00	0.00	0.00	0.00	0.00	13	\N	212	0.0
1206	Rəhimova Həvayət			I	Qadın	0558091099	GƏ-72201	0.00	0.00	0.00	0.00	0.00	0.00	13	\N	212	0.0
1207	Əhmədova Səbinə			I	Qadın		GƏ-37921	0.00	0.00	0.00	0.00	0.00	0.00	13	\N	212	0.0
1208	Əliyeva Sevinc			I	Qadın	0506200274	GƏ-21416	0.00	0.00	0.00	0.00	0.00	0.00	13	\N	213	0.0
1209	Babayeva Samirə			II	Qadın		GƏ-59228	0.00	0.00	0.00	0.00	0.00	0.00	13	\N	214	0.0
1210	Cabbarova Tamara			I	Qadın		GƏ-71934	0.00	0.00	0.00	0.00	0.00	0.00	13	\N	214	0.0
1211	Cəfərov Fərid			III	Kişi		GƏ-61777	0.00	0.00	0.00	0.00	0.00	0.00	13	\N	214	0.0
1212	Dürüskari Vaqif			I	Kişi		GƏ-05430	0.00	0.00	0.00	0.00	0.00	0.00	13	\N	214	0.0
1213	Həsənov Ərəstun			I	Kişi		GƏ-11759	0.00	0.00	0.00	0.00	0.00	0.00	13	\N	214	0.0
1214	Məmmədzadə Aygün			I	Kişi		GƏ-49665	0.00	0.00	0.00	0.00	0.00	0.00	13	\N	214	0.0
1215	Əliyeva Həqiqət			I	Qadın	0506790502	GƏ-27947	0.00	0.00	0.00	0.00	0.00	0.00	13	\N	214	0.0
1216	Əhmədov Əsgər			I	Kişi		GƏ-72802	0.00	0.00	0.00	0.00	0.00	0.00	13	\N	215	0.0
1217	Quliyeva Əntiqə			III	Qadın		GƏ-13637	0.00	0.00	0.00	0.00	0.00	0.00	13	\N	216	0.0
1218	Babayeva Gülzar			III	Qadın		GƏ-17590	0.00	0.00	0.00	0.00	0.00	0.00	13	\N	217	0.0
1219	Məmmədova Leyla			II	Qadın		GƏ-86445	0.00	0.00	0.00	0.00	0.00	0.00	13	\N	217	0.0
1220	Baxşıyev Natiq			I	Kişi		GƏ-19463	0.00	0.00	0.00	0.00	0.00	0.00	13	\N	218	0.0
1221	Əsgərova Sevda			I	Qadın		GƏ-87427	0.00	0.00	0.00	0.00	0.00	0.00	13	\N	218	0.0
1222	Qurbanova Fatma			III	Qadın		GƏ-26557	0.00	0.00	0.00	0.00	0.00	0.00	13	\N	219	0.0
1223	Hüseynov Dövlət			II	Kişi		LƏ-77916	0.00	0.00	0.00	0.00	0.00	0.00	14	\N	220	0.0
1224	Şahverdiyev Abbas			I	Kişi		LƏ-71625	0.00	0.00	0.00	0.00	0.00	0.00	14	\N	220	0.0
1225	Bağırov İstiqbal			II	Kişi		LƏ-11298	0.00	0.00	0.00	0.00	0.00	0.00	14	\N	221	0.0
1226	Dadaşov Tarzan			II	Kişi		LƏ-78086	0.00	0.00	0.00	0.00	0.00	0.00	14	\N	221	0.0
1227	Elşən Rüstəmoğlu ARXİV			I	Kişi	444444	LƏ-97887	0.00	0.00	0.00	0.00	0.00	0.00	14	\N	221	0.0
1228	Həsənov Fərhad			I	Kişi		LƏ-98634	0.00	0.00	0.00	0.00	0.00	0.00	14	\N	221	0.0
1229	Nehmətova Ülviyyə			I	Qadın		LƏ-48770	0.00	0.00	0.00	0.00	0.00	0.00	14	\N	221	0.0
1230	Novruzov Arif			I	Kişi		LƏ-39995	0.00	0.00	0.00	0.00	0.00	0.00	14	\N	221	0.0
1231	Zeynalova Elnarə			I	Qadın		LƏ-77306	0.00	0.00	0.00	0.00	0.00	0.00	14	\N	221	0.0
1232	İmanverdiyeva İradə			I	Qadın		LƏ-86470	0.00	0.00	0.00	0.00	0.00	0.00	14	\N	221	0.0
1233	Əliyeva Elmira			I	Qadın		LƏ-62802	0.00	0.00	0.00	0.00	0.00	0.00	14	\N	221	0.0
1234	Əliyeva Sevil			I	Qadın		LƏ-73848	0.00	0.00	0.00	0.00	0.00	0.00	14	\N	221	0.0
1235	Əmənullayev Orxan			I	Kişi		LƏ-87844	0.00	0.00	0.00	0.00	0.00	0.00	14	\N	221	0.0
1236	Dadaşov Rahim			I	Kişi		LƏ-33626	0.00	0.00	0.00	0.00	0.00	0.00	14	\N	222	0.0
1237	Məmmədov Surxay			II	Kişi		LƏ-77722	0.00	0.00	0.00	0.00	0.00	0.00	14	\N	222	0.0
1238	Zahidov Elşad			I	Kişi		LƏ-57308	0.00	0.00	0.00	0.00	0.00	0.00	14	\N	223	0.0
1239	Hüseynov Mahir			I	Kişi	none	LƏ-77387	0.00	0.00	0.00	0.00	0.00	0.00	14	\N	224	0.0
1240	Vəliyev Tofiq			I	Kişi	none	LƏ-25841	0.00	0.00	0.00	0.00	0.00	0.00	14	\N	224	0.0
1241	Ağayev Maqsud			I	Kişi		LƏ-67297	0.00	0.00	0.00	0.00	0.00	0.00	14	\N	225	0.0
1242	Qafarov Elvin			II	Kişi	050 309 61 57	LƏ-08192	0.00	0.00	0.00	0.00	0.00	0.00	14	\N	225	0.0
1243	İmanov Aşur			I	Kişi	050 470 69 42	LƏ-53363	0.00	0.00	0.00	0.00	0.00	0.00	14	\N	225	0.0
1244	Qasımov Siyasət			I	Kişi		LƏ-17366	0.00	0.00	0.00	0.00	0.00	0.00	14	\N	226	0.0
1245	Rüstəmoğlu Elşən			I	Kişi		LƏ-98022	0.00	0.00	0.00	0.00	0.00	0.00	14	\N	226	0.0
1246	Kərimov Hakim			III	Kişi		LƏ-17304	0.00	0.00	0.00	0.00	0.00	0.00	14	\N	227	0.0
1247	Yusubova Sevda			I	Qadın	none	LƏ-85532	0.00	0.00	0.00	0.00	0.00	0.00	14	\N	227	0.0
1248	Məmmədov Azad			II	Kişi		LƏ-04653	0.00	0.00	0.00	0.00	0.00	0.00	14	\N	228	0.0
1249	Abdullayev Elmar			I	Kişi		LƏ-06627	0.00	0.00	0.00	0.00	0.00	0.00	14	\N	229	0.0
1250	Ağayev İqrar			I	Kişi		LƏ-73486	0.00	0.00	0.00	0.00	0.00	0.00	14	\N	229	0.0
1251	Cəfərov Yalçın			II	Kişi		LƏ-94892	0.00	0.00	0.00	0.00	0.00	0.00	14	\N	229	0.0
1252	Fərzəliyev Rəşad			III	Kişi		LƏ-39958	0.00	0.00	0.00	0.00	0.00	0.00	14	\N	229	0.0
1253	Fətəliyev Cavid			I	Kişi		LƏ-68781	0.00	0.00	0.00	0.00	0.00	0.00	14	\N	229	0.0
1254	Hüseynova Kəmalə			I	Qadın		LƏ-04253	0.00	0.00	0.00	0.00	0.00	0.00	14	\N	229	0.0
1255	Köçərli Köçəri			II	Kişi		LƏ-16965	0.00	0.00	0.00	0.00	0.00	0.00	14	\N	229	0.0
1256	Kərimov Zaur			I	Kişi	none	LƏ-15541	0.00	0.00	0.00	0.00	0.00	0.00	14	\N	229	0.0
1257	Mirzəyeva Ruhiyyə			I	Qadın		LƏ-44706	0.00	0.00	0.00	0.00	0.00	0.00	14	\N	229	0.0
1258	Məcidov Zaur			I	Kişi		LƏ-21421	0.00	0.00	0.00	0.00	0.00	0.00	14	\N	229	0.0
1259	Məlikova Gülnar			II	Qadın		LƏ-90111	0.00	0.00	0.00	0.00	0.00	0.00	14	\N	229	0.0
1260	Qasımov Valid			I	Kişi		LƏ-52410	0.00	0.00	0.00	0.00	0.00	0.00	14	\N	229	0.0
1261	Qasımova Aysel (AL)			II	Qadın		LƏ-57944	0.00	0.00	0.00	0.00	0.00	0.00	14	\N	229	0.0
1262	Rzayev Xaliq			II	Kişi		LƏ-35508	0.00	0.00	0.00	0.00	0.00	0.00	14	\N	229	0.0
1263	Rüstəmov Fərid			I	Kişi		LƏ-02196	0.00	0.00	0.00	0.00	0.00	0.00	14	\N	229	0.0
1264	Rüstəmov Çingiz			I	Kişi		LƏ-57593	0.00	0.00	0.00	0.00	0.00	0.00	14	\N	229	0.0
1265	Rüstəmov Ənvər			I	Kişi		LƏ-49737	0.00	0.00	0.00	0.00	0.00	0.00	14	\N	229	0.0
1266	Zamanov Hacıməmməd			I	Kişi		LƏ-41656	0.00	0.00	0.00	0.00	0.00	0.00	14	\N	229	0.0
1267	Şahverdiyev Əbdül			I	Kişi		LƏ-98404	0.00	0.00	0.00	0.00	0.00	0.00	14	\N	229	0.0
1268	Əhədov Kərim			I	Kişi	none	LƏ-52689	0.00	0.00	0.00	0.00	0.00	0.00	14	\N	229	0.0
1270	Əliyeva Şərafət			I	Qadın		LƏ-30956	0.00	0.00	0.00	0.00	0.00	0.00	14	\N	229	0.0
1271	Məmmədova Gülnar			I	Qadın		LƏ-87155	0.00	0.00	0.00	0.00	0.00	0.00	14	\N	230	0.0
1272	Nurullayev Emil			I	Kişi		LƏ-20229	0.00	0.00	0.00	0.00	0.00	0.00	14	\N	230	0.0
1273	Əzimov Adil			I	Kişi		LƏ-90980	0.00	0.00	0.00	0.00	0.00	0.00	14	\N	230	0.0
1274	Məmmədov Cəmil			I	Kişi		LƏ-49491	0.00	0.00	0.00	0.00	0.00	0.00	14	\N	231	0.0
1275	Xurşudov Telman			I	Kişi		LƏ-19289	0.00	0.00	0.00	0.00	0.00	0.00	14	\N	232	0.0
1276	Əhədov Arzuman			I	Kişi		LƏ-76829	0.00	0.00	0.00	0.00	0.00	0.00	14	\N	233	0.0
1277	Məmmədov Tarif			I	Kişi		LƏ-37056	0.00	0.00	0.00	0.00	0.00	0.00	14	\N	234	0.0
1278	Əsədullayev İlkin			II	Kişi	none	LƏ-52812	0.00	0.00	0.00	0.00	0.00	0.00	14	\N	234	0.0
1279	Fərəcov Aşur			I	Kişi		LƏ-15188	0.00	0.00	0.00	0.00	0.00	0.00	14	\N	235	0.0
1280	Rzayev Namiq			II	Kişi		LƏ-42640	0.00	0.00	0.00	0.00	0.00	0.00	14	\N	236	0.0
1281	Musayev Maarif			I	Kişi	none	LƏ-42769	0.00	0.00	0.00	0.00	0.00	0.00	14	\N	237	0.0
1282	Ramazanov Elşad			II	Kişi	none	LƏ-94814	0.00	0.00	0.00	0.00	0.00	0.00	14	\N	237	0.0
1283	Əliyeva Südabə			III	Qadın		LƏ-57481	0.00	0.00	0.00	0.00	0.00	0.00	14	\N	237	0.0
1284	Məmmədov Nəzər			I	Kişi	050 222 17 74	LƏ-97662	0.00	0.00	0.00	0.00	0.00	0.00	14	\N	238	0.0
1285	Şükürov Elpay			I	Kişi	none	LƏ-91663	0.00	0.00	0.00	0.00	0.00	0.00	14	\N	239	0.0
1286	Əsədov İlham			II	Kişi		LƏ-17243	0.00	0.00	0.00	0.00	0.00	0.00	14	\N	239	0.0
1287	İsayev Şirvan			I	Kişi		LƏ-96875	0.00	0.00	0.00	0.00	0.00	0.00	14	\N	240	0.0
1288	Abbasov Əyyub			I	Kişi		MI-87216	0.00	0.00	0.00	0.00	0.00	0.00	15	\N	241	0.0
1289	Abdullayeva Sevinc			I	Qadın		MI-70057	0.00	0.00	0.00	0.00	0.00	0.00	15	\N	241	0.0
1290	Cabbarova Təravət			I	Qadın		MI-69027	0.00	0.00	0.00	0.00	0.00	0.00	15	\N	241	0.0
1291	Cəbiyev Cəbi			I	Kişi		MI-39008	0.00	0.00	0.00	0.00	0.00	0.00	15	\N	241	0.0
1292	Eyyubova Sevinc			I	Qadın		MI-08663	0.00	0.00	0.00	0.00	0.00	0.00	15	\N	241	0.0
1293	Günəşov Fikrət			I	Kişi		MI-47949	0.00	0.00	0.00	0.00	0.00	0.00	15	\N	241	0.0
1294	Hacıyeva Fəridə			I	Qadın		MI-89305	0.00	0.00	0.00	0.00	0.00	0.00	15	\N	241	0.0
1295	Hüseynova Almaz			II	Qadın		MI-66937	0.00	0.00	0.00	0.00	0.00	0.00	15	\N	241	0.0
1296	Hüseynova Nərgiz			I	Qadın		MI-31474	0.00	0.00	0.00	0.00	0.00	0.00	15	\N	241	0.0
1297	Mustafayev Ramil			VIP	Kişi		MI-21285	0.00	0.00	0.00	0.00	0.00	0.00	15	\N	241	0.0
1298	Muxtarzadə Ülviyyə			II	Kişi		ŞƏ-26035	0.00	0.00	0.00	0.00	0.00	0.00	16	\N	242	0.0
1299	Məmmədova Təranə			I	Qadın	0504510996	MI-50418	0.00	0.00	0.00	0.00	0.00	0.00	15	\N	241	0.0
1300	Məsimov Nizaməddin			I	Kişi	050 223 55 27	MI-30980	0.00	0.00	0.00	0.00	0.00	0.00	15	\N	241	0.0
1301	Rəhimova Məhsəti			I	Qadın		MI-71561	0.00	0.00	0.00	0.00	0.00	0.00	15	\N	241	0.0
1302	Rəhimova Sitarə			II	Qadın		MI-98492	0.00	0.00	0.00	0.00	0.00	0.00	15	\N	241	0.0
1303	Səmədova Əsmər			I	Qadın		MI-09664	0.00	0.00	0.00	0.00	0.00	0.00	15	\N	241	0.0
1304	Xəlilov Anar			I	Kişi		MI-17627	0.00	0.00	0.00	0.00	0.00	0.00	15	\N	241	0.0
1305	İsayev Gündüz			I	Kişi		MI-98741	0.00	0.00	0.00	0.00	0.00	0.00	15	\N	241	0.0
1306	İsgəndərov İsgəndər			I	Kişi		MI-89091	0.00	0.00	0.00	0.00	0.00	0.00	15	\N	241	0.0
1307	İsgəndərova Sevinc			II	Qadın		MI-58848	0.00	0.00	0.00	0.00	0.00	0.00	15	\N	241	0.0
1308	Əfəndiyeva Anaxanım			I	Qadın		MI-86925	0.00	0.00	0.00	0.00	0.00	0.00	15	\N	241	0.0
1309	Əfəndiyeva İradə			II	Qadın		MI-04970	0.00	0.00	0.00	0.00	0.00	0.00	15	\N	241	0.0
1310	Əzimova Xuraman			I	Qadın		MI-44927	0.00	0.00	0.00	0.00	0.00	0.00	15	\N	241	0.0
1311	Əhmədova Sevda			I	Qadın		MI-71122	0.00	0.00	0.00	0.00	0.00	0.00	15	\N	243	0.0
1312	arxiv Qənbərov Amil			II	Kişi		MI-65327	0.00	0.00	0.00	0.00	0.00	0.00	15	\N	244	0.0
1313	Arxiv Miriyev Həsən			I	Kişi		MI-72131	0.00	0.00	0.00	0.00	0.00	0.00	15	\N	245	0.0
1314	Paşayeva Təranə			I	Qadın		MI-13133	0.00	0.00	0.00	0.00	0.00	0.00	15	\N	246	0.0
1315	Qafarov Kamran			II	Kişi		MI-86943	0.00	0.00	0.00	0.00	0.00	0.00	15	\N	246	0.0
1316	Quliyev Cavanşir			I	Kişi		MI-77588	0.00	0.00	0.00	0.00	0.00	0.00	15	\N	246	0.0
1317	Qurtuluş Uğur			II	Kişi		MI-81117	0.00	0.00	0.00	0.00	0.00	0.00	15	\N	246	0.0
1318	Xəyalə Əliyeva			I	Kişi		MI-22140	0.00	0.00	0.00	0.00	0.00	0.00	15	\N	246	0.0
1319	Yaşar Hüseynov			III	Kişi		MI-32270	0.00	0.00	0.00	0.00	0.00	0.00	15	\N	246	0.0
1320	arxiv Zeynalov Orxan			III	Kişi		MI-22984	0.00	0.00	0.00	0.00	0.00	0.00	15	\N	246	0.0
1321	İsayeva Elmira			II	Qadın		MI-95987	0.00	0.00	0.00	0.00	0.00	0.00	15	\N	246	0.0
1322	Əliyev Vüsal			II	Kişi		MI-67967	0.00	0.00	0.00	0.00	0.00	0.00	15	\N	246	0.0
1323	Əliyeva Aynur			I	Qadın		MI-85080	0.00	0.00	0.00	0.00	0.00	0.00	15	\N	246	0.0
1324	Süleymanova Sürəyya			I	Qadın		MI-17951	0.00	0.00	0.00	0.00	0.00	0.00	15	\N	247	0.0
1325	.			I	Kişi		MI-26921	0.00	0.00	0.00	0.00	0.00	0.00	15	\N	248	0.0
1326	Allahyarova Xədicə			I	Qadın		MI-23247	0.00	0.00	0.00	0.00	0.00	0.00	15	\N	248	0.0
1327	Arxiv Rəsulova Xədicə			I	Kişi		MI-38795	0.00	0.00	0.00	0.00	0.00	0.00	15	\N	248	0.0
1328	Aynur Qurbanova			III	Kişi		MI-76121	0.00	0.00	0.00	0.00	0.00	0.00	15	\N	248	0.0
1329	Bayramova Rəksanə			I	Qadın		MI-16410	0.00	0.00	0.00	0.00	0.00	0.00	15	\N	248	0.0
1330	Behbudova Gülnar			I	Qadın		MI-83790	0.00	0.00	0.00	0.00	0.00	0.00	15	\N	248	0.0
1331	Budaqova Aliyə			I	Qadın		MI-36302	0.00	0.00	0.00	0.00	0.00	0.00	15	\N	248	0.0
1332	Cavid Bayramov			II	Kişi		MI-86735	0.00	0.00	0.00	0.00	0.00	0.00	15	\N	248	0.0
1333	Cəfərov Elxan			I	Kişi		MI-11652	0.00	0.00	0.00	0.00	0.00	0.00	15	\N	248	0.0
1334	Cəfərova Leyla			I	Qadın		MI-93082	0.00	0.00	0.00	0.00	0.00	0.00	15	\N	248	0.0
1335	Eyvazov Zahid			I	Kişi		MI-89513	0.00	0.00	0.00	0.00	0.00	0.00	15	\N	248	0.0
1336	Hacıyeva Rəna			I	Qadın		MI-24799	0.00	0.00	0.00	0.00	0.00	0.00	15	\N	248	0.0
1337	Hüseynova Ellada			I	Qadın		MI-73170	0.00	0.00	0.00	0.00	0.00	0.00	15	\N	248	0.0
1338	Hüseynova Növrəstə			II	Qadın		MI-13136	0.00	0.00	0.00	0.00	0.00	0.00	15	\N	248	0.0
1339	Kazımov Elgiz			I	Kişi		MI-42830	0.00	0.00	0.00	0.00	0.00	0.00	15	\N	248	0.0
1340	Leyla Zakirova			I	Qadın		MI-11517	0.00	0.00	0.00	0.00	0.00	0.00	15	\N	248	0.0
1341	Maqsudova Aynur			II	Qadın		MI-85450	0.00	0.00	0.00	0.00	0.00	0.00	15	\N	248	0.0
1342	Mayılov İlham			I	Kişi	0502358608	MI-32527	0.00	0.00	0.00	0.00	0.00	0.00	15	\N	248	0.0
1343	Mehdiyeva Aynurə			I	Qadın	0503902888	MI-88658	0.00	0.00	0.00	0.00	0.00	0.00	15	\N	248	0.0
1344	Musayev Süleyman			I	Kişi	050	MI-54091	0.00	0.00	0.00	0.00	0.00	0.00	15	\N	248	0.0
1345	Mustafayeva Tünzalə			I	Qadın		MI-51229	0.00	0.00	0.00	0.00	0.00	0.00	15	\N	248	0.0
1346	Məmmədov Nurəddin			II	Kişi		MI-29945	0.00	0.00	0.00	0.00	0.00	0.00	15	\N	248	0.0
1347	Məmmədov İlham			I	Kişi		MI-51228	0.00	0.00	0.00	0.00	0.00	0.00	15	\N	248	0.0
1348	Məmmədova Zəranə			II	Qadın		MI-70068	0.00	0.00	0.00	0.00	0.00	0.00	15	\N	248	0.0
1349	Məsimova Təranə			I	Qadın		MI-94128	0.00	0.00	0.00	0.00	0.00	0.00	15	\N	248	0.0
1350	Nağıyeva Şəfa			III	Qadın		MI-67559	0.00	0.00	0.00	0.00	0.00	0.00	15	\N	248	0.0
1351	Niftəliyev Seymur			I	Kişi		MI-01868	0.00	0.00	0.00	0.00	0.00	0.00	15	\N	248	0.0
1352	Nəsibova Sevil			II	Qadın		MI-11630	0.00	0.00	0.00	0.00	0.00	0.00	15	\N	248	0.0
1353	Osmanova Aliyə			I	Qadın		MI-64541	0.00	0.00	0.00	0.00	0.00	0.00	15	\N	248	0.0
1354	Quliyev Mamed			I	Kişi		MI-45137	0.00	0.00	0.00	0.00	0.00	0.00	15	\N	248	0.0
1355	Qurbanova Aynur			I	Qadın		MI-75063	0.00	0.00	0.00	0.00	0.00	0.00	15	\N	248	0.0
1356	Rzayev Orxan			I	Kişi	070 2258844	MI-10759	0.00	0.00	0.00	0.00	0.00	0.00	15	\N	248	0.0
1357	Rüstəmova Vüsalə			I	Qadın	0503905156	MI-88308	0.00	0.00	0.00	0.00	0.00	0.00	15	\N	248	0.0
1358	Seyidova Aybəniz			I	Qadın		MI-07280	0.00	0.00	0.00	0.00	0.00	0.00	15	\N	248	0.0
1359	Soltanov Abdulqadir			I	Kişi		MI-67978	0.00	0.00	0.00	0.00	0.00	0.00	15	\N	248	0.0
1360	Tahirova Nərgiz			II	Qadın		MI-21269	0.00	0.00	0.00	0.00	0.00	0.00	15	\N	248	0.0
1361	Yusifova Pərvanə			I	Qadın		MI-75093	0.00	0.00	0.00	0.00	0.00	0.00	15	\N	248	0.0
1362	İbadullayev Azər			I	Kişi		MI-66639	0.00	0.00	0.00	0.00	0.00	0.00	15	\N	248	0.0
1363	İbrahimova Gülnarə			II	Qadın		MI-06414	0.00	0.00	0.00	0.00	0.00	0.00	15	\N	248	0.0
1364	İsayev Cavid			III	Kişi		MI-57608	0.00	0.00	0.00	0.00	0.00	0.00	15	\N	248	0.0
1365	İsgəndərov Yasər USM			VIP	Kişi		MI-08538	0.00	0.00	0.00	0.00	0.00	0.00	15	\N	248	0.0
1366	İsmayılova  Nigar			I	Qadın		MI-74894	0.00	0.00	0.00	0.00	0.00	0.00	15	\N	248	0.0
1367	İsmayılova Aynurə			I	Qadın	none	MI-71843	0.00	0.00	0.00	0.00	0.00	0.00	15	\N	248	0.0
1368	Şahnaz Əliyeva			I	Kişi		MI-68827	0.00	0.00	0.00	0.00	0.00	0.00	15	\N	248	0.0
1369	Şəfəq Kərimova			I	Kişi		MI-97251	0.00	0.00	0.00	0.00	0.00	0.00	15	\N	248	0.0
1370	Əbilov Mərdan			II	Kişi		MI-79001	0.00	0.00	0.00	0.00	0.00	0.00	15	\N	248	0.0
1371	Əkbərova Aygün			I	Qadın		MI-97965	0.00	0.00	0.00	0.00	0.00	0.00	15	\N	248	0.0
1372	Əliyev Azin			I	Kişi		MI-91056	0.00	0.00	0.00	0.00	0.00	0.00	15	\N	248	0.0
1373	Əliyev İdris			I	Kişi		MI-04430	0.00	0.00	0.00	0.00	0.00	0.00	15	\N	248	0.0
1374	Əliyev İlham			II	Kişi		MI-58528	0.00	0.00	0.00	0.00	0.00	0.00	15	\N	248	0.0
1375	Əliyeva Namilə			II	Qadın		MI-22036	0.00	0.00	0.00	0.00	0.00	0.00	15	\N	248	0.0
1376	Əliyeva Nigar			I	Qadın		MI-70200	0.00	0.00	0.00	0.00	0.00	0.00	15	\N	248	0.0
1377	Əsədova Türkan			I	Qadın		MI-59262	0.00	0.00	0.00	0.00	0.00	0.00	15	\N	248	0.0
1378	Əliyeva Leyla			I	Qadın	0556984404	MI-66490	0.00	0.00	0.00	0.00	0.00	0.00	15	\N	249	0.0
1379	Qurbanov Şükür			I	Kişi		MI-10687	0.00	0.00	0.00	0.00	0.00	0.00	15	\N	250	0.0
1380	Piriyeva Flora			II	Qadın		MI-70801	0.00	0.00	0.00	0.00	0.00	0.00	15	\N	251	0.0
1381	Seyidov Əhməd			III	Kişi		MI-86144	0.00	0.00	0.00	0.00	0.00	0.00	15	\N	251	0.0
1382	Zeynalov Ramiz			II	Kişi		MI-67244	0.00	0.00	0.00	0.00	0.00	0.00	15	\N	251	0.0
1383	Ömərov Ramil			III	Kişi		MI-25583	0.00	0.00	0.00	0.00	0.00	0.00	15	\N	251	0.0
1384	Əfəndiyeva Cəsarət			II	Qadın		MI-22364	0.00	0.00	0.00	0.00	0.00	0.00	15	\N	251	0.0
1385	Əliyev Nurlan			I	Kişi	055 465 42 99	MI-00709	0.00	0.00	0.00	0.00	0.00	0.00	15	\N	251	0.0
1386	Əliyeva Flora			II	Qadın		MI-29279	0.00	0.00	0.00	0.00	0.00	0.00	15	\N	251	0.0
1387	Məmmədov Namiq			II	Kişi		MI-65021	0.00	0.00	0.00	0.00	0.00	0.00	15	\N	252	0.0
1388	Hüseyinov Vaqif			III	Kişi		MI-62638	0.00	0.00	0.00	0.00	0.00	0.00	15	\N	253	0.0
1389	Musayev Famil			I	Kişi		MI-49533	0.00	0.00	0.00	0.00	0.00	0.00	15	\N	253	0.0
1390	Əliyev Anar			I	Kişi		MI-56176	0.00	0.00	0.00	0.00	0.00	0.00	15	\N	253	0.0
1391	Yaşar Məmmədov			III	Kişi		MI-72514	0.00	0.00	0.00	0.00	0.00	0.00	15	\N	254	0.0
1392	Məmmədov Əli			I	Kişi		MI-15142	0.00	0.00	0.00	0.00	0.00	0.00	15	\N	255	0.0
1393	Əzizova Həqiqət			I	Qadın		MI-05080	0.00	0.00	0.00	0.00	0.00	0.00	15	\N	255	0.0
1394	Məmmədov İsmayıl			II	Kişi		MI-88464	0.00	0.00	0.00	0.00	0.00	0.00	15	\N	256	0.0
1395	Qənbərov Namik			II	Kişi		MI-12566	0.00	0.00	0.00	0.00	0.00	0.00	15	\N	256	0.0
1396	Musayev Vasif			I	Kişi	0503282778	MI-05991	0.00	0.00	0.00	0.00	0.00	0.00	15	\N	257	0.0
1397	Əliyeva Xanım			III	Qadın		MI-99088	0.00	0.00	0.00	0.00	0.00	0.00	15	\N	257	0.0
1398	Kamilova Esmira			I	Qadın	050 775 34 55	MI-83184	0.00	0.00	0.00	0.00	0.00	0.00	15	\N	258	0.0
1399	Hüseynov Niyaz			I	Kişi		MI-18158	0.00	0.00	0.00	0.00	0.00	0.00	15	\N	259	0.0
1400	Mustafayev Bəxtiyar			I	Kişi		MI-50027	0.00	0.00	0.00	0.00	0.00	0.00	15	\N	259	0.0
1401	Mustafayeva Tahirə			I	Qadın		MI-71869	0.00	0.00	0.00	0.00	0.00	0.00	15	\N	259	0.0
1402	Məmmədova Dürüskar			I	Qadın	0506672813	MI-56504	0.00	0.00	0.00	0.00	0.00	0.00	15	\N	259	0.0
1403	Rəsulova Sədaqət			I	Qadın		MI-90849	0.00	0.00	0.00	0.00	0.00	0.00	15	\N	259	0.0
1404	Yusifova Mehriban			I	Qadın	055 690 15 00	MI-17330	0.00	0.00	0.00	0.00	0.00	0.00	15	\N	259	0.0
1405	Əliyeva Gülnar			II	Qadın		MI-51755	0.00	0.00	0.00	0.00	0.00	0.00	15	\N	259	0.0
1406	Məmmədova Şəbnəm			I	Qadın	0554197814	MI-08192	0.00	0.00	0.00	0.00	0.00	0.00	15	\N	260	0.0
1407	Əliyev Mübariz			I	Kişi		MI-66838	0.00	0.00	0.00	0.00	0.00	0.00	15	\N	260	0.0
1408	Əliyeva İradə			I	Qadın	050 420 27 17	MI-46973	0.00	0.00	0.00	0.00	0.00	0.00	15	\N	260	0.0
1409	Abdullayev İlyas			I	Kişi		MI-44854	0.00	0.00	0.00	0.00	0.00	0.00	15	\N	261	0.0
1410	Abdullayeva Dilşad			I	Qadın		MI-60712	0.00	0.00	0.00	0.00	0.00	0.00	15	\N	261	0.0
1411	Abduləlimova Şəfəq			II	Qadın		MI-04767	0.00	0.00	0.00	0.00	0.00	0.00	15	\N	261	0.0
1412	Aslanova Kəmalə			II	Qadın		MI-87534	0.00	0.00	0.00	0.00	0.00	0.00	15	\N	261	0.0
1413	Cəfərov Oktay			I	Kişi	none	MI-11095	0.00	0.00	0.00	0.00	0.00	0.00	15	\N	261	0.0
1414	Hacıyev Elşən			I	Kişi	0506656717	MI-94958	0.00	0.00	0.00	0.00	0.00	0.00	15	\N	261	0.0
1415	Həsənova Şirinnaz			I	Qadın		MI-75073	0.00	0.00	0.00	0.00	0.00	0.00	15	\N	261	0.0
1416	Kərimova Arzu			I	Qadın		MI-83162	0.00	0.00	0.00	0.00	0.00	0.00	15	\N	261	0.0
1417	Musayev Maarif			II	Kişi		MI-46343	0.00	0.00	0.00	0.00	0.00	0.00	15	\N	261	0.0
1418	Musayeva Sevil			I	Qadın	0555663099	MI-72588	0.00	0.00	0.00	0.00	0.00	0.00	15	\N	261	0.0
1419	Məmmədov Məhərrəm			I	Kişi	055 493 65 61	MI-22786	0.00	0.00	0.00	0.00	0.00	0.00	15	\N	261	0.0
1420	Məmmədov Namizəd			I	Kişi		MI-66975	0.00	0.00	0.00	0.00	0.00	0.00	15	\N	261	0.0
1421	Məmmədov Tahir			I	Kişi		MI-50682	0.00	0.00	0.00	0.00	0.00	0.00	15	\N	261	0.0
1422	Məmmədova Adilə			I	Qadın		MI-27095	0.00	0.00	0.00	0.00	0.00	0.00	15	\N	261	0.0
1423	Məmmədova Kifayət			I	Qadın		MI-61576	0.00	0.00	0.00	0.00	0.00	0.00	15	\N	261	0.0
1424	Məmmədova Nurlana			I	Qadın		MI-68627	0.00	0.00	0.00	0.00	0.00	0.00	15	\N	261	0.0
1425	Məşiyev Emin			I	Kişi		MI-34050	0.00	0.00	0.00	0.00	0.00	0.00	15	\N	261	0.0
1426	Nuriyeva Sevda			I	Qadın		MI-96829	0.00	0.00	0.00	0.00	0.00	0.00	15	\N	261	0.0
1427	Qorcuzadə Məhəmməd			I	Kişi	050 331 41 51	MI-13238	0.00	0.00	0.00	0.00	0.00	0.00	15	\N	261	0.0
1428	Quliyeva Bahar			I	Qadın	0557514384	MI-77246	0.00	0.00	0.00	0.00	0.00	0.00	15	\N	261	0.0
1434	Şirinova Əfsus			I	Qadın		MI-41482	0.00	0.00	0.00	0.00	0.00	0.00	15	\N	261	0.0
1435	Əhmədova Nailə			I	Qadın		MI-78493	0.00	0.00	0.00	0.00	0.00	0.00	15	\N	261	0.0
1436	Əliyeva Səidə			I	Qadın		MI-30525	0.00	0.00	0.00	0.00	0.00	0.00	15	\N	261	0.0
1437	Məmmədov Məhəmməd			II	Kişi	assaas	MI-85241	0.00	0.00	0.00	0.00	0.00	0.00	15	\N	262	0.0
1438	Süleymanova Afət			I	Qadın		MI-16212	0.00	0.00	0.00	0.00	0.00	0.00	15	\N	262	0.0
1439	Süleymanova Günay			II	Qadın		MI-51282	0.00	0.00	0.00	0.00	0.00	0.00	15	\N	262	0.0
1440	Səfərova Fəridə			I	Qadın		MI-82167	0.00	0.00	0.00	0.00	0.00	0.00	15	\N	262	0.0
1441	Əliyeva Azadə			I	Qadın		MI-37315	0.00	0.00	0.00	0.00	0.00	0.00	15	\N	262	0.0
1545	Abdinli Elşən			III	Kişi		Pİ-94458	0.00	0.00	0.00	50.00	0.00	0.00	26	\N	279	0.0
1547	Hüseynzadə Məhəmməd			I	Kişi		Pİ-26365	0.00	0.00	0.00	0.00	0.00	0.00	26	\N	279	0.0
1548	Piriyeva Fəridə			II	Qadın		Pİ-98146	0.00	0.00	0.00	0.00	0.00	0.00	26	\N	279	0.0
1549	Qocayeva Lalə			I	Qadın		Pİ-82572	0.00	0.00	0.00	0.00	0.00	0.00	26	\N	279	0.0
1550	Süleymanov Elxan			I	Kişi		Pİ-73003	0.00	0.00	0.00	0.00	0.00	0.00	26	\N	279	0.0
1551	Səfərov Fizuli			II	Kişi		Pİ-35231	0.00	0.00	0.00	0.00	0.00	0.00	26	\N	279	0.0
1552	İbadov Ceyhun			VIP	Kişi		Pİ-82994	0.00	0.00	0.00	0.00	0.00	0.00	26	\N	279	0.0
1553	İsgəndərli Vüsalə			III	Kişi		Pİ-75882	0.00	0.00	0.00	0.00	0.00	0.00	26	\N	279	0.0
1554	Əhmədova Aygün			II	Qadın		Pİ-67293	0.00	0.00	0.00	0.00	0.00	0.00	26	\N	279	0.0
1555	Əliyeva Sevda (Pirallahı)			II	Qadın	4554654654	Pİ-92329	0.00	0.00	0.00	0.00	0.00	0.00	26	\N	279	0.0
1556	Baloğlanov Adil			I	Kişi		Pİ-31771	0.00	0.00	0.00	0.00	0.00	0.00	26	\N	280	0.0
1557	Cəmaləddin			I	Kişi	050 335 48 05	Pİ-55971	0.00	0.00	0.00	0.00	0.00	0.00	26	\N	280	0.0
1558	Həsənova Bikəxanım			I	Qadın	050 473 91 38	Pİ-36733	0.00	0.00	0.00	0.00	0.00	0.00	26	\N	280	0.0
1559	Məmmədov Rüfət			II	Kişi	055 479 45 29	Pİ-99475	0.00	0.00	0.00	0.00	0.00	0.00	26	\N	280	0.0
1560	Məmmədova Sevinc			I	Qadın	050 663 00 71	Pİ-73791	0.00	0.00	0.00	0.00	0.00	0.00	26	\N	280	0.0
1561	Rəhimova Aynurə			I	Qadın		Pİ-62678	0.00	0.00	0.00	0.00	0.00	0.00	26	\N	280	0.0
1562	Salahova Elnarə			I	Qadın	055 894 37 53	Pİ-79576	0.00	0.00	0.00	0.00	0.00	0.00	26	\N	280	0.0
1563	Talıbova Leyla			I	Qadın	050 500 26 50	Pİ-94526	0.00	0.00	0.00	0.00	0.00	0.00	26	\N	280	0.0
1564	ad			II	Kişi		Pİ-63566	0.00	0.00	0.00	0.00	0.00	0.00	26	\N	280	0.0
1565	İbrahimova Pərvin			I	Qadın	050 711 84 22	Pİ-56805	0.00	0.00	0.00	0.00	0.00	0.00	26	\N	280	0.0
1566	İbrahimova Samirə			I	Qadın	0503337606	Pİ-34586	0.00	0.00	0.00	0.00	0.00	0.00	26	\N	280	0.0
1567	İmanova  Gülrux			I	Qadın	050 667 40 99	Pİ-35957	0.00	0.00	0.00	0.00	0.00	0.00	26	\N	280	0.0
1568	İmanova Elmira			I	Qadın	055 711 72 79	Pİ-39803	0.00	0.00	0.00	0.00	0.00	0.00	26	\N	280	0.0
1569	İsayev Cəlil			I	Kişi	050 395 44 72	Pİ-79160	0.00	0.00	0.00	0.00	0.00	0.00	26	\N	280	0.0
1570	Əliyev Şahin			I	Kişi	010 312 31 03	Pİ-57112	0.00	0.00	0.00	0.00	0.00	0.00	26	\N	280	0.0
1571	Əsədova İlahə			I	Qadın	055 433 80 23	Pİ-05612	0.00	0.00	0.00	0.00	0.00	0.00	26	\N	280	0.0
1572	Muradova Xalisə			I	Qadın		QA-00694	0.00	0.00	0.00	0.00	0.00	0.00	18	\N	281	0.0
1573	Əliyev Nadir			I	Kişi		QA-95750	0.00	0.00	0.00	0.00	0.00	0.00	18	\N	281	0.0
1574	Məmmədov Faiq			I	Kişi		QA-92199	0.00	0.00	0.00	0.00	0.00	0.00	18	\N	282	0.0
1575	Hacıyeva Kifayət			I	Qadın		QA-29548	0.00	0.00	0.00	0.00	0.00	0.00	18	\N	283	0.0
1576	Hüseynov Şahlar			I	Kişi		QA-41490	0.00	0.00	0.00	0.00	0.00	0.00	18	\N	283	0.0
1577	Hüseynov Əlizamin			II	Kişi	055 685 37 09	QA-17435	0.00	0.00	0.00	0.00	0.00	0.00	18	\N	283	0.0
1578	Kəngərli Tünzalə			I	Kişi		QA-13093	0.00	0.00	0.00	0.00	0.00	0.00	18	\N	283	0.0
1579	Məmmədova Aynurə			I	Qadın		QA-40482	0.00	0.00	0.00	0.00	0.00	0.00	18	\N	283	0.0
1580	Orucov Müsavir			I	Kişi		QA-83417	0.00	0.00	0.00	0.00	0.00	0.00	18	\N	283	0.0
1581	Orucov Nadir			I	Kişi	050 5155678	QA-00122	0.00	0.00	0.00	0.00	0.00	0.00	18	\N	283	0.0
1582	Quliyev Zöhrab			I	Kişi		QA-52290	0.00	0.00	0.00	0.00	0.00	0.00	18	\N	283	0.0
1583	Quliyeva Nəzakət			I	Qadın		QA-74985	0.00	0.00	0.00	0.00	0.00	0.00	18	\N	283	0.0
1584	Seyidəliyeva Qəmzə			I	Qadın	0506124124	QA-35726	0.00	0.00	0.00	0.00	0.00	0.00	18	\N	283	0.0
1585	Təhməzov Rəşad			I	Kişi		QA-37427	0.00	0.00	0.00	0.00	0.00	0.00	18	\N	283	0.0
1586	İsmayılova Ofelya			II	Qadın		QA-72768	0.00	0.00	0.00	0.00	0.00	0.00	18	\N	283	0.0
1587	Ələsgərova  Gülgəz			I	Qadın		QA-30162	0.00	0.00	0.00	0.00	0.00	0.00	18	\N	283	0.0
1588	Hümbətov Əlibaba			VIP	Kişi		QA-87374	0.00	0.00	0.00	0.00	0.00	0.00	18	\N	284	0.0
1589	Məmmədova Şamaxı			I	Qadın		QA-36649	0.00	0.00	0.00	0.00	0.00	0.00	18	\N	285	0.0
1590	Şirinova Şəfa			VIP	Qadın		QA-07428	0.00	0.00	0.00	0.00	0.00	0.00	18	\N	286	0.0
1591	Qəhrəmanova Ceyran			I	Qadın		QA-51179	0.00	0.00	0.00	0.00	0.00	0.00	18	\N	287	0.0
1592	Hüseynzadə Hüseyn			I	Kişi		QA-45085	0.00	0.00	0.00	0.00	0.00	0.00	18	\N	288	0.0
1593	Bağırov Vüqar			I	Kişi		QA-24837	0.00	0.00	0.00	0.00	0.00	0.00	18	\N	289	0.0
1594	Dəmirəlli Mətanət			I	Kişi		QA-67642	0.00	0.00	0.00	0.00	0.00	0.00	18	\N	289	0.0
1595	Məmmədova Gilas			I	Qadın		QA-89521	0.00	0.00	0.00	0.00	0.00	0.00	18	\N	289	0.0
1596	Quliyeva Elmira			I	Qadın	050 585 69 86	QA-04021	0.00	0.00	0.00	0.00	0.00	0.00	18	\N	289	0.0
1597	Babayeva Zeynəb			I	Qadın		QA-01057	0.00	0.00	0.00	0.00	0.00	0.00	18	\N	290	0.0
1598	Bayramova Xədicə			I	Qadın		QA-07905	0.00	0.00	0.00	0.00	0.00	0.00	18	\N	290	0.0
1599	Hüseynov Rahib			I	Kişi		QA-50332	0.00	0.00	0.00	0.00	0.00	0.00	18	\N	290	0.0
1600	Nümunə ad			I	Kişi	3	QA-95884	0.00	0.00	0.00	0.00	0.00	0.00	18	\N	290	0.0
1601	Quliyev Vüqar			I	Kişi		QA-97293	0.00	0.00	0.00	0.00	0.00	0.00	18	\N	290	0.0
1602	İbrahimov Cəmil			I	Kişi	050 823 19 23	QA-96960	0.00	0.00	0.00	0.00	0.00	0.00	18	\N	290	0.0
1603	Şəfiyeva Arzu			I	Qadın		QA-63442	0.00	0.00	0.00	0.00	0.00	0.00	18	\N	290	0.0
1604	Hüseynov Rüfət			I	Kişi		QA-04429	0.00	0.00	0.00	0.00	0.00	0.00	18	\N	291	0.0
1605	Mustafayev Azər			I	Kişi		QA-83796	0.00	0.00	0.00	0.00	0.00	0.00	18	\N	291	0.0
1606	Mirişov Rzaqulu			I	Kişi		QA-78953	0.00	0.00	0.00	0.00	0.00	0.00	18	\N	292	0.0
1607	Əmənov İsmayıl			I	Kişi		QA-28282	0.00	0.00	0.00	0.00	0.00	0.00	18	\N	292	0.0
1608	Abışlı Abbas			I	Kişi		QA-84161	0.00	0.00	0.00	0.00	0.00	0.00	18	\N	293	0.0
1609	Cəfərov Tərlan			I	Kişi		QA-95309	0.00	0.00	0.00	0.00	0.00	0.00	18	\N	293	0.0
1610	Hüseynov Elşən			I	Kişi		QA-71161	0.00	0.00	0.00	0.00	0.00	0.00	18	\N	293	0.0
1611	Məmmədova Əzizə			I	Qadın		QA-48541	0.00	0.00	0.00	0.00	0.00	0.00	18	\N	293	0.0
1612	Qasımov Elnur			I	Kişi		QA-05720	0.00	0.00	0.00	0.00	0.00	0.00	18	\N	293	0.0
1613	Qurbanova Tamella			II	Qadın		QA-31743	0.00	0.00	0.00	0.00	0.00	0.00	18	\N	293	0.0
1614	Qəhramanov Azər			VIP	Kişi	0514181737	QA-57097	0.00	0.00	0.00	0.00	0.00	0.00	18	\N	293	0.0
1615	Mustafayev Mayıs			I	Kişi	0503145811	QU-27627	0.00	0.00	0.00	0.00	0.00	0.00	19	\N	294	0.0
1616	Abbasov Samir			II	Kişi		QU-99635	0.00	0.00	0.00	0.00	0.00	0.00	19	\N	295	0.0
1617	Avcıxanova Elmira			II	Qadın		QU-43958	0.00	0.00	0.00	0.00	0.00	0.00	19	\N	295	0.0
1618	Babaşov Akif			I	Kişi	NONE	QU-92701	0.00	0.00	0.00	0.00	0.00	0.00	19	\N	295	0.0
1619	Babaşova Humay			VIP	Qadın	0505129002	QU-26582	0.00	0.00	0.00	0.00	0.00	0.00	19	\N	295	0.0
1620	Mustafayev Bəxtiyar			II	Kişi		QU-71387	0.00	0.00	0.00	0.00	0.00	0.00	19	\N	295	0.0
1621	Məmmədova Fəridə			II	Qadın		QU-08629	0.00	0.00	0.00	0.00	0.00	0.00	19	\N	295	0.0
1622	Məmmədova Mehparə			II	Qadın		QU-50674	0.00	0.00	0.00	0.00	0.00	0.00	19	\N	295	0.0
1623	Orucov Elbrus			I	Kişi		QU-25444	0.00	0.00	0.00	0.00	0.00	0.00	19	\N	295	0.0
1624	Qəhrəmanov Nəriman			II	Kişi		QU-50425	0.00	0.00	0.00	0.00	0.00	0.00	19	\N	295	0.0
1625	Teyfurlu Faiq			II	Kişi		QU-53469	0.00	0.00	0.00	0.00	0.00	0.00	19	\N	295	0.0
1626	Əhmədova Sevinc OF			II	Qadın	assaas	QU-31106	0.00	0.00	0.00	0.00	0.00	0.00	19	\N	295	0.0
1627	Əliyeva Kəmalə			II	Qadın	none	QU-76154	0.00	0.00	0.00	0.00	0.00	0.00	19	\N	295	0.0
1628	Abdullayeva Elnarə			I	Qadın	050554 20 33	QU-67799	0.00	0.00	0.00	0.00	0.00	0.00	19	\N	296	0.0
1629	Muradova Esmira			II	Qadın		QU-57401	0.00	0.00	0.00	0.00	0.00	0.00	19	\N	297	0.0
1630	Məmmədova Sevinc			II	Qadın		QU-71655	0.00	0.00	0.00	0.00	0.00	0.00	19	\N	297	0.0
1631	Nuriyev Binəli			II	Kişi		QU-61549	0.00	0.00	0.00	0.00	0.00	0.00	19	\N	297	0.0
1632	Qurbanov Rəcəb			II	Kişi		QU-07572	0.00	0.00	0.00	0.00	0.00	0.00	19	\N	297	0.0
1633	Qədirova Sevil			II	Qadın		QU-50625	0.00	0.00	0.00	0.00	0.00	0.00	19	\N	297	0.0
1634	Vəlixanova Cəlalə			II	Qadın	050 480 45 72	QU-38049	0.00	0.00	0.00	0.00	0.00	0.00	19	\N	297	0.0
1635	İsayev Əjdər			II	Kişi		QU-02592	0.00	0.00	0.00	0.00	0.00	0.00	19	\N	297	0.0
1636	Əlifxanov Eldar			II	Kişi		QU-41282	0.00	0.00	0.00	0.00	0.00	0.00	19	\N	297	0.0
1637	Bayramov Mehrab			II	Kişi		QU-32217	0.00	0.00	0.00	0.00	0.00	0.00	19	\N	298	0.0
1638	Əhmədova Sevinc			II	Qadın		QU-96575	0.00	0.00	0.00	0.00	0.00	0.00	19	\N	298	0.0
1639	Ələkbərova Bahar			II	Qadın		QU-49490	0.00	0.00	0.00	0.00	0.00	0.00	19	\N	299	0.0
1640	Abbasov Polad			II	Kişi		QU-48186	0.00	0.00	0.00	0.00	0.00	0.00	19	\N	300	0.0
1641	Musayev Musalim			II	Kişi	050 314 03 87	QƏ-69653	0.00	0.00	0.00	0.00	0.00	0.00	20	\N	301	0.0
1642	Qismətov Şakir			I	Kişi	050 376 34 92	QƏ-84539	0.00	0.00	0.00	0.00	0.00	0.00	20	\N	302	0.0
1643	Yaqublu Nicat			II	Kişi		QƏ-85828	0.00	0.00	0.00	0.00	0.00	0.00	20	\N	303	0.0
1644	Babayev Vüsal			II	Kişi	0503220655	QƏ-92095	0.00	0.00	0.00	0.00	0.00	0.00	20	\N	304	0.0
1645	Hacıyev Seid			II	Kişi		QƏ-63318	0.00	0.00	0.00	0.00	0.00	0.00	20	\N	304	0.0
1646	Hacıyeva Fəxrimə			II	Qadın		QƏ-78136	0.00	0.00	0.00	0.00	0.00	0.00	20	\N	304	0.0
1647	Hesenov Elxan			II	Kişi	050 645 52 52	QƏ-34965	0.00	0.00	0.00	0.00	0.00	0.00	20	\N	304	0.0
1648	Hümbetov Yadulla			II	Kişi	050 424 40 12	QƏ-85133	0.00	0.00	0.00	0.00	0.00	0.00	20	\N	304	0.0
1649	Hüseynov Azer			I	Kişi	050 351 24 55	QƏ-51021	0.00	0.00	0.00	0.00	0.00	0.00	20	\N	304	0.0
1650	Kerimova Sedaye			III	Qadın		QƏ-21471	0.00	0.00	0.00	0.00	0.00	0.00	20	\N	304	0.0
1651	Kerimova İrade			II	Qadın		QƏ-01468	0.00	0.00	0.00	0.00	0.00	0.00	20	\N	304	0.0
1652	Mikayılova Ulduz			II	Qadın		QƏ-15835	0.00	0.00	0.00	0.00	0.00	0.00	20	\N	304	0.0
1653	Muradova Sara			II	Qadın		QƏ-50468	0.00	0.00	0.00	0.00	0.00	0.00	20	\N	304	0.0
1654	Musayeva Ceyhunə			II	Qadın	050 458 38 25	QƏ-66074	0.00	0.00	0.00	0.00	0.00	0.00	20	\N	304	0.0
1655	Nebiyeva Yaqut			I	Qadın	051 908 12 37	QƏ-80970	0.00	0.00	0.00	0.00	0.00	0.00	20	\N	304	0.0
1656	Salmanova Sara			II	Qadın	055 825 20 60	QƏ-51350	0.00	0.00	0.00	0.00	0.00	0.00	20	\N	304	0.0
1657	Səfərəliyeva Kəmalə			II	Qadın	055 663 48 62	QƏ-89695	0.00	0.00	0.00	0.00	0.00	0.00	20	\N	304	0.0
1658	Səfərəliyeva Pərvanə			I	Qadın	055 891 93 40	QƏ-96450	0.00	0.00	0.00	0.00	0.00	0.00	20	\N	304	0.0
1659	Tahirova Zümrüd			II	Qadın	0557568986	QƏ-45491	0.00	0.00	0.00	0.00	0.00	0.00	20	\N	304	0.0
1660	Ummetli Qorxmaz			II	Kişi		QƏ-87612	0.00	0.00	0.00	0.00	0.00	0.00	20	\N	304	0.0
1661	Vahabov Natiq			I	Kişi	050 347 50 85	QƏ-65848	0.00	0.00	0.00	0.00	0.00	0.00	20	\N	304	0.0
1662	Vəlixanlı Təranə			II	Kişi		QƏ-19558	0.00	0.00	0.00	0.00	0.00	0.00	20	\N	304	0.0
1663	Yolçuyev Söhret			II	Kişi		QƏ-88126	0.00	0.00	0.00	0.00	0.00	0.00	20	\N	304	0.0
1664	Zəngiyeva Gülsüm			II	Qadın	070 855 77 84	QƏ-06236	0.00	0.00	0.00	0.00	0.00	0.00	20	\N	304	0.0
1665	İbrahimova Gülzar			II	Qadın	0552552940	QƏ-21360	0.00	0.00	0.00	0.00	0.00	0.00	20	\N	304	0.0
1666	İslamov Nərbala			II	Kişi		QƏ-46968	0.00	0.00	0.00	0.00	0.00	0.00	20	\N	304	0.0
1667	Əliyeva Ədalət			I	Qadın		QƏ-84951	0.00	0.00	0.00	0.00	0.00	0.00	20	\N	304	0.0
1668	Lətifova Mərziyyə			I	Qadın	051 647 51 94	QƏ-70911	0.00	0.00	0.00	0.00	0.00	0.00	20	\N	305	0.0
1669	İsrafilova Qalina			II	Qadın		QƏ-60116	0.00	0.00	0.00	0.00	0.00	0.00	20	\N	306	0.0
1670	Osmanov Tural			II	Kişi		QƏ-09118	0.00	0.00	0.00	0.00	0.00	0.00	20	\N	307	0.0
1671	Abdullayev Kamran			I	Kişi		QƏ-72178	0.00	0.00	0.00	0.00	0.00	0.00	20	\N	308	0.0
1672	Alxasova Mehriban			II	Qadın		QƏ-67948	0.00	0.00	0.00	0.00	0.00	0.00	20	\N	308	0.0
1673	Aslanov Saleh			II	Kişi		QƏ-58100	0.00	0.00	0.00	0.00	0.00	0.00	20	\N	308	0.0
1674	Atakişiyev Xanlar			II	Kişi		QƏ-62960	0.00	0.00	0.00	0.00	0.00	0.00	20	\N	308	0.0
1675	Ağayeva Azade			II	Qadın	050 525 52 02	QƏ-41251	0.00	0.00	0.00	0.00	0.00	0.00	20	\N	308	0.0
1676	Babayev Vahid			II	Kişi		QƏ-61508	0.00	0.00	0.00	0.00	0.00	0.00	20	\N	308	0.0
1677	Bağırlı Elçin			I	Kişi	0504498852	QƏ-32541	0.00	0.00	0.00	0.00	0.00	0.00	20	\N	308	0.0
1678	Cəlilov İlqar			II	Kişi		QƏ-98208	0.00	0.00	0.00	0.00	0.00	0.00	20	\N	308	0.0
1679	Eyyubova Azadə			II	Qadın		QƏ-61927	0.00	0.00	0.00	0.00	0.00	0.00	20	\N	308	0.0
1680	Haqverdiyeva Esmira			I	Qadın	050 640 99 96	QƏ-13540	0.00	0.00	0.00	0.00	0.00	0.00	20	\N	308	0.0
1681	Hüseynov Asif			II	Kişi		QƏ-04621	0.00	0.00	0.00	0.00	0.00	0.00	20	\N	308	0.0
1682	Hüseynov İbrahim			II	Kişi		QƏ-25094	0.00	0.00	0.00	0.00	0.00	0.00	20	\N	308	0.0
1683	Hüseynova Sevinc			I	Qadın	0504739717	QƏ-97716	0.00	0.00	0.00	0.00	0.00	0.00	20	\N	308	0.0
1684	Həlimov Abid			I	Kişi	050344 14 37	QƏ-78156	0.00	0.00	0.00	0.00	0.00	0.00	20	\N	308	0.0
1685	Kazımova Aynur			II	Qadın		QƏ-52189	0.00	0.00	0.00	0.00	0.00	0.00	20	\N	308	0.0
1686	Kərimova Gülbəniz			I	Qadın	050 519 16 09	QƏ-83805	0.00	0.00	0.00	0.00	0.00	0.00	20	\N	308	0.0
1687	Kərimova Səxavət			II	Qadın	050 491 45 99	QƏ-62963	0.00	0.00	0.00	0.00	0.00	0.00	20	\N	308	0.0
1688	Mehdiyev Tofiq			II	Kişi		QƏ-52719	0.00	0.00	0.00	0.00	0.00	0.00	20	\N	308	0.0
1689	Memmedov Orxan			II	Kişi		QƏ-61820	0.00	0.00	0.00	0.00	0.00	0.00	20	\N	308	0.0
1690	Mikayıllı Çimnaz			II	Kişi		QƏ-69400	0.00	0.00	0.00	0.00	0.00	0.00	20	\N	308	0.0
1691	Musabeyova Svetlana			II	Qadın	0555898464	QƏ-64223	0.00	0.00	0.00	0.00	0.00	0.00	20	\N	308	0.0
1692	Mütəllibov Adil			VIP	Kişi	050 347 81 55	QƏ-77040	0.00	0.00	0.00	0.00	0.00	0.00	20	\N	308	0.0
1693	Mütəllibov Zaur			II	Kişi		QƏ-05002	0.00	0.00	0.00	0.00	0.00	0.00	20	\N	308	0.0
1694	Məmmədov Malik			II	Kişi		QƏ-10442	0.00	0.00	0.00	0.00	0.00	0.00	20	\N	308	0.0
1695	Məmmədova Elvira			II	Qadın		QƏ-87950	0.00	0.00	0.00	0.00	0.00	0.00	20	\N	308	0.0
1696	Məsimova İfadə			II	Qadın	0517560644	QƏ-97594	0.00	0.00	0.00	0.00	0.00	0.00	20	\N	308	0.0
1697	Nəzirov İmran			I	Kişi	050 399 97 11	QƏ-24847	0.00	0.00	0.00	0.00	0.00	0.00	20	\N	308	0.0
1698	Osmanova Telli			II	Qadın	050 382 80 77	QƏ-79627	0.00	0.00	0.00	0.00	0.00	0.00	20	\N	308	0.0
1699	Pənahova Şəhanə			II	Qadın	0505980653	QƏ-49101	0.00	0.00	0.00	0.00	0.00	0.00	20	\N	308	0.0
1700	Qasımov Arzu			II	Kişi		QƏ-33073	0.00	0.00	0.00	0.00	0.00	0.00	20	\N	308	0.0
1701	Qasımova Rübabə			II	Qadın		QƏ-35419	0.00	0.00	0.00	0.00	0.00	0.00	20	\N	308	0.0
1702	Qasımova Zeyneb			II	Qadın	050 381 65 41	QƏ-43380	0.00	0.00	0.00	0.00	0.00	0.00	20	\N	308	0.0
1703	Qədirli Gülnar			I	Kişi		QƏ-03540	0.00	0.00	0.00	0.00	0.00	0.00	20	\N	308	0.0
1704	Qəribova Türkay			III	Qadın	0557128154	QƏ-31981	0.00	0.00	0.00	0.00	0.00	0.00	20	\N	308	0.0
1705	Rüstəmova Sədaqət			II	Qadın	050 308 89 88	QƏ-98762	0.00	0.00	0.00	0.00	0.00	0.00	20	\N	308	0.0
1706	Rəşid Xanım			II	Kişi		QƏ-16376	0.00	0.00	0.00	0.00	0.00	0.00	20	\N	308	0.0
1707	Rəşid Əhməd			II	Kişi	051 653 17 33	QƏ-85674	0.00	0.00	0.00	0.00	0.00	0.00	20	\N	308	0.0
1708	Seyidova Şəhla			II	Qadın	050 330 12 36	QƏ-64351	0.00	0.00	0.00	0.00	0.00	0.00	20	\N	308	0.0
1709	Süleymanova Nəhayət			II	Qadın	0507329140	QƏ-72854	0.00	0.00	0.00	0.00	0.00	0.00	20	\N	308	0.0
1710	Səfərova Ofelya			I	Qadın	055 796 97 69	QƏ-89260	0.00	0.00	0.00	0.00	0.00	0.00	20	\N	308	0.0
1711	Sərkərov Telman			III	Kişi		QƏ-28429	0.00	0.00	0.00	0.00	0.00	0.00	20	\N	308	0.0
1712	Xəlilov Səməd			II	Kişi		QƏ-42695	0.00	0.00	0.00	0.00	0.00	0.00	20	\N	308	0.0
1713	İbrahimova Dəstəgül			II	Qadın	0505445125	QƏ-74162	0.00	0.00	0.00	0.00	0.00	0.00	20	\N	308	0.0
1714	İsmayılov Vaqif			II	Kişi		QƏ-39145	0.00	0.00	0.00	0.00	0.00	0.00	20	\N	308	0.0
1715	İsmayılova Gülnar			II	Qadın		QƏ-06998	0.00	0.00	0.00	0.00	0.00	0.00	20	\N	308	0.0
1716	Şirinova Sevinc			II	Qadın		QƏ-78724	0.00	0.00	0.00	0.00	0.00	0.00	20	\N	308	0.0
1717	Şəfiyeva Firuzə			II	Qadın		QƏ-81406	0.00	0.00	0.00	0.00	0.00	0.00	20	\N	308	0.0
1718	Şərifli Günay			II	Kişi		QƏ-31205	0.00	0.00	0.00	0.00	0.00	0.00	20	\N	308	0.0
1719	Əbdüləzizova  Günetay			II	Qadın		QƏ-71574	0.00	0.00	0.00	0.00	0.00	0.00	20	\N	308	0.0
1720	Əbdürrəhmanova Fəxrimə			II	Qadın	050 324 65 13	QƏ-98710	0.00	0.00	0.00	0.00	0.00	0.00	20	\N	308	0.0
1721	Əliyev Orxan			I	Kişi	050 663 55 22	QƏ-74137	0.00	0.00	0.00	0.00	0.00	0.00	20	\N	308	0.0
1722	Ələsgərli Safəddin			II	Kişi		QƏ-79403	0.00	0.00	0.00	0.00	0.00	0.00	20	\N	308	0.0
1723	Əmirfətli Tərlan			II	Kişi	051 543 81 16	QƏ-79281	0.00	0.00	0.00	0.00	0.00	0.00	20	\N	308	0.0
1724	Əzimova Şahnaz			II	Qadın	050 408 65 67	QƏ-92471	0.00	0.00	0.00	0.00	0.00	0.00	20	\N	308	0.0
1725	Abdullayev Fariz			II	Kişi	0507412188	QƏ-63548	0.00	0.00	0.00	0.00	0.00	0.00	20	\N	309	0.0
1726	Abduləzizov Hökmran			II	Kişi	050 455 04 29	QƏ-41271	0.00	0.00	0.00	0.00	0.00	0.00	20	\N	309	0.0
1727	Feyzullayeva Mehriban			II	Qadın		QƏ-46513	0.00	0.00	0.00	0.00	0.00	0.00	20	\N	309	0.0
1728	Sadıqov Şirəli			II	Kişi		QƏ-10692	0.00	0.00	0.00	0.00	0.00	0.00	20	\N	309	0.0
1729	Səfərli Pərviz			II	Kişi	none	QƏ-41919	0.00	0.00	0.00	0.00	0.00	0.00	20	\N	309	0.0
1730	İlyasov Azər			II	Kişi		QƏ-68351	0.00	0.00	0.00	0.00	0.00	0.00	20	\N	309	0.0
1731	Verdiyeva Günay			II	Qadın	0504244167	QƏ-38420	0.00	0.00	0.00	0.00	0.00	0.00	20	\N	310	0.0
1732	Məlikov Kamran			II	Kişi	0505254062	QƏ-04594	0.00	0.00	0.00	0.00	0.00	0.00	20	\N	311	0.0
1733	Muxtarov Faiq			II	Kişi		QƏ-97675	0.00	0.00	0.00	0.00	0.00	0.00	20	\N	312	0.0
1734	Məmmədov Bəxtiyar			II	Kişi		QƏ-66892	0.00	0.00	0.00	0.00	0.00	0.00	20	\N	313	0.0
1735	Əhmədova Səidə			II	Qadın	051 654 44 90	QƏ-10194	0.00	0.00	0.00	0.00	0.00	0.00	20	\N	313	0.0
1736	Həmidova Aynur			II	Qadın	0706637290	QƏ-68205	0.00	0.00	0.00	0.00	0.00	0.00	20	\N	314	0.0
1737	Məmmədzadə Gülnar			I	Kişi		QƏ-95774	0.00	0.00	0.00	0.00	0.00	0.00	20	\N	314	0.0
1738	Vəliyeva Həqiqət			I	Qadın		QƏ-63255	0.00	0.00	0.00	0.00	0.00	0.00	20	\N	314	0.0
1739	Zəkəriyəyev Şirvan			II	Kişi	050 574 19 89	QƏ-89732	0.00	0.00	0.00	0.00	0.00	0.00	20	\N	314	0.0
1740	Əlimirzəyev Novruz			VIP	Kişi		QƏ-93045	0.00	0.00	0.00	0.00	0.00	0.00	20	\N	314	0.0
1741	Əliyeva Aytən Sağlam Həyat			II	Qadın	0503044054	QƏ-28989	0.00	0.00	0.00	0.00	0.00	0.00	20	\N	314	0.0
1742	Aşurov Elnur			II	Kişi	0515695154	QƏ-14247	0.00	0.00	0.00	0.00	0.00	0.00	20	\N	315	0.0
1743	Cabbarova Seyran			I	Qadın	050 329 13 71	QƏ-14144	0.00	0.00	0.00	0.00	0.00	0.00	20	\N	316	0.0
1744	Səbzəliyev Vaqif			II	Kişi	050 393 52 82	QƏ-54295	0.00	0.00	0.00	0.00	0.00	0.00	20	\N	317	0.0
1745	Hüseynov Afər			I	Kişi		QƏ-11805	0.00	0.00	0.00	0.00	0.00	0.00	20	\N	318	0.0
1746	Əzizova Validə			III	Qadın		QƏ-37841	0.00	0.00	0.00	0.00	0.00	0.00	20	\N	318	0.0
1747	Yusifov Emin			II	Kişi		QƏ-30910	0.00	0.00	0.00	0.00	0.00	0.00	20	\N	319	0.0
1748	İsmayılov Eldar			II	Kişi	055 285 60 56	QƏ-14743	0.00	0.00	0.00	0.00	0.00	0.00	20	\N	429	0.0
1749	Rəsulov Fəxrəddin			II	Kişi		QƏ-37598	0.00	0.00	0.00	0.00	0.00	0.00	20	\N	320	0.0
1750	Vəliyeva Kəmalə			I	Qadın	0513321090	QƏ-50131	0.00	0.00	0.00	0.00	0.00	0.00	20	\N	321	0.0
1751	Dadaşov Niyazi			II	Kişi		QƏ-13546	0.00	0.00	0.00	0.00	0.00	0.00	20	\N	322	0.0
1752	Abbasov Mehman			I	Kişi		QƏ-50315	0.00	0.00	0.00	0.00	0.00	0.00	20	\N	323	0.0
1753	Abbasova Aytən			II	Qadın	051 722 52 39	QƏ-30676	0.00	0.00	0.00	0.00	0.00	0.00	20	\N	323	0.0
1754	Ağayev Firudin			I	Kişi	0506633133	QƏ-84148	0.00	0.00	0.00	0.00	0.00	0.00	20	\N	323	0.0
1755	Ağayev Mətin			II	Kişi		QƏ-36324	0.00	0.00	0.00	0.00	0.00	0.00	20	\N	323	0.0
1756	Ağayeva Kübra			I	Qadın	0506369733	QƏ-60148	0.00	0.00	0.00	0.00	0.00	0.00	20	\N	323	0.0
1757	Babayeva Gülər			II	Qadın		QƏ-25421	0.00	0.00	0.00	0.00	0.00	0.00	20	\N	323	0.0
1758	Bağırova Səmayə			II	Qadın		QƏ-72353	0.00	0.00	0.00	0.00	0.00	0.00	20	\N	323	0.0
1759	Cəbrayılova Xumar			II	Qadın		QƏ-11722	0.00	0.00	0.00	0.00	0.00	0.00	20	\N	323	0.0
1760	Ekbərova Narxanım			II	Qadın		QƏ-96136	0.00	0.00	0.00	0.00	0.00	0.00	20	\N	323	0.0
1761	Hüseynova Məlahət			II	Qadın		QƏ-59897	0.00	0.00	0.00	0.00	0.00	0.00	20	\N	323	0.0
1762	Həsənova Ülviyyə			II	Qadın		QƏ-00384	0.00	0.00	0.00	0.00	0.00	0.00	20	\N	323	0.0
1763	Maqsudov Lətif			II	Kişi		QƏ-84558	0.00	0.00	0.00	0.00	0.00	0.00	20	\N	323	0.0
1764	Mirzəyeva Afaq			II	Qadın	050 374 60 85	QƏ-28758	0.00	0.00	0.00	0.00	0.00	0.00	20	\N	323	0.0
1765	Nümunə Ad			II	Kişi		QƏ-78942	0.00	0.00	0.00	0.00	0.00	0.00	20	\N	323	0.0
1766	Osmanov Fikrət			II	Kişi		QƏ-96623	0.00	0.00	0.00	0.00	0.00	0.00	20	\N	323	0.0
1767	Qədirov Mehman			II	Kişi	050 890 64 93	QƏ-68928	0.00	0.00	0.00	0.00	0.00	0.00	20	\N	323	0.0
1768	Qəribova Mətanət			II	Qadın		QƏ-05374	0.00	0.00	0.00	0.00	0.00	0.00	20	\N	323	0.0
1769	Salehova Nüşabə			II	Qadın		QƏ-77925	0.00	0.00	0.00	0.00	0.00	0.00	20	\N	323	0.0
1770	Səlimzadə Tural			II	Kişi	none	QƏ-36771	0.00	0.00	0.00	0.00	0.00	0.00	20	\N	323	0.0
1771	Təhməzov Elbrus			II	Kişi		QƏ-84519	0.00	0.00	0.00	0.00	0.00	0.00	20	\N	323	0.0
1772	İdrisov Etibar			II	Kişi	none	QƏ-74913	0.00	0.00	0.00	0.00	0.00	0.00	20	\N	323	0.0
1773	Şirəliyev Şahmurad			II	Kişi	050 591 40 04	QƏ-10201	0.00	0.00	0.00	0.00	0.00	0.00	20	\N	323	0.0
1774	Şıxıyeva Mehriban			I	Qadın	0505532057	QƏ-46608	0.00	0.00	0.00	0.00	0.00	0.00	20	\N	323	0.0
1775	Əliyeva Aytən İsmayıllı			II	Qadın		QƏ-98401	0.00	0.00	0.00	0.00	0.00	0.00	20	\N	323	0.0
1776	Baratlı Həmdanə			III	Kişi		SU-58368	0.00	0.00	0.00	0.00	0.00	0.00	21	\N	324	0.0
1777	Şükürova Sevinc			II	Qadın		SU-66778	0.00	0.00	0.00	0.00	0.00	0.00	21	\N	324	0.0
1778	Əhmədli Nərmin			III	Kişi		SU-15836	0.00	0.00	0.00	0.00	0.00	0.00	21	\N	324	0.0
1896	Aydınov Namidar			I	Kişi		SU-56435	0.00	0.00	0.00	0.00	0.00	0.00	21	\N	352	0.0
1779	Abbasova Elnarə			I	Qadın		SU-80221	0.00	0.00	0.00	0.00	0.00	0.00	21	\N	325	0.0
1780	Abbasova Səbinə			II	Qadın		SU-89774	0.00	0.00	0.00	0.00	0.00	0.00	21	\N	325	0.0
1781	Allahverdiyeva Samirə			II	Qadın		SU-61714	0.00	0.00	0.00	0.00	0.00	0.00	21	\N	325	0.0
1782	Hümbətova Tahirə			II	Qadın		SU-71135	0.00	0.00	0.00	0.00	0.00	0.00	21	\N	325	0.0
1783	Rzayeva Şəlalə			II	Qadın		SU-06218	0.00	0.00	0.00	0.00	0.00	0.00	21	\N	325	0.0
1784	Hacıyeva Dürdanə			II	Qadın		SU-51251	0.00	0.00	0.00	0.00	0.00	0.00	21	\N	326	0.0
1785	Mahmudova Züleyxa			III	Qadın		SU-85835	0.00	0.00	0.00	0.00	0.00	0.00	21	\N	326	0.0
1786	Piriyev Ramin			I	Kişi		SU-66041	0.00	0.00	0.00	0.00	0.00	0.00	21	\N	326	0.0
1787	Salmanova Ülviyyə			II	Qadın		SU-20091	0.00	0.00	0.00	0.00	0.00	0.00	21	\N	326	0.0
1788	Sultanova Təranə			I	Qadın		SU-67514	0.00	0.00	0.00	0.00	0.00	0.00	21	\N	326	0.0
1789	Süleymanov Ceyhun			II	Kişi		SU-01951	0.00	0.00	0.00	0.00	0.00	0.00	21	\N	326	0.0
1790	Səmədova Sevda			II	Qadın		SU-76271	0.00	0.00	0.00	0.00	0.00	0.00	21	\N	326	0.0
1791	Zülfiyev Zeynal			II	Kişi		SU-44865	0.00	0.00	0.00	0.00	0.00	0.00	21	\N	326	0.0
1792	İmanova Şəbnəm			VIP	Qadın		SU-74214	0.00	0.00	0.00	0.00	0.00	0.00	21	\N	326	0.0
1793	Əhmədova Tünzalə			I	Qadın	none	SU-38989	0.00	0.00	0.00	0.00	0.00	0.00	21	\N	326	0.0
1794	Əhmədova Şəbnəm			I	Qadın		SU-11443	0.00	0.00	0.00	0.00	0.00	0.00	21	\N	326	0.0
1795	Hüseynova Sevda			VIP	Qadın		SU-85332	0.00	0.00	0.00	0.00	0.00	0.00	21	\N	327	0.0
1796	Ələsgərova Ramidə			II	Qadın		SU-76060	0.00	0.00	0.00	0.00	0.00	0.00	21	\N	327	0.0
1797	Mürşidova Rəna			II	Qadın		SU-17348	0.00	0.00	0.00	0.00	0.00	0.00	21	\N	328	0.0
1798	Pirvəliyev Hamlet			II	Kişi		SU-99362	0.00	0.00	0.00	0.00	0.00	0.00	21	\N	328	0.0
1799	Zeynallı Turan			VIP	Kişi		SU-32021	0.00	0.00	0.00	0.00	0.00	0.00	21	\N	328	0.0
1800	Seyidova Pərvin			I	Qadın		SU-23410	0.00	0.00	0.00	0.00	0.00	0.00	21	\N	329	0.0
1801	Abdullayeva Elmira			II	Qadın		SU-90693	0.00	0.00	0.00	0.00	0.00	0.00	21	\N	330	0.0
1802	Allahverdiyeva Kamilə			I	Qadın		SU-31667	0.00	0.00	0.00	0.00	0.00	0.00	21	\N	330	0.0
1803	Cabbarova Nubar			I	Qadın		SU-62450	0.00	0.00	0.00	0.00	0.00	0.00	21	\N	330	0.0
1804	Məhərrəmova Xumarə			II	Qadın		SU-03685	0.00	0.00	0.00	0.00	0.00	0.00	21	\N	330	0.0
1805	Novruzova Günəş			II	Qadın		SU-70838	0.00	0.00	0.00	0.00	0.00	0.00	21	\N	330	0.0
1806	Seyidəliyeva Arzu			I	Qadın		SU-50460	0.00	0.00	0.00	0.00	0.00	0.00	21	\N	330	0.0
1807	Səlimova Sevinc			II	Qadın		SU-43429	0.00	0.00	0.00	0.00	0.00	0.00	21	\N	330	0.0
1808	Yunuslu Aytən			I	Kişi		SU-49990	0.00	0.00	0.00	0.00	0.00	0.00	21	\N	330	0.0
1809	Hacıyeva Lalə			I	Qadın		SU-40780	0.00	0.00	0.00	0.00	0.00	0.00	21	\N	331	0.0
1810	Abdullayeva Səbinə			I	Qadın	050 755 73 86	SU-17632	0.00	0.00	0.00	0.00	0.00	0.00	21	\N	332	0.0
1811	Ağazadə Səmral			I	Kişi		SU-93999	0.00	0.00	0.00	0.00	0.00	0.00	21	\N	332	0.0
1812	Hüseynova Sevinc			I	Qadın		SU-21039	0.00	0.00	0.00	0.00	0.00	0.00	21	\N	332	0.0
1813	Musayeva Könül			I	Qadın	050 449 51 89	SU-34643	0.00	0.00	0.00	0.00	0.00	0.00	21	\N	332	0.0
1814	Novruzova Elnurə			II	Qadın		SU-66053	0.00	0.00	0.00	0.00	0.00	0.00	21	\N	332	0.0
1815	Nəbiyeva Kəmalə			II	Qadın		SU-95185	0.00	0.00	0.00	0.00	0.00	0.00	21	\N	332	0.0
1816	Paşayev İlqar			I	Kişi	050 319 99 13	SU-35365	0.00	0.00	0.00	0.00	0.00	0.00	21	\N	332	0.0
1817	Vəliyeva Sevinc			I	Qadın		SU-77945	0.00	0.00	0.00	0.00	0.00	0.00	21	\N	332	0.0
1818	Yusifova Aygün			I	Qadın		SU-94977	0.00	0.00	0.00	0.00	0.00	0.00	21	\N	332	0.0
1819	Yusifova Elnaz			II	Qadın		SU-72869	0.00	0.00	0.00	0.00	0.00	0.00	21	\N	332	0.0
1820	Zeynalov Elçin			II	Kişi		SU-06647	0.00	0.00	0.00	0.00	0.00	0.00	21	\N	332	0.0
1821	Əhmədova Tahirə			I	Qadın	050 483 24 56	SU-06668	0.00	0.00	0.00	0.00	0.00	0.00	21	\N	332	0.0
1822	Əliyeva Qumru			I	Qadın	051 723 95 35	SU-94743	0.00	0.00	0.00	0.00	0.00	0.00	21	\N	332	0.0
1823	Bəxtiyarova Sveta			I	Qadın		SU-69163	0.00	0.00	0.00	0.00	0.00	0.00	21	\N	333	0.0
1824	Cavadova Arzu			I	Qadın		SU-91872	0.00	0.00	0.00	0.00	0.00	0.00	21	\N	333	0.0
1825	Mövsümova Naibə			I	Qadın		SU-82967	0.00	0.00	0.00	0.00	0.00	0.00	21	\N	333	0.0
1826	Quluzadə Leyla			I	Kişi		SU-09770	0.00	0.00	0.00	0.00	0.00	0.00	21	\N	333	0.0
1827	Musayeva Nailə			II	Qadın		SU-59759	0.00	0.00	0.00	0.00	0.00	0.00	21	\N	334	0.0
1828	Məmmədova Zülfiyyə			II	Qadın		SU-50809	0.00	0.00	0.00	0.00	0.00	0.00	21	\N	334	0.0
1829	Bəşirova Aytac			I	Qadın	none	SU-03989	0.00	0.00	0.00	0.00	0.00	0.00	21	\N	335	0.0
1830	Həsənov Natiq			II	Kişi		SU-40498	0.00	0.00	0.00	0.00	0.00	0.00	21	\N	335	0.0
1831	Həsənov Şakir			VIP	Kişi		SU-12184	0.00	0.00	0.00	0.00	0.00	0.00	21	\N	335	0.0
1832	Mürsəlova Natella			III	Qadın		SU-37828	0.00	0.00	0.00	0.00	0.00	0.00	21	\N	335	0.0
1833	Qəhrəmanova Rəqibə			II	Qadın		SU-64040	0.00	0.00	0.00	0.00	0.00	0.00	21	\N	335	0.0
1834	Əliyev Azər			I	Kişi		SU-11574	0.00	0.00	0.00	0.00	0.00	0.00	21	\N	335	0.0
1835	Əliyev Şahin			II	Kişi		SU-43045	0.00	0.00	0.00	0.00	0.00	0.00	21	\N	335	0.0
1836	İkonikova  Lena			II	Qadın		SU-75575	0.00	0.00	0.00	0.00	0.00	0.00	21	\N	336	0.0
1837	Əmrəhova Zülfiyyə			II	Qadın		SU-47725	0.00	0.00	0.00	0.00	0.00	0.00	21	\N	337	0.0
1838	Abdullayeva Türkan			I	Qadın		SU-13920	0.00	0.00	0.00	0.00	0.00	0.00	21	\N	338	0.0
1839	Fərəcov Hicran			III	Kişi		SU-47482	0.00	0.00	0.00	0.00	0.00	0.00	21	\N	339	0.0
1840	Mehdiyeva İradə			I	Qadın		SU-75177	0.00	0.00	0.00	0.00	0.00	0.00	21	\N	339	0.0
1841	Musayev Mətləb			II	Kişi		SU-70290	0.00	0.00	0.00	0.00	0.00	0.00	21	\N	339	0.0
1842	Məmmədova Sevinc			II	Qadın		SU-02422	0.00	0.00	0.00	0.00	0.00	0.00	21	\N	339	0.0
1843	Niyazova İlhamə			I	Qadın		SU-30136	0.00	0.00	0.00	0.00	0.00	0.00	21	\N	339	0.0
1844	Əbilova Sevinc			II	Qadın		SU-22546	0.00	0.00	0.00	0.00	0.00	0.00	21	\N	339	0.0
1845	Quliyev Xankərəm			II	Kişi	3	SU-52614	0.00	0.00	0.00	0.00	0.00	0.00	21	\N	340	0.0
1846	İbadova Lalə			II	Qadın		SU-55626	0.00	0.00	0.00	0.00	0.00	0.00	21	\N	340	0.0
1847	Əhmədov Şaban			II	Kişi		SU-00907	0.00	0.00	0.00	0.00	0.00	0.00	21	\N	340	0.0
1848	Kərimov Vahid			VIP	Kişi		SU-40811	0.00	0.00	0.00	0.00	0.00	0.00	21	\N	341	0.0
1849	İbrahimova Firuzə			II	Qadın		SU-71987	0.00	0.00	0.00	0.00	0.00	0.00	21	\N	341	0.0
1850	Tağızadə Leyla			I	Kişi		SU-09204	0.00	0.00	0.00	0.00	0.00	0.00	21	\N	342	0.0
1851	Ağayarova Rəna			II	Qadın		SU-43822	0.00	0.00	0.00	0.00	0.00	0.00	21	\N	343	0.0
1852	Kərimov Şakir			II	Kişi		SU-30467	0.00	0.00	0.00	0.00	0.00	0.00	21	\N	343	0.0
1853	Seyidov Adil			II	Kişi		SU-98637	0.00	0.00	0.00	0.00	0.00	0.00	21	\N	343	0.0
1854	Mahmudova Raya			I	Qadın		SU-02776	0.00	0.00	0.00	0.00	0.00	0.00	21	\N	344	0.0
1855	Quliyev Bəhman			II	Kişi		SU-52975	0.00	0.00	0.00	0.00	0.00	0.00	21	\N	344	0.0
1856	Qurbanov Yaşar			II	Kişi		SU-47643	0.00	0.00	0.00	0.00	0.00	0.00	21	\N	344	0.0
1857	Yaqubov Elçin			II	Kişi		SU-18482	0.00	0.00	0.00	0.00	0.00	0.00	21	\N	344	0.0
1858	Ümüdov Sahib			II	Kişi		SU-06476	0.00	0.00	0.00	0.00	0.00	0.00	21	\N	344	0.0
1859	Həmzəyeva Mənsurə			I	Qadın		SU-10694	0.00	0.00	0.00	0.00	0.00	0.00	21	\N	345	0.0
1860	Məhərrəmova Lətifə			II	Qadın		SU-34257	0.00	0.00	0.00	0.00	0.00	0.00	21	\N	345	0.0
1861	Nuruşova Rəna			II	Qadın		SU-44673	0.00	0.00	0.00	0.00	0.00	0.00	21	\N	345	0.0
1862	Osmanova Aygün			I	Qadın		SU-37997	0.00	0.00	0.00	0.00	0.00	0.00	21	\N	345	0.0
1863	Yavərəliyeva Lamiyə			II	Qadın		SU-15345	0.00	0.00	0.00	0.00	0.00	0.00	21	\N	345	0.0
1864	Əhədova Esmira			II	Qadın		SU-63139	0.00	0.00	0.00	0.00	0.00	0.00	21	\N	345	0.0
1865	Ələsgərova Könül			II	Qadın		SU-43651	0.00	0.00	0.00	0.00	0.00	0.00	21	\N	345	0.0
1866	Yusifov Arif			VIP	Kişi		SU-82621	0.00	0.00	0.00	0.00	0.00	0.00	21	\N	346	0.0
1867	Nəzərova Ülviyyə			I	Qadın		SU-75165	0.00	0.00	0.00	0.00	0.00	0.00	21	\N	347	0.0
1868	Səlimli Sevda			II	Kişi		SU-90135	0.00	0.00	0.00	0.00	0.00	0.00	21	\N	347	0.0
1869	Şəfiyevə Xəyalə			II	Kişi		SU-45041	0.00	0.00	0.00	0.00	0.00	0.00	21	\N	347	0.0
1870	Müslümova İlahə			I	Qadın		SU-95243	0.00	0.00	0.00	0.00	0.00	0.00	21	\N	348	0.0
1871	Abdullayeva Nigar			I	Qadın	none	SU-43809	0.00	0.00	0.00	0.00	0.00	0.00	21	\N	349	0.0
1872	Cəfərova Yeganə			I	Qadın	none	SU-91244	0.00	0.00	0.00	0.00	0.00	0.00	21	\N	349	0.0
1873	Cəfərova Əminə			I	Qadın	none	SU-41194	0.00	0.00	0.00	0.00	0.00	0.00	21	\N	349	0.0
1874	Mikayılova Vüsalə			I	Qadın	none	SU-50053	0.00	0.00	0.00	0.00	0.00	0.00	21	\N	349	0.0
1875	Məmmədov Bərxudar			II	Kişi		SU-96622	0.00	0.00	0.00	0.00	0.00	0.00	21	\N	349	0.0
1876	Rəsulov Xəqani			II	Kişi	none	SU-02031	0.00	0.00	0.00	0.00	0.00	0.00	21	\N	349	0.0
1877	Zamanova Arzu			I	Qadın		SU-36919	0.00	0.00	0.00	0.00	0.00	0.00	21	\N	349	0.0
1878	Ziyadov Elnur			I	Kişi		SU-68338	0.00	0.00	0.00	0.00	0.00	0.00	21	\N	349	0.0
1879	Ağayev Fuad			VIP	Kişi		SU-11516	0.00	0.00	0.00	0.00	0.00	0.00	21	\N	350	0.0
1880	Məmmədov İslam			II	Kişi		SU-69247	0.00	0.00	0.00	0.00	0.00	0.00	21	\N	350	0.0
1881	Ağayeva Gülnarə			II	Qadın		SU-13439	0.00	0.00	0.00	0.00	0.00	0.00	21	\N	351	0.0
1882	Cahangirova Çiçək			I	Qadın		SU-56705	0.00	0.00	0.00	0.00	0.00	0.00	21	\N	351	0.0
1883	Dadaşova Sevinc			VIP	Qadın		SU-52010	0.00	0.00	0.00	0.00	0.00	0.00	21	\N	351	0.0
1884	Hüseynov Etibar			II	Kişi		SU-45881	0.00	0.00	0.00	0.00	0.00	0.00	21	\N	351	0.0
1885	Həşimov Rəhim			I	Kişi		SU-69310	0.00	0.00	0.00	0.00	0.00	0.00	21	\N	351	0.0
1886	Kazımova Könül			II	Qadın		SU-48855	0.00	0.00	0.00	0.00	0.00	0.00	21	\N	351	0.0
1887	Mirzəyev Arif			I	Kişi		SU-40033	0.00	0.00	0.00	0.00	0.00	0.00	21	\N	351	0.0
1888	Muradov Samir			I	Kişi		SU-66589	0.00	0.00	0.00	0.00	0.00	0.00	21	\N	351	0.0
1889	Rzayev Adil			II	Kişi		SU-26774	0.00	0.00	0.00	0.00	0.00	0.00	21	\N	351	0.0
1890	Tanrıverdiyeva Aygün			I	Qadın		SU-69655	0.00	0.00	0.00	0.00	0.00	0.00	21	\N	351	0.0
1891	Vəliyev Səfərbər			II	Kişi		SU-00069	0.00	0.00	0.00	0.00	0.00	0.00	21	\N	351	0.0
1892	Zeynalov Cahid			II	Kişi		SU-73527	0.00	0.00	0.00	0.00	0.00	0.00	21	\N	351	0.0
1893	İsmayılov Rusif			II	Kişi		SU-63399	0.00	0.00	0.00	0.00	0.00	0.00	21	\N	351	0.0
1894	İsmayılov Şahrux			II	Kişi		SU-81206	0.00	0.00	0.00	0.00	0.00	0.00	21	\N	351	0.0
1895	Əliyev Bəxtiyar			I	Kişi		SU-62906	0.00	0.00	0.00	0.00	0.00	0.00	21	\N	351	0.0
1897	Əliyev Natiq			II	Kişi		SU-93940	0.00	0.00	0.00	0.00	0.00	0.00	21	\N	352	0.0
1898	İslamzadə Həyati			II	Kişi		SU-70267	0.00	0.00	0.00	0.00	0.00	0.00	21	\N	353	0.0
1899	Bayramov Sidqəli			II	Kişi	055 884 84 44	SU-00717	0.00	0.00	0.00	0.00	0.00	0.00	21	\N	354	0.0
1900	Haqverdiyev Salman			II	Kişi		SU-02383	0.00	0.00	0.00	0.00	0.00	0.00	21	\N	354	0.0
1901	İsayeva Nigar			II	Qadın		SU-33734	0.00	0.00	0.00	0.00	0.00	0.00	21	\N	354	0.0
1902	Qurbanov Qabil			I	Kişi	050 371 55 08	SU-52920	0.00	0.00	0.00	0.00	0.00	0.00	21	\N	355	0.0
1903	Şəkərov Seymur			I	Kişi		SU-93511	0.00	0.00	0.00	0.00	0.00	0.00	21	\N	355	0.0
1904	Bağırova Könül			I	Qadın		ZA-89624	0.00	0.00	0.00	0.00	0.00	0.00	27	\N	356	0.0
1905	Kərimli Gövhər			I	Kişi		ZA-97653	0.00	0.00	0.00	0.00	0.00	0.00	27	\N	356	0.0
1906	Quliyev Məzahir			I	Kişi		ZA-14544	0.00	0.00	0.00	0.00	0.00	0.00	27	\N	356	0.0
1907	İsmayılova Aynur			I	Qadın		ZA-80879	0.00	0.00	0.00	0.00	0.00	0.00	27	\N	356	0.0
1908	İbrahimova Raziyyə			VIP	Qadın		ZA-14590	0.00	0.00	0.00	0.00	0.00	0.00	27	\N	357	0.0
1909	Həsənova İlahə			I	Qadın		ZA-66178	0.00	0.00	0.00	0.00	0.00	0.00	27	\N	358	0.0
1910	Namaova Esmira			I	Qadın		ZA-64778	0.00	0.00	0.00	0.00	0.00	0.00	27	\N	358	0.0
1911	Xudaverdiyeva İlkanə			II	Qadın		ZA-10230	0.00	0.00	0.00	0.00	0.00	0.00	27	\N	358	0.0
1912	İradə Ekol			I	Kişi		ZA-15948	0.00	0.00	0.00	0.00	0.00	0.00	27	\N	358	0.0
1913	Alıyeva Günay			II	Qadın	none	ZA-49494	0.00	0.00	0.00	0.00	0.00	0.00	27	\N	359	0.0
1914	Eyyubov Zeynal			VIP	Kişi		ZA-33904	0.00	0.00	0.00	0.00	0.00	0.00	27	\N	359	0.0
1915	Fidan			I	Kişi		ZA-52316	0.00	0.00	0.00	0.00	0.00	0.00	27	\N	359	0.0
1916	Hüseynova Nailə			I	Qadın		ZA-21782	0.00	0.00	0.00	0.00	0.00	0.00	27	\N	359	0.0
1917	İsgəndərov Gülər			I	Kişi	1	ZA-88983	0.00	0.00	0.00	0.00	0.00	0.00	27	\N	359	0.0
1918	Əliyeva Mirvari			II	Qadın		ZA-57012	0.00	0.00	0.00	0.00	0.00	0.00	27	\N	359	0.0
1919	Baxışov Almaz			III	Kişi		ŞA-22060	0.00	0.00	0.00	0.00	0.00	0.00	22	\N	360	0.0
1920	Gülümov Seyidağa			II	Kişi		ŞA-21603	0.00	0.00	0.00	0.00	0.00	0.00	22	\N	360	0.0
1921	Hasilova Aynur			II	Qadın	077 305 51 75	ŞA-09826	0.00	0.00	0.00	0.00	0.00	0.00	22	\N	360	0.0
1922	Mehralıyeva Peykan			VIP	Qadın		ŞA-87095	0.00	0.00	0.00	0.00	0.00	0.00	22	\N	360	0.0
1923	Mirzəxanov Tahir			I	Kişi		ŞA-25630	0.00	0.00	0.00	0.00	0.00	0.00	22	\N	360	0.0
1924	Qasımova Təranə			II	Qadın		ŞA-73303	0.00	0.00	0.00	0.00	0.00	0.00	22	\N	360	0.0
1925	Quliyev Pərviz			I	Kişi		ŞA-54015	0.00	0.00	0.00	0.00	0.00	0.00	22	\N	360	0.0
1926	Soltiyev Etibar			I	Kişi	055 264 45 33	ŞA-49397	0.00	0.00	0.00	0.00	0.00	0.00	22	\N	360	0.0
1927	İbrahimov Kamran			I	Kişi		ŞA-01041	0.00	0.00	0.00	0.00	0.00	0.00	22	\N	360	0.0
1928	İsayev Məzahir			II	Kişi		ŞA-60650	0.00	0.00	0.00	0.00	0.00	0.00	22	\N	360	0.0
1929	Şirinov İsmayıl			I	Kişi		ŞA-99181	0.00	0.00	0.00	0.00	0.00	0.00	22	\N	360	0.0
1930	Əhmədov Fərhad			I	Kişi		ŞA-26152	0.00	0.00	0.00	0.00	0.00	0.00	22	\N	360	0.0
1931	Əliyeva Güney			I	Qadın		ŞA-96451	0.00	0.00	0.00	0.00	0.00	0.00	22	\N	360	0.0
1932	Əsədov Tehran			II	Kişi		ŞA-87268	0.00	0.00	0.00	0.00	0.00	0.00	22	\N	360	0.0
1933	Əzizov Fazil			III	Kişi		ŞA-29505	0.00	0.00	0.00	0.00	0.00	0.00	22	\N	360	0.0
1934	Əzizova Yeganə			I	Qadın		ŞA-05385	0.00	0.00	0.00	0.00	0.00	0.00	22	\N	360	0.0
1935	arxiv Abbasova Tehmine			III	Kişi		ŞA-33897	0.00	0.00	0.00	0.00	0.00	0.00	22	\N	361	0.0
1936	Abadova Təhminə			II	Qadın		ŞA-04977	0.00	0.00	0.00	0.00	0.00	0.00	22	\N	362	0.0
1937	Heydərov Rahim			II	Kişi		ŞA-57080	0.00	0.00	0.00	0.00	0.00	0.00	22	\N	362	0.0
1938	Şirinov Əjdər			II	Kişi	050 341 95 85	ŞA-70753	0.00	0.00	0.00	0.00	0.00	0.00	22	\N	363	0.0
1939	Abdullayeva Sevil			II	Qadın	0503305666	ŞA-64777	0.00	0.00	0.00	0.00	0.00	0.00	22	\N	364	0.0
1940	Atamalıyev Seyfulla			II	Kişi	050 357 56 62	ŞA-51854	0.00	0.00	0.00	0.00	0.00	0.00	22	\N	364	0.0
1941	Hidayətov Vidadi			VIP	Kişi	050 527 20 19	ŞA-92838	0.00	0.00	0.00	0.00	0.00	0.00	22	\N	364	0.0
1942	Kərimov Baris			II	Kişi	050 373 71 94	ŞA-18569	0.00	0.00	0.00	0.00	0.00	0.00	22	\N	364	0.0
1943	Kərimova Elnurə			II	Qadın	055 936 71 29	ŞA-23963	0.00	0.00	0.00	0.00	0.00	0.00	22	\N	364	0.0
1944	Manafov Balabəy			I	Kişi		ŞA-14950	0.00	0.00	0.00	0.00	0.00	0.00	22	\N	364	0.0
1945	Muradov Malik			I	Kişi	050 342 29 18	ŞA-17107	0.00	0.00	0.00	0.00	0.00	0.00	22	\N	364	0.0
1946	Muradova Ləman			I	Qadın	none	ŞA-64336	0.00	0.00	0.00	0.00	0.00	0.00	22	\N	364	0.0
1947	Mustafayeva Səbinə			II	Qadın		ŞA-25944	0.00	0.00	0.00	0.00	0.00	0.00	22	\N	364	0.0
1948	Məmmədov Mehman			II	Kişi	050 669 30 07	ŞA-79373	0.00	0.00	0.00	0.00	0.00	0.00	22	\N	364	0.0
1949	Seyidova Zinət			II	Qadın	055 862 29 63	ŞA-57403	0.00	0.00	0.00	0.00	0.00	0.00	22	\N	364	0.0
1950	Vahidov Nəsimi			I	Kişi	050 372 58 16	ŞA-40554	0.00	0.00	0.00	0.00	0.00	0.00	22	\N	364	0.0
1951	İbrahimov Elşən			II	Kişi		ŞA-04145	0.00	0.00	0.00	0.00	0.00	0.00	22	\N	364	0.0
1952	İsmayılova Xatirə			I	Qadın		ŞA-64886	0.00	0.00	0.00	0.00	0.00	0.00	22	\N	364	0.0
1953	Əliyev Çingiz			I	Kişi	051 725 83 43	ŞA-82128	0.00	0.00	0.00	0.00	0.00	0.00	22	\N	364	0.0
1954	Əzizov Rasim			II	Kişi		ŞA-21443	0.00	0.00	0.00	0.00	0.00	0.00	22	\N	364	0.0
1955	Aslanova Şəhla			I	Qadın	0775610353	ŞA-87505	0.00	0.00	0.00	0.00	0.00	0.00	22	\N	365	0.0
1956	Bədirov Mərdan			I	Kişi		ŞA-63054	0.00	0.00	0.00	0.00	0.00	0.00	22	\N	365	0.0
1957	Cəfərova Ellada			I	Qadın		ŞA-13554	0.00	0.00	0.00	0.00	0.00	0.00	22	\N	365	0.0
1958	Cəfərova Vüsalə			II	Qadın		ŞA-45033	0.00	0.00	0.00	0.00	0.00	0.00	22	\N	365	0.0
1959	Cəlilov Cəlil			I	Kişi		ŞA-56922	0.00	0.00	0.00	0.00	0.00	0.00	22	\N	365	0.0
1960	Eminov Maxsud			II	Kişi		ŞA-69086	0.00	0.00	0.00	0.00	0.00	0.00	22	\N	365	0.0
1961	Muradov Vidadi			II	Kişi		ŞA-47813	0.00	0.00	0.00	0.00	0.00	0.00	22	\N	365	0.0
1962	Məmmədova Nərgiz			I	Qadın		ŞA-72191	0.00	0.00	0.00	0.00	0.00	0.00	22	\N	365	0.0
1963	Şirəliyeva Səadət			I	Qadın		ŞA-28499	0.00	0.00	0.00	0.00	0.00	0.00	22	\N	365	0.0
1964	Ələkbərli Fərid			II	Kişi		ŞA-73639	0.00	0.00	0.00	0.00	0.00	0.00	22	\N	365	0.0
1965	Babayeva Rəna			II	Qadın		ŞA-58308	0.00	0.00	0.00	0.00	0.00	0.00	22	\N	366	0.0
1966	Həsənzadə Pərvin			II	Kişi	055 799 02 81	ŞA-33180	0.00	0.00	0.00	0.00	0.00	0.00	22	\N	366	0.0
1967	Nəsirova Aygün			I	Qadın	0503112383	ŞA-78870	0.00	0.00	0.00	0.00	0.00	0.00	22	\N	366	0.0
1968	Qəhrəmanlı Xəyalə			I	Kişi		ŞA-70946	0.00	0.00	0.00	0.00	0.00	0.00	22	\N	366	0.0
1969	Qəhrəmanova Tünzalə			I	Qadın		ŞA-46945	0.00	0.00	0.00	0.00	0.00	0.00	22	\N	366	0.0
1970	Rzayeva Aynur			II	Qadın	070 875 12 17	ŞA-81433	0.00	0.00	0.00	0.00	0.00	0.00	22	\N	366	0.0
1971	Rəhimli Vahid			II	Kişi		ŞA-89151	0.00	0.00	0.00	0.00	0.00	0.00	22	\N	366	0.0
1972	Yusifova Əminə			II	Qadın		ŞA-02803	0.00	0.00	0.00	0.00	0.00	0.00	22	\N	366	0.0
1973	Üzeyirov Rəsul			I	Kişi		ŞA-57699	0.00	0.00	0.00	0.00	0.00	0.00	22	\N	366	0.0
1974	Əlizadə Gülər			II	Kişi	055 240 45 28	ŞA-75860	0.00	0.00	0.00	0.00	0.00	0.00	22	\N	366	0.0
1975	Abışov Orxan			III	Kişi		ŞA-18800	0.00	0.00	0.00	0.00	0.00	0.00	22	\N	367	0.0
1976	Cavadova Aytən			II	Qadın		ŞA-34846	0.00	0.00	0.00	0.00	0.00	0.00	22	\N	367	0.0
1977	Mürşüdov Vüsal			I	Kişi		ŞA-28685	0.00	0.00	0.00	0.00	0.00	0.00	22	\N	367	0.0
1978	Abdullayev Mahir			I	Kişi		ŞA-38134	0.00	0.00	0.00	0.00	0.00	0.00	22	\N	368	0.0
1979	Eyyubova Elmira			II	Qadın		ŞA-42483	0.00	0.00	0.00	0.00	0.00	0.00	22	\N	368	0.0
1980	Fətəliyev Səməd			I	Kişi		ŞA-80239	0.00	0.00	0.00	0.00	0.00	0.00	22	\N	368	0.0
1981	Haciyeva Lale			I	Qadın		ŞA-16756	0.00	0.00	0.00	0.00	0.00	0.00	22	\N	368	0.0
1982	Huseynova Tunzale			III	Qadın		ŞA-24360	0.00	0.00	0.00	0.00	0.00	0.00	22	\N	368	0.0
1983	Hüseynov Azər			I	Kişi		ŞA-72002	0.00	0.00	0.00	0.00	0.00	0.00	22	\N	368	0.0
1984	Həsənova Fəzilə			II	Qadın	051 830 40 24	ŞA-38060	0.00	0.00	0.00	0.00	0.00	0.00	22	\N	368	0.0
1985	Həsənova Səkinə			I	Qadın	050 791 14 07	ŞA-88488	0.00	0.00	0.00	0.00	0.00	0.00	22	\N	368	0.0
1986	Mehraliyev Tariverdi			II	Kişi		ŞA-16978	0.00	0.00	0.00	0.00	0.00	0.00	22	\N	368	0.0
1987	Mensimov Amil			II	Kişi	055 741 35 35	ŞA-99004	0.00	0.00	0.00	0.00	0.00	0.00	22	\N	368	0.0
1988	Nadirov Azər			I	Kişi		ŞA-63568	0.00	0.00	0.00	0.00	0.00	0.00	22	\N	368	0.0
1989	Sədrəyeva Dilarə			VIP	Qadın		ŞA-47245	0.00	0.00	0.00	0.00	0.00	0.00	22	\N	368	0.0
1990	Zairov Refahet			II	Kişi		ŞA-08231	0.00	0.00	0.00	0.00	0.00	0.00	22	\N	368	0.0
1991	Əfəndiyeva Sevinc			I	Qadın		ŞA-71802	0.00	0.00	0.00	0.00	0.00	0.00	22	\N	368	0.0
1992	Allahverdiyeva Mahirə			II	Qadın		ŞA-24358	0.00	0.00	0.00	0.00	0.00	0.00	22	\N	369	0.0
1993	Babayeva Gülzar			II	Qadın		ŞA-75743	0.00	0.00	0.00	0.00	0.00	0.00	22	\N	369	0.0
1994	Məmmədova Bahar			I	Qadın		ŞA-17702	0.00	0.00	0.00	0.00	0.00	0.00	22	\N	369	0.0
1995	Məmmədova Mətanət			I	Qadın		ŞA-82437	0.00	0.00	0.00	0.00	0.00	0.00	22	\N	369	0.0
1996	Quliyeva Nigar			II	Qadın		ŞA-72973	0.00	0.00	0.00	0.00	0.00	0.00	22	\N	369	0.0
1997	Sadıqzadə Nərgiz			I	Kişi		ŞA-65653	0.00	0.00	0.00	0.00	0.00	0.00	22	\N	369	0.0
1998	Soltanova Məlahət			II	Qadın	0556701219	ŞA-57716	0.00	0.00	0.00	0.00	0.00	0.00	22	\N	369	0.0
1999	Əzizova Pərvin			II	Qadın		ŞA-25747	0.00	0.00	0.00	0.00	0.00	0.00	22	\N	369	0.0
2000	Əbduləzimzadə Aynur			III	Kişi		ŞA-13343	0.00	0.00	0.00	0.00	0.00	0.00	22	\N	370	0.0
2001	Əliyev Məsum			II	Kişi		ŞA-83888	0.00	0.00	0.00	0.00	0.00	0.00	22	\N	371	0.0
2002	Əmirova Kəklik			I	Qadın		ŞA-81450	0.00	0.00	0.00	0.00	0.00	0.00	22	\N	372	0.0
2003	Aidə Zairova			III	Kişi		ŞA-64669	0.00	0.00	0.00	0.00	0.00	0.00	22	\N	373	0.0
2004	Almira Sasani			I	Qadın		ŞA-86596	0.00	0.00	0.00	0.00	0.00	0.00	22	\N	373	0.0
2005	Muxtarov Eltun			II	Kişi		ŞA-36200	0.00	0.00	0.00	0.00	0.00	0.00	22	\N	373	0.0
2006	Məhəmməd Xəlilov			III	Kişi		ŞA-51949	0.00	0.00	0.00	0.00	0.00	0.00	22	\N	373	0.0
2007	Palina Əliyeva			II	Qadın		ŞA-13173	0.00	0.00	0.00	0.00	0.00	0.00	22	\N	374	0.0
2008	Vahidova Təranə			II	Qadın	0506106712	ŞA-61887	0.00	0.00	0.00	0.00	0.00	0.00	22	\N	374	0.0
2009	Abduləzizova Nərminə			I	Qadın		ŞA-84788	0.00	0.00	0.00	0.00	0.00	0.00	22	\N	375	0.0
2010	Ağayev İslam			II	Kişi		ŞA-06928	0.00	0.00	0.00	0.00	0.00	0.00	22	\N	375	0.0
2011	Camalov Ağaseyid			II	Kişi		ŞA-66049	0.00	0.00	0.00	0.00	0.00	0.00	22	\N	375	0.0
2012	Həsənova Sevinc			II	Qadın		ŞA-61947	0.00	0.00	0.00	0.00	0.00	0.00	22	\N	375	0.0
2013	Novruzova Rəna			I	Qadın		ŞA-18572	0.00	0.00	0.00	0.00	0.00	0.00	22	\N	375	0.0
2014	Sadıqova Aysel			I	Qadın	0504221705	ŞA-00939	0.00	0.00	0.00	0.00	0.00	0.00	22	\N	375	0.0
2015	Tağıyeva İradə			II	Qadın		ŞA-36290	0.00	0.00	0.00	0.00	0.00	0.00	22	\N	375	0.0
2016	Şikarov Zöhrab			III	Kişi		ŞA-13452	0.00	0.00	0.00	0.00	0.00	0.00	22	\N	375	0.0
2017	Şərifov İsa			III	Kişi		ŞA-30989	0.00	0.00	0.00	0.00	0.00	0.00	22	\N	375	0.0
2018	Ədalətli Xətai			I	Kişi		ŞA-68884	0.00	0.00	0.00	0.00	0.00	0.00	22	\N	375	0.0
2019	Əliyeva Elnurə			I	Qadın		ŞA-54510	0.00	0.00	0.00	0.00	0.00	0.00	22	\N	375	0.0
2020	Firilov Fuad			I	Kişi		ŞA-72763	0.00	0.00	0.00	0.00	0.00	0.00	22	\N	376	0.0
2021	Həsənov Surac			II	Kişi		ŞA-82654	0.00	0.00	0.00	0.00	0.00	0.00	22	\N	376	0.0
2022	Əliyev Mərdan			I	Kişi		ŞA-05878	0.00	0.00	0.00	0.00	0.00	0.00	22	\N	376	0.0
2023	.			II	Kişi		ŞI-14630	0.00	0.00	0.00	0.00	0.00	0.00	23	\N	377	0.0
2024	.			II	Kişi		ŞI-90394	0.00	0.00	0.00	0.00	0.00	0.00	23	\N	378	0.0
2025	Baxşıyeva Zoya			I	Qadın		ŞI-14565	0.00	0.00	0.00	0.00	0.00	0.00	23	\N	378	0.0
2026	Hüseynov Rabil			III	Kişi		ŞI-21044	0.00	0.00	0.00	0.00	0.00	0.00	23	\N	378	0.0
2027	Qəfərov Elşən			II	Kişi	0503730488	ŞI-37833	0.00	0.00	0.00	0.00	0.00	0.00	23	\N	378	0.0
2028	Xəlilov Adil			II	Kişi		ŞI-93227	0.00	0.00	0.00	0.00	0.00	0.00	23	\N	378	0.0
2029	Əhədov Cəlal			II	Kişi		ŞI-47288	0.00	0.00	0.00	0.00	0.00	0.00	23	\N	378	0.0
2030	Bağırov Xəlil			I	Kişi		ŞI-39458	0.00	0.00	0.00	0.00	0.00	0.00	23	\N	379	0.0
2031	Cəfərova  Təranə			I	Qadın		ŞI-68159	0.00	0.00	0.00	0.00	0.00	0.00	23	\N	379	0.0
2032	Ağayeva Xatirə			I	Qadın		ŞI-13317	0.00	0.00	0.00	0.00	0.00	0.00	23	\N	380	0.0
2033	Mustafayeva Taliyə			II	Qadın		ŞI-89089	0.00	0.00	0.00	0.00	0.00	0.00	23	\N	380	0.0
2034	Məmmədov Mirqəfər			III	Kişi		ŞI-70417	0.00	0.00	0.00	0.00	0.00	0.00	23	\N	380	0.0
2035	Qəhramanov Yenifayıl			II	Kişi		ŞI-39566	0.00	0.00	0.00	0.00	0.00	0.00	23	\N	380	0.0
2036	Salmanova Aygün			I	Qadın		ŞI-58413	0.00	0.00	0.00	0.00	0.00	0.00	23	\N	380	0.0
2037	Xankişiyeva Fidan			II	Qadın		ŞI-79763	0.00	0.00	0.00	0.00	0.00	0.00	23	\N	380	0.0
2038	Xəlilov Zaman			II	Kişi		ŞI-51450	0.00	0.00	0.00	0.00	0.00	0.00	23	\N	380	0.0
2039	İsmayılova Atac			I	Qadın		ŞI-55908	0.00	0.00	0.00	0.00	0.00	0.00	23	\N	380	0.0
2040	Əhmədova Gülbəniz			III	Qadın		ŞI-72834	0.00	0.00	0.00	0.00	0.00	0.00	23	\N	380	0.0
2041	Əliyeva Rəsmiyə			II	Qadın		ŞI-24368	0.00	0.00	0.00	0.00	0.00	0.00	23	\N	380	0.0
2042	Xanməmmədova Ülviyyə			II	Qadın		ŞI-37307	0.00	0.00	0.00	0.00	0.00	0.00	23	\N	381	0.0
2043	Dadaşov Çingiz			III	Kişi		ŞI-72601	0.00	0.00	0.00	0.00	0.00	0.00	23	\N	382	0.0
2044	Ənvərli Sevinc			I	Kişi		ŞI-41978	0.00	0.00	0.00	0.00	0.00	0.00	23	\N	382	0.0
2045	Axundova Nigar			I	Qadın		ŞI-42621	0.00	0.00	0.00	0.00	0.00	0.00	23	\N	383	0.0
2046	Ağabəyova Gültəkin			II	Qadın	050 441 02 84	ŞI-52544	0.00	0.00	0.00	0.00	0.00	0.00	23	\N	383	0.0
2047	Ağabəyova Tehran			I	Qadın		ŞI-35262	0.00	0.00	0.00	0.00	0.00	0.00	23	\N	383	0.0
2048	Hüseynov Nurlan			II	Kişi		ŞI-98174	0.00	0.00	0.00	0.00	0.00	0.00	23	\N	383	0.0
2049	Mirqəfər dr.			III	Kişi		ŞI-85671	0.00	0.00	0.00	0.00	0.00	0.00	23	\N	383	0.0
2050	Muradova Ülkər			II	Qadın		ŞI-13910	0.00	0.00	0.00	0.00	0.00	0.00	23	\N	383	0.0
2051	Səmədova Səkinə			I	Qadın		ŞI-04133	0.00	0.00	0.00	0.00	0.00	0.00	23	\N	383	0.0
2052	Səmədzadə Fatma			I	Kişi		ŞI-11457	0.00	0.00	0.00	0.00	0.00	0.00	23	\N	383	0.0
2053	Vahidova Gülnarə			II	Qadın		ŞI-14446	0.00	0.00	0.00	0.00	0.00	0.00	23	\N	383	0.0
2054	Xodayeva Dinara			I	Qadın	050 866 25 76	ŞI-37135	0.00	0.00	0.00	0.00	0.00	0.00	23	\N	383	0.0
2055	İbişov Çingiz			II	Kişi		ŞI-29894	0.00	0.00	0.00	0.00	0.00	0.00	23	\N	383	0.0
2056	İbradim dr.			II	Kişi		ŞI-84053	0.00	0.00	0.00	0.00	0.00	0.00	23	\N	383	0.0
2057	Şahbazova Siddiqə			II	Qadın	0506332561	ŞI-79091	0.00	0.00	0.00	0.00	0.00	0.00	23	\N	383	0.0
2058	Feyzullayev Manafağa			I	Kişi		ŞI-91791	0.00	0.00	0.00	0.00	0.00	0.00	23	\N	384	0.0
2059	Hüseynova Rahilə			II	Qadın		ŞI-07460	0.00	0.00	0.00	0.00	0.00	0.00	23	\N	384	0.0
2060	Kərimov Sabir			II	Kişi		ŞI-79500	0.00	0.00	0.00	0.00	0.00	0.00	23	\N	384	0.0
2061	Abbasova Şəhla			II	Qadın		ŞI-51581	0.00	0.00	0.00	0.00	0.00	0.00	23	\N	385	0.0
2062	Heybətov Namiq			I	Kişi		ŞI-90430	0.00	0.00	0.00	0.00	0.00	0.00	23	\N	385	0.0
2063	Müxtəsimov Yusif			I	Kişi	050 309 00 52	ŞI-38465	0.00	0.00	0.00	0.00	0.00	0.00	23	\N	385	0.0
2064	Namazova Pərzad			II	Qadın		ŞI-72513	0.00	0.00	0.00	0.00	0.00	0.00	23	\N	385	0.0
2065	Niftiyev İman			II	Kişi		ŞI-92774	0.00	0.00	0.00	0.00	0.00	0.00	23	\N	385	0.0
2066	Qurbanova Aygün			I	Qadın		ŞI-11458	0.00	0.00	0.00	0.00	0.00	0.00	23	\N	385	0.0
2067	Salmanov Elyar			II	Kişi		ŞI-58011	0.00	0.00	0.00	0.00	0.00	0.00	23	\N	385	0.0
2068	Seyidova Kəmalə			I	Qadın		ŞI-90902	0.00	0.00	0.00	0.00	0.00	0.00	23	\N	385	0.0
2069	İbrahimova Aysel			II	Qadın		ŞI-11045	0.00	0.00	0.00	0.00	0.00	0.00	23	\N	385	0.0
2070	Mirzəyev İlqar			I	Kişi		ŞI-47154	0.00	0.00	0.00	0.00	0.00	0.00	23	\N	386	0.0
2071	Rəhimova Zülfiyyə			I	Qadın		ŞI-01350	0.00	0.00	0.00	0.00	0.00	0.00	23	\N	387	0.0
2072	Rəna İsrafilova			II	Qadın		ŞI-59713	0.00	0.00	0.00	0.00	0.00	0.00	23	\N	387	0.0
2073	Çimnaz Fərzəliyeva			I	Kişi		ŞI-61130	0.00	0.00	0.00	0.00	0.00	0.00	23	\N	387	0.0
2074	Süleymanova Xəyalə			II	Qadın		ŞI-18518	0.00	0.00	0.00	0.00	0.00	0.00	23	\N	388	0.0
2075	Əsgərov Elçin			II	Kişi	055 868 13 92	ŞI-27542	0.00	0.00	0.00	0.00	0.00	0.00	23	\N	388	0.0
2076	Abbasova Aygün			I	Qadın		ŞI-14382	0.00	0.00	0.00	0.00	0.00	0.00	23	\N	389	0.0
2077	Abbasova Tamella			I	Qadın		ŞI-13093	0.00	0.00	0.00	0.00	0.00	0.00	23	\N	389	0.0
2078	Abdullayev Asif			II	Kişi		ŞI-94516	0.00	0.00	0.00	0.00	0.00	0.00	23	\N	389	0.0
2079	Alxanlı Müklalı			II	Kişi		ŞI-71895	0.00	0.00	0.00	0.00	0.00	0.00	23	\N	389	0.0
2080	Alxanov Mülkalı			II	Kişi		ŞI-39985	0.00	0.00	0.00	0.00	0.00	0.00	23	\N	389	0.0
2081	Alıyeva Gülşən			II	Qadın		ŞI-37748	0.00	0.00	0.00	0.00	0.00	0.00	23	\N	389	0.0
2082	Balaşov Mehdi			II	Kişi		ŞI-79197	0.00	0.00	0.00	0.00	0.00	0.00	23	\N	389	0.0
2083	Eyvazova Nəcibə			II	Qadın		ŞI-47597	0.00	0.00	0.00	0.00	0.00	0.00	23	\N	389	0.0
2084	Fətəliyev Yavər			I	Kişi		ŞI-58851	0.00	0.00	0.00	0.00	0.00	0.00	23	\N	389	0.0
2085	Hüseynov Tahir			I	Kişi		ŞI-53773	0.00	0.00	0.00	0.00	0.00	0.00	23	\N	389	0.0
2086	Hüseynova Kəmalə			II	Qadın		ŞI-66765	0.00	0.00	0.00	0.00	0.00	0.00	23	\N	389	0.0
2087	Muradova Mehparə			II	Qadın		ŞI-80561	0.00	0.00	0.00	0.00	0.00	0.00	23	\N	389	0.0
2088	Musayev Namiq			I	Kişi		ŞI-13155	0.00	0.00	0.00	0.00	0.00	0.00	23	\N	389	0.0
2089	Mövlayeva Dilarə			I	Qadın		ŞI-54684	0.00	0.00	0.00	0.00	0.00	0.00	23	\N	389	0.0
2090	Məhərrəmova Seyfəddin			II	Qadın		ŞI-06656	0.00	0.00	0.00	0.00	0.00	0.00	23	\N	389	0.0
2091	Məmmədova Məlahət			I	Qadın		ŞI-46968	0.00	0.00	0.00	0.00	0.00	0.00	23	\N	389	0.0
2092	N1			III	Kişi	none	ŞI-17012	0.00	0.00	0.00	0.00	0.00	0.00	23	\N	389	0.0
2093	Nəcəfov Əfsər			III	Kişi	none	ŞI-14253	0.00	0.00	0.00	0.00	0.00	0.00	23	\N	389	0.0
2094	Nəcəfova Xəyalə			III	Qadın		ŞI-36256	0.00	0.00	0.00	0.00	0.00	0.00	23	\N	389	0.0
2095	Qocayev Mikayıl			II	Kişi		ŞI-96317	0.00	0.00	0.00	0.00	0.00	0.00	23	\N	389	0.0
2096	Quliyeva Lalə			I	Qadın		ŞI-76362	0.00	0.00	0.00	0.00	0.00	0.00	23	\N	389	0.0
2097	Qurbanova Aybəniz			I	Qadın		ŞI-77954	0.00	0.00	0.00	0.00	0.00	0.00	23	\N	389	0.0
2098	Süleymanova Təranə			I	Qadın		ŞI-88164	0.00	0.00	0.00	0.00	0.00	0.00	23	\N	389	0.0
2099	Səfərova Dürdanə			I	Qadın		ŞI-64889	0.00	0.00	0.00	0.00	0.00	0.00	23	\N	389	0.0
2100	Səfərova Mətanət			II	Qadın		ŞI-25382	0.00	0.00	0.00	0.00	0.00	0.00	23	\N	389	0.0
2101	Səfərova Zemfira			III	Qadın		ŞI-56273	0.00	0.00	0.00	0.00	0.00	0.00	23	\N	389	0.0
2102	Xankişiyev Namizəd			II	Kişi		ŞI-94497	0.00	0.00	0.00	0.00	0.00	0.00	23	\N	389	0.0
2103	Xudaverdiyeva Elvira			I	Qadın	0503519803	ŞI-66835	0.00	0.00	0.00	0.00	0.00	0.00	23	\N	389	0.0
2104	İsmayılov Akif			I	Kişi		ŞI-57210	0.00	0.00	0.00	0.00	0.00	0.00	23	\N	389	0.0
2105	Əhmədov Şəms			I	Kişi	0558186424	ŞI-39114	0.00	0.00	0.00	0.00	0.00	0.00	23	\N	389	0.0
2106	Həsənova Sevda			II	Qadın		ŞI-22389	0.00	0.00	0.00	0.00	0.00	0.00	23	\N	390	0.0
2107	Quliyeva Günel			II	Qadın		ŞI-69131	0.00	0.00	0.00	0.00	0.00	0.00	23	\N	390	0.0
2108	Şirəliyeva Almaz			I	Qadın		ŞI-84614	0.00	0.00	0.00	0.00	0.00	0.00	23	\N	390	0.0
2109	Məmmədova Xədicə			II	Qadın		ŞI-94597	0.00	0.00	0.00	0.00	0.00	0.00	23	\N	391	0.0
2110	Ağayev Yaqub			III	Kişi		ŞI-94464	0.00	0.00	0.00	0.00	0.00	0.00	23	\N	392	0.0
2111	Hüseyinov Faiq			II	Kişi		ŞI-46723	0.00	0.00	0.00	0.00	0.00	0.00	23	\N	392	0.0
2112	Həziyev Şahin			II	Kişi		ŞI-01317	0.00	0.00	0.00	0.00	0.00	0.00	23	\N	392	0.0
2113	Əsgərov Həmid			II	Kişi		ŞI-64733	0.00	0.00	0.00	0.00	0.00	0.00	23	\N	392	0.0
2114	Babayev Vüsal			II	Kişi		ŞI-55720	0.00	0.00	0.00	0.00	0.00	0.00	23	\N	393	0.0
2115	Məmmədova Məlahət			II	Qadın		ŞI-75089	0.00	0.00	0.00	0.00	0.00	0.00	23	\N	393	0.0
2116	Salamova Səadət			II	Qadın		ŞI-46527	0.00	0.00	0.00	0.00	0.00	0.00	23	\N	393	0.0
2117	Əhmədov Əli			II	Kişi		ŞI-92049	0.00	0.00	0.00	0.00	0.00	0.00	23	\N	393	0.0
2118	Əhmədova Pikəxanım			III	Qadın		ŞI-34498	0.00	0.00	0.00	0.00	0.00	0.00	23	\N	393	0.0
2119	Kərimov Elşən			II	Kişi	none	ŞƏ-54792	0.00	0.00	0.00	0.00	0.00	0.00	16	\N	394	0.0
2120	Bayramova Güləndam			II	Qadın		ŞƏ-92215	0.00	0.00	0.00	0.00	0.00	0.00	16	\N	395	0.0
2121	Bazarov Şamil			II	Kişi	050 545 93 10	ŞƏ-58287	0.00	0.00	0.00	0.00	0.00	0.00	16	\N	395	0.0
2122	Bazarova Nuriyyə			I	Qadın		ŞƏ-04665	0.00	0.00	0.00	0.00	0.00	0.00	16	\N	395	0.0
2123	Bicilova Nərgiz			I	Qadın	051 458 60 68	ŞƏ-03398	0.00	0.00	0.00	0.00	0.00	0.00	16	\N	395	0.0
2124	Dibirova Afaq			I	Qadın		ŞƏ-27665	0.00	0.00	0.00	0.00	0.00	0.00	16	\N	395	0.0
2125	Hetayeva Reyaset			I	Qadın		ŞƏ-24132	0.00	0.00	0.00	0.00	0.00	0.00	16	\N	395	0.0
2126	Hüseynova Humay			II	Qadın		ŞƏ-33401	0.00	0.00	0.00	0.00	0.00	0.00	16	\N	395	0.0
2127	Kantayev Şamil			II	Kişi		ŞƏ-98973	0.00	0.00	0.00	0.00	0.00	0.00	16	\N	395	0.0
2128	Kantayeva Gulbeniz			II	Qadın		ŞƏ-23971	0.00	0.00	0.00	0.00	0.00	0.00	16	\N	395	0.0
2129	Keyserovskaya Mina			I	Qadın	0706589953	ŞƏ-00149	0.00	0.00	0.00	0.00	0.00	0.00	16	\N	395	0.0
2130	Keysurexskaya Mehparə			II	Qadın	0504918457	ŞƏ-27369	0.00	0.00	0.00	0.00	0.00	0.00	16	\N	395	0.0
2131	Memmedova Xanim			II	Qadın		ŞƏ-16837	0.00	0.00	0.00	0.00	0.00	0.00	16	\N	395	0.0
2132	Mustafayeva Cennet			II	Qadın		ŞƏ-86029	0.00	0.00	0.00	0.00	0.00	0.00	16	\N	395	0.0
2133	Məhərrəmova Oksana			II	Qadın	051 417 40 40	ŞƏ-82676	0.00	0.00	0.00	0.00	0.00	0.00	16	\N	395	0.0
2134	Nuriyeva Xanım			I	Qadın		ŞƏ-97501	0.00	0.00	0.00	0.00	0.00	0.00	16	\N	395	0.0
2135	Qallacova Sevil			II	Qadın		ŞƏ-18039	0.00	0.00	0.00	0.00	0.00	0.00	16	\N	395	0.0
2136	Qaysayeva Sevil			II	Qadın		ŞƏ-27729	0.00	0.00	0.00	0.00	0.00	0.00	16	\N	395	0.0
2137	Qudavasova Fatma			II	Qadın		ŞƏ-13475	0.00	0.00	0.00	0.00	0.00	0.00	16	\N	395	0.0
2138	Resulova Arzu			II	Qadın	050 663 71 65	ŞƏ-66328	0.00	0.00	0.00	0.00	0.00	0.00	16	\N	395	0.0
2139	Tinayeva Lalə			I	Qadın		ŞƏ-70273	0.00	0.00	0.00	0.00	0.00	0.00	16	\N	395	0.0
2140	Tinayeva Rəyisət			I	Qadın	none	ŞƏ-41179	0.00	0.00	0.00	0.00	0.00	0.00	16	\N	395	0.0
2141	Ustayeva Elmira			I	Qadın	none	ŞƏ-03139	0.00	0.00	0.00	0.00	0.00	0.00	16	\N	395	0.0
2142	Ustayeva İlahə			I	Qadın		ŞƏ-35032	0.00	0.00	0.00	0.00	0.00	0.00	16	\N	395	0.0
2143	Xelilova Gunel			II	Qadın		ŞƏ-89847	0.00	0.00	0.00	0.00	0.00	0.00	16	\N	395	0.0
2144	Yolcuyev Xelife			II	Kişi		ŞƏ-30600	0.00	0.00	0.00	0.00	0.00	0.00	16	\N	395	0.0
2145	Zalxayev Omer			III	Kişi		ŞƏ-50024	0.00	0.00	0.00	0.00	0.00	0.00	16	\N	395	0.0
2146	İsgəndərov İbrahim			II	Kişi	none	ŞƏ-49597	0.00	0.00	0.00	0.00	0.00	0.00	16	\N	395	0.0
2147	Əfəndiyeva Reyhan			II	Qadın		ŞƏ-62656	0.00	0.00	0.00	0.00	0.00	0.00	16	\N	395	0.0
2148	Əhmədəliyeva Reyhan			III	Qadın		ŞƏ-77516	0.00	0.00	0.00	0.00	0.00	0.00	16	\N	395	0.0
2149	Əliyeva Sədaqət			II	Qadın	050 307 15 17	ŞƏ-25205	0.00	0.00	0.00	0.00	0.00	0.00	16	\N	395	0.0
2150	Şilbiyeva Firuzə			II	Qadın		ŞƏ-91592	0.00	0.00	0.00	0.00	0.00	0.00	16	\N	396	0.0
2151	Ramazaonov Rəfail			I	Kişi	assaas	ŞƏ-46316	0.00	0.00	0.00	0.00	0.00	0.00	16	\N	397	0.0
2152	İsgəndərov Fikrət			I	Kişi		ŞƏ-96529	0.00	0.00	0.00	0.00	0.00	0.00	16	\N	397	0.0
2153	Hacıyeva Limone			III	Qadın		ŞƏ-13604	0.00	0.00	0.00	0.00	0.00	0.00	16	\N	398	0.0
2154	Herayeva Aişə			II	Qadın		ŞƏ-97504	0.00	0.00	0.00	0.00	0.00	0.00	16	\N	398	0.0
2155	İslamov Nərbala			II	Kişi	050 420 23 03	ŞƏ-08235	0.00	0.00	0.00	0.00	0.00	0.00	16	\N	399	0.0
2156	Məmmədova Turan			I	Qadın		ŞƏ-56247	0.00	0.00	0.00	0.00	0.00	0.00	16	\N	400	0.0
2157	Abakarov Arzuman			III	Kişi		ŞƏ-61643	0.00	0.00	0.00	0.00	0.00	0.00	16	\N	401	0.0
2158	Abuzerova Zülfiyyə			I	Qadın	none	ŞƏ-14119	0.00	0.00	0.00	0.00	0.00	0.00	16	\N	402	0.0
2159	Aslamazaşvili Zurab			I	Kişi	none	ŞƏ-91474	0.00	0.00	0.00	0.00	0.00	0.00	16	\N	403	0.0
2160	Babayeva Aynurə			I	Qadın	none	ŞƏ-45058	0.00	0.00	0.00	0.00	0.00	0.00	16	\N	403	0.0
2161	Məmmədov Etibar			II	Kişi		ŞƏ-29237	0.00	0.00	0.00	0.00	0.00	0.00	16	\N	403	0.0
2162	Osmanlı Sevinc			VIP	Kişi	none	ŞƏ-88574	0.00	0.00	0.00	0.00	0.00	0.00	16	\N	403	0.0
2163	Avdizadə Günay			I	Kişi	none	ŞƏ-52537	0.00	0.00	0.00	0.00	0.00	0.00	16	\N	404	0.0
2164	Güldanə Seyidəliyeva			II	Kişi		ŞƏ-82982	0.00	0.00	0.00	0.00	0.00	0.00	16	\N	404	0.0
2165	Hüseynova Zülfiyyə			II	Qadın		ŞƏ-56627	0.00	0.00	0.00	0.00	0.00	0.00	16	\N	404	0.0
2166	Ismayilova Nermine			III	Qadın		ŞƏ-08002	0.00	0.00	0.00	0.00	0.00	0.00	16	\N	404	0.0
2167	Nəzirova Sevda			I	Qadın		ŞƏ-86826	0.00	0.00	0.00	0.00	0.00	0.00	16	\N	404	0.0
2168	Qazaxova Sevinc			II	Qadın		ŞƏ-43586	0.00	0.00	0.00	0.00	0.00	0.00	16	\N	404	0.0
2169	Seyidəliyev Şeyx			I	Kişi		ŞƏ-12581	0.00	0.00	0.00	0.00	0.00	0.00	16	\N	404	0.0
2170	n8			II	Kişi	1	ŞƏ-40103	0.00	0.00	0.00	0.00	0.00	0.00	16	\N	404	0.0
2171	Əhmədova İntizar			I	Qadın		ŞƏ-18490	0.00	0.00	0.00	0.00	0.00	0.00	16	\N	404	0.0
2172	İsayev Valeh			II	Kişi	none	ŞƏ-68169	0.00	0.00	0.00	0.00	0.00	0.00	16	\N	405	0.0
2173	Tataraşvili İneza			I	Kişi		ŞƏ-15497	0.00	0.00	0.00	0.00	0.00	0.00	16	\N	406	0.0
2174	Kazımova Laləzar			I	Qadın	051 808 46 18	ŞƏ-36603	0.00	0.00	0.00	0.00	0.00	0.00	16	\N	407	0.0
2175	Abdullayev Refael			I	Kişi	050 241 99 11	ŞƏ-32205	0.00	0.00	0.00	0.00	0.00	0.00	16	\N	408	0.0
2176	Abdullayeva Kəmalə			II	Qadın	none	ŞƏ-57729	0.00	0.00	0.00	0.00	0.00	0.00	16	\N	408	0.0
2177	Ehmedova Terane			II	Qadın		ŞƏ-13345	0.00	0.00	0.00	0.00	0.00	0.00	16	\N	408	0.0
2178	Emrahova Leyla			II	Qadın		ŞƏ-03264	0.00	0.00	0.00	0.00	0.00	0.00	16	\N	408	0.0
2179	Esgerov Eyyub			III	Kişi		ŞƏ-78222	0.00	0.00	0.00	0.00	0.00	0.00	16	\N	408	0.0
2180	Həmidov Amil			I	Kişi	050 661 61 54	ŞƏ-39029	0.00	0.00	0.00	0.00	0.00	0.00	16	\N	408	0.0
2181	Həsənov Sərdar			II	Kişi	055 695 19 57	ŞƏ-28327	0.00	0.00	0.00	0.00	0.00	0.00	16	\N	408	0.0
2182	Mehdiyev Tofiq			I	Kişi	050 315 18 70	ŞƏ-60755	0.00	0.00	0.00	0.00	0.00	0.00	16	\N	408	0.0
2183	Memmedova Cemile			III	Qadın		ŞƏ-02393	0.00	0.00	0.00	0.00	0.00	0.00	16	\N	408	0.0
1468	Aytac dr			III	Kişi		NA-88810	0.00	0.00	0.00	0.00	0.00	0.00	17	\N	270	0.0
2184	Memmedova Gulnare			II	Qadın		ŞƏ-96289	0.00	0.00	0.00	0.00	0.00	0.00	16	\N	408	0.0
2185	Məmmədov Elçin			II	Kişi	none	ŞƏ-95992	0.00	0.00	0.00	0.00	0.00	0.00	16	\N	408	0.0
2186	Məmmədov İntiqam			II	Kişi	050 671 19 20	ŞƏ-56762	0.00	0.00	0.00	0.00	0.00	0.00	16	\N	408	0.0
2187	Məmmədov Əliəsər			I	Kişi		ŞƏ-85580	0.00	0.00	0.00	0.00	0.00	0.00	16	\N	408	0.0
2188	Novruzov Adil			II	Kişi		ŞƏ-62806	0.00	0.00	0.00	0.00	0.00	0.00	16	\N	408	0.0
2189	Rehimova Melahet			II	Qadın		ŞƏ-90504	0.00	0.00	0.00	0.00	0.00	0.00	16	\N	408	0.0
2190	Resulova Kubra			I	Qadın		ŞƏ-49372	0.00	0.00	0.00	0.00	0.00	0.00	16	\N	408	0.0
2191	Yusifov Azer			II	Kişi		ŞƏ-50845	0.00	0.00	0.00	0.00	0.00	0.00	16	\N	408	0.0
2192	Yusifov Xalid			I	Kişi		ŞƏ-19905	0.00	0.00	0.00	0.00	0.00	0.00	16	\N	408	0.0
2193	İbadov Seymur			I	Kişi	050 362 42 82	ŞƏ-16770	0.00	0.00	0.00	0.00	0.00	0.00	16	\N	408	0.0
2194	İbrahimxəlilova Zərifə			I	Qadın	070 244 55 87	ŞƏ-60812	0.00	0.00	0.00	0.00	0.00	0.00	16	\N	408	0.0
2195	İsmayılova Həqiqət			I	Qadın	050 434 88 95	ŞƏ-73598	0.00	0.00	0.00	0.00	0.00	0.00	16	\N	408	0.0
2196	İsmayılova Sevinc			III	Qadın		ŞƏ-94827	0.00	0.00	0.00	0.00	0.00	0.00	16	\N	408	0.0
2197	İsrafilli Səadət			I	Kişi	none	ŞƏ-97693	0.00	0.00	0.00	0.00	0.00	0.00	16	\N	408	0.0
2198	Əhmədli Səbinə			I	Kişi		ŞƏ-58137	0.00	0.00	0.00	0.00	0.00	0.00	16	\N	408	0.0
2199	Əhmədova Sevda			II	Qadın		ŞƏ-17060	0.00	0.00	0.00	0.00	0.00	0.00	16	\N	408	0.0
2200	Əmrahov Vüqar			I	Kişi		ŞƏ-32025	0.00	0.00	0.00	0.00	0.00	0.00	16	\N	408	0.0
2201	Əmrahova Sevinc			II	Qadın	1	ŞƏ-27028	0.00	0.00	0.00	0.00	0.00	0.00	16	\N	408	0.0
2202	Əzizova Zenfira			I	Qadın	050 494 69 87	ŞƏ-11810	0.00	0.00	0.00	0.00	0.00	0.00	16	\N	408	0.0
2203	Əzizova Zəmanə			I	Qadın		ŞƏ-03940	0.00	0.00	0.00	0.00	0.00	0.00	16	\N	408	0.0
2204	Mehdiyeva Sevinc			I	Qadın		ŞƏ-65639	0.00	0.00	0.00	0.00	0.00	0.00	16	\N	409	0.0
2205	Sadıxov Samir			III	Kişi		ŞƏ-48264	0.00	0.00	0.00	0.00	0.00	0.00	16	\N	409	0.0
2206	Tağıyev Abdulla			III	Kişi		ŞƏ-28982	0.00	0.00	0.00	0.00	0.00	0.00	16	\N	409	0.0
2207	Şəfiyev Nofəl			I	Kişi		ŞƏ-51320	0.00	0.00	0.00	0.00	0.00	0.00	16	\N	410	0.0
2208	Arxiv			I	Kişi		ŞƏ-43082	0.00	0.00	0.00	0.00	0.00	0.00	16	\N	411	0.0
2209	Hacıyeva Nazilə			I	Qadın		ŞƏ-07985	0.00	0.00	0.00	0.00	0.00	0.00	16	\N	411	0.0
2210	Qaracayev Rüstəm			I	Kişi		ŞƏ-78153	0.00	0.00	0.00	0.00	0.00	0.00	16	\N	411	0.0
2211	Ramazanov Məhəmməd			II	Kişi		ŞƏ-53432	0.00	0.00	0.00	0.00	0.00	0.00	16	\N	411	0.0
2212	Salmanov Azər			I	Kişi		ŞƏ-82016	0.00	0.00	0.00	0.00	0.00	0.00	16	\N	411	0.0
2213	İsmayılov Əkrəm			I	Kişi		ŞƏ-41164	0.00	0.00	0.00	0.00	0.00	0.00	16	\N	411	0.0
2214	Əhmədova Sevinc			III	Qadın		ŞƏ-51972	0.00	0.00	0.00	0.00	0.00	0.00	16	\N	411	0.0
2215	Seyidova Ayşə			I	Qadın		ŞƏ-80941	0.00	0.00	0.00	0.00	0.00	0.00	16	\N	412	0.0
2216	Ağacanova Kəmalə			II	Qadın		ŞƏ-95291	0.00	0.00	0.00	0.00	0.00	0.00	16	\N	413	0.0
2217	Bayramova Sehla			I	Qadın	0505605520	ŞƏ-53032	0.00	0.00	0.00	0.00	0.00	0.00	16	\N	413	0.0
2218	Bayraməliyeva Yeganə			I	Qadın	050 358 93 97	ŞƏ-57834	0.00	0.00	0.00	0.00	0.00	0.00	16	\N	413	0.0
2219	Borayev Mohuma			II	Kişi		ŞƏ-57651	0.00	0.00	0.00	0.00	0.00	0.00	16	\N	413	0.0
2220	Dadaşova Elmira			I	Qadın		ŞƏ-31113	0.00	0.00	0.00	0.00	0.00	0.00	16	\N	413	0.0
2221	Davudova Edalet			I	Qadın		ŞƏ-56409	0.00	0.00	0.00	0.00	0.00	0.00	16	\N	413	0.0
2222	Duxiyeva Elmira			I	Qadın	050 411 45 12	ŞƏ-35871	0.00	0.00	0.00	0.00	0.00	0.00	16	\N	413	0.0
2223	Haciyeva Mesed			I	Qadın		ŞƏ-39097	0.00	0.00	0.00	0.00	0.00	0.00	16	\N	413	0.0
2224	Hüseynova Gülnaz			II	Qadın	0555680032	ŞƏ-93728	0.00	0.00	0.00	0.00	0.00	0.00	16	\N	413	0.0
2225	Memmedov Aslan			II	Kişi		ŞƏ-08327	0.00	0.00	0.00	0.00	0.00	0.00	16	\N	413	0.0
2226	Memmedov Etibar			III	Kişi		ŞƏ-53743	0.00	0.00	0.00	0.00	0.00	0.00	16	\N	413	0.0
2227	Memmedova Nilufer			II	Qadın		ŞƏ-35228	0.00	0.00	0.00	0.00	0.00	0.00	16	\N	413	0.0
2228	Memmedova Sevinc			III	Qadın		ŞƏ-18072	0.00	0.00	0.00	0.00	0.00	0.00	16	\N	413	0.0
2229	Musayeva Elvira			II	Qadın		ŞƏ-77558	0.00	0.00	0.00	0.00	0.00	0.00	16	\N	413	0.0
2230	Məmmədov Müşviq			I	Kişi		ŞƏ-95521	0.00	0.00	0.00	0.00	0.00	0.00	16	\N	413	0.0
2231	Nezirova Nergiz			II	Qadın		ŞƏ-28820	0.00	0.00	0.00	0.00	0.00	0.00	16	\N	413	0.0
2232	Qaracayeva Nigar			I	Qadın	070 224 66 77	ŞƏ-03986	0.00	0.00	0.00	0.00	0.00	0.00	16	\N	413	0.0
2233	Qarayev Saniyət			I	Kişi	none	ŞƏ-97223	0.00	0.00	0.00	0.00	0.00	0.00	16	\N	413	0.0
2234	Qurbanova Mehriban			II	Qadın	none	ŞƏ-86748	0.00	0.00	0.00	0.00	0.00	0.00	16	\N	413	0.0
2235	Recebova Necibe			I	Qadın	055 759 80 88	ŞƏ-95287	0.00	0.00	0.00	0.00	0.00	0.00	16	\N	413	0.0
2236	Rəcəbova  Nigar			II	Qadın	1111111	ŞƏ-35741	0.00	0.00	0.00	0.00	0.00	0.00	16	\N	413	0.0
2237	Seyidova Gulnare			II	Qadın		ŞƏ-29074	0.00	0.00	0.00	0.00	0.00	0.00	16	\N	413	0.0
2238	Sultanova Rena			I	Qadın		ŞƏ-60921	0.00	0.00	0.00	0.00	0.00	0.00	16	\N	413	0.0
2239	Tahirzadə Afaq			I	Kişi		ŞƏ-06775	0.00	0.00	0.00	0.00	0.00	0.00	16	\N	413	0.0
2240	Teyyubov Memmedresul			II	Kişi		ŞƏ-24707	0.00	0.00	0.00	0.00	0.00	0.00	16	\N	413	0.0
2241	Xalbayev Samil			II	Kişi		ŞƏ-98714	0.00	0.00	0.00	0.00	0.00	0.00	16	\N	413	0.0
2242	İbrahimova Şəfiqə			III	Qadın		ŞƏ-59258	0.00	0.00	0.00	0.00	0.00	0.00	16	\N	413	0.0
2243	İsmayılova Kəmalə			I	Qadın	0558924440	ŞƏ-26206	0.00	0.00	0.00	0.00	0.00	0.00	16	\N	413	0.0
2244	Şabanova Aysel			I	Qadın	none	ŞƏ-43452	0.00	0.00	0.00	0.00	0.00	0.00	16	\N	413	0.0
2245	Şabanova Bəsti			I	Qadın	none	ŞƏ-78953	0.00	0.00	0.00	0.00	0.00	0.00	16	\N	413	0.0
2246	Əliyev Zaur			II	Kişi	none	ŞƏ-30403	0.00	0.00	0.00	0.00	0.00	0.00	16	\N	413	0.0
2247	Əsədova Qəribə			II	Qadın		ŞƏ-57783	0.00	0.00	0.00	0.00	0.00	0.00	16	\N	413	0.0
2248	Zəngiyeva Fatma			II	Qadın		ŞƏ-04565	0.00	0.00	0.00	0.00	0.00	0.00	16	\N	414	0.0
2249	Məmmədova Dostu			II	Qadın		ŞƏ-09096	0.00	0.00	0.00	0.00	0.00	0.00	16	\N	415	0.0
2250	Xəlilova Əfsanə			III	Qadın		ŞƏ-76418	0.00	0.00	0.00	0.00	0.00	0.00	16	\N	416	0.0
2251	Abdulxaliqova Tahirə			I	Qadın		ŞƏ-73307	0.00	0.00	0.00	0.00	0.00	0.00	16	\N	417	0.0
2252	Həmidova Sevil			II	Qadın		ŞƏ-90195	0.00	0.00	0.00	0.00	0.00	0.00	16	\N	417	0.0
2253	Kərimova Nəzakət			I	Qadın		ŞƏ-19571	0.00	0.00	0.00	0.00	0.00	0.00	16	\N	417	0.0
2254	Məhərrəmov Elməddin			I	Kişi		ŞƏ-21869	0.00	0.00	0.00	0.00	0.00	0.00	16	\N	417	0.0
2255	Nurəhmədov Vaqif			I	Kişi	099 799 19 62	ŞƏ-87903	0.00	0.00	0.00	0.00	0.00	0.00	16	\N	417	0.0
2256	Əbilova Mətanət			II	Qadın		ŞƏ-21001	0.00	0.00	0.00	0.00	0.00	0.00	16	\N	418	0.0
2257	Bələmədova Nərgiz			II	Qadın		ŞƏ-69707	0.00	0.00	0.00	0.00	0.00	0.00	16	\N	419	0.0
2258	Əsədullayeva Könül			I	Qadın		ŞƏ-47800	0.00	0.00	0.00	0.00	0.00	0.00	16	\N	419	0.0
2259	Məlikov Elvin			VIP	Kişi	0553094353	ŞƏ-29524	0.00	0.00	0.00	0.00	0.00	0.00	24	\N	420	0.0
2260	Quliyeva Güllü			VIP	Qadın	3	ŞƏ-22067	0.00	0.00	0.00	0.00	0.00	0.00	24	\N	421	0.0
2261	Abdullayev Eyvaz			I	Kişi		ŞƏ-62647	0.00	0.00	0.00	0.00	0.00	0.00	24	\N	422	0.0
2262	Mustafayeva Dünya			I	Qadın		ŞƏ-73197	0.00	0.00	0.00	0.00	0.00	0.00	24	\N	422	0.0
2263	Mutafayeva Dünya			I	Qadın		ŞƏ-13890	0.00	0.00	0.00	0.00	0.00	0.00	24	\N	422	0.0
2264	Məmmədova Aygün			I	Qadın		ŞƏ-54930	0.00	0.00	0.00	0.00	0.00	0.00	24	\N	422	0.0
2265	Nəbiyeva Əminə			I	Qadın	none	ŞƏ-86442	0.00	0.00	0.00	0.00	0.00	0.00	24	\N	422	0.0
2266	Qaraqoyunlu Vahid			I	Kişi		ŞƏ-62060	0.00	0.00	0.00	0.00	0.00	0.00	24	\N	422	0.0
2267	Quliyev Sahil			I	Kişi		ŞƏ-51808	0.00	0.00	0.00	0.00	0.00	0.00	24	\N	422	0.0
2268	Hüseynov Surac			I	Kişi	051 780 50 83	ŞƏ-47736	0.00	0.00	0.00	0.00	0.00	0.00	24	\N	423	0.0
2269	Hüseynov Hüseyn			VIP	Kişi		ŞƏ-17764	0.00	0.00	0.00	0.00	0.00	0.00	24	\N	424	0.0
2270	Mehdixanov Təhməz			I	Kişi		ŞƏ-60936	0.00	0.00	0.00	0.00	0.00	0.00	24	\N	424	0.0
2271	Mehdixanova Banu			I	Qadın		ŞƏ-40089	0.00	0.00	0.00	0.00	0.00	0.00	24	\N	424	0.0
2272	Mirzəyev Arif			I	Kişi		ŞƏ-45243	0.00	0.00	0.00	0.00	0.00	0.00	24	\N	424	0.0
2273	Babayeva Vəfa			II	Qadın		BA-99454	0.00	0.00	0.00	0.00	0.00	0.00	3	\N	425	0.0
1444	Bababəyli Namiq			I	Kişi		NA-20755	0.00	0.00	0.00	0.00	0.00	0.00	17	\N	264	0.0
1442	Baxşəliyeva Gülarə			II	Qadın		NA-02722	0.00	0.00	0.00	0.00	0.00	0.00	17	\N	263	0.0
1449	Cəfərova Əminə			I	Qadın	none	NA-82734	0.00	0.00	0.00	0.00	0.00	0.00	17	\N	266	0.0
1452	Ələkbərov Anar			II	Kişi		NA-06938	0.00	0.00	0.00	0.00	0.00	0.00	17	\N	266	0.0
1460	Əliyeva Nuray			I	Qadın	none	NA-08078	0.00	0.00	0.00	0.00	0.00	0.00	17	\N	267	0.0
1445	Həsənov Vəliqulu			I	Kişi	none	NA-50572	0.00	0.00	0.00	0.00	0.00	0.00	17	\N	264	0.0
1451	Hüseynov Cabir			I	Kişi	none	NA-74317	0.00	0.00	0.00	0.00	0.00	0.00	17	\N	266	0.0
1450	Hüseynov Cabir			II	Kişi		NA-69178	0.00	0.00	0.00	0.00	0.00	0.00	17	\N	266	0.0
1457	İbrahimli Əkbər			I	Kişi		NA-75196	0.00	0.00	0.00	0.00	0.00	0.00	17	\N	267	0.0
1458	İsmayılov Amin			I	Kişi		NA-10172	0.00	0.00	0.00	0.00	0.00	0.00	17	\N	267	0.0
1447	Məmmədov Fəxrəddin			II	Kişi		NA-30411	0.00	0.00	0.00	0.00	0.00	0.00	17	\N	264	0.0
1454	Mikayılov Amind			I	Kişi		NA-15423	0.00	0.00	0.00	0.00	0.00	0.00	17	\N	267	0.0
1446	Musayev Araz			II	Kişi		NA-93192	0.00	0.00	0.00	0.00	0.00	0.00	17	\N	264	0.0
1448	Nəcəfov Xanlar			II	Kişi		NA-47788	0.00	0.00	0.00	0.00	0.00	0.00	17	\N	265	0.0
1443	Niftəliyev Hüseyn			I	Kişi		NA-05005	0.00	0.00	0.00	0.00	0.00	0.00	17	\N	263	0.0
1455	Rəhimova Arzu			I	Qadın		NA-40188	0.00	0.00	0.00	0.00	0.00	0.00	17	\N	267	0.0
1456	Süleymanlı Ayşən			I	Kişi		NA-49813	0.00	0.00	0.00	0.00	0.00	0.00	17	\N	267	0.0
1461	Zeynalov Sərxan			I	Kişi		NA-37683	0.00	0.00	0.00	0.00	0.00	0.00	17	\N	268	0.0
1467	.			II	Kişi	assaas	NA-36973	0.00	0.00	0.00	0.00	0.00	0.00	17	\N	270	0.0
1492	Abbasova Bəyim			I	Qadın		NA-24146	0.00	0.00	0.00	0.00	0.00	0.00	17	\N	273	0.0
1493	Abdullayeva Dilarə			II	Qadın		NA-99095	0.00	0.00	0.00	0.00	0.00	0.00	17	\N	273	0.0
1494	Allahverdiyeva Gülan			III	Qadın		NA-60169	0.00	0.00	0.00	0.00	0.00	0.00	17	\N	273	0.0
1495	Allahverdiyeva Tərlan			I	Qadın		NA-56280	0.00	0.00	0.00	0.00	0.00	0.00	17	\N	273	0.0
1496	Aslanov Elnur			II	Kişi		NA-25327	0.00	0.00	0.00	0.00	0.00	0.00	17	\N	273	0.0
1483	Axverdiyev Mustafa			I	Kişi		NA-85569	0.00	0.00	0.00	0.00	0.00	0.00	17	\N	272	0.0
1471	Babayeva Rəfayə			III	Qadın		NA-37205	0.00	0.00	0.00	0.00	0.00	0.00	17	\N	271	0.0
1497	Babayeva Xeyrənsə			I	Qadın		NA-80873	0.00	0.00	0.00	0.00	0.00	0.00	17	\N	273	0.0
1498	Bağırova Elnurə			I	Qadın		NA-75042	0.00	0.00	0.00	0.00	0.00	0.00	17	\N	273	0.0
1499	Bağırova Günay			I	Qadın		NA-74154	0.00	0.00	0.00	0.00	0.00	0.00	17	\N	273	0.0
1500	Bağırova Leyla			I	Qadın		NA-95829	0.00	0.00	0.00	0.00	0.00	0.00	17	\N	273	0.0
1472	Bayramova Aidə			III	Qadın		NA-66820	0.00	0.00	0.00	0.00	0.00	0.00	17	\N	271	0.0
1501	Cəfərli Zümrüd			II	Kişi		NA-98978	0.00	0.00	0.00	0.00	0.00	0.00	17	\N	273	0.0
1484	Cəfərov Rəşad			I	Kişi		NA-06929	0.00	0.00	0.00	0.00	0.00	0.00	17	\N	272	0.0
1502	Cəlilova Sona			II	Qadın		NA-46175	0.00	0.00	0.00	0.00	0.00	0.00	17	\N	273	0.0
1503	Dünyamalıyeva Aysel			I	Qadın		NA-79404	0.00	0.00	0.00	0.00	0.00	0.00	17	\N	273	0.0
1482	Əliyeva Gülxar			I	Qadın		NA-61365	0.00	0.00	0.00	0.00	0.00	0.00	17	\N	271	0.0
1504	Fərzəliyev Fazil			II	Kişi		NA-47152	0.00	0.00	0.00	0.00	0.00	0.00	17	\N	273	0.0
1505	Fətullayev İntiqam			I	Kişi	3	NA-86686	0.00	0.00	0.00	0.00	0.00	0.00	17	\N	273	0.0
1485	Fikrətli Dəyanət			I	Kişi		NA-56836	0.00	0.00	0.00	0.00	0.00	0.00	17	\N	272	0.0
1473	Gülməmmədova Nəzakət			III	Qadın	0503202180	NA-44925	0.00	0.00	0.00	0.00	0.00	0.00	17	\N	271	0.0
1507	Hacıyev Ramin			I	Kişi		NA-97831	0.00	0.00	0.00	0.00	0.00	0.00	17	\N	273	0.0
1469	Hacıyeva Sürayyə			I	Qadın		NA-05353	0.00	0.00	0.00	0.00	0.00	0.00	17	\N	270	0.0
1475	Həsənova Təranə			II	Qadın	0775060367	NA-94499	0.00	0.00	0.00	0.00	0.00	0.00	17	\N	271	0.0
1474	Hümbətova Gülnarə			I	Qadın		NA-26511	0.00	0.00	0.00	0.00	0.00	0.00	17	\N	271	0.0
1508	Hüseynova Nərmin			I	Qadın		NA-54039	0.00	0.00	0.00	0.00	0.00	0.00	17	\N	273	0.0
1470	İbrahimova Tamella			II	Qadın	055 923 37 18	NA-51219	0.00	0.00	0.00	0.00	0.00	0.00	17	\N	270	0.0
1466	İsmayılova Dilguşə			II	Qadın		NA-40403	0.00	0.00	0.00	0.00	0.00	0.00	17	\N	269	0.0
1481	İsmayılova Siddiqə			II	Qadın	0505264541	NA-67640	0.00	0.00	0.00	0.00	0.00	0.00	17	\N	271	0.0
1462	Kazımova Sabirə			I	Qadın	none	NA-62264	0.00	0.00	0.00	0.00	0.00	0.00	17	\N	269	0.0
1476	Mamedova Könül			III	Qadın	0508912177	NA-44764	0.00	0.00	0.00	0.00	0.00	0.00	17	\N	271	0.0
1509	Mehdiyev Sabir			I	Kişi		NA-47683	0.00	0.00	0.00	0.00	0.00	0.00	17	\N	273	0.0
1512	Məmmədova Səbinə			II	Qadın		NA-65800	0.00	0.00	0.00	0.00	0.00	0.00	17	\N	273	0.0
1510	Mirzəyeva Səkinə			I	Qadın		NA-21640	0.00	0.00	0.00	0.00	0.00	0.00	17	\N	273	0.0
1487	Mürsəlov Cabir			II	Kişi		NA-59763	0.00	0.00	0.00	0.00	0.00	0.00	17	\N	272	0.0
1486	Mustafayev Elvin			I	Kişi		NA-51924	0.00	0.00	0.00	0.00	0.00	0.00	17	\N	272	0.0
1511	Mustafayeva Gülçin			I	Qadın		NA-20141	0.00	0.00	0.00	0.00	0.00	0.00	17	\N	273	0.0
1513	Novruzov Niyazi			II	Kişi		NA-87212	0.00	0.00	0.00	0.00	0.00	0.00	17	\N	273	0.0
1477	Novruzova Bəhriyyə			I	Qadın	05066777404	NA-20480	0.00	0.00	0.00	0.00	0.00	0.00	17	\N	271	0.0
1514	Nümunə ad			II	Kişi	1	NA-22490	0.00	0.00	0.00	0.00	0.00	0.00	17	\N	273	0.0
1515	Qoçəliyeva Esmira			I	Qadın	none	NA-21539	0.00	0.00	0.00	0.00	0.00	0.00	17	\N	273	0.0
1488	Quliyev Akşin			I	Kişi		NA-25825	0.00	0.00	0.00	0.00	0.00	0.00	17	\N	272	0.0
1516	Quliyev Vidadi			II	Kişi		NA-35166	0.00	0.00	0.00	0.00	0.00	0.00	17	\N	273	0.0
1517	Quliyeva Nəzrin			III	Qadın		NA-71633	0.00	0.00	0.00	0.00	0.00	0.00	17	\N	273	0.0
1463	Quliyeva Sahibə			I	Qadın		NA-77387	0.00	0.00	0.00	0.00	0.00	0.00	17	\N	269	0.0
1519	Rəhmiyyə Dr			III	Kişi		NA-21201	0.00	0.00	0.00	0.00	0.00	0.00	17	\N	273	0.0
1518	Rzayev Yaşar			I	Kişi	none	NA-37078	0.00	0.00	0.00	0.00	0.00	0.00	17	\N	273	0.0
1464	Səfərova Nərminə			I	Qadın		NA-13103	0.00	0.00	0.00	0.00	0.00	0.00	17	\N	269	0.0
1478	Səlimli Məryəm			III	Kişi	0503680582	NA-69435	0.00	0.00	0.00	0.00	0.00	0.00	17	\N	271	0.0
1479	Səttarov İslam			II	Kişi		NA-10781	0.00	0.00	0.00	0.00	0.00	0.00	17	\N	271	0.0
1480	Səyyadova Səbinə			II	Qadın	0707476716	NA-03686	0.00	0.00	0.00	0.00	0.00	0.00	17	\N	271	0.0
1490	Şükürlü Azad			I	Kişi		NA-74086	0.00	0.00	0.00	0.00	0.00	0.00	17	\N	272	0.0
1465	Tahirova Aytən			I	Qadın		NA-64240	0.00	0.00	0.00	0.00	0.00	0.00	17	\N	269	0.0
1489	Tarquluyev Tarqulu			I	Kişi	none	NA-91999	0.00	0.00	0.00	0.00	0.00	0.00	17	\N	272	0.0
1491	.			III	Kişi	assaas	NA-25915	0.00	0.00	0.00	0.00	0.00	0.00	17	\N	273	0.0
1530	Abbasov Hüseynalı			I	Kişi	none	NA-88228	0.00	0.00	0.00	0.00	0.00	0.00	17	\N	275	0.0
1453	Ağayev Mamed			I	Kişi		NA-22377	0.00	0.00	0.00	0.00	0.00	0.00	17	\N	267	0.0
1542	arxivv			II	Kişi		NA-31978	0.00	0.00	0.00	0.00	0.00	0.00	17	\N	277	0.0
1531	Babayev Seyfəddin			II	Kişi		NA-51612	0.00	0.00	0.00	0.00	0.00	0.00	17	\N	275	0.0
1532	Bağırova Kəmalə			I	Qadın	NONE	NA-36358	0.00	0.00	0.00	0.00	0.00	0.00	17	\N	275	0.0
1533	Cabbarov Rafiq			I	Kişi		NA-77613	0.00	0.00	0.00	0.00	0.00	0.00	17	\N	275	0.0
1540	Camalov Hidayət			II	Kişi		NA-91021	0.00	0.00	0.00	0.00	0.00	0.00	17	\N	277	0.0
1541	Camalova Ofelya			I	Qadın		NA-58245	0.00	0.00	0.00	0.00	0.00	0.00	17	\N	277	0.0
1534	Cəfərov Nurlan			I	Kişi		NA-81344	0.00	0.00	0.00	0.00	0.00	0.00	17	\N	275	0.0
1538	Əliyev Nizami			II	Kişi	077 569 22 62	NA-92688	0.00	0.00	0.00	0.00	0.00	0.00	17	\N	275	0.0
1528	Əsgərov Malik			I	Kişi		NA-80275	0.00	0.00	0.00	0.00	0.00	0.00	17	\N	273	0.0
1535	Fərəcova Türanə			II	Qadın	NONE	NA-05486	0.00	0.00	0.00	0.00	0.00	0.00	17	\N	275	0.0
1506	Fətəliyeva Qızılgül			III	Qadın		NA-95144	0.00	0.00	0.00	0.00	0.00	0.00	17	\N	273	0.0
1536	Həsənov Nüsrət			I	Kişi		NA-50235	0.00	0.00	0.00	0.00	0.00	0.00	17	\N	275	0.0
1526	İmanova İsmət			III	Qadın		NA-09315	0.00	0.00	0.00	0.00	0.00	0.00	17	\N	273	0.0
1527	İsmayılova Aysel			I	Qadın		NA-83458	0.00	0.00	0.00	0.00	0.00	0.00	17	\N	273	0.0
1459	İsmayılova Türkan			I	Qadın		NA-67803	0.00	0.00	0.00	0.00	0.00	0.00	17	\N	267	0.0
1543	Məlikov Elvin			II	Kişi		NA-46104	0.00	0.00	0.00	0.00	0.00	0.00	17	\N	278	0.0
1537	Novruzov Aydın			III	Kişi	none	NA-40146	0.00	0.00	0.00	0.00	0.00	0.00	17	\N	275	0.0
1539	Qurbanov Əli			II	Kişi		NA-19631	0.00	0.00	0.00	0.00	0.00	0.00	17	\N	276	0.0
1520	Səfərov Anar			I	Kişi		NA-53814	0.00	0.00	0.00	0.00	0.00	0.00	17	\N	273	0.0
1544	Səfərov Ənvər			I	Kişi		NA-39806	0.00	0.00	0.00	0.00	0.00	0.00	17	\N	278	0.0
1521	Tarverdiyeva Şəfəq			II	Qadın	none	NA-63327	0.00	0.00	0.00	0.00	0.00	0.00	17	\N	273	0.0
1522	Tayuk Xaspolad			I	Kişi	000	NA-30570	0.00	0.00	0.00	0.00	0.00	0.00	17	\N	273	0.0
1524	Vəliyeva Vəfa			II	Qadın		NA-84538	0.00	0.00	0.00	0.00	0.00	0.00	17	\N	273	0.0
1523	Verdiyev Vüqar			II	Kişi	000	NA-99305	0.00	0.00	0.00	0.00	0.00	0.00	17	\N	273	0.0
1529	Xudiyeva Turac			I	Qadın		NA-82130	0.00	0.00	0.00	0.00	0.00	0.00	17	\N	274	0.0
1525	Zeynalova İlahə			II	Qadın	none	NA-60328	0.00	0.00	0.00	0.00	0.00	0.00	17	\N	273	0.0
26	Əliyev Amil	CA	A	II	Kişi		BA-32348	0.00	0.00	0.00	0.00	0.00	0.00	1	\N	6	0.0
5	Bünyadova Ləman	NP		I	Qadın	0774550506	BA-38635	-2.97	0.00	0.00	0.00	0.00	-2.97	2	\N	3	0.0
22	Cəfərova Zərifə	PED		I	Qadın	0515754208	BA-97301	13.46	0.00	0.00	0.00	0.00	13.46	2	\N	5	0.0
18	Əliyev Aslan	LOR		I	Kişi	0502862828	BA-27028	10.21	0.00	0.00	0.00	0.00	10.21	2	\N	3	0.0
3	Əsgərova Xanımzər	TE		I	Qadın	0557588759	BA-88714	9.41	0.00	0.00	0.00	0.00	9.41	2	\N	2	0.0
6	Fərmanova Aynurə	TE		II	Qadın	0555207233	BA-78296	42.97	0.00	0.00	0.00	0.00	42.97	2	\N	3	0.0
7	Fətullayev Cəfər	TE		I	Kişi	nan	BA-31536	55.46	0.00	0.00	0.00	0.00	55.46	2	\N	3	0.0
23	Hüseynova Arzu	SU		I	Qadın	0518702581	BA-61243	131.05	0.00	0.00	0.00	0.00	131.05	2	\N	5	0.0
9	Kasımova Nərgiz	ON		I	Qadın	0998980196	BA-12743	-145.54	0.00	0.00	0.00	0.00	-145.54	2	\N	3	0.0
10	Məmmədov İmran	TE		I	Kişi	nan	BA-77549	-21.06	0.00	0.00	0.00	0.00	-21.06	2	\N	3	0.0
11	Novruzova Pərvin	GN		I	Qadın	0505290239	BA-60913	10.78	0.00	0.00	0.00	0.00	10.78	2	\N	3	0.0
14	Rəhilə Mənsur	EN		I	Kişi	nan	BA-62808	-32.74	0.00	0.00	0.00	0.00	-32.74	2	\N	3	0.0
\.


--
-- Data for Name: doctors_realsales; Type: TABLE DATA; Schema: public; Owner: postgres
--

COPY public.doctors_realsales (id, date_sale, dr_name_id, region_n_id) FROM stdin;
\.


--
-- Data for Name: doctors_realsalesdrug; Type: TABLE DATA; Schema: public; Owner: postgres
--

COPY public.doctors_realsalesdrug (id, numbers, drug_name_id, real_sale_id) FROM stdin;
\.


--
-- Data for Name: doctors_recipe; Type: TABLE DATA; Schema: public; Owner: postgres
--

COPY public.doctors_recipe (id, date, dr_id, region_id) FROM stdin;
113	2025-09-30	3	2
114	2025-09-30	3	2
112	2025-09-30	3	2
115	2025-09-30	3	2
126	2025-10-14	13	2
127	2025-10-21	1546	26
128	2025-10-21	1546	26
129	2025-10-30	13	2
130	2025-10-30	13	2
131	2025-10-30	24	2
\.


--
-- Data for Name: doctors_recipedrug; Type: TABLE DATA; Schema: public; Owner: postgres
--

COPY public.doctors_recipedrug (id, number, created_at, drug_id, recipe_id) FROM stdin;
181	3.0	2025-10-14 16:08:31.021169+04	2	113
182	0.6	2025-10-14 16:10:58.038842+04	2	115
193	3.0	2025-10-14 17:06:33.473384+04	2	126
194	3.0	2025-10-21 14:21:35.216918+04	2	128
195	3.0	2025-10-30 12:43:22.46707+04	15	129
196	3.0	2025-10-30 12:44:03.333461+04	15	130
197	1.0	2025-10-30 14:42:45.778041+04	2	131
180	3.0	2025-10-14 15:45:22.080387+04	2	112
\.


--
-- Data for Name: export_backup; Type: TABLE DATA; Schema: public; Owner: postgres
--

COPY public.export_backup (id, ad, fayl, olusturulma_tarixi, olcu) FROM stdin;
1	Solvey Backup	backups/solvey_backup_20250911_160010.sql	2025-09-11 16:00:10.719486+04	0.07 MB
2	Solvey Backup	backups/solvey_backup_20251013_114729.sql	2025-10-13 11:47:30.330499+04	0.32 MB
13	Solvey Backup	backups/solvey_backup_20251021_152141.sql	2025-10-21 15:21:42.389694+04	0.41 MB
\.


--
-- Data for Name: medicine_medical; Type: TABLE DATA; Schema: public; Owner: postgres
--

COPY public.medicine_medical (id, med_name, med_full_name, med_price, komissiya, status) FROM stdin;
2	Solseda	Solseda N30 tablet	0.00	3.00	t
3	Opsidol	Opsidol N30 kapsul	0.00	4.00	t
4	Zemovar	Zemovar N30 tablet	0.00	4.00	t
5	Soltrop	Soltrop N30 tablet	0.00	4.00	t
6	Fensavin	Fensavin 150 ml	0.00	2.50	t
7	Soltep	Soltep N30	0.00	3.50	t
8	Litasol	Litasol N30 kapsul	0.00	3.50	t
9	Prostazolin	Prostazolin N30 kapsul	0.00	2.00	t
10	Provital	Provital N5 amp	0.00	0.50	t
11	Heptrazol	Heptrazol 80 ml N5	0.00	3.00	t
12	Vitomer Kids	Vitomer Kids	0.00	5.00	t
13	Fesola	Fesola 250 ml	0.00	3.50	t
14	Kartovey	Kartovey N30 tablet	0.00	3.50	t
15	Betasol	Betasol N30 kapsul	0.00	3.70	t
16	Genosfer	Genosfer N30 tablet	0.00	3.00	t
17	Serrasol	Serrasol N30 kapsul	0.00	4.00	t
18	Kalvey	Kalvey N30 tablet	0.00	3.30	t
19	Vitomer	Vitomer D3 15ml	0.00	2.00	t
20	Levostrong	Levostrong 100ml	0.00	1.00	t
21	Opeblock	Opeblock N5 amp	0.00	4.00	t
22	Ropsol	Ropsol 30ml	16.70	2.00	t
\.


--
-- Data for Name: payment_financial_document; Type: TABLE DATA; Schema: public; Owner: postgres
--

COPY public.payment_financial_document (id, check_photo, check_date, check_dr_id, check_region_id) FROM stdin;
1	check_photos/WhatsApp_Şəkil_2025-10-14_saat_12.14.25_60735a8d.jpg	2025-10-14	26	1
\.


--
-- Data for Name: payment_monthlydoctorreport; Type: TABLE DATA; Schema: public; Owner: postgres
--

COPY public.payment_monthlydoctorreport (id, report_month, borc, avans, investisiya, hesablanan_miqdar, hekimden_silinen, yekun_borc, recipe_total_drugs, recipe_drugs_list, doctor_id, region_id) FROM stdin;
1	2025-08-01	0	0	0	0	0	-2.97	0		5	2
2	2025-08-01	0	0	0	1.96	8.85	35.08	8		20	2
3	2025-08-01	0	0	0	0	0	13.46	0		22	2
4	2025-08-01	0	0	0	0	0	-35.15	0		17	2
5	2025-08-01	0	0	0	0	0	10.21	0		18	2
6	2025-08-01	0	0	0	0	0	-0.59	0		3	2
7	2025-08-01	0	0	0	4.57	14.91	42.97	13		6	2
8	2025-08-01	0	0	0	20.81	64.86	55.46	71		7	2
9	2025-08-01	0	0	0	5.79	11.05	131.05	10		23	2
10	2025-08-01	0	0	0	0	0	-16.2	0		8	2
11	2025-08-01	0	0	0	5.54	22.09	-145.54	14		9	2
12	2025-08-01	0	0	0	5.8	22.47	135.12	30		2	2
13	2025-08-01	0	0	0	0	0	-21.06	0		10	2
14	2025-08-01	0	0	0	7.05	7.79	10.78	8		11	2
15	2025-08-01	0	0	0	1.35	5.4	-32.74	5		14	2
16	2025-08-01	0	0	0	0	0	-5.53	0		13	2
17	2025-08-01	0	0	0	12.67	6.34	48.83	14		12	2
18	2025-08-01	0	0	0	0.55	2.06	-26.6	3		15	2
19	2025-08-01	0	0	0	0	0	-29.75	0		16	2
20	2025-08-01	0	0	0	0	0	-28.02	0		24	2
21	2025-08-01	0	0	0	42.61	111.16	-193.82	95		25	2
22	2025-08-01	0	0	0	55.03	56.48	46.78	52		4	2
23	2025-08-01	0	0	0	0	0	-2.16	0		21	2
24	2025-08-01	0	0	0	0	0	0	0		19	2
142	2025-09-01	0	0	0	0	0	-2.97	0		5	2
161	2025-09-01	0	0	0	0	0	10.21	0		18	2
162	2025-09-01	0	0	0	0	0	9.41	6		3	2
163	2025-09-01	0	0	0	0	0	42.97	0		6	2
164	2025-09-01	0	0	0	0	0	131.05	0		23	2
165	2025-09-01	0	0	0	0	0	13.46	0		22	2
166	2025-09-01	0	0	0	0	0	-145.54	0		9	2
167	2025-09-01	0	0	0	0	0	-21.06	0		10	2
168	2025-09-01	0	0	0	0	0	10.78	0		11	2
169	2025-09-01	0	0	0	0	0	-32.74	0		14	2
170	2025-09-01	0	0	0	0	0	-5.53	0		13	2
171	2025-09-01	0	0	0	0	0	-35.15	0		17	2
172	2025-09-01	0	0	0	0	0	48.83	0		12	2
173	2025-09-01	0	0	0	0	0	-26.6	0		15	2
174	2025-09-01	0	0	0	0	0	-29.75	0		16	2
175	2025-09-01	0	0	0	0	0	-28.02	0		24	2
176	2025-09-01	0	0	0	0	0	-193.82	0		25	2
177	2025-09-01	0	0	0	0	0	146.78	0		4	2
178	2025-09-01	0	0	0	0	0	-2.16	0		21	2
179	2025-09-01	0	0	0	0	0	0	0		19	2
1577	2025-09-01	0	0	0	0	0	235.12	0		2	2
140	2025-09-01	0	0	0	0	0	0	0		48	4
143	2025-09-01	0	0	0	0	0	0	0		27	3
144	2025-09-01	0	0	0	0	0	0	0		28	4
145	2025-09-01	0	0	0	0	0	0	0		29	4
146	2025-09-01	0	0	0	0	0	0	0		30	4
147	2025-09-01	0	0	0	0	0	0	0		31	4
148	2025-09-01	0	0	0	0	0	0	0		32	4
149	2025-09-01	0	0	0	0	0	0	0		33	4
150	2025-09-01	0	0	0	0	0	0	0		34	4
151	2025-09-01	0	0	0	0	0	0	0		35	4
152	2025-09-01	0	0	0	0	0	0	0		36	4
153	2025-09-01	0	0	0	0	0	0	0		37	4
154	2025-09-01	0	0	0	0	0	0	0		38	4
155	2025-09-01	0	0	0	0	0	0	0		39	4
156	2025-09-01	0	0	0	0	0	0	0		40	4
157	2025-09-01	0	0	0	0	0	0	0		41	4
158	2025-09-01	0	0	0	0	0	0	0		49	4
159	2025-09-01	0	0	0	0	0	0	0		42	4
160	2025-09-01	0	0	0	0	0	0	0		43	4
180	2025-09-01	0	0	0	0	0	0	0		44	4
181	2025-09-01	0	0	0	0	0	0	0		45	4
182	2025-09-01	0	0	0	0	0	0	0		46	4
183	2025-09-01	0	0	0	0	0	0	0		47	4
184	2025-09-01	0	0	0	0	0	0	0		50	4
185	2025-09-01	0	0	0	0	0	0	0		51	4
186	2025-09-01	0	0	0	0	0	0	0		52	5
187	2025-09-01	0	0	0	0	0	0	0		53	5
188	2025-09-01	0	0	0	0	0	0	0		54	5
189	2025-09-01	0	0	0	0	0	0	0		55	5
190	2025-09-01	0	0	0	0	0	0	0		56	5
191	2025-09-01	0	0	0	0	0	0	0		57	5
192	2025-09-01	0	0	0	0	0	0	0		58	5
193	2025-09-01	0	0	0	0	0	0	0		59	5
194	2025-09-01	0	0	0	0	0	0	0		60	5
195	2025-09-01	0	0	0	0	0	0	0		61	5
196	2025-09-01	0	0	0	0	0	0	0		62	5
197	2025-09-01	0	0	0	0	0	0	0		63	5
198	2025-09-01	0	0	0	0	0	0	0		64	5
199	2025-09-01	0	0	0	0	0	0	0		65	5
200	2025-09-01	0	0	0	0	0	0	0		66	5
201	2025-09-01	0	0	0	0	0	0	0		67	5
202	2025-09-01	0	0	0	0	0	0	0		68	5
203	2025-09-01	0	0	0	0	0	0	0		69	5
204	2025-09-01	0	0	0	0	0	0	0		70	5
205	2025-09-01	0	0	0	0	0	0	0		71	5
206	2025-09-01	0	0	0	0	0	0	0		72	5
207	2025-09-01	0	0	0	0	0	0	0		73	5
208	2025-09-01	0	0	0	0	0	0	0		74	5
209	2025-09-01	0	0	0	0	0	0	0		75	5
210	2025-09-01	0	0	0	0	0	0	0		76	5
211	2025-09-01	0	0	0	0	0	0	0		77	5
212	2025-09-01	0	0	0	0	0	0	0		78	5
213	2025-09-01	0	0	0	0	0	0	0		79	5
214	2025-09-01	0	0	0	0	0	0	0		80	5
215	2025-09-01	0	0	0	0	0	0	0		81	5
216	2025-09-01	0	0	0	0	0	0	0		82	5
217	2025-09-01	0	0	0	0	0	0	0		83	5
218	2025-09-01	0	0	0	0	0	0	0		84	5
219	2025-09-01	0	0	0	0	0	0	0		85	5
220	2025-09-01	0	0	0	0	0	0	0		86	5
221	2025-09-01	0	0	0	0	0	0	0		87	5
222	2025-09-01	0	0	0	0	0	0	0		88	5
223	2025-09-01	0	0	0	0	0	0	0		89	5
224	2025-09-01	0	0	0	0	0	0	0		90	5
225	2025-09-01	0	0	0	0	0	0	0		91	5
226	2025-09-01	0	0	0	0	0	0	0		92	5
227	2025-09-01	0	0	0	0	0	0	0		93	5
228	2025-09-01	0	0	0	0	0	0	0		94	5
229	2025-09-01	0	0	0	0	0	0	0		95	5
230	2025-09-01	0	0	0	0	0	0	0		96	5
231	2025-09-01	0	0	0	0	0	0	0		97	5
232	2025-09-01	0	0	0	0	0	0	0		98	5
233	2025-09-01	0	0	0	0	0	0	0		99	5
234	2025-09-01	0	0	0	0	0	0	0		100	5
235	2025-09-01	0	0	0	0	0	0	0		101	5
236	2025-09-01	0	0	0	0	0	0	0		102	5
237	2025-09-01	0	0	0	0	0	0	0		103	5
238	2025-09-01	0	0	0	0	0	0	0		104	5
239	2025-09-01	0	0	0	0	0	0	0		105	5
240	2025-09-01	0	0	0	0	0	0	0		106	5
241	2025-09-01	0	0	0	0	0	0	0		107	5
242	2025-09-01	0	0	0	0	0	0	0		108	5
243	2025-09-01	0	0	0	0	0	0	0		109	5
244	2025-09-01	0	0	0	0	0	0	0		110	5
245	2025-09-01	0	0	0	0	0	0	0		111	5
246	2025-09-01	0	0	0	0	0	0	0		112	5
247	2025-09-01	0	0	0	0	0	0	0		113	5
248	2025-09-01	0	0	0	0	0	0	0		114	5
249	2025-09-01	0	0	0	0	0	0	0		115	5
250	2025-09-01	0	0	0	0	0	0	0		116	5
251	2025-09-01	0	0	0	0	0	0	0		117	5
252	2025-09-01	0	0	0	0	0	0	0		118	5
253	2025-09-01	0	0	0	0	0	0	0		119	5
254	2025-09-01	0	0	0	0	0	0	0		120	5
255	2025-09-01	0	0	0	0	0	0	0		121	5
256	2025-09-01	0	0	0	0	0	0	0		122	5
257	2025-09-01	0	0	0	0	0	0	0		123	5
258	2025-09-01	0	0	0	0	0	0	0		124	5
259	2025-09-01	0	0	0	0	0	0	0		125	5
260	2025-09-01	0	0	0	0	0	0	0		126	5
261	2025-09-01	0	0	0	0	0	0	0		127	5
262	2025-09-01	0	0	0	0	0	0	0		128	5
263	2025-09-01	0	0	0	0	0	0	0		129	5
264	2025-09-01	0	0	0	0	0	0	0		130	5
265	2025-09-01	0	0	0	0	0	0	0		131	5
266	2025-09-01	0	0	0	0	0	0	0		132	5
267	2025-09-01	0	0	0	0	0	0	0		133	5
268	2025-09-01	0	0	0	0	0	0	0		134	5
269	2025-09-01	0	0	0	0	0	0	0		135	3
270	2025-09-01	0	0	0	0	0	0	0		136	4
271	2025-09-01	0	0	0	0	0	0	0		137	4
272	2025-09-01	0	0	0	0	0	0	0		138	4
273	2025-09-01	0	0	0	0	0	0	0		139	4
274	2025-09-01	0	0	0	0	0	0	0		140	4
275	2025-09-01	0	0	0	0	0	0	0		141	4
276	2025-09-01	0	0	0	0	0	0	0		142	4
277	2025-09-01	0	0	0	0	0	0	0		143	4
278	2025-09-01	0	0	0	0	0	0	0		144	4
279	2025-09-01	0	0	0	0	0	0	0		145	4
280	2025-09-01	0	0	0	0	0	0	0		146	4
281	2025-09-01	0	0	0	0	0	0	0		147	4
282	2025-09-01	0	0	0	0	0	0	0		148	4
283	2025-09-01	0	0	0	0	0	0	0		149	4
284	2025-09-01	0	0	0	0	0	0	0		150	4
285	2025-09-01	0	0	0	0	0	0	0		151	4
286	2025-09-01	0	0	0	0	0	0	0		152	4
287	2025-09-01	0	0	0	0	0	0	0		153	4
288	2025-09-01	0	0	0	0	0	0	0		154	4
289	2025-09-01	0	0	0	0	0	0	0		155	4
290	2025-09-01	0	0	0	0	0	0	0		156	4
291	2025-09-01	0	0	0	0	0	0	0		157	4
292	2025-09-01	0	0	0	0	0	0	0		158	4
293	2025-09-01	0	0	0	0	0	0	0		159	4
294	2025-09-01	0	0	0	0	0	0	0		160	5
295	2025-09-01	0	0	0	0	0	0	0		161	5
296	2025-09-01	0	0	0	0	0	0	0		162	5
297	2025-09-01	0	0	0	0	0	0	0		163	5
298	2025-09-01	0	0	0	0	0	0	0		164	5
299	2025-09-01	0	0	0	0	0	0	0		165	5
300	2025-09-01	0	0	0	0	0	0	0		166	5
301	2025-09-01	0	0	0	0	0	0	0		167	5
302	2025-09-01	0	0	0	0	0	0	0		168	5
303	2025-09-01	0	0	0	0	0	0	0		169	5
304	2025-09-01	0	0	0	0	0	0	0		170	5
305	2025-09-01	0	0	0	0	0	0	0		171	5
306	2025-09-01	0	0	0	0	0	0	0		172	5
307	2025-09-01	0	0	0	0	0	0	0		173	5
308	2025-09-01	0	0	0	0	0	0	0		174	5
309	2025-09-01	0	0	0	0	0	0	0		175	5
310	2025-09-01	0	0	0	0	0	0	0		176	5
311	2025-09-01	0	0	0	0	0	0	0		177	5
312	2025-09-01	0	0	0	0	0	0	0		178	5
313	2025-09-01	0	0	0	0	0	0	0		179	5
314	2025-09-01	0	0	0	0	0	0	0		180	5
315	2025-09-01	0	0	0	0	0	0	0		181	5
316	2025-09-01	0	0	0	0	0	0	0		182	5
317	2025-09-01	0	0	0	0	0	0	0		183	5
318	2025-09-01	0	0	0	0	0	0	0		184	5
319	2025-09-01	0	0	0	0	0	0	0		185	5
320	2025-09-01	0	0	0	0	0	0	0		186	5
321	2025-09-01	0	0	0	0	0	0	0		187	5
322	2025-09-01	0	0	0	0	0	0	0		188	5
323	2025-09-01	0	0	0	0	0	0	0		189	5
324	2025-09-01	0	0	0	0	0	0	0		190	5
325	2025-09-01	0	0	0	0	0	0	0		191	5
326	2025-09-01	0	0	0	0	0	0	0		192	5
327	2025-09-01	0	0	0	0	0	0	0		193	5
328	2025-09-01	0	0	0	0	0	0	0		194	5
329	2025-09-01	0	0	0	0	0	0	0		195	5
330	2025-09-01	0	0	0	0	0	0	0		196	5
331	2025-09-01	0	0	0	0	0	0	0		197	5
332	2025-09-01	0	0	0	0	0	0	0		198	5
333	2025-09-01	0	0	0	0	0	0	0		199	5
334	2025-09-01	0	0	0	0	0	0	0		200	5
335	2025-09-01	0	0	0	0	0	0	0		201	5
336	2025-09-01	0	0	0	0	0	0	0		202	5
337	2025-09-01	0	0	0	0	0	0	0		203	5
338	2025-09-01	0	0	0	0	0	0	0		204	5
339	2025-09-01	0	0	0	0	0	0	0		205	5
340	2025-09-01	0	0	0	0	0	0	0		206	5
341	2025-09-01	0	0	0	0	0	0	0		207	5
342	2025-09-01	0	0	0	0	0	0	0		208	5
343	2025-09-01	0	0	0	0	0	0	0		209	5
344	2025-09-01	0	0	0	0	0	0	0		210	5
345	2025-09-01	0	0	0	0	0	0	0		211	5
346	2025-09-01	0	0	0	0	0	0	0		212	5
347	2025-09-01	0	0	0	0	0	0	0		213	5
348	2025-09-01	0	0	0	0	0	0	0		214	5
349	2025-09-01	0	0	0	0	0	0	0		215	5
350	2025-09-01	0	0	0	0	0	0	0		216	5
351	2025-09-01	0	0	0	0	0	0	0		217	5
352	2025-09-01	0	0	0	0	0	0	0		218	5
353	2025-09-01	0	0	0	0	0	0	0		219	5
354	2025-09-01	0	0	0	0	0	0	0		220	5
355	2025-09-01	0	0	0	0	0	0	0		221	5
356	2025-09-01	0	0	0	0	0	0	0		222	5
357	2025-09-01	0	0	0	0	0	0	0		223	5
358	2025-09-01	0	0	0	0	0	0	0		224	5
359	2025-09-01	0	0	0	0	0	0	0		794	9
360	2025-09-01	0	0	0	0	0	0	0		225	5
361	2025-09-01	0	0	0	0	0	0	0		226	5
362	2025-09-01	0	0	0	0	0	0	0		227	5
363	2025-09-01	0	0	0	0	0	0	0		228	5
364	2025-09-01	0	0	0	0	0	0	0		229	5
365	2025-09-01	0	0	0	0	0	0	0		230	5
366	2025-09-01	0	0	0	0	0	0	0		231	5
367	2025-09-01	0	0	0	0	0	0	0		232	5
368	2025-09-01	0	0	0	0	0	0	0		233	5
369	2025-09-01	0	0	0	0	0	0	0		234	5
370	2025-09-01	0	0	0	0	0	0	0		235	5
371	2025-09-01	0	0	0	0	0	0	0		236	5
372	2025-09-01	0	0	0	0	0	0	0		237	5
373	2025-09-01	0	0	0	0	0	0	0		238	5
374	2025-09-01	0	0	0	0	0	0	0		239	5
375	2025-09-01	0	0	0	0	0	0	0		240	5
376	2025-09-01	0	0	0	0	0	0	0		241	5
377	2025-09-01	0	0	0	0	0	0	0		242	5
378	2025-09-01	0	0	0	0	0	0	0		243	5
379	2025-09-01	0	0	0	0	0	0	0		244	5
380	2025-09-01	0	0	0	0	0	0	0		245	5
381	2025-09-01	0	0	0	0	0	0	0		246	5
382	2025-09-01	0	0	0	0	0	0	0		247	5
383	2025-09-01	0	0	0	0	0	0	0		248	5
384	2025-09-01	0	0	0	0	0	0	0		249	5
385	2025-09-01	0	0	0	0	0	0	0		250	5
386	2025-09-01	0	0	0	0	0	0	0		251	5
387	2025-09-01	0	0	0	0	0	0	0		252	5
388	2025-09-01	0	0	0	0	0	0	0		253	5
389	2025-09-01	0	0	0	0	0	0	0		254	5
390	2025-09-01	0	0	0	0	0	0	0		255	5
391	2025-09-01	0	0	0	0	0	0	0		256	5
392	2025-09-01	0	0	0	0	0	0	0		257	5
393	2025-09-01	0	0	0	0	0	0	0		258	5
394	2025-09-01	0	0	0	0	0	0	0		259	5
395	2025-09-01	0	0	0	0	0	0	0		260	5
396	2025-09-01	0	0	0	0	0	0	0		261	5
397	2025-09-01	0	0	0	0	0	0	0		262	5
398	2025-09-01	0	0	0	0	0	0	0		263	5
399	2025-09-01	0	0	0	0	0	0	0		264	5
400	2025-09-01	0	0	0	0	0	0	0		265	5
401	2025-09-01	0	0	0	0	0	0	0		266	5
402	2025-09-01	0	0	0	0	0	0	0		267	5
403	2025-09-01	0	0	0	0	0	0	0		268	5
404	2025-09-01	0	0	0	0	0	0	0		269	5
405	2025-09-01	0	0	0	0	0	0	0		270	5
406	2025-09-01	0	0	0	0	0	0	0		271	5
407	2025-09-01	0	0	0	0	0	0	0		272	5
408	2025-09-01	0	0	0	0	0	0	0		273	5
409	2025-09-01	0	0	0	0	0	0	0		274	5
410	2025-09-01	0	0	0	0	0	0	0		275	5
411	2025-09-01	0	0	0	0	0	0	0		276	5
412	2025-09-01	0	0	0	0	0	0	0		277	5
413	2025-09-01	0	0	0	0	0	0	0		278	5
414	2025-09-01	0	0	0	0	0	0	0		279	5
415	2025-09-01	0	0	0	0	0	0	0		280	5
416	2025-09-01	0	0	0	0	0	0	0		281	5
417	2025-09-01	0	0	0	0	0	0	0		1546	26
418	2025-09-01	0	0	0	0	0	0	0		282	5
419	2025-09-01	0	0	0	0	0	0	0		283	5
420	2025-09-01	0	0	0	0	0	0	0		284	5
421	2025-09-01	0	0	0	0	0	0	0		285	5
422	2025-09-01	0	0	0	0	0	0	0		286	5
423	2025-09-01	0	0	0	0	0	0	0		287	5
424	2025-09-01	0	0	0	0	0	0	0		288	5
425	2025-09-01	0	0	0	0	0	0	0		289	5
426	2025-09-01	0	0	0	0	0	0	0		290	5
427	2025-09-01	0	0	0	0	0	0	0		291	6
428	2025-09-01	0	0	0	0	0	0	0		292	6
429	2025-09-01	0	0	0	0	0	0	0		293	6
430	2025-09-01	0	0	0	0	0	0	0		294	6
431	2025-09-01	0	0	0	0	0	0	0		295	6
432	2025-09-01	0	0	0	0	0	0	0		296	6
433	2025-09-01	0	0	0	0	0	0	0		297	6
434	2025-09-01	0	0	0	0	0	0	0		298	6
435	2025-09-01	0	0	0	0	0	0	0		299	6
436	2025-09-01	0	0	0	0	0	0	0		300	6
437	2025-09-01	0	0	0	0	0	0	0		301	6
438	2025-09-01	0	0	0	0	0	0	0		302	6
439	2025-09-01	0	0	0	0	0	0	0		303	6
440	2025-09-01	0	0	0	0	0	0	0		304	6
441	2025-09-01	0	0	0	0	0	0	0		305	6
442	2025-09-01	0	0	0	0	0	0	0		306	6
443	2025-09-01	0	0	0	0	0	0	0		307	6
444	2025-09-01	0	0	0	0	0	0	0		308	6
445	2025-09-01	0	0	0	0	0	0	0		309	6
446	2025-09-01	0	0	0	0	0	0	0		310	6
447	2025-09-01	0	0	0	0	0	0	0		311	6
448	2025-09-01	0	0	0	0	0	0	0		312	6
449	2025-09-01	0	0	0	0	0	0	0		313	6
450	2025-09-01	0	0	0	0	0	0	0		314	6
451	2025-09-01	0	0	0	0	0	0	0		315	6
452	2025-09-01	0	0	0	0	0	0	0		316	6
453	2025-09-01	0	0	0	0	0	0	0		317	6
454	2025-09-01	0	0	0	0	0	0	0		318	6
455	2025-09-01	0	0	0	0	0	0	0		319	6
456	2025-09-01	0	0	0	0	0	0	0		320	6
457	2025-09-01	0	0	0	0	0	0	0		321	6
458	2025-09-01	0	0	0	0	0	0	0		322	6
459	2025-09-01	0	0	0	0	0	0	0		323	6
460	2025-09-01	0	0	0	0	0	0	0		324	6
461	2025-09-01	0	0	0	0	0	0	0		325	6
462	2025-09-01	0	0	0	0	0	0	0		326	6
463	2025-09-01	0	0	0	0	0	0	0		327	6
464	2025-09-01	0	0	0	0	0	0	0		328	6
465	2025-09-01	0	0	0	0	0	0	0		329	6
466	2025-09-01	0	0	0	0	0	0	0		330	25
467	2025-09-01	0	0	0	0	0	0	0		331	25
468	2025-09-01	0	0	0	0	0	0	0		332	3
469	2025-09-01	0	0	0	0	0	0	0		333	3
470	2025-09-01	0	0	0	0	0	0	0		334	3
471	2025-09-01	0	0	0	0	0	0	0		335	3
472	2025-09-01	0	0	0	0	0	0	0		336	3
473	2025-09-01	0	0	0	0	0	0	0		337	3
474	2025-09-01	0	0	0	0	0	0	0		338	3
475	2025-09-01	0	0	0	0	0	0	0		339	3
476	2025-09-01	0	0	0	0	0	0	0		340	3
477	2025-09-01	0	0	0	0	0	0	0		341	3
478	2025-09-01	0	0	0	0	0	0	0		342	3
479	2025-09-01	0	0	0	0	0	0	0		343	3
480	2025-09-01	0	0	0	0	0	0	0		344	3
481	2025-09-01	0	0	0	0	0	0	0		345	3
482	2025-09-01	0	0	0	0	0	0	0		346	3
483	2025-09-01	0	0	0	0	0	0	0		347	3
484	2025-09-01	0	0	0	0	0	0	0		348	3
485	2025-09-01	0	0	0	0	0	0	0		349	3
486	2025-09-01	0	0	0	0	0	0	0		350	3
487	2025-09-01	0	0	0	0	0	0	0		351	3
488	2025-09-01	0	0	0	0	0	0	0		352	3
489	2025-09-01	0	0	0	0	0	0	0		353	3
490	2025-09-01	0	0	0	0	0	0	0		354	3
491	2025-09-01	0	0	0	0	0	0	0		355	3
492	2025-09-01	0	0	0	0	0	0	0		356	3
493	2025-09-01	0	0	0	0	0	0	0		357	3
494	2025-09-01	0	0	0	0	0	0	0		358	3
495	2025-09-01	0	0	0	0	0	0	0		359	3
496	2025-09-01	0	0	0	0	0	0	0		360	3
497	2025-09-01	0	0	0	0	0	0	0		361	3
498	2025-09-01	0	0	0	0	0	0	0		362	3
499	2025-09-01	0	0	0	0	0	0	0		363	3
500	2025-09-01	0	0	0	0	0	0	0		364	3
501	2025-09-01	0	0	0	0	0	0	0		365	3
502	2025-09-01	0	0	0	0	0	0	0		366	3
503	2025-09-01	0	0	0	0	0	0	0		367	3
504	2025-09-01	0	0	0	0	0	0	0		368	3
505	2025-09-01	0	0	0	0	0	0	0		369	3
506	2025-09-01	0	0	0	0	0	0	0		370	3
507	2025-09-01	0	0	0	0	0	0	0		371	3
508	2025-09-01	0	0	0	0	0	0	0		372	3
509	2025-09-01	0	0	0	0	0	0	0		373	3
510	2025-09-01	0	0	0	0	0	0	0		374	3
511	2025-09-01	0	0	0	0	0	0	0		375	3
512	2025-09-01	0	0	0	0	0	0	0		376	3
513	2025-09-01	0	0	0	0	0	0	0		377	3
514	2025-09-01	0	0	0	0	0	0	0		378	3
515	2025-09-01	0	0	0	0	0	0	0		379	3
516	2025-09-01	0	0	0	0	0	0	0		380	3
517	2025-09-01	0	0	0	0	0	0	0		381	3
518	2025-09-01	0	0	0	0	0	0	0		382	3
519	2025-09-01	0	0	0	0	0	0	0		383	3
520	2025-09-01	0	0	0	0	0	0	0		384	3
521	2025-09-01	0	0	0	0	0	0	0		385	3
522	2025-09-01	0	0	0	0	0	0	0		386	3
523	2025-09-01	0	0	0	0	0	0	0		387	3
524	2025-09-01	0	0	0	0	0	0	0		388	3
525	2025-09-01	0	0	0	0	0	0	0		389	3
526	2025-09-01	0	0	0	0	0	0	0		390	3
527	2025-09-01	0	0	0	0	0	0	0		391	3
528	2025-09-01	0	0	0	0	0	0	0		392	3
529	2025-09-01	0	0	0	0	0	0	0		393	3
530	2025-09-01	0	0	0	0	0	0	0		394	3
531	2025-09-01	0	0	0	0	0	0	0		395	3
532	2025-09-01	0	0	0	0	0	0	0		396	3
533	2025-09-01	0	0	0	0	0	0	0		397	3
534	2025-09-01	0	0	0	0	0	0	0		398	3
535	2025-09-01	0	0	0	0	0	0	0		399	3
536	2025-09-01	0	0	0	0	0	0	0		400	3
537	2025-09-01	0	0	0	0	0	0	0		401	3
538	2025-09-01	0	0	0	0	0	0	0		402	3
539	2025-09-01	0	0	0	0	0	0	0		403	3
540	2025-09-01	0	0	0	0	0	0	0		404	3
541	2025-09-01	0	0	0	0	0	0	0		405	3
542	2025-09-01	0	0	0	0	0	0	0		406	3
543	2025-09-01	0	0	0	0	0	0	0		407	3
544	2025-09-01	0	0	0	0	0	0	0		408	3
545	2025-09-01	0	0	0	0	0	0	0		409	3
546	2025-09-01	0	0	0	0	0	0	0		410	3
547	2025-09-01	0	0	0	0	0	0	0		411	3
548	2025-09-01	0	0	0	0	0	0	0		412	3
549	2025-09-01	0	0	0	0	0	0	0		413	3
550	2025-09-01	0	0	0	0	0	0	0		414	3
551	2025-09-01	0	0	0	0	0	0	0		415	3
552	2025-09-01	0	0	0	0	0	0	0		416	3
553	2025-09-01	0	0	0	0	0	0	0		417	3
554	2025-09-01	0	0	0	0	0	0	0		418	3
555	2025-09-01	0	0	0	0	0	0	0		419	3
556	2025-09-01	0	0	0	0	0	0	0		420	3
557	2025-09-01	0	0	0	0	0	0	0		421	3
558	2025-09-01	0	0	0	0	0	0	0		422	3
559	2025-09-01	0	0	0	0	0	0	0		423	3
560	2025-09-01	0	0	0	0	0	0	0		424	3
561	2025-09-01	0	0	0	0	0	0	0		425	3
562	2025-09-01	0	0	0	0	0	0	0		426	3
563	2025-09-01	0	0	0	0	0	0	0		427	3
564	2025-09-01	0	0	0	0	0	0	0		428	3
565	2025-09-01	0	0	0	0	0	0	0		429	7
566	2025-09-01	0	0	0	0	0	0	0		430	7
567	2025-09-01	0	0	0	0	0	0	0		431	7
568	2025-09-01	0	0	0	0	0	0	0		432	7
569	2025-09-01	0	0	0	0	0	0	0		433	7
570	2025-09-01	0	0	0	0	0	0	0		434	7
571	2025-09-01	0	0	0	0	0	0	0		435	7
572	2025-09-01	0	0	0	0	0	0	0		436	7
573	2025-09-01	0	0	0	0	0	0	0		437	7
574	2025-09-01	0	0	0	0	0	0	0		438	7
575	2025-09-01	0	0	0	0	0	0	0		439	7
576	2025-09-01	0	0	0	0	0	0	0		440	7
577	2025-09-01	0	0	0	0	0	0	0		441	7
578	2025-09-01	0	0	0	0	0	0	0		442	7
579	2025-09-01	0	0	0	0	0	0	0		443	7
580	2025-09-01	0	0	0	0	0	0	0		444	7
581	2025-09-01	0	0	0	0	0	0	0		445	7
582	2025-09-01	0	0	0	0	0	0	0		446	7
583	2025-09-01	0	0	0	0	0	0	0		447	7
584	2025-09-01	0	0	0	0	0	0	0		448	7
585	2025-09-01	0	0	0	0	0	0	0		449	7
586	2025-09-01	0	0	0	0	0	0	0		450	7
587	2025-09-01	0	0	0	0	0	0	0		451	7
588	2025-09-01	0	0	0	0	0	0	0		452	7
589	2025-09-01	0	0	0	0	0	0	0		453	7
590	2025-09-01	0	0	0	0	0	0	0		454	7
591	2025-09-01	0	0	0	0	0	0	0		455	7
592	2025-09-01	0	0	0	0	0	0	0		456	7
593	2025-09-01	0	0	0	0	0	0	0		457	7
594	2025-09-01	0	0	0	0	0	0	0		458	7
595	2025-09-01	0	0	0	0	0	0	0		459	7
596	2025-09-01	0	0	0	0	0	0	0		460	7
597	2025-09-01	0	0	0	0	0	0	0		461	7
598	2025-09-01	0	0	0	0	0	0	0		462	7
599	2025-09-01	0	0	0	0	0	0	0		463	7
600	2025-09-01	0	0	0	0	0	0	0		464	7
601	2025-09-01	0	0	0	0	0	0	0		465	7
602	2025-09-01	0	0	0	0	0	0	0		466	7
603	2025-09-01	0	0	0	0	0	0	0		467	7
604	2025-09-01	0	0	0	0	0	0	0		468	7
605	2025-09-01	0	0	0	0	0	0	0		469	7
606	2025-09-01	0	0	0	0	0	0	0		470	7
607	2025-09-01	0	0	0	0	0	0	0		471	7
608	2025-09-01	0	0	0	0	0	0	0		472	7
609	2025-09-01	0	0	0	0	0	0	0		473	7
610	2025-09-01	0	0	0	0	0	0	0		474	7
611	2025-09-01	0	0	0	0	0	0	0		475	7
612	2025-09-01	0	0	0	0	0	0	0		476	7
613	2025-09-01	0	0	0	0	0	0	0		477	7
614	2025-09-01	0	0	0	0	0	0	0		478	7
615	2025-09-01	0	0	0	0	0	0	0		479	7
616	2025-09-01	0	0	0	0	0	0	0		480	7
617	2025-09-01	0	0	0	0	0	0	0		481	7
618	2025-09-01	0	0	0	0	0	0	0		482	7
619	2025-09-01	0	0	0	0	0	0	0		483	7
620	2025-09-01	0	0	0	0	0	0	0		484	7
621	2025-09-01	0	0	0	0	0	0	0		485	7
622	2025-09-01	0	0	0	0	0	0	0		486	7
623	2025-09-01	0	0	0	0	0	0	0		487	7
624	2025-09-01	0	0	0	0	0	0	0		488	7
625	2025-09-01	0	0	0	0	0	0	0		489	7
626	2025-09-01	0	0	0	0	0	0	0		490	7
627	2025-09-01	0	0	0	0	0	0	0		491	7
628	2025-09-01	0	0	0	0	0	0	0		492	7
629	2025-09-01	0	0	0	0	0	0	0		493	7
630	2025-09-01	0	0	0	0	0	0	0		494	7
631	2025-09-01	0	0	0	0	0	0	0		495	7
632	2025-09-01	0	0	0	0	0	0	0		496	7
633	2025-09-01	0	0	0	0	0	0	0		497	7
634	2025-09-01	0	0	0	0	0	0	0		498	7
635	2025-09-01	0	0	0	0	0	0	0		499	7
636	2025-09-01	0	0	0	0	0	0	0		500	7
637	2025-09-01	0	0	0	0	0	0	0		501	7
638	2025-09-01	0	0	0	0	0	0	0		502	7
639	2025-09-01	0	0	0	0	0	0	0		503	7
640	2025-09-01	0	0	0	0	0	0	0		504	7
641	2025-09-01	0	0	0	0	0	0	0		505	7
642	2025-09-01	0	0	0	0	0	0	0		506	7
643	2025-09-01	0	0	0	0	0	0	0		507	7
644	2025-09-01	0	0	0	0	0	0	0		508	7
645	2025-09-01	0	0	0	0	0	0	0		509	7
646	2025-09-01	0	0	0	0	0	0	0		510	7
647	2025-09-01	0	0	0	0	0	0	0		511	7
648	2025-09-01	0	0	0	0	0	0	0		512	7
649	2025-09-01	0	0	0	0	0	0	0		513	7
650	2025-09-01	0	0	0	0	0	0	0		514	7
651	2025-09-01	0	0	0	0	0	0	0		515	7
652	2025-09-01	0	0	0	0	0	0	0		516	7
653	2025-09-01	0	0	0	0	0	0	0		517	7
654	2025-09-01	0	0	0	0	0	0	0		518	7
655	2025-09-01	0	0	0	0	0	0	0		519	7
656	2025-09-01	0	0	0	0	0	0	0		520	7
657	2025-09-01	0	0	0	0	0	0	0		521	7
658	2025-09-01	0	0	0	0	0	0	0		522	7
659	2025-09-01	0	0	0	0	0	0	0		523	7
660	2025-09-01	0	0	0	0	0	0	0		524	7
661	2025-09-01	0	0	0	0	0	0	0		525	7
662	2025-09-01	0	0	0	0	0	0	0		526	7
663	2025-09-01	0	0	0	0	0	0	0		527	7
664	2025-09-01	0	0	0	0	0	0	0		528	7
665	2025-09-01	0	0	0	0	0	0	0		529	7
666	2025-09-01	0	0	0	0	0	0	0		530	7
667	2025-09-01	0	0	0	0	0	0	0		531	7
668	2025-09-01	0	0	0	0	0	0	0		532	7
669	2025-09-01	0	0	0	0	0	0	0		533	7
670	2025-09-01	0	0	0	0	0	0	0		534	7
671	2025-09-01	0	0	0	0	0	0	0		535	7
672	2025-09-01	0	0	0	0	0	0	0		536	7
673	2025-09-01	0	0	0	0	0	0	0		537	7
674	2025-09-01	0	0	0	0	0	0	0		538	7
675	2025-09-01	0	0	0	0	0	0	0		539	7
676	2025-09-01	0	0	0	0	0	0	0		540	7
677	2025-09-01	0	0	0	0	0	0	0		541	7
678	2025-09-01	0	0	0	0	0	0	0		542	7
679	2025-09-01	0	0	0	0	0	0	0		543	7
680	2025-09-01	0	0	0	0	0	0	0		544	7
681	2025-09-01	0	0	0	0	0	0	0		545	7
682	2025-09-01	0	0	0	0	0	0	0		546	7
683	2025-09-01	0	0	0	0	0	0	0		547	7
684	2025-09-01	0	0	0	0	0	0	0		548	7
685	2025-09-01	0	0	0	0	0	0	0		549	7
686	2025-09-01	0	0	0	0	0	0	0		550	7
687	2025-09-01	0	0	0	0	0	0	0		551	7
688	2025-09-01	0	0	0	0	0	0	0		552	7
689	2025-09-01	0	0	0	0	0	0	0		553	7
690	2025-09-01	0	0	0	0	0	0	0		554	7
691	2025-09-01	0	0	0	0	0	0	0		555	7
692	2025-09-01	0	0	0	0	0	0	0		556	7
693	2025-09-01	0	0	0	0	0	0	0		557	7
694	2025-09-01	0	0	0	0	0	0	0		558	7
695	2025-09-01	0	0	0	0	0	0	0		559	7
696	2025-09-01	0	0	0	0	0	0	0		560	7
697	2025-09-01	0	0	0	0	0	0	0		561	7
698	2025-09-01	0	0	0	0	0	0	0		562	7
699	2025-09-01	0	0	0	0	0	0	0		563	7
700	2025-09-01	0	0	0	0	0	0	0		564	7
701	2025-09-01	0	0	0	0	0	0	0		565	7
702	2025-09-01	0	0	0	0	0	0	0		566	7
703	2025-09-01	0	0	0	0	0	0	0		567	7
704	2025-09-01	0	0	0	0	0	0	0		568	7
705	2025-09-01	0	0	0	0	0	0	0		569	7
706	2025-09-01	0	0	0	0	0	0	0		570	7
707	2025-09-01	0	0	0	0	0	0	0		571	7
708	2025-09-01	0	0	0	0	0	0	0		572	7
709	2025-09-01	0	0	0	0	0	0	0		573	7
710	2025-09-01	0	0	0	0	0	0	0		574	7
711	2025-09-01	0	0	0	0	0	0	0		575	7
712	2025-09-01	0	0	0	0	0	0	0		576	7
713	2025-09-01	0	0	0	0	0	0	0		577	7
714	2025-09-01	0	0	0	0	0	0	0		578	7
715	2025-09-01	0	0	0	0	0	0	0		579	7
716	2025-09-01	0	0	0	0	0	0	0		580	7
717	2025-09-01	0	0	0	0	0	0	0		581	7
718	2025-09-01	0	0	0	0	0	0	0		582	7
719	2025-09-01	0	0	0	0	0	0	0		583	7
720	2025-09-01	0	0	0	0	0	0	0		584	7
721	2025-09-01	0	0	0	0	0	0	0		585	7
722	2025-09-01	0	0	0	0	0	0	0		586	7
723	2025-09-01	0	0	0	0	0	0	0		587	7
724	2025-09-01	0	0	0	0	0	0	0		588	7
725	2025-09-01	0	0	0	0	0	0	0		589	7
726	2025-09-01	0	0	0	0	0	0	0		590	7
727	2025-09-01	0	0	0	0	0	0	0		591	7
728	2025-09-01	0	0	0	0	0	0	0		592	7
729	2025-09-01	0	0	0	0	0	0	0		593	7
730	2025-09-01	0	0	0	0	0	0	0		594	7
731	2025-09-01	0	0	0	0	0	0	0		595	7
732	2025-09-01	0	0	0	0	0	0	0		596	8
733	2025-09-01	0	0	0	0	0	0	0		597	8
734	2025-09-01	0	0	0	0	0	0	0		598	8
735	2025-09-01	0	0	0	0	0	0	0		599	8
736	2025-09-01	0	0	0	0	0	0	0		600	8
737	2025-09-01	0	0	0	0	0	0	0		601	8
738	2025-09-01	0	0	0	0	0	0	0		602	8
739	2025-09-01	0	0	0	0	0	0	0		603	8
740	2025-09-01	0	0	0	0	0	0	0		604	8
741	2025-09-01	0	0	0	0	0	0	0		605	8
742	2025-09-01	0	0	0	0	0	0	0		606	8
743	2025-09-01	0	0	0	0	0	0	0		607	8
744	2025-09-01	0	0	0	0	0	0	0		608	8
745	2025-09-01	0	0	0	0	0	0	0		609	8
746	2025-09-01	0	0	0	0	0	0	0		610	8
747	2025-09-01	0	0	0	0	0	0	0		611	8
748	2025-09-01	0	0	0	0	0	0	0		612	8
749	2025-09-01	0	0	0	0	0	0	0		613	8
750	2025-09-01	0	0	0	0	0	0	0		614	8
751	2025-09-01	0	0	0	0	0	0	0		615	8
752	2025-09-01	0	0	0	0	0	0	0		616	8
753	2025-09-01	0	0	0	0	0	0	0		617	8
754	2025-09-01	0	0	0	0	0	0	0		618	8
755	2025-09-01	0	0	0	0	0	0	0		619	8
756	2025-09-01	0	0	0	0	0	0	0		620	8
757	2025-09-01	0	0	0	0	0	0	0		621	8
758	2025-09-01	0	0	0	0	0	0	0		622	8
759	2025-09-01	0	0	0	0	0	0	0		623	8
760	2025-09-01	0	0	0	0	0	0	0		624	8
761	2025-09-01	0	0	0	0	0	0	0		625	8
762	2025-09-01	0	0	0	0	0	0	0		626	8
763	2025-09-01	0	0	0	0	0	0	0		627	8
764	2025-09-01	0	0	0	0	0	0	0		628	8
765	2025-09-01	0	0	0	0	0	0	0		629	8
766	2025-09-01	0	0	0	0	0	0	0		630	8
767	2025-09-01	0	0	0	0	0	0	0		631	8
768	2025-09-01	0	0	0	0	0	0	0		632	8
769	2025-09-01	0	0	0	0	0	0	0		633	8
770	2025-09-01	0	0	0	0	0	0	0		634	8
771	2025-09-01	0	0	0	0	0	0	0		635	8
772	2025-09-01	0	0	0	0	0	0	0		636	8
773	2025-09-01	0	0	0	0	0	0	0		637	8
774	2025-09-01	0	0	0	0	0	0	0		638	8
775	2025-09-01	0	0	0	0	0	0	0		639	8
776	2025-09-01	0	0	0	0	0	0	0		640	8
777	2025-09-01	0	0	0	0	0	0	0		641	8
778	2025-09-01	0	0	0	0	0	0	0		642	8
779	2025-09-01	0	0	0	0	0	0	0		643	8
780	2025-09-01	0	0	0	0	0	0	0		644	8
781	2025-09-01	0	0	0	0	0	0	0		645	8
782	2025-09-01	0	0	0	0	0	0	0		646	8
783	2025-09-01	0	0	0	0	0	0	0		647	8
784	2025-09-01	0	0	0	0	0	0	0		648	8
785	2025-09-01	0	0	0	0	0	0	0		649	8
786	2025-09-01	0	0	0	0	0	0	0		650	8
787	2025-09-01	0	0	0	0	0	0	0		651	8
788	2025-09-01	0	0	0	0	0	0	0		652	8
789	2025-09-01	0	0	0	0	0	0	0		653	8
790	2025-09-01	0	0	0	0	0	0	0		654	8
791	2025-09-01	0	0	0	0	0	0	0		655	8
792	2025-09-01	0	0	0	0	0	0	0		656	8
793	2025-09-01	0	0	0	0	0	0	0		657	8
794	2025-09-01	0	0	0	0	0	0	0		658	8
795	2025-09-01	0	0	0	0	0	0	0		659	8
796	2025-09-01	0	0	0	0	0	0	0		660	8
797	2025-09-01	0	0	0	0	0	0	0		661	8
798	2025-09-01	0	0	0	0	0	0	0		662	8
799	2025-09-01	0	0	0	0	0	0	0		663	8
800	2025-09-01	0	0	0	0	0	0	0		664	8
801	2025-09-01	0	0	0	0	0	0	0		665	8
802	2025-09-01	0	0	0	0	0	0	0		666	8
803	2025-09-01	0	0	0	0	0	0	0		667	8
804	2025-09-01	0	0	0	0	0	0	0		668	8
805	2025-09-01	0	0	0	0	0	0	0		669	8
806	2025-09-01	0	0	0	0	0	0	0		670	8
807	2025-09-01	0	0	0	0	0	0	0		671	8
808	2025-09-01	0	0	0	0	0	0	0		672	8
809	2025-09-01	0	0	0	0	0	0	0		673	8
810	2025-09-01	0	0	0	0	0	0	0		674	8
811	2025-09-01	0	0	0	0	0	0	0		675	8
812	2025-09-01	0	0	0	0	0	0	0		676	8
813	2025-09-01	0	0	0	0	0	0	0		677	8
814	2025-09-01	0	0	0	0	0	0	0		678	8
815	2025-09-01	0	0	0	0	0	0	0		679	8
816	2025-09-01	0	0	0	0	0	0	0		680	8
817	2025-09-01	0	0	0	0	0	0	0		681	8
818	2025-09-01	0	0	0	0	0	0	0		682	8
819	2025-09-01	0	0	0	0	0	0	0		683	8
820	2025-09-01	0	0	0	0	0	0	0		684	8
821	2025-09-01	0	0	0	0	0	0	0		685	8
822	2025-09-01	0	0	0	0	0	0	0		686	8
823	2025-09-01	0	0	0	0	0	0	0		687	8
824	2025-09-01	0	0	0	0	0	0	0		688	8
825	2025-09-01	0	0	0	0	0	0	0		689	8
826	2025-09-01	0	0	0	0	0	0	0		690	8
827	2025-09-01	0	0	0	0	0	0	0		691	8
828	2025-09-01	0	0	0	0	0	0	0		692	8
829	2025-09-01	0	0	0	0	0	0	0		693	8
830	2025-09-01	0	0	0	0	0	0	0		694	8
831	2025-09-01	0	0	0	0	0	0	0		695	8
832	2025-09-01	0	0	0	0	0	0	0		696	8
833	2025-09-01	0	0	0	0	0	0	0		697	8
834	2025-09-01	0	0	0	0	0	0	0		698	8
835	2025-09-01	0	0	0	0	0	0	0		699	8
836	2025-09-01	0	0	0	0	0	0	0		700	8
837	2025-09-01	0	0	0	0	0	0	0		701	8
838	2025-09-01	0	0	0	0	0	0	0		702	8
839	2025-09-01	0	0	0	0	0	0	0		703	8
840	2025-09-01	0	0	0	0	0	0	0		704	8
841	2025-09-01	0	0	0	0	0	0	0		705	8
842	2025-09-01	0	0	0	0	0	0	0		706	8
843	2025-09-01	0	0	0	0	0	0	0		707	8
844	2025-09-01	0	0	0	0	0	0	0		708	8
845	2025-09-01	0	0	0	0	0	0	0		709	8
846	2025-09-01	0	0	0	0	0	0	0		710	8
847	2025-09-01	0	0	0	0	0	0	0		711	8
848	2025-09-01	0	0	0	0	0	0	0		712	8
849	2025-09-01	0	0	0	0	0	0	0		713	8
850	2025-09-01	0	0	0	0	0	0	0		714	8
851	2025-09-01	0	0	0	0	0	0	0		715	8
852	2025-09-01	0	0	0	0	0	0	0		716	8
853	2025-09-01	0	0	0	0	0	0	0		717	8
854	2025-09-01	0	0	0	0	0	0	0		718	8
855	2025-09-01	0	0	0	0	0	0	0		719	8
856	2025-09-01	0	0	0	0	0	0	0		720	8
857	2025-09-01	0	0	0	0	0	0	0		721	8
858	2025-09-01	0	0	0	0	0	0	0		722	8
859	2025-09-01	0	0	0	0	0	0	0		723	8
860	2025-09-01	0	0	0	0	0	0	0		724	8
861	2025-09-01	0	0	0	0	0	0	0		725	9
862	2025-09-01	0	0	0	0	0	0	0		726	9
863	2025-09-01	0	0	0	0	0	0	0		727	9
864	2025-09-01	0	0	0	0	0	0	0		728	9
865	2025-09-01	0	0	0	0	0	0	0		729	9
866	2025-09-01	0	0	0	0	0	0	0		730	8
867	2025-09-01	0	0	0	0	0	0	0		731	9
868	2025-09-01	0	0	0	0	0	0	0		732	9
869	2025-09-01	0	0	0	0	0	0	0		733	9
870	2025-09-01	0	0	0	0	0	0	0		734	9
871	2025-09-01	0	0	0	0	0	0	0		735	9
872	2025-09-01	0	0	0	0	0	0	0		736	9
873	2025-09-01	0	0	0	0	0	0	0		737	9
874	2025-09-01	0	0	0	0	0	0	0		738	9
875	2025-09-01	0	0	0	0	0	0	0		739	9
876	2025-09-01	0	0	0	0	0	0	0		740	9
877	2025-09-01	0	0	0	0	0	0	0		741	9
878	2025-09-01	0	0	0	0	0	0	0		742	9
879	2025-09-01	0	0	0	0	0	0	0		743	9
880	2025-09-01	0	0	0	0	0	0	0		744	9
881	2025-09-01	0	0	0	0	0	0	0		745	9
882	2025-09-01	0	0	0	0	0	0	0		746	9
883	2025-09-01	0	0	0	0	0	0	0		747	9
884	2025-09-01	0	0	0	0	0	0	0		748	9
885	2025-09-01	0	0	0	0	0	0	0		749	9
886	2025-09-01	0	0	0	0	0	0	0		750	9
887	2025-09-01	0	0	0	0	0	0	0		751	9
888	2025-09-01	0	0	0	0	0	0	0		752	9
889	2025-09-01	0	0	0	0	0	0	0		753	9
890	2025-09-01	0	0	0	0	0	0	0		754	9
891	2025-09-01	0	0	0	0	0	0	0		755	9
892	2025-09-01	0	0	0	0	0	0	0		756	9
893	2025-09-01	0	0	0	0	0	0	0		757	9
894	2025-09-01	0	0	0	0	0	0	0		758	9
895	2025-09-01	0	0	0	0	0	0	0		759	9
896	2025-09-01	0	0	0	0	0	0	0		760	8
897	2025-09-01	0	0	0	0	0	0	0		761	9
898	2025-09-01	0	0	0	0	0	0	0		762	9
899	2025-09-01	0	0	0	0	0	0	0		763	9
900	2025-09-01	0	0	0	0	0	0	0		764	9
901	2025-09-01	0	0	0	0	0	0	0		765	9
902	2025-09-01	0	0	0	0	0	0	0		766	9
903	2025-09-01	0	0	0	0	0	0	0		767	9
904	2025-09-01	0	0	0	0	0	0	0		768	9
905	2025-09-01	0	0	0	0	0	0	0		769	9
906	2025-09-01	0	0	0	0	0	0	0		770	9
907	2025-09-01	0	0	0	0	0	0	0		771	9
908	2025-09-01	0	0	0	0	0	0	0		772	9
909	2025-09-01	0	0	0	0	0	0	0		773	9
910	2025-09-01	0	0	0	0	0	0	0		774	9
911	2025-09-01	0	0	0	0	0	0	0		775	9
912	2025-09-01	0	0	0	0	0	0	0		776	9
913	2025-09-01	0	0	0	0	0	0	0		777	9
914	2025-09-01	0	0	0	0	0	0	0		778	9
915	2025-09-01	0	0	0	0	0	0	0		779	9
916	2025-09-01	0	0	0	0	0	0	0		780	9
917	2025-09-01	0	0	0	0	0	0	0		781	9
918	2025-09-01	0	0	0	0	0	0	0		782	9
919	2025-09-01	0	0	0	0	0	0	0		783	9
920	2025-09-01	0	0	0	0	0	0	0		784	9
921	2025-09-01	0	0	0	0	0	0	0		785	9
922	2025-09-01	0	0	0	0	0	0	0		786	9
923	2025-09-01	0	0	0	0	0	0	0		787	9
924	2025-09-01	0	0	0	0	0	0	0		788	9
925	2025-09-01	0	0	0	0	0	0	0		789	9
926	2025-09-01	0	0	0	0	0	0	0		790	9
927	2025-09-01	0	0	0	0	0	0	0		791	9
928	2025-09-01	0	0	0	0	0	0	0		792	9
929	2025-09-01	0	0	0	0	0	0	0		793	9
930	2025-09-01	0	0	0	0	0	0	0		795	9
931	2025-09-01	0	0	0	0	0	0	0		796	9
932	2025-09-01	0	0	0	0	0	0	0		797	9
933	2025-09-01	0	0	0	0	0	0	0		798	9
934	2025-09-01	0	0	0	0	0	0	0		799	9
935	2025-09-01	0	0	0	0	0	0	0		800	9
936	2025-09-01	0	0	0	0	0	0	0		801	9
937	2025-09-01	0	0	0	0	0	0	0		802	9
938	2025-09-01	0	0	0	0	0	0	0		803	9
939	2025-09-01	0	0	0	0	0	0	0		804	9
940	2025-09-01	0	0	0	0	0	0	0		805	9
941	2025-09-01	0	0	0	0	0	0	0		806	9
942	2025-09-01	0	0	0	0	0	0	0		807	9
943	2025-09-01	0	0	0	0	0	0	0		808	9
944	2025-09-01	0	0	0	0	0	0	0		809	9
945	2025-09-01	0	0	0	0	0	0	0		810	9
946	2025-09-01	0	0	0	0	0	0	0		811	9
947	2025-09-01	0	0	0	0	0	0	0		812	9
948	2025-09-01	0	0	0	0	0	0	0		813	9
949	2025-09-01	0	0	0	0	0	0	0		814	9
950	2025-09-01	0	0	0	0	0	0	0		815	9
951	2025-09-01	0	0	0	0	0	0	0		816	9
952	2025-09-01	0	0	0	0	0	0	0		817	9
953	2025-09-01	0	0	0	0	0	0	0		818	9
954	2025-09-01	0	0	0	0	0	0	0		819	9
955	2025-09-01	0	0	0	0	0	0	0		820	9
956	2025-09-01	0	0	0	0	0	0	0		821	9
957	2025-09-01	0	0	0	0	0	0	0		822	9
958	2025-09-01	0	0	0	0	0	0	0		823	9
959	2025-09-01	0	0	0	0	0	0	0		824	9
960	2025-09-01	0	0	0	0	0	0	0		825	9
961	2025-09-01	0	0	0	0	0	0	0		826	9
962	2025-09-01	0	0	0	0	0	0	0		827	9
963	2025-09-01	0	0	0	0	0	0	0		828	9
964	2025-09-01	0	0	0	0	0	0	0		829	9
965	2025-09-01	0	0	0	0	0	0	0		830	9
966	2025-09-01	0	0	0	0	0	0	0		831	9
967	2025-09-01	0	0	0	0	0	0	0		832	9
968	2025-09-01	0	0	0	0	0	0	0		833	9
969	2025-09-01	0	0	0	0	0	0	0		834	9
970	2025-09-01	0	0	0	0	0	0	0		835	9
971	2025-09-01	0	0	0	0	0	0	0		836	9
972	2025-09-01	0	0	0	0	0	0	0		837	9
973	2025-09-01	0	0	0	0	0	0	0		838	9
974	2025-09-01	0	0	0	0	0	0	0		839	9
975	2025-09-01	0	0	0	0	0	0	0		840	9
976	2025-09-01	0	0	0	0	0	0	0		841	9
977	2025-09-01	0	0	0	0	0	0	0		842	9
978	2025-09-01	0	0	0	0	0	0	0		843	9
979	2025-09-01	0	0	0	0	0	0	0		844	9
980	2025-09-01	0	0	0	0	0	0	0		845	9
981	2025-09-01	0	0	0	0	0	0	0		846	9
982	2025-09-01	0	0	0	0	0	0	0		847	9
983	2025-09-01	0	0	0	0	0	0	0		848	9
984	2025-09-01	0	0	0	0	0	0	0		849	9
985	2025-09-01	0	0	0	0	0	0	0		850	9
986	2025-09-01	0	0	0	0	0	0	0		851	9
987	2025-09-01	0	0	0	0	0	0	0		852	9
988	2025-09-01	0	0	0	0	0	0	0		853	9
989	2025-09-01	0	0	0	0	0	0	0		854	9
990	2025-09-01	0	0	0	0	0	0	0		855	9
991	2025-09-01	0	0	0	0	0	0	0		856	9
992	2025-09-01	0	0	0	0	0	0	0		857	9
993	2025-09-01	0	0	0	0	0	0	0		858	9
994	2025-09-01	0	0	0	0	0	0	0		859	9
995	2025-09-01	0	0	0	0	0	0	0		860	9
996	2025-09-01	0	0	0	0	0	0	0		861	9
997	2025-09-01	0	0	0	0	0	0	0		862	9
998	2025-09-01	0	0	0	0	0	0	0		863	9
999	2025-09-01	0	0	0	0	0	0	0		864	9
1000	2025-09-01	0	0	0	0	0	0	0		865	9
1001	2025-09-01	0	0	0	0	0	0	0		866	9
1002	2025-09-01	0	0	0	0	0	0	0		867	9
1003	2025-09-01	0	0	0	0	0	0	0		868	9
1004	2025-09-01	0	0	0	0	0	0	0		869	9
1005	2025-09-01	0	0	0	0	0	0	0		870	9
1006	2025-09-01	0	0	0	0	0	0	0		871	9
1007	2025-09-01	0	0	0	0	0	0	0		872	9
1008	2025-09-01	0	0	0	0	0	0	0		873	9
1009	2025-09-01	0	0	0	0	0	0	0		874	9
1010	2025-09-01	0	0	0	0	0	0	0		875	9
1011	2025-09-01	0	0	0	0	0	0	0		876	9
1012	2025-09-01	0	0	0	0	0	0	0		877	9
1013	2025-09-01	0	0	0	0	0	0	0		878	9
1014	2025-09-01	0	0	0	0	0	0	0		879	9
1015	2025-09-01	0	0	0	0	0	0	0		880	9
1016	2025-09-01	0	0	0	0	0	0	0		881	9
1017	2025-09-01	0	0	0	0	0	0	0		882	9
1018	2025-09-01	0	0	0	0	0	0	0		883	9
1019	2025-09-01	0	0	0	0	0	0	0		884	10
1020	2025-09-01	0	0	0	0	0	0	0		885	10
1021	2025-09-01	0	0	0	0	0	0	0		886	10
1022	2025-09-01	0	0	0	0	0	0	0		887	10
1023	2025-09-01	0	0	0	0	0	0	0		888	10
1024	2025-09-01	0	0	0	0	0	0	0		889	10
1025	2025-09-01	0	0	0	0	0	0	0		890	10
1026	2025-09-01	0	0	0	0	0	0	0		891	10
1027	2025-09-01	0	0	0	0	0	0	0		892	10
1028	2025-09-01	0	0	0	0	0	0	0		893	10
1029	2025-09-01	0	0	0	0	0	0	0		894	10
1030	2025-09-01	0	0	0	0	0	0	0		895	10
1031	2025-09-01	0	0	0	0	0	0	0		896	10
1032	2025-09-01	0	0	0	0	0	0	0		897	10
1033	2025-09-01	0	0	0	0	0	0	0		898	10
1034	2025-09-01	0	0	0	0	0	0	0		899	10
1035	2025-09-01	0	0	0	0	0	0	0		900	10
1036	2025-09-01	0	0	0	0	0	0	0		901	10
1037	2025-09-01	0	0	0	0	0	0	0		902	10
1038	2025-09-01	0	0	0	0	0	0	0		903	10
1039	2025-09-01	0	0	0	0	0	0	0		904	10
1040	2025-09-01	0	0	0	0	0	0	0		905	10
1041	2025-09-01	0	0	0	0	0	0	0		906	10
1042	2025-09-01	0	0	0	0	0	0	0		907	10
1043	2025-09-01	0	0	0	0	0	0	0		908	10
1044	2025-09-01	0	0	0	0	0	0	0		909	10
1045	2025-09-01	0	0	0	0	0	0	0		910	10
1046	2025-09-01	0	0	0	0	0	0	0		911	10
1047	2025-09-01	0	0	0	0	0	0	0		912	10
1048	2025-09-01	0	0	0	0	0	0	0		913	10
1049	2025-09-01	0	0	0	0	0	0	0		914	10
1050	2025-09-01	0	0	0	0	0	0	0		915	10
1051	2025-09-01	0	0	0	0	0	0	0		916	10
1052	2025-09-01	0	0	0	0	0	0	0		917	10
1053	2025-09-01	0	0	0	0	0	0	0		918	10
1054	2025-09-01	0	0	0	0	0	0	0		919	10
1055	2025-09-01	0	0	0	0	0	0	0		920	10
1056	2025-09-01	0	0	0	0	0	0	0		921	10
1057	2025-09-01	0	0	0	0	0	0	0		922	10
1058	2025-09-01	0	0	0	0	0	0	0		923	10
1059	2025-09-01	0	0	0	0	0	0	0		924	10
1060	2025-09-01	0	0	0	0	0	0	0		925	10
1061	2025-09-01	0	0	0	0	0	0	0		926	10
1062	2025-09-01	0	0	0	0	0	0	0		927	10
1063	2025-09-01	0	0	0	0	0	0	0		928	10
1064	2025-09-01	0	0	0	0	0	0	0		929	10
1065	2025-09-01	0	0	0	0	0	0	0		930	10
1066	2025-09-01	0	0	0	0	0	0	0		931	10
1067	2025-09-01	0	0	0	0	0	0	0		932	10
1068	2025-09-01	0	0	0	0	0	0	0		933	10
1069	2025-09-01	0	0	0	0	0	0	0		934	10
1070	2025-09-01	0	0	0	0	0	0	0		935	10
1071	2025-09-01	0	0	0	0	0	0	0		936	10
1072	2025-09-01	0	0	0	0	0	0	0		937	10
1073	2025-09-01	0	0	0	0	0	0	0		938	10
1074	2025-09-01	0	0	0	0	0	0	0		939	10
1075	2025-09-01	0	0	0	0	0	0	0		940	10
1076	2025-09-01	0	0	0	0	0	0	0		941	10
1077	2025-09-01	0	0	0	0	0	0	0		942	10
1078	2025-09-01	0	0	0	0	0	0	0		943	10
1079	2025-09-01	0	0	0	0	0	0	0		944	10
1080	2025-09-01	0	0	0	0	0	0	0		945	10
1081	2025-09-01	0	0	0	0	0	0	0		946	10
1082	2025-09-01	0	0	0	0	0	0	0		947	10
1083	2025-09-01	0	0	0	0	0	0	0		948	10
1084	2025-09-01	0	0	0	0	0	0	0		949	10
1085	2025-09-01	0	0	0	0	0	0	0		950	10
1086	2025-09-01	0	0	0	0	0	0	0		951	10
1087	2025-09-01	0	0	0	0	0	0	0		952	10
1088	2025-09-01	0	0	0	0	0	0	0		953	10
1089	2025-09-01	0	0	0	0	0	0	0		954	10
1090	2025-09-01	0	0	0	0	0	0	0		955	10
1091	2025-09-01	0	0	0	0	0	0	0		956	10
1092	2025-09-01	0	0	0	0	0	0	0		957	10
1093	2025-09-01	0	0	0	0	0	0	0		958	10
1094	2025-09-01	0	0	0	0	0	0	0		959	10
1095	2025-09-01	0	0	0	0	0	0	0		960	10
1096	2025-09-01	0	0	0	0	0	0	0		961	10
1097	2025-09-01	0	0	0	0	0	0	0		962	10
1098	2025-09-01	0	0	0	0	0	0	0		963	10
1099	2025-09-01	0	0	0	0	0	0	0		964	10
1100	2025-09-01	0	0	0	0	0	0	0		965	10
1101	2025-09-01	0	0	0	0	0	0	0		966	10
1102	2025-09-01	0	0	0	0	0	0	0		967	10
1103	2025-09-01	0	0	0	0	0	0	0		968	10
1104	2025-09-01	0	0	0	0	0	0	0		969	10
1105	2025-09-01	0	0	0	0	0	0	0		970	10
1106	2025-09-01	0	0	0	0	0	0	0		971	10
1107	2025-09-01	0	0	0	0	0	0	0		972	10
1108	2025-09-01	0	0	0	0	0	0	0		973	10
1109	2025-09-01	0	0	0	0	0	0	0		974	10
1110	2025-09-01	0	0	0	0	0	0	0		975	10
1111	2025-09-01	0	0	0	0	0	0	0		976	10
1112	2025-09-01	0	0	0	0	0	0	0		977	10
1113	2025-09-01	0	0	0	0	0	0	0		978	10
1114	2025-09-01	0	0	0	0	0	0	0		979	10
1115	2025-09-01	0	0	0	0	0	0	0		980	10
1116	2025-09-01	0	0	0	0	0	0	0		981	10
1117	2025-09-01	0	0	0	0	0	0	0		982	10
1118	2025-09-01	0	0	0	0	0	0	0		983	10
1119	2025-09-01	0	0	0	0	0	0	0		984	10
1120	2025-09-01	0	0	0	0	0	0	0		985	10
1121	2025-09-01	0	0	0	0	0	0	0		986	10
1122	2025-09-01	0	0	0	0	0	0	0		987	11
1123	2025-09-01	0	0	0	0	0	0	0		988	11
1124	2025-09-01	0	0	0	0	0	0	0		989	11
1125	2025-09-01	0	0	0	0	0	0	0		990	11
1126	2025-09-01	0	0	0	0	0	0	0		991	11
1127	2025-09-01	0	0	0	0	0	0	0		992	11
1128	2025-09-01	0	0	0	0	0	0	0		993	11
1129	2025-09-01	0	0	0	0	0	0	0		994	11
1130	2025-09-01	0	0	0	0	0	0	0		995	11
1131	2025-09-01	0	0	0	0	0	0	0		996	11
1132	2025-09-01	0	0	0	0	0	0	0		997	11
1133	2025-09-01	0	0	0	0	0	0	0		998	11
1134	2025-09-01	0	0	0	0	0	0	0		999	11
1135	2025-09-01	0	0	0	0	0	0	0		1000	11
1136	2025-09-01	0	0	0	0	0	0	0		1001	11
1137	2025-09-01	0	0	0	0	0	0	0		1002	11
1138	2025-09-01	0	0	0	0	0	0	0		1003	11
1139	2025-09-01	0	0	0	0	0	0	0		1004	11
1140	2025-09-01	0	0	0	0	0	0	0		1005	11
1141	2025-09-01	0	0	0	0	0	0	0		1006	11
1142	2025-09-01	0	0	0	0	0	0	0		1007	11
1143	2025-09-01	0	0	0	0	0	0	0		1008	11
1144	2025-09-01	0	0	0	0	0	0	0		1009	11
1145	2025-09-01	0	0	0	0	0	0	0		1010	11
1146	2025-09-01	0	0	0	0	0	0	0		1011	11
1147	2025-09-01	0	0	0	0	0	0	0		1012	11
1148	2025-09-01	0	0	0	0	0	0	0		1013	11
1149	2025-09-01	0	0	0	0	0	0	0		1014	11
1150	2025-09-01	0	0	0	0	0	0	0		1015	11
1151	2025-09-01	0	0	0	0	0	0	0		1016	11
1152	2025-09-01	0	0	0	0	0	0	0		1017	11
1153	2025-09-01	0	0	0	0	0	0	0		1018	11
1154	2025-09-01	0	0	0	0	0	0	0		1019	11
1155	2025-09-01	0	0	0	0	0	0	0		1020	11
1156	2025-09-01	0	0	0	0	0	0	0		1021	11
1157	2025-09-01	0	0	0	0	0	0	0		1022	11
1158	2025-09-01	0	0	0	0	0	0	0		1023	11
1159	2025-09-01	0	0	0	0	0	0	0		1024	11
1160	2025-09-01	0	0	0	0	0	0	0		1025	11
1161	2025-09-01	0	0	0	0	0	0	0		1026	11
1162	2025-09-01	0	0	0	0	0	0	0		1027	11
1163	2025-09-01	0	0	0	0	0	0	0		1028	11
1164	2025-09-01	0	0	0	0	0	0	0		1029	11
1165	2025-09-01	0	0	0	0	0	0	0		1030	11
1166	2025-09-01	0	0	0	0	0	0	0		1031	11
1167	2025-09-01	0	0	0	0	0	0	0		1032	11
1168	2025-09-01	0	0	0	0	0	0	0		1033	11
1169	2025-09-01	0	0	0	0	0	0	0		1034	11
1170	2025-09-01	0	0	0	0	0	0	0		1035	11
1171	2025-09-01	0	0	0	0	0	0	0		1036	12
1172	2025-09-01	0	0	0	0	0	0	0		1037	12
1173	2025-09-01	0	0	0	0	0	0	0		1038	12
1174	2025-09-01	0	0	0	0	0	0	0		1039	12
1175	2025-09-01	0	0	0	0	0	0	0		1040	12
1176	2025-09-01	0	0	0	0	0	0	0		1041	12
1177	2025-09-01	0	0	0	0	0	0	0		1042	12
1178	2025-09-01	0	0	0	0	0	0	0		1043	12
1179	2025-09-01	0	0	0	0	0	0	0		1044	12
1180	2025-09-01	0	0	0	0	0	0	0		1045	12
1181	2025-09-01	0	0	0	0	0	0	0		1046	12
1182	2025-09-01	0	0	0	0	0	0	0		1047	12
1183	2025-09-01	0	0	0	0	0	0	0		1048	12
1184	2025-09-01	0	0	0	0	0	0	0		1049	12
1185	2025-09-01	0	0	0	0	0	0	0		1050	12
1186	2025-09-01	0	0	0	0	0	0	0		1051	12
1187	2025-09-01	0	0	0	0	0	0	0		1052	12
1188	2025-09-01	0	0	0	0	0	0	0		1053	12
1189	2025-09-01	0	0	0	0	0	0	0		1054	12
1190	2025-09-01	0	0	0	0	0	0	0		1055	12
1191	2025-09-01	0	0	0	0	0	0	0		1056	12
1192	2025-09-01	0	0	0	0	0	0	0		1057	12
1193	2025-09-01	0	0	0	0	0	0	0		1058	12
1194	2025-09-01	0	0	0	0	0	0	0		1059	12
1195	2025-09-01	0	0	0	0	0	0	0		1060	12
1196	2025-09-01	0	0	0	0	0	0	0		1061	12
1197	2025-09-01	0	0	0	0	0	0	0		1062	12
1198	2025-09-01	0	0	0	0	0	0	0		1063	12
1199	2025-09-01	0	0	0	0	0	0	0		1064	12
1200	2025-09-01	0	0	0	0	0	0	0		1065	12
1201	2025-09-01	0	0	0	0	0	0	0		1066	12
1202	2025-09-01	0	0	0	0	0	0	0		1067	12
1203	2025-09-01	0	0	0	0	0	0	0		1068	12
1204	2025-09-01	0	0	0	0	0	0	0		1069	12
1205	2025-09-01	0	0	0	0	0	0	0		1070	12
1206	2025-09-01	0	0	0	0	0	0	0		1071	12
1207	2025-09-01	0	0	0	0	0	0	0		1072	12
1208	2025-09-01	0	0	0	0	0	0	0		1073	12
1209	2025-09-01	0	0	0	0	0	0	0		1074	12
1210	2025-09-01	0	0	0	0	0	0	0		1075	12
1211	2025-09-01	0	0	0	0	0	0	0		1076	12
1212	2025-09-01	0	0	0	0	0	0	0		1077	12
1213	2025-09-01	0	0	0	0	0	0	0		1078	12
1214	2025-09-01	0	0	0	0	0	0	0		1079	12
1215	2025-09-01	0	0	0	0	0	0	0		1080	12
1216	2025-09-01	0	0	0	0	0	0	0		1081	12
1217	2025-09-01	0	0	0	0	0	0	0		1082	12
1218	2025-09-01	0	0	0	0	0	0	0		1083	12
1219	2025-09-01	0	0	0	0	0	0	0		1084	12
1220	2025-09-01	0	0	0	0	0	0	0		1085	12
1221	2025-09-01	0	0	0	0	0	0	0		1086	12
1222	2025-09-01	0	0	0	0	0	0	0		1087	12
1223	2025-09-01	0	0	0	0	0	0	0		1088	13
1224	2025-09-01	0	0	0	0	0	0	0		1089	13
1225	2025-09-01	0	0	0	0	0	0	0		1090	13
1226	2025-09-01	0	0	0	0	0	0	0		1091	13
1227	2025-09-01	0	0	0	0	0	0	0		1092	13
1228	2025-09-01	0	0	0	0	0	0	0		1093	13
1229	2025-09-01	0	0	0	0	0	0	0		1094	13
1230	2025-09-01	0	0	0	0	0	0	0		1095	13
1231	2025-09-01	0	0	0	0	0	0	0		1096	13
1232	2025-09-01	0	0	0	0	0	0	0		1097	13
1233	2025-09-01	0	0	0	0	0	0	0		1098	13
1234	2025-09-01	0	0	0	0	0	0	0		1099	13
1235	2025-09-01	0	0	0	0	0	0	0		1100	13
1236	2025-09-01	0	0	0	0	0	0	0		1101	13
1237	2025-09-01	0	0	0	0	0	0	0		1102	13
1238	2025-09-01	0	0	0	0	0	0	0		1103	13
1239	2025-09-01	0	0	0	0	0	0	0		1104	13
1240	2025-09-01	0	0	0	0	0	0	0		1105	13
1241	2025-09-01	0	0	0	0	0	0	0		1106	13
1242	2025-09-01	0	0	0	0	0	0	0		1107	13
1243	2025-09-01	0	0	0	0	0	0	0		1108	13
1244	2025-09-01	0	0	0	0	0	0	0		1109	13
1245	2025-09-01	0	0	0	0	0	0	0		1110	13
1246	2025-09-01	0	0	0	0	0	0	0		1111	13
1247	2025-09-01	0	0	0	0	0	0	0		1112	13
1248	2025-09-01	0	0	0	0	0	0	0		1113	13
1249	2025-09-01	0	0	0	0	0	0	0		1114	13
1250	2025-09-01	0	0	0	0	0	0	0		1115	13
1251	2025-09-01	0	0	0	0	0	0	0		1116	13
1252	2025-09-01	0	0	0	0	0	0	0		1117	13
1253	2025-09-01	0	0	0	0	0	0	0		1118	13
1254	2025-09-01	0	0	0	0	0	0	0		1119	13
1255	2025-09-01	0	0	0	0	0	0	0		1120	13
1256	2025-09-01	0	0	0	0	0	0	0		1121	13
1257	2025-09-01	0	0	0	0	0	0	0		1122	13
1258	2025-09-01	0	0	0	0	0	0	0		1123	13
1259	2025-09-01	0	0	0	0	0	0	0		1124	13
1260	2025-09-01	0	0	0	0	0	0	0		1125	13
1261	2025-09-01	0	0	0	0	0	0	0		1126	13
1262	2025-09-01	0	0	0	0	0	0	0		1127	13
1263	2025-09-01	0	0	0	0	0	0	0		1128	13
1264	2025-09-01	0	0	0	0	0	0	0		1129	13
1265	2025-09-01	0	0	0	0	0	0	0		1130	13
1266	2025-09-01	0	0	0	0	0	0	0		1131	13
1267	2025-09-01	0	0	0	0	0	0	0		1132	13
1268	2025-09-01	0	0	0	0	0	0	0		1133	13
1269	2025-09-01	0	0	0	0	0	0	0		1134	13
1270	2025-09-01	0	0	0	0	0	0	0		1135	13
1271	2025-09-01	0	0	0	0	0	0	0		1136	13
1272	2025-09-01	0	0	0	0	0	0	0		1137	13
1273	2025-09-01	0	0	0	0	0	0	0		1138	13
1274	2025-09-01	0	0	0	0	0	0	0		1139	13
1275	2025-09-01	0	0	0	0	0	0	0		1140	13
1276	2025-09-01	0	0	0	0	0	0	0		1141	13
1277	2025-09-01	0	0	0	0	0	0	0		1142	13
1278	2025-09-01	0	0	0	0	0	0	0		1143	13
1279	2025-09-01	0	0	0	0	0	0	0		1144	13
1280	2025-09-01	0	0	0	0	0	0	0		1145	13
1281	2025-09-01	0	0	0	0	0	0	0		1146	13
1282	2025-09-01	0	0	0	0	0	0	0		1147	13
1283	2025-09-01	0	0	0	0	0	0	0		1148	13
1284	2025-09-01	0	0	0	0	0	0	0		1149	13
1285	2025-09-01	0	0	0	0	0	0	0		1150	13
1286	2025-09-01	0	0	0	0	0	0	0		1151	13
1287	2025-09-01	0	0	0	0	0	0	0		1152	13
1288	2025-09-01	0	0	0	0	0	0	0		1153	13
1289	2025-09-01	0	0	0	0	0	0	0		1154	13
1290	2025-09-01	0	0	0	0	0	0	0		1155	13
1291	2025-09-01	0	0	0	0	0	0	0		1156	13
1292	2025-09-01	0	0	0	0	0	0	0		1157	13
1293	2025-09-01	0	0	0	0	0	0	0		1158	13
1294	2025-09-01	0	0	0	0	0	0	0		1159	13
1295	2025-09-01	0	0	0	0	0	0	0		1160	13
1296	2025-09-01	0	0	0	0	0	0	0		1161	13
1297	2025-09-01	0	0	0	0	0	0	0		1162	13
1298	2025-09-01	0	0	0	0	0	0	0		1163	13
1299	2025-09-01	0	0	0	0	0	0	0		1164	13
1300	2025-09-01	0	0	0	0	0	0	0		1165	13
1301	2025-09-01	0	0	0	0	0	0	0		1166	13
1302	2025-09-01	0	0	0	0	0	0	0		1167	13
1303	2025-09-01	0	0	0	0	0	0	0		1168	13
1304	2025-09-01	0	0	0	0	0	0	0		1169	13
1305	2025-09-01	0	0	0	0	0	0	0		1170	13
1306	2025-09-01	0	0	0	0	0	0	0		1171	13
1307	2025-09-01	0	0	0	0	0	0	0		1172	13
1308	2025-09-01	0	0	0	0	0	0	0		1173	13
1309	2025-09-01	0	0	0	0	0	0	0		1174	13
1310	2025-09-01	0	0	0	0	0	0	0		1175	13
1311	2025-09-01	0	0	0	0	0	0	0		1176	13
1312	2025-09-01	0	0	0	0	0	0	0		1177	13
1313	2025-09-01	0	0	0	0	0	0	0		1178	13
1314	2025-09-01	0	0	0	0	0	0	0		1179	13
1315	2025-09-01	0	0	0	0	0	0	0		1180	13
1316	2025-09-01	0	0	0	0	0	0	0		1181	13
1317	2025-09-01	0	0	0	0	0	0	0		1182	13
1318	2025-09-01	0	0	0	0	0	0	0		1183	13
1319	2025-09-01	0	0	0	0	0	0	0		1184	13
1320	2025-09-01	0	0	0	0	0	0	0		1185	13
1321	2025-09-01	0	0	0	0	0	0	0		1186	13
1322	2025-09-01	0	0	0	0	0	0	0		1187	13
1323	2025-09-01	0	0	0	0	0	0	0		1188	13
1324	2025-09-01	0	0	0	0	0	0	0		1189	13
1325	2025-09-01	0	0	0	0	0	0	0		1190	13
1326	2025-09-01	0	0	0	0	0	0	0		1191	13
1327	2025-09-01	0	0	0	0	0	0	0		1192	13
1328	2025-09-01	0	0	0	0	0	0	0		1193	13
1329	2025-09-01	0	0	0	0	0	0	0		1194	13
1330	2025-09-01	0	0	0	0	0	0	0		1195	13
1331	2025-09-01	0	0	0	0	0	0	0		1196	13
1332	2025-09-01	0	0	0	0	0	0	0		1197	13
1333	2025-09-01	0	0	0	0	0	0	0		1198	13
1334	2025-09-01	0	0	0	0	0	0	0		1199	13
1335	2025-09-01	0	0	0	0	0	0	0		1200	13
1336	2025-09-01	0	0	0	0	0	0	0		1201	13
1337	2025-09-01	0	0	0	0	0	0	0		1202	13
1338	2025-09-01	0	0	0	0	0	0	0		1203	13
1339	2025-09-01	0	0	0	0	0	0	0		1204	13
1340	2025-09-01	0	0	0	0	0	0	0		1205	13
1341	2025-09-01	0	0	0	0	0	0	0		1206	13
1342	2025-09-01	0	0	0	0	0	0	0		1207	13
1343	2025-09-01	0	0	0	0	0	0	0		1208	13
1344	2025-09-01	0	0	0	0	0	0	0		1209	13
1345	2025-09-01	0	0	0	0	0	0	0		1210	13
1346	2025-09-01	0	0	0	0	0	0	0		1211	13
1347	2025-09-01	0	0	0	0	0	0	0		1212	13
1348	2025-09-01	0	0	0	0	0	0	0		1213	13
1349	2025-09-01	0	0	0	0	0	0	0		1214	13
1350	2025-09-01	0	0	0	0	0	0	0		1215	13
1351	2025-09-01	0	0	0	0	0	0	0		1216	13
1352	2025-09-01	0	0	0	0	0	0	0		1217	13
1353	2025-09-01	0	0	0	0	0	0	0		1218	13
1354	2025-09-01	0	0	0	0	0	0	0		1219	13
1355	2025-09-01	0	0	0	0	0	0	0		1220	13
1356	2025-09-01	0	0	0	0	0	0	0		1221	13
1357	2025-09-01	0	0	0	0	0	0	0		1222	13
1358	2025-09-01	0	0	0	0	0	0	0		1223	14
1359	2025-09-01	0	0	0	0	0	0	0		1224	14
1360	2025-09-01	0	0	0	0	0	0	0		1225	14
1361	2025-09-01	0	0	0	0	0	0	0		1226	14
1362	2025-09-01	0	0	0	0	0	0	0		1227	14
1363	2025-09-01	0	0	0	0	0	0	0		1228	14
1364	2025-09-01	0	0	0	0	0	0	0		1229	14
1365	2025-09-01	0	0	0	0	0	0	0		1230	14
1366	2025-09-01	0	0	0	0	0	0	0		1231	14
1367	2025-09-01	0	0	0	0	0	0	0		1232	14
1368	2025-09-01	0	0	0	0	0	0	0		1233	14
1369	2025-09-01	0	0	0	0	0	0	0		1234	14
1370	2025-09-01	0	0	0	0	0	0	0		1235	14
1371	2025-09-01	0	0	0	0	0	0	0		1236	14
1372	2025-09-01	0	0	0	0	0	0	0		1237	14
1373	2025-09-01	0	0	0	0	0	0	0		1238	14
1374	2025-09-01	0	0	0	0	0	0	0		1239	14
1375	2025-09-01	0	0	0	0	0	0	0		1240	14
1376	2025-09-01	0	0	0	0	0	0	0		1241	14
1377	2025-09-01	0	0	0	0	0	0	0		1242	14
1378	2025-09-01	0	0	0	0	0	0	0		1243	14
1379	2025-09-01	0	0	0	0	0	0	0		1244	14
1380	2025-09-01	0	0	0	0	0	0	0		1245	14
1381	2025-09-01	0	0	0	0	0	0	0		1246	14
1382	2025-09-01	0	0	0	0	0	0	0		1247	14
1383	2025-09-01	0	0	0	0	0	0	0		1248	14
1384	2025-09-01	0	0	0	0	0	0	0		1249	14
1385	2025-09-01	0	0	0	0	0	0	0		1250	14
1386	2025-09-01	0	0	0	0	0	0	0		1251	14
1387	2025-09-01	0	0	0	0	0	0	0		1252	14
1388	2025-09-01	0	0	0	0	0	0	0		1253	14
1389	2025-09-01	0	0	0	0	0	0	0		1254	14
1390	2025-09-01	0	0	0	0	0	0	0		1255	14
1391	2025-09-01	0	0	0	0	0	0	0		1256	14
1392	2025-09-01	0	0	0	0	0	0	0		1257	14
1393	2025-09-01	0	0	0	0	0	0	0		1258	14
1394	2025-09-01	0	0	0	0	0	0	0		1259	14
1395	2025-09-01	0	0	0	0	0	0	0		1260	14
1396	2025-09-01	0	0	0	0	0	0	0		1261	14
1397	2025-09-01	0	0	0	0	0	0	0		1262	14
1398	2025-09-01	0	0	0	0	0	0	0		1263	14
1399	2025-09-01	0	0	0	0	0	0	0		1264	14
1400	2025-09-01	0	0	0	0	0	0	0		1265	14
1401	2025-09-01	0	0	0	0	0	0	0		1266	14
1402	2025-09-01	0	0	0	0	0	0	0		1267	14
1403	2025-09-01	0	0	0	0	0	0	0		1268	14
1404	2025-09-01	0	0	0	0	0	0	0		1269	14
1405	2025-09-01	0	0	0	0	0	0	0		1270	14
1406	2025-09-01	0	0	0	0	0	0	0		1271	14
1407	2025-09-01	0	0	0	0	0	0	0		1272	14
1408	2025-09-01	0	0	0	0	0	0	0		1273	14
1409	2025-09-01	0	0	0	0	0	0	0		1274	14
1410	2025-09-01	0	0	0	0	0	0	0		1275	14
1411	2025-09-01	0	0	0	0	0	0	0		1276	14
1412	2025-09-01	0	0	0	0	0	0	0		1277	14
1413	2025-09-01	0	0	0	0	0	0	0		1278	14
1414	2025-09-01	0	0	0	0	0	0	0		1279	14
1415	2025-09-01	0	0	0	0	0	0	0		1280	14
1416	2025-09-01	0	0	0	0	0	0	0		1281	14
1417	2025-09-01	0	0	0	0	0	0	0		1282	14
1418	2025-09-01	0	0	0	0	0	0	0		1283	14
1419	2025-09-01	0	0	0	0	0	0	0		1284	14
1420	2025-09-01	0	0	0	0	0	0	0		1285	14
1421	2025-09-01	0	0	0	0	0	0	0		1286	14
1422	2025-09-01	0	0	0	0	0	0	0		1287	14
1423	2025-09-01	0	0	0	0	0	0	0		1288	15
1424	2025-09-01	0	0	0	0	0	0	0		1289	15
1425	2025-09-01	0	0	0	0	0	0	0		1290	15
1426	2025-09-01	0	0	0	0	0	0	0		1291	15
1427	2025-09-01	0	0	0	0	0	0	0		1292	15
1428	2025-09-01	0	0	0	0	0	0	0		1293	15
1429	2025-09-01	0	0	0	0	0	0	0		1294	15
1430	2025-09-01	0	0	0	0	0	0	0		1295	15
1431	2025-09-01	0	0	0	0	0	0	0		1296	15
1432	2025-09-01	0	0	0	0	0	0	0		1297	15
1433	2025-09-01	0	0	0	0	0	0	0		1298	16
1434	2025-09-01	0	0	0	0	0	0	0		1299	15
1435	2025-09-01	0	0	0	0	0	0	0		1300	15
1436	2025-09-01	0	0	0	0	0	0	0		1301	15
1437	2025-09-01	0	0	0	0	0	0	0		1302	15
1438	2025-09-01	0	0	0	0	0	0	0		1303	15
1439	2025-09-01	0	0	0	0	0	0	0		1304	15
1440	2025-09-01	0	0	0	0	0	0	0		1305	15
1441	2025-09-01	0	0	0	0	0	0	0		1306	15
1442	2025-09-01	0	0	0	0	0	0	0		1307	15
1443	2025-09-01	0	0	0	0	0	0	0		1308	15
1444	2025-09-01	0	0	0	0	0	0	0		1309	15
1445	2025-09-01	0	0	0	0	0	0	0		1310	15
1446	2025-09-01	0	0	0	0	0	0	0		1311	15
1447	2025-09-01	0	0	0	0	0	0	0		1312	15
1448	2025-09-01	0	0	0	0	0	0	0		1313	15
1449	2025-09-01	0	0	0	0	0	0	0		1314	15
1450	2025-09-01	0	0	0	0	0	0	0		1315	15
1451	2025-09-01	0	0	0	0	0	0	0		1316	15
1452	2025-09-01	0	0	0	0	0	0	0		1317	15
1453	2025-09-01	0	0	0	0	0	0	0		1318	15
1454	2025-09-01	0	0	0	0	0	0	0		1319	15
1455	2025-09-01	0	0	0	0	0	0	0		1320	15
1456	2025-09-01	0	0	0	0	0	0	0		1321	15
1457	2025-09-01	0	0	0	0	0	0	0		1322	15
1458	2025-09-01	0	0	0	0	0	0	0		1323	15
1459	2025-09-01	0	0	0	0	0	0	0		1324	15
1460	2025-09-01	0	0	0	0	0	0	0		1325	15
1461	2025-09-01	0	0	0	0	0	0	0		1326	15
1462	2025-09-01	0	0	0	0	0	0	0		1327	15
1463	2025-09-01	0	0	0	0	0	0	0		1328	15
1464	2025-09-01	0	0	0	0	0	0	0		1329	15
1465	2025-09-01	0	0	0	0	0	0	0		1330	15
1466	2025-09-01	0	0	0	0	0	0	0		1331	15
1467	2025-09-01	0	0	0	0	0	0	0		1332	15
1468	2025-09-01	0	0	0	0	0	0	0		1333	15
1469	2025-09-01	0	0	0	0	0	0	0		1334	15
1470	2025-09-01	0	0	0	0	0	0	0		1335	15
1471	2025-09-01	0	0	0	0	0	0	0		1336	15
1472	2025-09-01	0	0	0	0	0	0	0		1337	15
1473	2025-09-01	0	0	0	0	0	0	0		1338	15
1474	2025-09-01	0	0	0	0	0	0	0		1339	15
1475	2025-09-01	0	0	0	0	0	0	0		1340	15
1476	2025-09-01	0	0	0	0	0	0	0		1341	15
1477	2025-09-01	0	0	0	0	0	0	0		1342	15
1478	2025-09-01	0	0	0	0	0	0	0		1343	15
1479	2025-09-01	0	0	0	0	0	0	0		1344	15
1480	2025-09-01	0	0	0	0	0	0	0		1345	15
1481	2025-09-01	0	0	0	0	0	0	0		1346	15
1482	2025-09-01	0	0	0	0	0	0	0		1347	15
1483	2025-09-01	0	0	0	0	0	0	0		1348	15
1484	2025-09-01	0	0	0	0	0	0	0		1349	15
1485	2025-09-01	0	0	0	0	0	0	0		1350	15
1486	2025-09-01	0	0	0	0	0	0	0		1351	15
1487	2025-09-01	0	0	0	0	0	0	0		1352	15
1488	2025-09-01	0	0	0	0	0	0	0		1353	15
1489	2025-09-01	0	0	0	0	0	0	0		1354	15
1490	2025-09-01	0	0	0	0	0	0	0		1355	15
1491	2025-09-01	0	0	0	0	0	0	0		1356	15
1492	2025-09-01	0	0	0	0	0	0	0		1357	15
1493	2025-09-01	0	0	0	0	0	0	0		1358	15
1494	2025-09-01	0	0	0	0	0	0	0		1359	15
1495	2025-09-01	0	0	0	0	0	0	0		1360	15
1496	2025-09-01	0	0	0	0	0	0	0		1361	15
1497	2025-09-01	0	0	0	0	0	0	0		1362	15
1498	2025-09-01	0	0	0	0	0	0	0		1363	15
1499	2025-09-01	0	0	0	0	0	0	0		1364	15
1500	2025-09-01	0	0	0	0	0	0	0		1365	15
1501	2025-09-01	0	0	0	0	0	0	0		1366	15
1502	2025-09-01	0	0	0	0	0	0	0		1367	15
1503	2025-09-01	0	0	0	0	0	0	0		1368	15
1504	2025-09-01	0	0	0	0	0	0	0		1369	15
1505	2025-09-01	0	0	0	0	0	0	0		1370	15
1506	2025-09-01	0	0	0	0	0	0	0		1371	15
1507	2025-09-01	0	0	0	0	0	0	0		1372	15
1508	2025-09-01	0	0	0	0	0	0	0		1373	15
1509	2025-09-01	0	0	0	0	0	0	0		1374	15
1510	2025-09-01	0	0	0	0	0	0	0		1375	15
1511	2025-09-01	0	0	0	0	0	0	0		1376	15
1512	2025-09-01	0	0	0	0	0	0	0		1377	15
1513	2025-09-01	0	0	0	0	0	0	0		1378	15
1514	2025-09-01	0	0	0	0	0	0	0		1379	15
1515	2025-09-01	0	0	0	0	0	0	0		1380	15
1516	2025-09-01	0	0	0	0	0	0	0		1381	15
1517	2025-09-01	0	0	0	0	0	0	0		1382	15
1518	2025-09-01	0	0	0	0	0	0	0		1383	15
1519	2025-09-01	0	0	0	0	0	0	0		1384	15
1520	2025-09-01	0	0	0	0	0	0	0		1385	15
1521	2025-09-01	0	0	0	0	0	0	0		1386	15
1522	2025-09-01	0	0	0	0	0	0	0		1387	15
1523	2025-09-01	0	0	0	0	0	0	0		1388	15
1524	2025-09-01	0	0	0	0	0	0	0		1389	15
1525	2025-09-01	0	0	0	0	0	0	0		1390	15
1526	2025-09-01	0	0	0	0	0	0	0		1391	15
1527	2025-09-01	0	0	0	0	0	0	0		1392	15
1528	2025-09-01	0	0	0	0	0	0	0		1393	15
1529	2025-09-01	0	0	0	0	0	0	0		1394	15
1530	2025-09-01	0	0	0	0	0	0	0		1395	15
1531	2025-09-01	0	0	0	0	0	0	0		1396	15
1532	2025-09-01	0	0	0	0	0	0	0		1397	15
1533	2025-09-01	0	0	0	0	0	0	0		1398	15
1534	2025-09-01	0	0	0	0	0	0	0		1399	15
1535	2025-09-01	0	0	0	0	0	0	0		1400	15
1536	2025-09-01	0	0	0	0	0	0	0		1401	15
1537	2025-09-01	0	0	0	0	0	0	0		1402	15
1538	2025-09-01	0	0	0	0	0	0	0		1403	15
1539	2025-09-01	0	0	0	0	0	0	0		1404	15
1540	2025-09-01	0	0	0	0	0	0	0		1405	15
1541	2025-09-01	0	0	0	0	0	0	0		1406	15
1542	2025-09-01	0	0	0	0	0	0	0		1407	15
1543	2025-09-01	0	0	0	0	0	0	0		1408	15
1544	2025-09-01	0	0	0	0	0	0	0		1409	15
1545	2025-09-01	0	0	0	0	0	0	0		1410	15
1546	2025-09-01	0	0	0	0	0	0	0		1411	15
1547	2025-09-01	0	0	0	0	0	0	0		1412	15
1548	2025-09-01	0	0	0	0	0	0	0		1413	15
1549	2025-09-01	0	0	0	0	0	0	0		1414	15
1550	2025-09-01	0	0	0	0	0	0	0		1415	15
1551	2025-09-01	0	0	0	0	0	0	0		1416	15
1552	2025-09-01	0	0	0	0	0	0	0		1417	15
1553	2025-09-01	0	0	0	0	0	0	0		1418	15
1554	2025-09-01	0	0	0	0	0	0	0		1419	15
1555	2025-09-01	0	0	0	0	0	0	0		1420	15
1556	2025-09-01	0	0	0	0	0	0	0		1421	15
1557	2025-09-01	0	0	0	0	0	0	0		1422	15
1558	2025-09-01	0	0	0	0	0	0	0		1423	15
1559	2025-09-01	0	0	0	0	0	0	0		1424	15
1560	2025-09-01	0	0	0	0	0	0	0		1425	15
1561	2025-09-01	0	0	0	0	0	0	0		1426	15
1562	2025-09-01	0	0	0	0	0	0	0		1427	15
1563	2025-09-01	0	0	0	0	0	0	0		1428	15
1564	2025-09-01	0	0	0	0	0	0	0		1429	15
1565	2025-09-01	0	0	0	0	0	0	0		1430	15
1566	2025-09-01	0	0	0	0	0	0	0		1431	15
1567	2025-09-01	0	0	0	0	0	0	0		1432	15
1568	2025-09-01	0	0	0	0	0	0	0		1433	15
1569	2025-09-01	0	0	0	0	0	0	0		1434	15
1570	2025-09-01	0	0	0	0	0	0	0		1435	15
1571	2025-09-01	0	0	0	0	0	0	0		1436	15
1572	2025-09-01	0	0	0	0	0	0	0		1437	15
1573	2025-09-01	0	0	0	0	0	0	0		1438	15
1574	2025-09-01	0	0	0	0	0	0	0		1439	15
1575	2025-09-01	0	0	0	0	0	0	0		1440	15
1576	2025-09-01	0	0	0	0	0	0	0		1441	15
1578	2025-09-01	0	0	0	0	0	0	0		1545	26
1579	2025-09-01	0	0	0	0	0	0	0		1547	26
1580	2025-09-01	0	0	0	0	0	0	0		1548	26
1581	2025-09-01	0	0	0	0	0	0	0		1549	26
1582	2025-09-01	0	0	0	0	0	0	0		1550	26
1583	2025-09-01	0	0	0	0	0	0	0		1551	26
1584	2025-09-01	0	0	0	0	0	0	0		1552	26
1585	2025-09-01	0	0	0	0	0	0	0		1553	26
1586	2025-09-01	0	0	0	0	0	0	0		1554	26
1587	2025-09-01	0	0	0	0	0	0	0		1555	26
1588	2025-09-01	0	0	0	0	0	0	0		1556	26
1589	2025-09-01	0	0	0	0	0	0	0		1557	26
1590	2025-09-01	0	0	0	0	0	0	0		1558	26
1591	2025-09-01	0	0	0	0	0	0	0		1559	26
1592	2025-09-01	0	0	0	0	0	0	0		1560	26
1593	2025-09-01	0	0	0	0	0	0	0		1561	26
1594	2025-09-01	0	0	0	0	0	0	0		1562	26
1595	2025-09-01	0	0	0	0	0	0	0		1563	26
1596	2025-09-01	0	0	0	0	0	0	0		1564	26
1597	2025-09-01	0	0	0	0	0	0	0		1565	26
1598	2025-09-01	0	0	0	0	0	0	0		1566	26
1599	2025-09-01	0	0	0	0	0	0	0		1567	26
1600	2025-09-01	0	0	0	0	0	0	0		1568	26
1601	2025-09-01	0	0	0	0	0	0	0		1569	26
1602	2025-09-01	0	0	0	0	0	0	0		1570	26
1603	2025-09-01	0	0	0	0	0	0	0		1571	26
1604	2025-09-01	0	0	0	0	0	0	0		1572	18
1605	2025-09-01	0	0	0	0	0	0	0		1573	18
1606	2025-09-01	0	0	0	0	0	0	0		1574	18
1607	2025-09-01	0	0	0	0	0	0	0		1575	18
1608	2025-09-01	0	0	0	0	0	0	0		1576	18
1609	2025-09-01	0	0	0	0	0	0	0		1577	18
1610	2025-09-01	0	0	0	0	0	0	0		1578	18
1611	2025-09-01	0	0	0	0	0	0	0		1579	18
1612	2025-09-01	0	0	0	0	0	0	0		1580	18
1613	2025-09-01	0	0	0	0	0	0	0		1581	18
1614	2025-09-01	0	0	0	0	0	0	0		1582	18
1615	2025-09-01	0	0	0	0	0	0	0		1583	18
1616	2025-09-01	0	0	0	0	0	0	0		1584	18
1617	2025-09-01	0	0	0	0	0	0	0		1585	18
1618	2025-09-01	0	0	0	0	0	0	0		1586	18
1619	2025-09-01	0	0	0	0	0	0	0		1587	18
1620	2025-09-01	0	0	0	0	0	0	0		1588	18
1621	2025-09-01	0	0	0	0	0	0	0		1589	18
1622	2025-09-01	0	0	0	0	0	0	0		1590	18
1623	2025-09-01	0	0	0	0	0	0	0		1591	18
1624	2025-09-01	0	0	0	0	0	0	0		1592	18
1625	2025-09-01	0	0	0	0	0	0	0		1593	18
1626	2025-09-01	0	0	0	0	0	0	0		1594	18
1627	2025-09-01	0	0	0	0	0	0	0		1595	18
1628	2025-09-01	0	0	0	0	0	0	0		1596	18
1629	2025-09-01	0	0	0	0	0	0	0		1597	18
1630	2025-09-01	0	0	0	0	0	0	0		1598	18
1631	2025-09-01	0	0	0	0	0	0	0		1599	18
1632	2025-09-01	0	0	0	0	0	0	0		1600	18
1633	2025-09-01	0	0	0	0	0	0	0		1601	18
1634	2025-09-01	0	0	0	0	0	0	0		1602	18
1635	2025-09-01	0	0	0	0	0	0	0		1603	18
1636	2025-09-01	0	0	0	0	0	0	0		1604	18
1637	2025-09-01	0	0	0	0	0	0	0		1605	18
1638	2025-09-01	0	0	0	0	0	0	0		1606	18
1639	2025-09-01	0	0	0	0	0	0	0		1607	18
1640	2025-09-01	0	0	0	0	0	0	0		1608	18
1641	2025-09-01	0	0	0	0	0	0	0		1609	18
1642	2025-09-01	0	0	0	0	0	0	0		1610	18
1643	2025-09-01	0	0	0	0	0	0	0		1611	18
1644	2025-09-01	0	0	0	0	0	0	0		1612	18
1645	2025-09-01	0	0	0	0	0	0	0		1613	18
1646	2025-09-01	0	0	0	0	0	0	0		1614	18
1647	2025-09-01	0	0	0	0	0	0	0		1615	19
1648	2025-09-01	0	0	0	0	0	0	0		1616	19
1649	2025-09-01	0	0	0	0	0	0	0		1617	19
1650	2025-09-01	0	0	0	0	0	0	0		1618	19
1651	2025-09-01	0	0	0	0	0	0	0		1619	19
1652	2025-09-01	0	0	0	0	0	0	0		1620	19
1653	2025-09-01	0	0	0	0	0	0	0		1621	19
1654	2025-09-01	0	0	0	0	0	0	0		1622	19
1655	2025-09-01	0	0	0	0	0	0	0		1623	19
1656	2025-09-01	0	0	0	0	0	0	0		1624	19
1657	2025-09-01	0	0	0	0	0	0	0		1625	19
1658	2025-09-01	0	0	0	0	0	0	0		1626	19
1659	2025-09-01	0	0	0	0	0	0	0		1627	19
1660	2025-09-01	0	0	0	0	0	0	0		1628	19
1661	2025-09-01	0	0	0	0	0	0	0		1629	19
1662	2025-09-01	0	0	0	0	0	0	0		1630	19
1663	2025-09-01	0	0	0	0	0	0	0		1631	19
1664	2025-09-01	0	0	0	0	0	0	0		1632	19
1665	2025-09-01	0	0	0	0	0	0	0		1633	19
1666	2025-09-01	0	0	0	0	0	0	0		1634	19
1667	2025-09-01	0	0	0	0	0	0	0		1635	19
1668	2025-09-01	0	0	0	0	0	0	0		1636	19
1669	2025-09-01	0	0	0	0	0	0	0		1637	19
1670	2025-09-01	0	0	0	0	0	0	0		1638	19
1671	2025-09-01	0	0	0	0	0	0	0		1639	19
1672	2025-09-01	0	0	0	0	0	0	0		1640	19
1673	2025-09-01	0	0	0	0	0	0	0		1641	20
1674	2025-09-01	0	0	0	0	0	0	0		1642	20
1675	2025-09-01	0	0	0	0	0	0	0		1643	20
1676	2025-09-01	0	0	0	0	0	0	0		1644	20
1677	2025-09-01	0	0	0	0	0	0	0		1645	20
1678	2025-09-01	0	0	0	0	0	0	0		1646	20
1679	2025-09-01	0	0	0	0	0	0	0		1647	20
1680	2025-09-01	0	0	0	0	0	0	0		1648	20
1681	2025-09-01	0	0	0	0	0	0	0		1649	20
1682	2025-09-01	0	0	0	0	0	0	0		1650	20
1683	2025-09-01	0	0	0	0	0	0	0		1651	20
1684	2025-09-01	0	0	0	0	0	0	0		1652	20
1685	2025-09-01	0	0	0	0	0	0	0		1653	20
1686	2025-09-01	0	0	0	0	0	0	0		1654	20
1687	2025-09-01	0	0	0	0	0	0	0		1655	20
1688	2025-09-01	0	0	0	0	0	0	0		1656	20
1689	2025-09-01	0	0	0	0	0	0	0		1657	20
1690	2025-09-01	0	0	0	0	0	0	0		1658	20
1691	2025-09-01	0	0	0	0	0	0	0		1659	20
1692	2025-09-01	0	0	0	0	0	0	0		1660	20
1693	2025-09-01	0	0	0	0	0	0	0		1661	20
1694	2025-09-01	0	0	0	0	0	0	0		1662	20
1695	2025-09-01	0	0	0	0	0	0	0		1663	20
1696	2025-09-01	0	0	0	0	0	0	0		1664	20
1697	2025-09-01	0	0	0	0	0	0	0		1665	20
1698	2025-09-01	0	0	0	0	0	0	0		1666	20
1699	2025-09-01	0	0	0	0	0	0	0		1667	20
1700	2025-09-01	0	0	0	0	0	0	0		1668	20
1701	2025-09-01	0	0	0	0	0	0	0		1669	20
1702	2025-09-01	0	0	0	0	0	0	0		1670	20
1703	2025-09-01	0	0	0	0	0	0	0		1671	20
1704	2025-09-01	0	0	0	0	0	0	0		1672	20
1705	2025-09-01	0	0	0	0	0	0	0		1673	20
1706	2025-09-01	0	0	0	0	0	0	0		1674	20
1707	2025-09-01	0	0	0	0	0	0	0		1675	20
1708	2025-09-01	0	0	0	0	0	0	0		1676	20
1709	2025-09-01	0	0	0	0	0	0	0		1677	20
1710	2025-09-01	0	0	0	0	0	0	0		1678	20
1711	2025-09-01	0	0	0	0	0	0	0		1679	20
1712	2025-09-01	0	0	0	0	0	0	0		1680	20
1713	2025-09-01	0	0	0	0	0	0	0		1681	20
1714	2025-09-01	0	0	0	0	0	0	0		1682	20
1715	2025-09-01	0	0	0	0	0	0	0		1683	20
1716	2025-09-01	0	0	0	0	0	0	0		1684	20
1717	2025-09-01	0	0	0	0	0	0	0		1685	20
1718	2025-09-01	0	0	0	0	0	0	0		1686	20
1719	2025-09-01	0	0	0	0	0	0	0		1687	20
1720	2025-09-01	0	0	0	0	0	0	0		1688	20
1721	2025-09-01	0	0	0	0	0	0	0		1689	20
1722	2025-09-01	0	0	0	0	0	0	0		1690	20
1723	2025-09-01	0	0	0	0	0	0	0		1691	20
1724	2025-09-01	0	0	0	0	0	0	0		1692	20
1725	2025-09-01	0	0	0	0	0	0	0		1693	20
1726	2025-09-01	0	0	0	0	0	0	0		1694	20
1727	2025-09-01	0	0	0	0	0	0	0		1695	20
1728	2025-09-01	0	0	0	0	0	0	0		1696	20
1729	2025-09-01	0	0	0	0	0	0	0		1697	20
1730	2025-09-01	0	0	0	0	0	0	0		1698	20
1731	2025-09-01	0	0	0	0	0	0	0		1699	20
1732	2025-09-01	0	0	0	0	0	0	0		1700	20
1733	2025-09-01	0	0	0	0	0	0	0		1701	20
1734	2025-09-01	0	0	0	0	0	0	0		1702	20
1735	2025-09-01	0	0	0	0	0	0	0		1703	20
1736	2025-09-01	0	0	0	0	0	0	0		1704	20
1737	2025-09-01	0	0	0	0	0	0	0		1705	20
1738	2025-09-01	0	0	0	0	0	0	0		1706	20
1739	2025-09-01	0	0	0	0	0	0	0		1707	20
1740	2025-09-01	0	0	0	0	0	0	0		1708	20
1741	2025-09-01	0	0	0	0	0	0	0		1709	20
1742	2025-09-01	0	0	0	0	0	0	0		1710	20
1743	2025-09-01	0	0	0	0	0	0	0		1711	20
1744	2025-09-01	0	0	0	0	0	0	0		1712	20
1745	2025-09-01	0	0	0	0	0	0	0		1713	20
1746	2025-09-01	0	0	0	0	0	0	0		1714	20
1747	2025-09-01	0	0	0	0	0	0	0		1715	20
1748	2025-09-01	0	0	0	0	0	0	0		1716	20
1749	2025-09-01	0	0	0	0	0	0	0		1717	20
1750	2025-09-01	0	0	0	0	0	0	0		1718	20
1751	2025-09-01	0	0	0	0	0	0	0		1719	20
1752	2025-09-01	0	0	0	0	0	0	0		1720	20
1753	2025-09-01	0	0	0	0	0	0	0		1721	20
1754	2025-09-01	0	0	0	0	0	0	0		1722	20
1755	2025-09-01	0	0	0	0	0	0	0		1723	20
1756	2025-09-01	0	0	0	0	0	0	0		1724	20
1757	2025-09-01	0	0	0	0	0	0	0		1725	20
1758	2025-09-01	0	0	0	0	0	0	0		1726	20
1759	2025-09-01	0	0	0	0	0	0	0		1727	20
1760	2025-09-01	0	0	0	0	0	0	0		1728	20
1761	2025-09-01	0	0	0	0	0	0	0		1729	20
1762	2025-09-01	0	0	0	0	0	0	0		1730	20
1763	2025-09-01	0	0	0	0	0	0	0		1731	20
1764	2025-09-01	0	0	0	0	0	0	0		1732	20
1765	2025-09-01	0	0	0	0	0	0	0		1733	20
1766	2025-09-01	0	0	0	0	0	0	0		1734	20
1767	2025-09-01	0	0	0	0	0	0	0		1735	20
1768	2025-09-01	0	0	0	0	0	0	0		1736	20
1769	2025-09-01	0	0	0	0	0	0	0		1737	20
1770	2025-09-01	0	0	0	0	0	0	0		1738	20
1771	2025-09-01	0	0	0	0	0	0	0		1739	20
1772	2025-09-01	0	0	0	0	0	0	0		1740	20
1773	2025-09-01	0	0	0	0	0	0	0		1741	20
1774	2025-09-01	0	0	0	0	0	0	0		1742	20
1775	2025-09-01	0	0	0	0	0	0	0		1743	20
1776	2025-09-01	0	0	0	0	0	0	0		1744	20
1777	2025-09-01	0	0	0	0	0	0	0		1745	20
1778	2025-09-01	0	0	0	0	0	0	0		1746	20
1779	2025-09-01	0	0	0	0	0	0	0		1747	20
1780	2025-09-01	0	0	0	0	0	0	0		1748	20
1781	2025-09-01	0	0	0	0	0	0	0		1749	20
1782	2025-09-01	0	0	0	0	0	0	0		1750	20
1783	2025-09-01	0	0	0	0	0	0	0		1751	20
1784	2025-09-01	0	0	0	0	0	0	0		1752	20
1785	2025-09-01	0	0	0	0	0	0	0		1753	20
1786	2025-09-01	0	0	0	0	0	0	0		1754	20
1787	2025-09-01	0	0	0	0	0	0	0		1755	20
1788	2025-09-01	0	0	0	0	0	0	0		1756	20
1789	2025-09-01	0	0	0	0	0	0	0		1757	20
1790	2025-09-01	0	0	0	0	0	0	0		1758	20
1791	2025-09-01	0	0	0	0	0	0	0		1759	20
1792	2025-09-01	0	0	0	0	0	0	0		1760	20
1793	2025-09-01	0	0	0	0	0	0	0		1761	20
1794	2025-09-01	0	0	0	0	0	0	0		1762	20
1795	2025-09-01	0	0	0	0	0	0	0		1763	20
1796	2025-09-01	0	0	0	0	0	0	0		1764	20
1797	2025-09-01	0	0	0	0	0	0	0		1765	20
1798	2025-09-01	0	0	0	0	0	0	0		1766	20
1799	2025-09-01	0	0	0	0	0	0	0		1767	20
1800	2025-09-01	0	0	0	0	0	0	0		1768	20
1801	2025-09-01	0	0	0	0	0	0	0		1769	20
1802	2025-09-01	0	0	0	0	0	0	0		1770	20
1803	2025-09-01	0	0	0	0	0	0	0		1771	20
1804	2025-09-01	0	0	0	0	0	0	0		1772	20
1805	2025-09-01	0	0	0	0	0	0	0		1773	20
1806	2025-09-01	0	0	0	0	0	0	0		1774	20
1807	2025-09-01	0	0	0	0	0	0	0		1775	20
1808	2025-09-01	0	0	0	0	0	0	0		1776	21
1809	2025-09-01	0	0	0	0	0	0	0		1777	21
1810	2025-09-01	0	0	0	0	0	0	0		1778	21
1811	2025-09-01	0	0	0	0	0	0	0		1779	21
1812	2025-09-01	0	0	0	0	0	0	0		1780	21
1813	2025-09-01	0	0	0	0	0	0	0		1781	21
1814	2025-09-01	0	0	0	0	0	0	0		1782	21
1815	2025-09-01	0	0	0	0	0	0	0		1783	21
1816	2025-09-01	0	0	0	0	0	0	0		1784	21
1817	2025-09-01	0	0	0	0	0	0	0		1785	21
1818	2025-09-01	0	0	0	0	0	0	0		1786	21
1819	2025-09-01	0	0	0	0	0	0	0		1787	21
1820	2025-09-01	0	0	0	0	0	0	0		1788	21
1821	2025-09-01	0	0	0	0	0	0	0		1789	21
1822	2025-09-01	0	0	0	0	0	0	0		1790	21
1823	2025-09-01	0	0	0	0	0	0	0		1791	21
1824	2025-09-01	0	0	0	0	0	0	0		1792	21
1825	2025-09-01	0	0	0	0	0	0	0		1793	21
1826	2025-09-01	0	0	0	0	0	0	0		1794	21
1827	2025-09-01	0	0	0	0	0	0	0		1795	21
1828	2025-09-01	0	0	0	0	0	0	0		1796	21
1829	2025-09-01	0	0	0	0	0	0	0		1797	21
1830	2025-09-01	0	0	0	0	0	0	0		1798	21
1831	2025-09-01	0	0	0	0	0	0	0		1799	21
1832	2025-09-01	0	0	0	0	0	0	0		1800	21
1833	2025-09-01	0	0	0	0	0	0	0		1801	21
1834	2025-09-01	0	0	0	0	0	0	0		1802	21
1835	2025-09-01	0	0	0	0	0	0	0		1803	21
1836	2025-09-01	0	0	0	0	0	0	0		1804	21
1837	2025-09-01	0	0	0	0	0	0	0		1805	21
1838	2025-09-01	0	0	0	0	0	0	0		1806	21
1839	2025-09-01	0	0	0	0	0	0	0		1807	21
1840	2025-09-01	0	0	0	0	0	0	0		1808	21
1841	2025-09-01	0	0	0	0	0	0	0		1809	21
1842	2025-09-01	0	0	0	0	0	0	0		1810	21
1843	2025-09-01	0	0	0	0	0	0	0		1811	21
1844	2025-09-01	0	0	0	0	0	0	0		1812	21
1845	2025-09-01	0	0	0	0	0	0	0		1813	21
1846	2025-09-01	0	0	0	0	0	0	0		1814	21
1847	2025-09-01	0	0	0	0	0	0	0		1815	21
1848	2025-09-01	0	0	0	0	0	0	0		1816	21
1849	2025-09-01	0	0	0	0	0	0	0		1817	21
1850	2025-09-01	0	0	0	0	0	0	0		1818	21
1851	2025-09-01	0	0	0	0	0	0	0		1819	21
1852	2025-09-01	0	0	0	0	0	0	0		1820	21
1853	2025-09-01	0	0	0	0	0	0	0		1821	21
1854	2025-09-01	0	0	0	0	0	0	0		1822	21
1855	2025-09-01	0	0	0	0	0	0	0		1823	21
1856	2025-09-01	0	0	0	0	0	0	0		1824	21
1857	2025-09-01	0	0	0	0	0	0	0		1825	21
1858	2025-09-01	0	0	0	0	0	0	0		1826	21
1859	2025-09-01	0	0	0	0	0	0	0		1827	21
1860	2025-09-01	0	0	0	0	0	0	0		1828	21
1861	2025-09-01	0	0	0	0	0	0	0		1829	21
1862	2025-09-01	0	0	0	0	0	0	0		1830	21
1863	2025-09-01	0	0	0	0	0	0	0		1831	21
1864	2025-09-01	0	0	0	0	0	0	0		1832	21
1865	2025-09-01	0	0	0	0	0	0	0		1833	21
1866	2025-09-01	0	0	0	0	0	0	0		1834	21
1867	2025-09-01	0	0	0	0	0	0	0		1835	21
1868	2025-09-01	0	0	0	0	0	0	0		1836	21
1869	2025-09-01	0	0	0	0	0	0	0		1837	21
1870	2025-09-01	0	0	0	0	0	0	0		1838	21
1871	2025-09-01	0	0	0	0	0	0	0		1839	21
1872	2025-09-01	0	0	0	0	0	0	0		1840	21
1873	2025-09-01	0	0	0	0	0	0	0		1841	21
1874	2025-09-01	0	0	0	0	0	0	0		1842	21
1875	2025-09-01	0	0	0	0	0	0	0		1843	21
1876	2025-09-01	0	0	0	0	0	0	0		1844	21
1877	2025-09-01	0	0	0	0	0	0	0		1845	21
1878	2025-09-01	0	0	0	0	0	0	0		1846	21
1879	2025-09-01	0	0	0	0	0	0	0		1847	21
1880	2025-09-01	0	0	0	0	0	0	0		1848	21
1881	2025-09-01	0	0	0	0	0	0	0		1849	21
1882	2025-09-01	0	0	0	0	0	0	0		1850	21
1883	2025-09-01	0	0	0	0	0	0	0		1851	21
1884	2025-09-01	0	0	0	0	0	0	0		1852	21
1885	2025-09-01	0	0	0	0	0	0	0		1853	21
1886	2025-09-01	0	0	0	0	0	0	0		1854	21
1887	2025-09-01	0	0	0	0	0	0	0		1855	21
1888	2025-09-01	0	0	0	0	0	0	0		1856	21
1889	2025-09-01	0	0	0	0	0	0	0		1857	21
1890	2025-09-01	0	0	0	0	0	0	0		1858	21
1891	2025-09-01	0	0	0	0	0	0	0		1859	21
1892	2025-09-01	0	0	0	0	0	0	0		1860	21
1893	2025-09-01	0	0	0	0	0	0	0		1861	21
1894	2025-09-01	0	0	0	0	0	0	0		1862	21
1895	2025-09-01	0	0	0	0	0	0	0		1863	21
1896	2025-09-01	0	0	0	0	0	0	0		1864	21
1897	2025-09-01	0	0	0	0	0	0	0		1865	21
1898	2025-09-01	0	0	0	0	0	0	0		1866	21
1899	2025-09-01	0	0	0	0	0	0	0		1867	21
1900	2025-09-01	0	0	0	0	0	0	0		1868	21
1901	2025-09-01	0	0	0	0	0	0	0		1869	21
1902	2025-09-01	0	0	0	0	0	0	0		1870	21
1903	2025-09-01	0	0	0	0	0	0	0		1871	21
1904	2025-09-01	0	0	0	0	0	0	0		1872	21
1905	2025-09-01	0	0	0	0	0	0	0		1873	21
1906	2025-09-01	0	0	0	0	0	0	0		1874	21
1907	2025-09-01	0	0	0	0	0	0	0		1875	21
1908	2025-09-01	0	0	0	0	0	0	0		1876	21
1909	2025-09-01	0	0	0	0	0	0	0		1877	21
1910	2025-09-01	0	0	0	0	0	0	0		1878	21
1911	2025-09-01	0	0	0	0	0	0	0		1879	21
1912	2025-09-01	0	0	0	0	0	0	0		1880	21
1913	2025-09-01	0	0	0	0	0	0	0		1881	21
1914	2025-09-01	0	0	0	0	0	0	0		1882	21
1915	2025-09-01	0	0	0	0	0	0	0		1883	21
1916	2025-09-01	0	0	0	0	0	0	0		1884	21
1917	2025-09-01	0	0	0	0	0	0	0		1885	21
1918	2025-09-01	0	0	0	0	0	0	0		1886	21
1919	2025-09-01	0	0	0	0	0	0	0		1887	21
1920	2025-09-01	0	0	0	0	0	0	0		1888	21
1921	2025-09-01	0	0	0	0	0	0	0		1889	21
1922	2025-09-01	0	0	0	0	0	0	0		1890	21
1923	2025-09-01	0	0	0	0	0	0	0		1891	21
1924	2025-09-01	0	0	0	0	0	0	0		1892	21
1925	2025-09-01	0	0	0	0	0	0	0		1893	21
1926	2025-09-01	0	0	0	0	0	0	0		1894	21
1927	2025-09-01	0	0	0	0	0	0	0		1895	21
1928	2025-09-01	0	0	0	0	0	0	0		1896	21
1929	2025-09-01	0	0	0	0	0	0	0		1897	21
1930	2025-09-01	0	0	0	0	0	0	0		1898	21
1931	2025-09-01	0	0	0	0	0	0	0		1899	21
1932	2025-09-01	0	0	0	0	0	0	0		1900	21
1933	2025-09-01	0	0	0	0	0	0	0		1901	21
1934	2025-09-01	0	0	0	0	0	0	0		1902	21
1935	2025-09-01	0	0	0	0	0	0	0		1903	21
1936	2025-09-01	0	0	0	0	0	0	0		1904	27
1937	2025-09-01	0	0	0	0	0	0	0		1905	27
1938	2025-09-01	0	0	0	0	0	0	0		1906	27
1939	2025-09-01	0	0	0	0	0	0	0		1907	27
1940	2025-09-01	0	0	0	0	0	0	0		1908	27
1941	2025-09-01	0	0	0	0	0	0	0		1909	27
1942	2025-09-01	0	0	0	0	0	0	0		1910	27
1943	2025-09-01	0	0	0	0	0	0	0		1911	27
1944	2025-09-01	0	0	0	0	0	0	0		1912	27
1945	2025-09-01	0	0	0	0	0	0	0		1913	27
1946	2025-09-01	0	0	0	0	0	0	0		1914	27
1947	2025-09-01	0	0	0	0	0	0	0		1915	27
1948	2025-09-01	0	0	0	0	0	0	0		1916	27
1949	2025-09-01	0	0	0	0	0	0	0		1917	27
1950	2025-09-01	0	0	0	0	0	0	0		1918	27
1951	2025-09-01	0	0	0	0	0	0	0		1919	22
1952	2025-09-01	0	0	0	0	0	0	0		1920	22
1953	2025-09-01	0	0	0	0	0	0	0		1921	22
1954	2025-09-01	0	0	0	0	0	0	0		1922	22
1955	2025-09-01	0	0	0	0	0	0	0		1923	22
1956	2025-09-01	0	0	0	0	0	0	0		1924	22
1957	2025-09-01	0	0	0	0	0	0	0		1925	22
1958	2025-09-01	0	0	0	0	0	0	0		1926	22
1959	2025-09-01	0	0	0	0	0	0	0		1927	22
1960	2025-09-01	0	0	0	0	0	0	0		1928	22
1961	2025-09-01	0	0	0	0	0	0	0		1929	22
1962	2025-09-01	0	0	0	0	0	0	0		1930	22
1963	2025-09-01	0	0	0	0	0	0	0		1931	22
1964	2025-09-01	0	0	0	0	0	0	0		1932	22
1965	2025-09-01	0	0	0	0	0	0	0		1933	22
1966	2025-09-01	0	0	0	0	0	0	0		1934	22
1967	2025-09-01	0	0	0	0	0	0	0		1935	22
1968	2025-09-01	0	0	0	0	0	0	0		1936	22
1969	2025-09-01	0	0	0	0	0	0	0		1937	22
1970	2025-09-01	0	0	0	0	0	0	0		1938	22
1971	2025-09-01	0	0	0	0	0	0	0		1939	22
1972	2025-09-01	0	0	0	0	0	0	0		1940	22
1973	2025-09-01	0	0	0	0	0	0	0		1941	22
1974	2025-09-01	0	0	0	0	0	0	0		1942	22
1975	2025-09-01	0	0	0	0	0	0	0		1943	22
1976	2025-09-01	0	0	0	0	0	0	0		1944	22
1977	2025-09-01	0	0	0	0	0	0	0		1945	22
1978	2025-09-01	0	0	0	0	0	0	0		1946	22
1979	2025-09-01	0	0	0	0	0	0	0		1947	22
1980	2025-09-01	0	0	0	0	0	0	0		1948	22
1981	2025-09-01	0	0	0	0	0	0	0		1949	22
1982	2025-09-01	0	0	0	0	0	0	0		1950	22
1983	2025-09-01	0	0	0	0	0	0	0		1951	22
1984	2025-09-01	0	0	0	0	0	0	0		1952	22
1985	2025-09-01	0	0	0	0	0	0	0		1953	22
1986	2025-09-01	0	0	0	0	0	0	0		1954	22
1987	2025-09-01	0	0	0	0	0	0	0		1955	22
1988	2025-09-01	0	0	0	0	0	0	0		1956	22
1989	2025-09-01	0	0	0	0	0	0	0		1957	22
1990	2025-09-01	0	0	0	0	0	0	0		1958	22
1991	2025-09-01	0	0	0	0	0	0	0		1959	22
1992	2025-09-01	0	0	0	0	0	0	0		1960	22
1993	2025-09-01	0	0	0	0	0	0	0		1961	22
1994	2025-09-01	0	0	0	0	0	0	0		1962	22
1995	2025-09-01	0	0	0	0	0	0	0		1963	22
1996	2025-09-01	0	0	0	0	0	0	0		1964	22
1997	2025-09-01	0	0	0	0	0	0	0		1965	22
1998	2025-09-01	0	0	0	0	0	0	0		1966	22
1999	2025-09-01	0	0	0	0	0	0	0		1967	22
2000	2025-09-01	0	0	0	0	0	0	0		1968	22
2001	2025-09-01	0	0	0	0	0	0	0		1969	22
2002	2025-09-01	0	0	0	0	0	0	0		1970	22
2003	2025-09-01	0	0	0	0	0	0	0		1971	22
2004	2025-09-01	0	0	0	0	0	0	0		1972	22
2005	2025-09-01	0	0	0	0	0	0	0		1973	22
2006	2025-09-01	0	0	0	0	0	0	0		1974	22
2007	2025-09-01	0	0	0	0	0	0	0		1975	22
2008	2025-09-01	0	0	0	0	0	0	0		1976	22
2009	2025-09-01	0	0	0	0	0	0	0		1977	22
2010	2025-09-01	0	0	0	0	0	0	0		1978	22
2011	2025-09-01	0	0	0	0	0	0	0		1979	22
2012	2025-09-01	0	0	0	0	0	0	0		1980	22
2013	2025-09-01	0	0	0	0	0	0	0		1981	22
2014	2025-09-01	0	0	0	0	0	0	0		1982	22
2015	2025-09-01	0	0	0	0	0	0	0		1983	22
2016	2025-09-01	0	0	0	0	0	0	0		1984	22
2017	2025-09-01	0	0	0	0	0	0	0		1985	22
2018	2025-09-01	0	0	0	0	0	0	0		1986	22
2019	2025-09-01	0	0	0	0	0	0	0		1987	22
2020	2025-09-01	0	0	0	0	0	0	0		1988	22
2021	2025-09-01	0	0	0	0	0	0	0		1989	22
2022	2025-09-01	0	0	0	0	0	0	0		1990	22
2023	2025-09-01	0	0	0	0	0	0	0		1991	22
2024	2025-09-01	0	0	0	0	0	0	0		1992	22
2025	2025-09-01	0	0	0	0	0	0	0		1993	22
2026	2025-09-01	0	0	0	0	0	0	0		1994	22
2027	2025-09-01	0	0	0	0	0	0	0		1995	22
2028	2025-09-01	0	0	0	0	0	0	0		1996	22
2029	2025-09-01	0	0	0	0	0	0	0		1997	22
2030	2025-09-01	0	0	0	0	0	0	0		1998	22
2031	2025-09-01	0	0	0	0	0	0	0		1999	22
2032	2025-09-01	0	0	0	0	0	0	0		2000	22
2033	2025-09-01	0	0	0	0	0	0	0		2001	22
2034	2025-09-01	0	0	0	0	0	0	0		2002	22
2035	2025-09-01	0	0	0	0	0	0	0		2003	22
2036	2025-09-01	0	0	0	0	0	0	0		2004	22
2037	2025-09-01	0	0	0	0	0	0	0		2005	22
2038	2025-09-01	0	0	0	0	0	0	0		2006	22
2039	2025-09-01	0	0	0	0	0	0	0		2007	22
2040	2025-09-01	0	0	0	0	0	0	0		2008	22
2041	2025-09-01	0	0	0	0	0	0	0		2009	22
2042	2025-09-01	0	0	0	0	0	0	0		2010	22
2043	2025-09-01	0	0	0	0	0	0	0		2011	22
2044	2025-09-01	0	0	0	0	0	0	0		2012	22
2045	2025-09-01	0	0	0	0	0	0	0		2013	22
2046	2025-09-01	0	0	0	0	0	0	0		2014	22
2047	2025-09-01	0	0	0	0	0	0	0		2015	22
2048	2025-09-01	0	0	0	0	0	0	0		2016	22
2049	2025-09-01	0	0	0	0	0	0	0		2017	22
2050	2025-09-01	0	0	0	0	0	0	0		2018	22
2051	2025-09-01	0	0	0	0	0	0	0		2019	22
2052	2025-09-01	0	0	0	0	0	0	0		2020	22
2053	2025-09-01	0	0	0	0	0	0	0		2021	22
2054	2025-09-01	0	0	0	0	0	0	0		2022	22
2055	2025-09-01	0	0	0	0	0	0	0		2023	23
2056	2025-09-01	0	0	0	0	0	0	0		2024	23
2057	2025-09-01	0	0	0	0	0	0	0		2025	23
2058	2025-09-01	0	0	0	0	0	0	0		2026	23
2059	2025-09-01	0	0	0	0	0	0	0		2027	23
2060	2025-09-01	0	0	0	0	0	0	0		2028	23
2061	2025-09-01	0	0	0	0	0	0	0		2029	23
2062	2025-09-01	0	0	0	0	0	0	0		2030	23
2063	2025-09-01	0	0	0	0	0	0	0		2031	23
2064	2025-09-01	0	0	0	0	0	0	0		2032	23
2065	2025-09-01	0	0	0	0	0	0	0		2033	23
2066	2025-09-01	0	0	0	0	0	0	0		2034	23
2067	2025-09-01	0	0	0	0	0	0	0		2035	23
2068	2025-09-01	0	0	0	0	0	0	0		2036	23
2069	2025-09-01	0	0	0	0	0	0	0		2037	23
2070	2025-09-01	0	0	0	0	0	0	0		2038	23
2071	2025-09-01	0	0	0	0	0	0	0		2039	23
2072	2025-09-01	0	0	0	0	0	0	0		2040	23
2073	2025-09-01	0	0	0	0	0	0	0		2041	23
2074	2025-09-01	0	0	0	0	0	0	0		2042	23
2075	2025-09-01	0	0	0	0	0	0	0		2043	23
2076	2025-09-01	0	0	0	0	0	0	0		2044	23
2077	2025-09-01	0	0	0	0	0	0	0		2045	23
2078	2025-09-01	0	0	0	0	0	0	0		2046	23
2079	2025-09-01	0	0	0	0	0	0	0		2047	23
2080	2025-09-01	0	0	0	0	0	0	0		2048	23
2081	2025-09-01	0	0	0	0	0	0	0		2049	23
2082	2025-09-01	0	0	0	0	0	0	0		2050	23
2083	2025-09-01	0	0	0	0	0	0	0		2051	23
2084	2025-09-01	0	0	0	0	0	0	0		2052	23
2085	2025-09-01	0	0	0	0	0	0	0		2053	23
2086	2025-09-01	0	0	0	0	0	0	0		2054	23
2087	2025-09-01	0	0	0	0	0	0	0		2055	23
2088	2025-09-01	0	0	0	0	0	0	0		2056	23
2089	2025-09-01	0	0	0	0	0	0	0		2057	23
2090	2025-09-01	0	0	0	0	0	0	0		2058	23
2091	2025-09-01	0	0	0	0	0	0	0		2059	23
2092	2025-09-01	0	0	0	0	0	0	0		2060	23
2093	2025-09-01	0	0	0	0	0	0	0		2061	23
2094	2025-09-01	0	0	0	0	0	0	0		2062	23
2095	2025-09-01	0	0	0	0	0	0	0		2063	23
2096	2025-09-01	0	0	0	0	0	0	0		2064	23
2097	2025-09-01	0	0	0	0	0	0	0		2065	23
2098	2025-09-01	0	0	0	0	0	0	0		2066	23
2099	2025-09-01	0	0	0	0	0	0	0		2067	23
2100	2025-09-01	0	0	0	0	0	0	0		2068	23
2101	2025-09-01	0	0	0	0	0	0	0		2069	23
2102	2025-09-01	0	0	0	0	0	0	0		2070	23
2103	2025-09-01	0	0	0	0	0	0	0		2071	23
2104	2025-09-01	0	0	0	0	0	0	0		2072	23
2105	2025-09-01	0	0	0	0	0	0	0		2073	23
2106	2025-09-01	0	0	0	0	0	0	0		2074	23
2107	2025-09-01	0	0	0	0	0	0	0		2075	23
2108	2025-09-01	0	0	0	0	0	0	0		2076	23
2109	2025-09-01	0	0	0	0	0	0	0		2077	23
2110	2025-09-01	0	0	0	0	0	0	0		2078	23
2111	2025-09-01	0	0	0	0	0	0	0		2079	23
2112	2025-09-01	0	0	0	0	0	0	0		2080	23
2113	2025-09-01	0	0	0	0	0	0	0		2081	23
2114	2025-09-01	0	0	0	0	0	0	0		2082	23
2115	2025-09-01	0	0	0	0	0	0	0		2083	23
2116	2025-09-01	0	0	0	0	0	0	0		2084	23
2117	2025-09-01	0	0	0	0	0	0	0		2085	23
2118	2025-09-01	0	0	0	0	0	0	0		2086	23
2119	2025-09-01	0	0	0	0	0	0	0		2087	23
2120	2025-09-01	0	0	0	0	0	0	0		2088	23
2121	2025-09-01	0	0	0	0	0	0	0		2089	23
2122	2025-09-01	0	0	0	0	0	0	0		2090	23
2123	2025-09-01	0	0	0	0	0	0	0		2091	23
2124	2025-09-01	0	0	0	0	0	0	0		2092	23
2125	2025-09-01	0	0	0	0	0	0	0		2093	23
2126	2025-09-01	0	0	0	0	0	0	0		2094	23
2127	2025-09-01	0	0	0	0	0	0	0		2095	23
2128	2025-09-01	0	0	0	0	0	0	0		2096	23
2129	2025-09-01	0	0	0	0	0	0	0		2097	23
2130	2025-09-01	0	0	0	0	0	0	0		2098	23
2131	2025-09-01	0	0	0	0	0	0	0		2099	23
2132	2025-09-01	0	0	0	0	0	0	0		2100	23
2133	2025-09-01	0	0	0	0	0	0	0		2101	23
2134	2025-09-01	0	0	0	0	0	0	0		2102	23
2135	2025-09-01	0	0	0	0	0	0	0		2103	23
2136	2025-09-01	0	0	0	0	0	0	0		2104	23
2137	2025-09-01	0	0	0	0	0	0	0		2105	23
2138	2025-09-01	0	0	0	0	0	0	0		2106	23
2139	2025-09-01	0	0	0	0	0	0	0		2107	23
2140	2025-09-01	0	0	0	0	0	0	0		2108	23
2141	2025-09-01	0	0	0	0	0	0	0		2109	23
2142	2025-09-01	0	0	0	0	0	0	0		2110	23
2143	2025-09-01	0	0	0	0	0	0	0		2111	23
2144	2025-09-01	0	0	0	0	0	0	0		2112	23
2145	2025-09-01	0	0	0	0	0	0	0		2113	23
2146	2025-09-01	0	0	0	0	0	0	0		2114	23
2147	2025-09-01	0	0	0	0	0	0	0		2115	23
2148	2025-09-01	0	0	0	0	0	0	0		2116	23
2149	2025-09-01	0	0	0	0	0	0	0		2117	23
2150	2025-09-01	0	0	0	0	0	0	0		2118	23
2151	2025-09-01	0	0	0	0	0	0	0		2119	16
2152	2025-09-01	0	0	0	0	0	0	0		2120	16
2153	2025-09-01	0	0	0	0	0	0	0		2121	16
2154	2025-09-01	0	0	0	0	0	0	0		2122	16
2155	2025-09-01	0	0	0	0	0	0	0		2123	16
2156	2025-09-01	0	0	0	0	0	0	0		2124	16
2157	2025-09-01	0	0	0	0	0	0	0		2125	16
2158	2025-09-01	0	0	0	0	0	0	0		2126	16
2159	2025-09-01	0	0	0	0	0	0	0		2127	16
2160	2025-09-01	0	0	0	0	0	0	0		2128	16
2161	2025-09-01	0	0	0	0	0	0	0		2129	16
2162	2025-09-01	0	0	0	0	0	0	0		2130	16
2163	2025-09-01	0	0	0	0	0	0	0		2131	16
2164	2025-09-01	0	0	0	0	0	0	0		2132	16
2165	2025-09-01	0	0	0	0	0	0	0		2133	16
2166	2025-09-01	0	0	0	0	0	0	0		2134	16
2167	2025-09-01	0	0	0	0	0	0	0		2135	16
2168	2025-09-01	0	0	0	0	0	0	0		2136	16
2169	2025-09-01	0	0	0	0	0	0	0		2137	16
2170	2025-09-01	0	0	0	0	0	0	0		2138	16
2171	2025-09-01	0	0	0	0	0	0	0		2139	16
2172	2025-09-01	0	0	0	0	0	0	0		2140	16
2173	2025-09-01	0	0	0	0	0	0	0		2141	16
2174	2025-09-01	0	0	0	0	0	0	0		2142	16
2175	2025-09-01	0	0	0	0	0	0	0		2143	16
2176	2025-09-01	0	0	0	0	0	0	0		2144	16
2177	2025-09-01	0	0	0	0	0	0	0		2145	16
2178	2025-09-01	0	0	0	0	0	0	0		2146	16
2179	2025-09-01	0	0	0	0	0	0	0		2147	16
2180	2025-09-01	0	0	0	0	0	0	0		2148	16
2181	2025-09-01	0	0	0	0	0	0	0		2149	16
2182	2025-09-01	0	0	0	0	0	0	0		2150	16
2183	2025-09-01	0	0	0	0	0	0	0		2151	16
2184	2025-09-01	0	0	0	0	0	0	0		2152	16
2185	2025-09-01	0	0	0	0	0	0	0		2153	16
2186	2025-09-01	0	0	0	0	0	0	0		2154	16
2187	2025-09-01	0	0	0	0	0	0	0		2155	16
2188	2025-09-01	0	0	0	0	0	0	0		2156	16
2189	2025-09-01	0	0	0	0	0	0	0		2157	16
2190	2025-09-01	0	0	0	0	0	0	0		2158	16
2191	2025-09-01	0	0	0	0	0	0	0		2159	16
2192	2025-09-01	0	0	0	0	0	0	0		2160	16
2193	2025-09-01	0	0	0	0	0	0	0		2161	16
2194	2025-09-01	0	0	0	0	0	0	0		2162	16
2195	2025-09-01	0	0	0	0	0	0	0		2163	16
2196	2025-09-01	0	0	0	0	0	0	0		2164	16
2197	2025-09-01	0	0	0	0	0	0	0		2165	16
2198	2025-09-01	0	0	0	0	0	0	0		2166	16
2199	2025-09-01	0	0	0	0	0	0	0		2167	16
2200	2025-09-01	0	0	0	0	0	0	0		2168	16
2201	2025-09-01	0	0	0	0	0	0	0		2169	16
2202	2025-09-01	0	0	0	0	0	0	0		2170	16
2203	2025-09-01	0	0	0	0	0	0	0		2171	16
2204	2025-09-01	0	0	0	0	0	0	0		2172	16
2205	2025-09-01	0	0	0	0	0	0	0		2173	16
2206	2025-09-01	0	0	0	0	0	0	0		2174	16
2207	2025-09-01	0	0	0	0	0	0	0		2175	16
2208	2025-09-01	0	0	0	0	0	0	0		2176	16
2209	2025-09-01	0	0	0	0	0	0	0		2177	16
2210	2025-09-01	0	0	0	0	0	0	0		2178	16
2211	2025-09-01	0	0	0	0	0	0	0		2179	16
2212	2025-09-01	0	0	0	0	0	0	0		2180	16
2213	2025-09-01	0	0	0	0	0	0	0		2181	16
2214	2025-09-01	0	0	0	0	0	0	0		2182	16
2215	2025-09-01	0	0	0	0	0	0	0		2183	16
2216	2025-09-01	0	0	0	0	0	0	0		2184	16
2217	2025-09-01	0	0	0	0	0	0	0		2185	16
2218	2025-09-01	0	0	0	0	0	0	0		2186	16
2219	2025-09-01	0	0	0	0	0	0	0		2187	16
2220	2025-09-01	0	0	0	0	0	0	0		2188	16
2221	2025-09-01	0	0	0	0	0	0	0		2189	16
2222	2025-09-01	0	0	0	0	0	0	0		2190	16
2223	2025-09-01	0	0	0	0	0	0	0		2191	16
2224	2025-09-01	0	0	0	0	0	0	0		2192	16
2225	2025-09-01	0	0	0	0	0	0	0		2193	16
2226	2025-09-01	0	0	0	0	0	0	0		2194	16
2227	2025-09-01	0	0	0	0	0	0	0		2195	16
2228	2025-09-01	0	0	0	0	0	0	0		2196	16
2229	2025-09-01	0	0	0	0	0	0	0		2197	16
2230	2025-09-01	0	0	0	0	0	0	0		2198	16
2231	2025-09-01	0	0	0	0	0	0	0		2199	16
2232	2025-09-01	0	0	0	0	0	0	0		2200	16
2233	2025-09-01	0	0	0	0	0	0	0		2201	16
2234	2025-09-01	0	0	0	0	0	0	0		2202	16
2235	2025-09-01	0	0	0	0	0	0	0		2203	16
2236	2025-09-01	0	0	0	0	0	0	0		2204	16
2237	2025-09-01	0	0	0	0	0	0	0		2205	16
2238	2025-09-01	0	0	0	0	0	0	0		2206	16
2239	2025-09-01	0	0	0	0	0	0	0		2207	16
2240	2025-09-01	0	0	0	0	0	0	0		2208	16
2241	2025-09-01	0	0	0	0	0	0	0		2209	16
2242	2025-09-01	0	0	0	0	0	0	0		2210	16
2243	2025-09-01	0	0	0	0	0	0	0		2211	16
2244	2025-09-01	0	0	0	0	0	0	0		2212	16
2245	2025-09-01	0	0	0	0	0	0	0		2213	16
2246	2025-09-01	0	0	0	0	0	0	0		2214	16
2247	2025-09-01	0	0	0	0	0	0	0		2215	16
2248	2025-09-01	0	0	0	0	0	0	0		2216	16
2249	2025-09-01	0	0	0	0	0	0	0		2217	16
2250	2025-09-01	0	0	0	0	0	0	0		2218	16
2251	2025-09-01	0	0	0	0	0	0	0		2219	16
2252	2025-09-01	0	0	0	0	0	0	0		2220	16
2253	2025-09-01	0	0	0	0	0	0	0		2221	16
2254	2025-09-01	0	0	0	0	0	0	0		2222	16
2255	2025-09-01	0	0	0	0	0	0	0		2223	16
2256	2025-09-01	0	0	0	0	0	0	0		2224	16
2257	2025-09-01	0	0	0	0	0	0	0		2225	16
2258	2025-09-01	0	0	0	0	0	0	0		2226	16
2259	2025-09-01	0	0	0	0	0	0	0		2227	16
2260	2025-09-01	0	0	0	0	0	0	0		2228	16
2261	2025-09-01	0	0	0	0	0	0	0		2229	16
2262	2025-09-01	0	0	0	0	0	0	0		2230	16
2263	2025-09-01	0	0	0	0	0	0	0		2231	16
2264	2025-09-01	0	0	0	0	0	0	0		2232	16
2265	2025-09-01	0	0	0	0	0	0	0		2233	16
2266	2025-09-01	0	0	0	0	0	0	0		2234	16
2267	2025-09-01	0	0	0	0	0	0	0		2235	16
2268	2025-09-01	0	0	0	0	0	0	0		2236	16
2269	2025-09-01	0	0	0	0	0	0	0		2237	16
2270	2025-09-01	0	0	0	0	0	0	0		2238	16
2271	2025-09-01	0	0	0	0	0	0	0		2239	16
2272	2025-09-01	0	0	0	0	0	0	0		2240	16
2273	2025-09-01	0	0	0	0	0	0	0		2241	16
2274	2025-09-01	0	0	0	0	0	0	0		2242	16
2275	2025-09-01	0	0	0	0	0	0	0		2243	16
2276	2025-09-01	0	0	0	0	0	0	0		2244	16
2277	2025-09-01	0	0	0	0	0	0	0		2245	16
2278	2025-09-01	0	0	0	0	0	0	0		2246	16
2279	2025-09-01	0	0	0	0	0	0	0		2247	16
2280	2025-09-01	0	0	0	0	0	0	0		2248	16
2281	2025-09-01	0	0	0	0	0	0	0		2249	16
2282	2025-09-01	0	0	0	0	0	0	0		2250	16
2283	2025-09-01	0	0	0	0	0	0	0		2251	16
2284	2025-09-01	0	0	0	0	0	0	0		2252	16
2285	2025-09-01	0	0	0	0	0	0	0		2253	16
2286	2025-09-01	0	0	0	0	0	0	0		2254	16
2287	2025-09-01	0	0	0	0	0	0	0		2255	16
2288	2025-09-01	0	0	0	0	0	0	0		2256	16
2289	2025-09-01	0	0	0	0	0	0	0		2257	16
2290	2025-09-01	0	0	0	0	0	0	0		2258	16
2291	2025-09-01	0	0	0	0	0	0	0		2259	24
2292	2025-09-01	0	0	0	0	0	0	0		2260	24
2293	2025-09-01	0	0	0	0	0	0	0		2261	24
2294	2025-09-01	0	0	0	0	0	0	0		2262	24
2295	2025-09-01	0	0	0	0	0	0	0		2263	24
2296	2025-09-01	0	0	0	0	0	0	0		2264	24
2297	2025-09-01	0	0	0	0	0	0	0		2265	24
2298	2025-09-01	0	0	0	0	0	0	0		2266	24
2299	2025-09-01	0	0	0	0	0	0	0		2267	24
2300	2025-09-01	0	0	0	0	0	0	0		2268	24
2301	2025-09-01	0	0	0	0	0	0	0		2269	24
2302	2025-09-01	0	0	0	0	0	0	0		2270	24
2303	2025-09-01	0	0	0	0	0	0	0		2271	24
2304	2025-09-01	0	0	0	0	0	0	0		2272	24
2305	2025-09-01	0	0	0	0	0	0	0		2273	3
27	2025-09-01	0	0	0	0	0	0	0		1444	17
25	2025-09-01	0	0	0	0	0	0	0		1442	17
32	2025-09-01	0	0	0	0	0	0	0		1449	17
35	2025-09-01	0	0	0	0	0	0	0		1452	17
43	2025-09-01	0	0	0	0	0	0	0		1460	17
28	2025-09-01	0	0	0	0	0	0	0		1445	17
34	2025-09-01	0	0	0	0	0	0	0		1451	17
33	2025-09-01	0	0	0	0	0	0	0		1450	17
40	2025-09-01	0	0	0	0	0	0	0		1457	17
41	2025-09-01	0	0	0	0	0	0	0		1458	17
30	2025-09-01	0	0	0	0	0	0	0		1447	17
37	2025-09-01	0	0	0	0	0	0	0		1454	17
29	2025-09-01	0	0	0	0	0	0	0		1446	17
31	2025-09-01	0	0	0	0	0	0	0		1448	17
26	2025-09-01	0	0	0	0	0	0	0		1443	17
38	2025-09-01	0	0	0	0	0	0	0		1455	17
39	2025-09-01	0	0	0	0	0	0	0		1456	17
44	2025-09-01	0	0	0	0	0	0	0		1461	17
50	2025-09-01	0	0	0	0	0	0	0		1467	17
75	2025-09-01	0	0	0	0	0	0	0		1492	17
76	2025-09-01	0	0	0	0	0	0	0		1493	17
77	2025-09-01	0	0	0	0	0	0	0		1494	17
78	2025-09-01	0	0	0	0	0	0	0		1495	17
79	2025-09-01	0	0	0	0	0	0	0		1496	17
66	2025-09-01	0	0	0	0	0	0	0		1483	17
51	2025-09-01	0	0	0	0	0	0	0		1468	17
54	2025-09-01	0	0	0	0	0	0	0		1471	17
80	2025-09-01	0	0	0	0	0	0	0		1497	17
81	2025-09-01	0	0	0	0	0	0	0		1498	17
82	2025-09-01	0	0	0	0	0	0	0		1499	17
83	2025-09-01	0	0	0	0	0	0	0		1500	17
55	2025-09-01	0	0	0	0	0	0	0		1472	17
84	2025-09-01	0	0	0	0	0	0	0		1501	17
67	2025-09-01	0	0	0	0	0	0	0		1484	17
85	2025-09-01	0	0	0	0	0	0	0		1502	17
86	2025-09-01	0	0	0	0	0	0	0		1503	17
65	2025-09-01	0	0	0	0	0	0	0		1482	17
87	2025-09-01	0	0	0	0	0	0	0		1504	17
88	2025-09-01	0	0	0	0	0	0	0		1505	17
68	2025-09-01	0	0	0	0	0	0	0		1485	17
56	2025-09-01	0	0	0	0	0	0	0		1473	17
90	2025-09-01	0	0	0	0	0	0	0		1507	17
52	2025-09-01	0	0	0	0	0	0	0		1469	17
58	2025-09-01	0	0	0	0	0	0	0		1475	17
57	2025-09-01	0	0	0	0	0	0	0		1474	17
91	2025-09-01	0	0	0	0	0	0	0		1508	17
53	2025-09-01	0	0	0	0	0	0	0		1470	17
49	2025-09-01	0	0	0	0	0	0	0		1466	17
64	2025-09-01	0	0	0	0	0	0	0		1481	17
45	2025-09-01	0	0	0	0	0	0	0		1462	17
59	2025-09-01	0	0	0	0	0	0	0		1476	17
92	2025-09-01	0	0	0	0	0	0	0		1509	17
95	2025-09-01	0	0	0	0	0	0	0		1512	17
93	2025-09-01	0	0	0	0	0	0	0		1510	17
70	2025-09-01	0	0	0	0	0	0	0		1487	17
69	2025-09-01	0	0	0	0	0	0	0		1486	17
94	2025-09-01	0	0	0	0	0	0	0		1511	17
96	2025-09-01	0	0	0	0	0	0	0		1513	17
60	2025-09-01	0	0	0	0	0	0	0		1477	17
97	2025-09-01	0	0	0	0	0	0	0		1514	17
98	2025-09-01	0	0	0	0	0	0	0		1515	17
71	2025-09-01	0	0	0	0	0	0	0		1488	17
99	2025-09-01	0	0	0	0	0	0	0		1516	17
100	2025-09-01	0	0	0	0	0	0	0		1517	17
46	2025-09-01	0	0	0	0	0	0	0		1463	17
102	2025-09-01	0	0	0	0	0	0	0		1519	17
101	2025-09-01	0	0	0	0	0	0	0		1518	17
47	2025-09-01	0	0	0	0	0	0	0		1464	17
61	2025-09-01	0	0	0	0	0	0	0		1478	17
62	2025-09-01	0	0	0	0	0	0	0		1479	17
63	2025-09-01	0	0	0	0	0	0	0		1480	17
73	2025-09-01	0	0	0	0	0	0	0		1490	17
48	2025-09-01	0	0	0	0	0	0	0		1465	17
72	2025-09-01	0	0	0	0	0	0	0		1489	17
74	2025-09-01	0	0	0	0	0	0	0		1491	17
113	2025-09-01	0	0	0	0	0	0	0		1530	17
36	2025-09-01	0	0	0	0	0	0	0		1453	17
125	2025-09-01	0	0	0	0	0	0	0		1542	17
114	2025-09-01	0	0	0	0	0	0	0		1531	17
115	2025-09-01	0	0	0	0	0	0	0		1532	17
116	2025-09-01	0	0	0	0	0	0	0		1533	17
123	2025-09-01	0	0	0	0	0	0	0		1540	17
124	2025-09-01	0	0	0	0	0	0	0		1541	17
117	2025-09-01	0	0	0	0	0	0	0		1534	17
121	2025-09-01	0	0	0	0	0	0	0		1538	17
111	2025-09-01	0	0	0	0	0	0	0		1528	17
118	2025-09-01	0	0	0	0	0	0	0		1535	17
89	2025-09-01	0	0	0	0	0	0	0		1506	17
119	2025-09-01	0	0	0	0	0	0	0		1536	17
109	2025-09-01	0	0	0	0	0	0	0		1526	17
110	2025-09-01	0	0	0	0	0	0	0		1527	17
42	2025-09-01	0	0	0	0	0	0	0		1459	17
126	2025-09-01	0	0	0	0	0	0	0		1543	17
120	2025-09-01	0	0	0	0	0	0	0		1537	17
122	2025-09-01	0	0	0	0	0	0	0		1539	17
103	2025-09-01	0	0	0	0	0	0	0		1520	17
127	2025-09-01	0	0	0	0	0	0	0		1544	17
104	2025-09-01	0	0	0	0	0	0	0		1521	17
105	2025-09-01	0	0	0	0	0	0	0		1522	17
107	2025-09-01	0	0	0	0	0	0	0		1524	17
106	2025-09-01	0	0	0	0	0	0	0		1523	17
112	2025-09-01	0	0	0	0	0	0	0		1529	17
108	2025-09-01	0	0	0	0	0	0	0		1525	17
138	2025-09-01	0	0	0	0	0	-16.2	0		8	2
2306	2025-09-01	0	0	0	0	0	0	0		26	1
139	2025-09-01	0	0	0	0	0	35.08	0		20	2
141	2025-09-01	0	0	0	0	0	55.46	0		7	2
\.


--
-- Data for Name: payment_payment_doctor; Type: TABLE DATA; Schema: public; Owner: postgres
--

COPY public.payment_payment_doctor (id, payment_type, pay, date, area_id, doctor_id) FROM stdin;
1	İnvest	80.00	2025-08-29	2	25
2	Avans	100.00	2025-10-14	2	2
3	İnvest	10.00	2025-10-14	2	3
4	Avans	100.00	2025-10-14	2	4
15	Avans	100.00	2025-10-07	26	1546
16	Avans	100.00	2025-10-20	26	1546
17	Geri_qaytarma	100.00	2025-10-21	26	1546
18	İnvest	10.00	2025-10-21	26	1546
\.


--
-- Data for Name: payment_sale; Type: TABLE DATA; Schema: public; Owner: postgres
--

COPY public.payment_sale (id, quantity, sale_date, drug_id, region_id) FROM stdin;
1	2	2025-08-31	2	2
2	3	2025-08-31	3	2
3	6	2025-08-31	4	2
4	9	2025-08-31	5	2
5	2	2025-08-31	9	2
6	37	2025-08-31	10	2
7	1	2025-08-31	12	2
8	5	2025-08-31	13	2
9	4	2025-08-31	15	2
10	2	2025-08-31	16	2
11	19	2025-08-31	17	2
12	60	2025-08-31	20	2
13	13	2025-08-31	21	2
14	1	2025-08-31	22	2
\.


--
-- Data for Name: regions_city; Type: TABLE DATA; Schema: public; Owner: postgres
--

COPY public.regions_city (id, city_name, region_id) FROM stdin;
\.


--
-- Data for Name: regions_hospital; Type: TABLE DATA; Schema: public; Owner: postgres
--

COPY public.regions_hospital (id, hospital_name, city_id, region_net_id) FROM stdin;
2	16 U.P	\N	2
3	23 POL	\N	2
4	Zığ Pol	\N	2
5	Zığ tibb mərkəzi	\N	2
6	37 POL	\N	1
8	Bakı	\N	3
9	38 POL	\N	4
10	6 № Ş.P	\N	4
11	BMP	\N	4
12	Diaqnoz T/M	\N	4
13	Medika klinikas;	\N	4
14	Sokrat KL	\N	4
15	Əhmədli Tibb Mərkəzi	\N	4
16	15 POL	\N	5
17	20 POL	\N	5
18	35 POL	\N	5
19	Abşeron Xəstəxanası	\N	5
20	Apollo	\N	5
21	Bakı Medikus klinik.	\N	5
22	Bakı Nəsrəddin Tusi klinik.	\N	5
23	Bakı Onkologiya X.	\N	5
24	Bakı RKX	\N	5
25	Bakı Real	\N	5
26	Bakı Vərəm dispanseri	\N	5
27	Bakı Xırdalan pol.	\N	5
28	Biləcəri 15 POL	\N	5
29	Biləcəri 2 DYP	\N	5
30	Binəqədi 35 POL	\N	5
31	Central Labs klinikası	\N	5
32	Eksprimentalni xəst.	\N	5
33	Göz İnustutu	\N	5
34	Med Group Tibb Mərkəzi	\N	5
35	Müşviq 13№ POL	\N	5
36	Məlikov Xəs.	\N	5
37	Olimp klinikası	\N	5
38	RKX	\N	5
39	Spera Hospital	\N	5
40	Xocasən Pol	\N	5
41	Xocasən SM	\N	5
42	Xırdalan LabCenter kl	\N	5
43	Xırdalan POL	\N	5
44	Xırdalan Tibb Mərkəzi	\N	5
45	Xırdalan pol.	\N	5
46	Xırdalan poliklinik.	\N	5
47	Xırdalan xəstəxanası	\N	5
48	Şəxsi kabinet	\N	5
49	19 POL	\N	6
50	E.C.M	\N	6
51	German hospital	\N	6
52	Gömrük Hospital	\N	6
53	MOM	\N	6
54	Medicus	\N	6
55	Olimp klinikası	\N	6
56	Real klinik	\N	6
57	Uni klinika	\N	6
58	Bakı Şərq-Qərb klinik.	\N	25
59	Bakı Şərq-Qərb klinikası	\N	25
60	11 POL	\N	3
61	12 POL	\N	3
62	12-ci BŞX	\N	3
63	12-ci Poliklinika	\N	3
64	13 BŞX	\N	3
65	13 POL	\N	3
66	13 cü BŞX	\N	3
67	3 BŞX	\N	3
68	3 nömrəli BŞX	\N	3
69	3 nömrəli doğum evi	\N	3
70	Ailə Həkim Klinikası	\N	3
71	Andromed 2	\N	3
72	Bakı 11 Pol.	\N	3
73	Bakı 12 Pol	\N	3
74	Bakı 12-ci pol.	\N	3
75	Bakı 12-ci poliklinika	\N	3
76	Bakı 13 BŞX	\N	3
77	Bakı 13-cü BŞX	\N	3
78	Bakı 24-cü pol.	\N	3
79	Bakı 3 BŞX	\N	3
80	Bakı 3 nömrəli BŞX	\N	3
81	Bakı 3-cü BŞX	\N	3
82	Bakı 3BŞX	\N	3
83	Bakı Ailə kliniması	\N	3
84	Bakı Andromed	\N	3
85	Bakı Razin-11 pol.	\N	3
86	Bülbülə xəs.	\N	3
87	Medicare	\N	3
88	Sabunçu xəst.	\N	3
89	Stimul Hosbital	\N	3
90	14 POL	\N	7
91	18 POL	\N	7
92	33 POL Bayıl	\N	7
93	37 POL	\N	7
94	ATU onkologiya	\N	7
95	BSM	\N	7
96	Bakı 5N pol.	\N	7
97	Bakı ATU	\N	7
98	Bakı ATU cərrah.	\N	7
99	Bakı KTM-Semaşka	\N	7
100	Bakı Referans Klinin	\N	7
101	Bakı Tehran klinik.	\N	7
102	Billur klinikası	\N	7
103	Diamed	\N	7
104	Ege klinikası	\N	7
105	Hemotologiya	\N	7
106	Medilux hospital	\N	7
107	New Med	\N	7
108	Pearl Dent	\N	7
109	Travmatologiya	\N	7
110	İstanbul NS	\N	7
111	Ədliyyə Hospital	\N	7
112	28 DYX	\N	8
113	28 TSH	\N	8
114	28-ci Poliklinika	\N	8
115	4 POL	\N	8
116	Bakı 28-ci pol.	\N	8
117	Bakı APM	\N	8
118	Bakı DYX	\N	8
119	Bakı Leyla Med.Cen.	\N	8
120	Bakı Leyla Mər.Klinik.	\N	8
121	Bakı MNX	\N	8
122	Bakı Medilənd klinik.	\N	8
123	Bakı REM	\N	8
124	Bakı Əfəndiyev Klin.	\N	8
125	Bakı Əfəndiyev xəst.	\N	8
126	Fetal Mərkəz	\N	8
127	Kirov	\N	8
128	Leyla Med	\N	8
129	REM	\N	8
130	Xətai Estetik Klinikası	\N	8
131	Yeni Klinika	\N	8
132	1 nömrəli DYP	\N	9
133	1 nömrəli DYP	\N	8
134	2 Q/M	\N	9
135	2 saylı POL	\N	9
136	3 POL	\N	9
137	4 POL	\N	9
138	5 N xəstəxana	\N	9
139	7 nömrəli Qadın Məsləhətxanası	\N	9
140	7 saylı uşaq POL	\N	9
141	Alistokrat	\N	9
142	Bakı Kardiologiya	\N	9
143	Bakı Kardiologiya institutu	\N	9
144	Bakı Kirov İnstitutu	\N	9
145	Bakı Medikal Plaza vip	\N	9
146	Bakı Urologiya	\N	9
147	Bakı ŞDZD	\N	9
148	DİN POL	\N	9
149	DİN hospital	\N	9
150	Endakrim Mərkəz	\N	9
151	Funda hospital	\N	9
152	Kardiologiya İns.	\N	9
153	Kirov İnstitutu	\N	9
154	Medaura klinik	\N	9
155	Medeyra Hospital	\N	9
156	Mediplanet	\N	9
157	Res.Dəri Zöhrəvi Dis	\N	9
158	Vəfa klnikası	\N	9
159	Xətai estetik klinikası	\N	9
160	Yaşam Klinikası	\N	9
161	Ömür Klinikası	\N	9
162	İMC	\N	9
163	İNC	\N	9
164	ŞDZD	\N	9
165	Əfəndiyev	\N	9
166	Ağcabədi ASM	\N	10
167	Ağcabədi Taxta körpü	\N	10
168	Ağdam MRX	\N	10
169	Bərd MDM	\N	10
170	Bərdə ASM	\N	10
171	Bərdə Balabəy kəndi	\N	10
172	Bərdə Kənd	\N	10
173	Bərdə MRX	\N	10
174	Bərdə Zümürxan kənd	\N	10
175	Bərdə Əyricə kənd	\N	10
176	Epidemstansiya	\N	10
177	Tərtər MRX	\N	10
178	Şəfa klinikası	\N	10
179	Goranboy Alpout tibb mənt.	\N	11
180	Goranboy MRX	\N	11
181	Goranboy Medline	\N	11
182	Naftalan MRX	\N	11
183	Göyçay MRX	\N	12
184	Ucar MRX	\N	12
185	Zərdab MRX	\N	12
186	2 saylı Uşaq xəstəxanası	\N	13
187	Abbas Səhhət POL	\N	13
188	Ailə və nikah klinikası	\N	13
189	Ev Həkimi	\N	13
190	Gəncə 1N uşaq x.	\N	13
191	Gəncə 1Npol	\N	13
192	Gəncə 2N Pol	\N	13
193	Gəncə 2N Pol.	\N	13
194	Gəncə 3N TTYX	\N	13
195	Gəncə 3N pol.	\N	13
196	Gəncə 3N x	\N	13
197	Gəncə 3N x.	\N	13
198	Gəncə 3N xəst.	\N	13
199	Gəncə Beynəlxalq x.	\N	13
200	Gəncə DNK	\N	13
201	Gəncə Diaqnostika	\N	13
202	Gəncə Dəmiryol x.	\N	13
203	Gəncə Dəmiryol xəst.	\N	13
204	Gəncə Hərbi qospital	\N	13
205	Gəncə Mərkəzi Klinikası	\N	13
206	Gəncə Referans	\N	13
207	Gəncə TTYX	\N	13
208	Gəncə TTYX- 3N	\N	13
209	Gəncə TTYX-2N Pol.	\N	13
210	Gəncə Vest klinik.	\N	13
211	Gəncə Vərəm disp.	\N	13
212	Gəncə Vərəm dispanseri	\N	13
213	Gəncə Vərəm x.	\N	13
214	Gəncə İstanbul klinik.	\N	13
215	Nəzrin klinik	\N	13
216	Vest klinikası	\N	13
217	Yeni Gəncə Tibb mərkəzi	\N	13
218	Şəkərlər xəstəxanası	\N	13
219	Gəncə ev həkimi	\N	13
220	Astara Kijəbə kənd	\N	14
221	Astara MRX	\N	14
222	Astara Siyəkü Kəndi	\N	14
223	Astara Təngərüd kəndi	\N	14
224	Astara Ərçivan Kəndi	\N	14
225	Lerik MRX	\N	14
226	LƏNKƏRAN MEDİCAN HOSPİTALI	\N	14
227	Lənkəran ASM	\N	14
228	Lənkəran Avicenna kl	\N	14
229	Lənkəran MRX	\N	14
230	Lənkəran Mesican	\N	14
231	Lənkəran Sanatoria	\N	14
232	Lənkəran Vilvan kənd	\N	14
233	Lənkəran Vərəm Dispanseri	\N	14
234	Lənkəran Zövlə kənd	\N	14
235	Lənkəran Şixəkəran kənd	\N	14
236	Mamusta kənd	\N	14
237	Medican Hospital	\N	14
238	Medlandiya	\N	14
239	Monomed klinik	\N	14
240	Pensər kənd	\N	14
241	Ağdaş MRX	\N	15
242	Ağdaş MRX	\N	16
243	Ağdaş kənd	\N	15
244	Goranboy	\N	15
245	Göyçay MRX	\N	15
246	Mingəçevir	\N	15
247	Mingəçevir ASM	\N	15
248	Mingəçevir MRX	\N	15
249	Mingəçevir Nərgiz kl.	\N	15
250	Mingəçevir Nərgiz klinik.	\N	15
251	Mingəçevir Ramiz klinik.	\N	15
252	Mingəçevir Regional kl.	\N	15
253	Mingəçevir Regional klinik.	\N	15
254	Mingəçevir Vital kl.	\N	15
255	Mingəçevir Şəfa Diaqnostika	\N	15
256	Mingəçevir,Goranboy r.	\N	15
257	Mingəçevir,Yevlax r.	\N	15
258	Ucar MRX	\N	15
259	Yevlax	\N	15
260	Yevlax Aran poliklinik.	\N	15
261	Yevlax MRX	\N	15
262	Yevlaz ASM	\N	15
263	Babək Rayon Nehrəm kənd	\N	17
264	Babək Rayon Xəstəxanası	\N	17
265	Culfa MRX	\N	17
266	Diaqnostika	\N	17
267	Naxçıvan MRX	\N	17
268	Naxçıvan Sağlamlıq mərkəzi	\N	17
269	Naxçıvan ş. Uşaq xəstəxanası	\N	17
270	Ordubad MRX	\N	17
271	Perinatal Mərkəz	\N	17
272	Qospital	\N	17
273	Respublika Xəstəxanası	\N	17
274	Şahbuz MRX	\N	17
275	Şərur	\N	17
276	Şərur Xanlıqlar k	\N	17
277	Şərur Əfsanə klinikası	\N	17
278	Ənvər Klinikası	\N	17
279	10 saylı xəstəxana	\N	26
280	Mərdəkan  26 POL	\N	26
281	Beyləqan Azmed	\N	18
282	Beyləqan Daşburun qəs.	\N	18
283	Beyləqan MRX	\N	18
284	Beyləqan Yuxarı Aranlı	\N	18
285	Cəbrayıl qəs.	\N	18
286	Fizuli Qayıdış Qəs.	\N	18
287	Füzuli Diaqnostika	\N	18
288	Füzuli Horadiz	\N	18
289	Füzuli MDM	\N	18
290	Füzuli MRX	\N	18
291	Xocavənd MRX	\N	18
292	İmişli DYX	\N	18
293	İmişli MRX	\N	18
294	Nüqədi kənd tibb məntəqəsi	\N	19
295	QUBA MRX	\N	19
296	Quba Diaqnostika Mərkəzi	\N	19
297	XAÇMAZ MRX	\N	19
298	Xaçmaz Yeni Həyat T.M	\N	19
299	Xudat MRX	\N	19
300	Şabran MRX	\N	19
301	Bum qesebesi	\N	20
302	Hacallı k	\N	20
303	Oğuz	\N	20
304	Oğuz MRX	\N	20
305	Oğuz RMX	\N	20
306	Oğuzı MRX	\N	20
307	Qarabulaq k	\N	20
308	Qebele MRX	\N	20
309	QebeleMRX	\N	20
310	Qeble MRX	\N	20
311	Qəbələ	\N	20
312	Qəbələ Bum k.	\N	20
313	Qəbələ RMX	\N	20
314	Qəbələ Sağlam Həyat	\N	20
315	Qəbələ İkinci Nəfəs klinikası	\N	20
316	Sağlam Həyat	\N	20
317	Sincan k	\N	20
318	Vendam qesebesi	\N	20
319	Xaçmaz k	\N	20
320	sağ.heyat qebele	\N	20
321	İsmayıllı	\N	20
322	İsmayıllı Hacıhətəmli kəndi	\N	20
323	İsmayıllı MRX	\N	20
324	1 ASM	\N	21
325	1 POL	\N	21
326	1 XX	\N	21
327	1 № Doğum evi	\N	21
328	2  UP	\N	21
329	2 D/E	\N	21
330	2 POL	\N	21
331	2 XX	\N	21
332	3 POL	\N	21
333	3 Q/M	\N	21
334	3 UP	\N	21
335	3 X.X	\N	21
336	4 POL	\N	21
337	4 U.P	\N	21
338	4 X.X	\N	21
339	5 UP	\N	21
340	Az Klinik	\N	21
341	Diamed klinikası	\N	21
342	Hipokrat	\N	21
343	Kamed Klinikası	\N	21
344	Liman klinik	\N	21
345	Onkologiya	\N	21
346	Palıd Klinikası	\N	21
347	Real klinik	\N	21
348	Socar	\N	21
349	Sumqayıt Hospital	\N	21
350	Sumqayıt travmatologiya	\N	21
351	TTYX	\N	21
352	Unikal Klinik	\N	21
353	Yaşma Qəsəbə məntəqəsi	\N	21
354	Özəl kabinet	\N	21
355	İntermed klinikası	\N	21
356	21 POL	\N	27
357	Ekol tibb mərkəzi	\N	27
358	Maşdağa	\N	27
359	Zabrat Diaqnostika	\N	27
360	Agsu MRX	\N	22
361	Agsu MRX Abadova	\N	22
362	Ağsu MRX	\N	22
363	Kalva k	\N	22
364	Kurdemir MRX	\N	22
365	Kürdəmir MRX	\N	22
366	Mereze MRX	\N	22
367	Qobustan MRX	\N	22
368	Samaxi	\N	22
369	Samaxi MRX	\N	22
370	Samaxi u/x	\N	22
371	Sigirli	\N	22
372	Sigirli k	\N	22
373	Şamaxı	\N	22
374	Şamaxı Diaqnostika M.	\N	22
375	Şamaxı MRX	\N	22
376	Şamaxı,Qobustan	\N	22
377	Hacıqabul	\N	23
378	Medikus	\N	23
379	Neftçala MRX	\N	23
380	Saly-Neft	\N	23
381	Saly-Neft.	\N	23
382	Salyan	\N	23
383	Salyan MX	\N	23
384	Salyan Med Plaza	\N	23
385	Şirvan	\N	23
386	Şirvan Diaqnostika	\N	23
387	Şirvan Diaqnostika Mərkəzi	\N	23
388	Şirvan Klinikası	\N	23
389	Şirvan MRX	\N	23
390	Şirvan doğum evi	\N	23
391	Şirvan şəh.Bayramlı qəs.	\N	23
392	Şirvan,Neftçala r.	\N	23
393	Şirvan,Salyan r.	\N	23
394	Aymed klinik	\N	16
395	Balaken MRX	\N	16
396	Balakən Katex kənd	\N	16
397	Balakən İtitala kəndi	\N	16
398	Balakən.qullar kənd məntəqəsi	\N	16
399	Bideyiz k	\N	16
400	Bonum medikal	\N	16
401	Eliabad k	\N	16
402	Elmas klinik	\N	16
403	Hayat Hospital	\N	16
404	Qax MRX	\N	16
405	Qax Qıpçaq kənd Dx	\N	16
406	Qax Əlibəyli kənd xəstəxanası	\N	16
407	Qazma k	\N	16
408	Seki MRX	\N	16
409	Zaqatala	\N	16
410	Zaqatala  Zeyzed Kəndi	\N	16
411	Zaqatala Diaqnostika mərkəzi	\N	16
412	Zaqatala Güvən klinikası	\N	16
413	Zaqatala MRX	\N	16
414	Zaqatala MRX Abdullayeva	\N	16
415	Zaqatala MRX Qaraehmedova	\N	16
416	nan	\N	16
417	Şəki	\N	16
418	Şəki ASM	\N	16
419	Şəki Modul Xəstəxana	\N	16
420	Medstar	\N	24
421	Zəyəm Tibb mərkəzi	\N	24
422	Şans klinikası	\N	24
423	Şəmkir MRX	\N	24
424	Şəmkir Vərəm Xəstəxanası	\N	24
425	nan	\N	3
426	12-ci poliklinika	\N	3
427	Gəncə 2N pol	\N	13
428	Gəncə 2N pol.	\N	13
429	oğuz MRX	\N	20
\.


--
-- Data for Name: regions_region; Type: TABLE DATA; Schema: public; Owner: postgres
--

COPY public.regions_region (id, region_name, region_type) FROM stdin;
1	Bakı bölgə-13	Bakı
2	Bakı bölgə-11	Bakı
25	Bakı bölgə-5	\N
27	Zabrat	Bakı
26	PİRALLAHI	Bakı
9	Bakı bölgə-9	Bakı
8	Bakı bölgə-8	Bakı
7	Bakı bölgə-7	Bakı
6	Bakı bölgə-3	Bakı
3	Bakı bölgə-6	Bakı
4	Bakı bölgə-12	Bakı
5	Bakı bölgə-2	Bakı
24	Şəmkir	Digər
10	Bərdə	Digər
23	Şirvan-Salyan	Digər
22	Şamaxı	Digər
21	Sumqayıt	Digər
20	Qəbələ	Digər
19	Quba	Digər
18	Qarabağ	Digər
17	Naxcıvan	Digər
16	Şəki	Digər
15	Mingəçevir	Digər
14	Lənkəran	Digər
13	Gəncə bölgə	Digər
12	Göyçay	Digər
11	Goranboy	Digər
\.


--
-- Data for Name: tracking_locationpoint; Type: TABLE DATA; Schema: public; Owner: postgres
--

COPY public.tracking_locationpoint (id, latitude, longitude, "timestamp", speed, session_id) FROM stdin;
\.


--
-- Data for Name: tracking_stoppoint; Type: TABLE DATA; Schema: public; Owner: postgres
--

COPY public.tracking_stoppoint (id, latitude, longitude, start_time, end_time, duration, session_id) FROM stdin;
\.


--
-- Data for Name: tracking_trackingsession; Type: TABLE DATA; Schema: public; Owner: postgres
--

COPY public.tracking_trackingsession (id, start_time, end_time, total_distance, total_duration, user_id) FROM stdin;
\.


--
-- Data for Name: user_istifadeciprofil; Type: TABLE DATA; Schema: public; Owner: postgres
--

COPY public.user_istifadeciprofil (id, bolge_id, user_id) FROM stdin;
\.


--
-- Name: auth_group_id_seq; Type: SEQUENCE SET; Schema: public; Owner: postgres
--

SELECT pg_catalog.setval('public.auth_group_id_seq', 1, false);


--
-- Name: auth_group_permissions_id_seq; Type: SEQUENCE SET; Schema: public; Owner: postgres
--

SELECT pg_catalog.setval('public.auth_group_permissions_id_seq', 1, false);


--
-- Name: auth_permission_id_seq; Type: SEQUENCE SET; Schema: public; Owner: postgres
--

SELECT pg_catalog.setval('public.auth_permission_id_seq', 122, true);


--
-- Name: auth_user_groups_id_seq; Type: SEQUENCE SET; Schema: public; Owner: postgres
--

SELECT pg_catalog.setval('public.auth_user_groups_id_seq', 1, false);


--
-- Name: auth_user_id_seq; Type: SEQUENCE SET; Schema: public; Owner: postgres
--

SELECT pg_catalog.setval('public.auth_user_id_seq', 11, true);


--
-- Name: auth_user_user_permissions_id_seq; Type: SEQUENCE SET; Schema: public; Owner: postgres
--

SELECT pg_catalog.setval('public.auth_user_user_permissions_id_seq', 1, false);


--
-- Name: core_deletedrecipedruglog_id_seq; Type: SEQUENCE SET; Schema: public; Owner: postgres
--

SELECT pg_catalog.setval('public.core_deletedrecipedruglog_id_seq', 12, true);


--
-- Name: django_admin_log_id_seq; Type: SEQUENCE SET; Schema: public; Owner: postgres
--

SELECT pg_catalog.setval('public.django_admin_log_id_seq', 170, true);


--
-- Name: django_content_type_id_seq; Type: SEQUENCE SET; Schema: public; Owner: postgres
--

SELECT pg_catalog.setval('public.django_content_type_id_seq', 38, true);


--
-- Name: django_migrations_id_seq; Type: SEQUENCE SET; Schema: public; Owner: postgres
--

SELECT pg_catalog.setval('public.django_migrations_id_seq', 37, true);


--
-- Name: doctors_doctors_id_seq; Type: SEQUENCE SET; Schema: public; Owner: postgres
--

SELECT pg_catalog.setval('public.doctors_doctors_id_seq', 2283, true);


--
-- Name: doctors_realsales_id_seq; Type: SEQUENCE SET; Schema: public; Owner: postgres
--

SELECT pg_catalog.setval('public.doctors_realsales_id_seq', 1, false);


--
-- Name: doctors_realsalesdrug_id_seq; Type: SEQUENCE SET; Schema: public; Owner: postgres
--

SELECT pg_catalog.setval('public.doctors_realsalesdrug_id_seq', 1, false);


--
-- Name: doctors_recipe_id_seq; Type: SEQUENCE SET; Schema: public; Owner: postgres
--

SELECT pg_catalog.setval('public.doctors_recipe_id_seq', 131, true);


--
-- Name: doctors_recipedrug_id_seq; Type: SEQUENCE SET; Schema: public; Owner: postgres
--

SELECT pg_catalog.setval('public.doctors_recipedrug_id_seq', 197, true);


--
-- Name: export_backup_id_seq; Type: SEQUENCE SET; Schema: public; Owner: postgres
--

SELECT pg_catalog.setval('public.export_backup_id_seq', 13, true);


--
-- Name: medicine_medical_id_seq; Type: SEQUENCE SET; Schema: public; Owner: postgres
--

SELECT pg_catalog.setval('public.medicine_medical_id_seq', 32, true);


--
-- Name: payment_financial_document_id_seq; Type: SEQUENCE SET; Schema: public; Owner: postgres
--

SELECT pg_catalog.setval('public.payment_financial_document_id_seq', 11, true);


--
-- Name: payment_monthlydoctorreport_id_seq; Type: SEQUENCE SET; Schema: public; Owner: postgres
--

SELECT pg_catalog.setval('public.payment_monthlydoctorreport_id_seq', 2306, true);


--
-- Name: payment_payment_doctor_id_seq; Type: SEQUENCE SET; Schema: public; Owner: postgres
--

SELECT pg_catalog.setval('public.payment_payment_doctor_id_seq', 19, true);


--
-- Name: payment_sale_id_seq; Type: SEQUENCE SET; Schema: public; Owner: postgres
--

SELECT pg_catalog.setval('public.payment_sale_id_seq', 24, true);


--
-- Name: regions_city_id_seq; Type: SEQUENCE SET; Schema: public; Owner: postgres
--

SELECT pg_catalog.setval('public.regions_city_id_seq', 1, false);


--
-- Name: regions_hospital_id_seq; Type: SEQUENCE SET; Schema: public; Owner: postgres
--

SELECT pg_catalog.setval('public.regions_hospital_id_seq', 439, true);


--
-- Name: regions_region_id_seq; Type: SEQUENCE SET; Schema: public; Owner: postgres
--

SELECT pg_catalog.setval('public.regions_region_id_seq', 37, true);


--
-- Name: tracking_locationpoint_id_seq; Type: SEQUENCE SET; Schema: public; Owner: postgres
--

SELECT pg_catalog.setval('public.tracking_locationpoint_id_seq', 1, false);


--
-- Name: tracking_stoppoint_id_seq; Type: SEQUENCE SET; Schema: public; Owner: postgres
--

SELECT pg_catalog.setval('public.tracking_stoppoint_id_seq', 1, false);


--
-- Name: tracking_trackingsession_id_seq; Type: SEQUENCE SET; Schema: public; Owner: postgres
--

SELECT pg_catalog.setval('public.tracking_trackingsession_id_seq', 1, false);


--
-- Name: user_istifadeciprofil_id_seq; Type: SEQUENCE SET; Schema: public; Owner: postgres
--

SELECT pg_catalog.setval('public.user_istifadeciprofil_id_seq', 1, false);


--
-- Name: auth_group auth_group_name_key; Type: CONSTRAINT; Schema: public; Owner: postgres
--

ALTER TABLE ONLY public.auth_group
    ADD CONSTRAINT auth_group_name_key UNIQUE (name);


--
-- Name: auth_group_permissions auth_group_permissions_group_id_permission_id_0cd325b0_uniq; Type: CONSTRAINT; Schema: public; Owner: postgres
--

ALTER TABLE ONLY public.auth_group_permissions
    ADD CONSTRAINT auth_group_permissions_group_id_permission_id_0cd325b0_uniq UNIQUE (group_id, permission_id);


--
-- Name: auth_group_permissions auth_group_permissions_pkey; Type: CONSTRAINT; Schema: public; Owner: postgres
--

ALTER TABLE ONLY public.auth_group_permissions
    ADD CONSTRAINT auth_group_permissions_pkey PRIMARY KEY (id);


--
-- Name: auth_group auth_group_pkey; Type: CONSTRAINT; Schema: public; Owner: postgres
--

ALTER TABLE ONLY public.auth_group
    ADD CONSTRAINT auth_group_pkey PRIMARY KEY (id);


--
-- Name: auth_permission auth_permission_content_type_id_codename_01ab375a_uniq; Type: CONSTRAINT; Schema: public; Owner: postgres
--

ALTER TABLE ONLY public.auth_permission
    ADD CONSTRAINT auth_permission_content_type_id_codename_01ab375a_uniq UNIQUE (content_type_id, codename);


--
-- Name: auth_permission auth_permission_pkey; Type: CONSTRAINT; Schema: public; Owner: postgres
--

ALTER TABLE ONLY public.auth_permission
    ADD CONSTRAINT auth_permission_pkey PRIMARY KEY (id);


--
-- Name: auth_user_groups auth_user_groups_pkey; Type: CONSTRAINT; Schema: public; Owner: postgres
--

ALTER TABLE ONLY public.auth_user_groups
    ADD CONSTRAINT auth_user_groups_pkey PRIMARY KEY (id);


--
-- Name: auth_user_groups auth_user_groups_user_id_group_id_94350c0c_uniq; Type: CONSTRAINT; Schema: public; Owner: postgres
--

ALTER TABLE ONLY public.auth_user_groups
    ADD CONSTRAINT auth_user_groups_user_id_group_id_94350c0c_uniq UNIQUE (user_id, group_id);


--
-- Name: auth_user auth_user_pkey; Type: CONSTRAINT; Schema: public; Owner: postgres
--

ALTER TABLE ONLY public.auth_user
    ADD CONSTRAINT auth_user_pkey PRIMARY KEY (id);


--
-- Name: auth_user_user_permissions auth_user_user_permissions_pkey; Type: CONSTRAINT; Schema: public; Owner: postgres
--

ALTER TABLE ONLY public.auth_user_user_permissions
    ADD CONSTRAINT auth_user_user_permissions_pkey PRIMARY KEY (id);


--
-- Name: auth_user_user_permissions auth_user_user_permissions_user_id_permission_id_14a6b632_uniq; Type: CONSTRAINT; Schema: public; Owner: postgres
--

ALTER TABLE ONLY public.auth_user_user_permissions
    ADD CONSTRAINT auth_user_user_permissions_user_id_permission_id_14a6b632_uniq UNIQUE (user_id, permission_id);


--
-- Name: auth_user auth_user_username_key; Type: CONSTRAINT; Schema: public; Owner: postgres
--

ALTER TABLE ONLY public.auth_user
    ADD CONSTRAINT auth_user_username_key UNIQUE (username);


--
-- Name: authtoken_token authtoken_token_pkey; Type: CONSTRAINT; Schema: public; Owner: postgres
--

ALTER TABLE ONLY public.authtoken_token
    ADD CONSTRAINT authtoken_token_pkey PRIMARY KEY (key);


--
-- Name: authtoken_token authtoken_token_user_id_key; Type: CONSTRAINT; Schema: public; Owner: postgres
--

ALTER TABLE ONLY public.authtoken_token
    ADD CONSTRAINT authtoken_token_user_id_key UNIQUE (user_id);


--
-- Name: core_deletedrecipedruglog core_deletedrecipedruglog_pkey; Type: CONSTRAINT; Schema: public; Owner: postgres
--

ALTER TABLE ONLY public.core_deletedrecipedruglog
    ADD CONSTRAINT core_deletedrecipedruglog_pkey PRIMARY KEY (id);


--
-- Name: django_admin_log django_admin_log_pkey; Type: CONSTRAINT; Schema: public; Owner: postgres
--

ALTER TABLE ONLY public.django_admin_log
    ADD CONSTRAINT django_admin_log_pkey PRIMARY KEY (id);


--
-- Name: django_content_type django_content_type_app_label_model_76bd3d3b_uniq; Type: CONSTRAINT; Schema: public; Owner: postgres
--

ALTER TABLE ONLY public.django_content_type
    ADD CONSTRAINT django_content_type_app_label_model_76bd3d3b_uniq UNIQUE (app_label, model);


--
-- Name: django_content_type django_content_type_pkey; Type: CONSTRAINT; Schema: public; Owner: postgres
--

ALTER TABLE ONLY public.django_content_type
    ADD CONSTRAINT django_content_type_pkey PRIMARY KEY (id);


--
-- Name: django_migrations django_migrations_pkey; Type: CONSTRAINT; Schema: public; Owner: postgres
--

ALTER TABLE ONLY public.django_migrations
    ADD CONSTRAINT django_migrations_pkey PRIMARY KEY (id);


--
-- Name: django_session django_session_pkey; Type: CONSTRAINT; Schema: public; Owner: postgres
--

ALTER TABLE ONLY public.django_session
    ADD CONSTRAINT django_session_pkey PRIMARY KEY (session_key);


--
-- Name: doctors_doctors doctors_doctors_barkod_key; Type: CONSTRAINT; Schema: public; Owner: postgres
--

ALTER TABLE ONLY public.doctors_doctors
    ADD CONSTRAINT doctors_doctors_barkod_key UNIQUE (barkod);


--
-- Name: doctors_doctors doctors_doctors_pkey; Type: CONSTRAINT; Schema: public; Owner: postgres
--

ALTER TABLE ONLY public.doctors_doctors
    ADD CONSTRAINT doctors_doctors_pkey PRIMARY KEY (id);


--
-- Name: doctors_realsales doctors_realsales_pkey; Type: CONSTRAINT; Schema: public; Owner: postgres
--

ALTER TABLE ONLY public.doctors_realsales
    ADD CONSTRAINT doctors_realsales_pkey PRIMARY KEY (id);


--
-- Name: doctors_realsalesdrug doctors_realsalesdrug_pkey; Type: CONSTRAINT; Schema: public; Owner: postgres
--

ALTER TABLE ONLY public.doctors_realsalesdrug
    ADD CONSTRAINT doctors_realsalesdrug_pkey PRIMARY KEY (id);


--
-- Name: doctors_recipe doctors_recipe_pkey; Type: CONSTRAINT; Schema: public; Owner: postgres
--

ALTER TABLE ONLY public.doctors_recipe
    ADD CONSTRAINT doctors_recipe_pkey PRIMARY KEY (id);


--
-- Name: doctors_recipedrug doctors_recipedrug_pkey; Type: CONSTRAINT; Schema: public; Owner: postgres
--

ALTER TABLE ONLY public.doctors_recipedrug
    ADD CONSTRAINT doctors_recipedrug_pkey PRIMARY KEY (id);


--
-- Name: export_backup export_backup_pkey; Type: CONSTRAINT; Schema: public; Owner: postgres
--

ALTER TABLE ONLY public.export_backup
    ADD CONSTRAINT export_backup_pkey PRIMARY KEY (id);


--
-- Name: medicine_medical medicine_medical_pkey; Type: CONSTRAINT; Schema: public; Owner: postgres
--

ALTER TABLE ONLY public.medicine_medical
    ADD CONSTRAINT medicine_medical_pkey PRIMARY KEY (id);


--
-- Name: payment_financial_document payment_financial_document_pkey; Type: CONSTRAINT; Schema: public; Owner: postgres
--

ALTER TABLE ONLY public.payment_financial_document
    ADD CONSTRAINT payment_financial_document_pkey PRIMARY KEY (id);


--
-- Name: payment_monthlydoctorreport payment_monthlydoctorrep_doctor_id_report_month_3a4b2e93_uniq; Type: CONSTRAINT; Schema: public; Owner: postgres
--

ALTER TABLE ONLY public.payment_monthlydoctorreport
    ADD CONSTRAINT payment_monthlydoctorrep_doctor_id_report_month_3a4b2e93_uniq UNIQUE (doctor_id, report_month);


--
-- Name: payment_monthlydoctorreport payment_monthlydoctorreport_pkey; Type: CONSTRAINT; Schema: public; Owner: postgres
--

ALTER TABLE ONLY public.payment_monthlydoctorreport
    ADD CONSTRAINT payment_monthlydoctorreport_pkey PRIMARY KEY (id);


--
-- Name: payment_payment_doctor payment_payment_doctor_pkey; Type: CONSTRAINT; Schema: public; Owner: postgres
--

ALTER TABLE ONLY public.payment_payment_doctor
    ADD CONSTRAINT payment_payment_doctor_pkey PRIMARY KEY (id);


--
-- Name: payment_sale payment_sale_pkey; Type: CONSTRAINT; Schema: public; Owner: postgres
--

ALTER TABLE ONLY public.payment_sale
    ADD CONSTRAINT payment_sale_pkey PRIMARY KEY (id);


--
-- Name: regions_city regions_city_pkey; Type: CONSTRAINT; Schema: public; Owner: postgres
--

ALTER TABLE ONLY public.regions_city
    ADD CONSTRAINT regions_city_pkey PRIMARY KEY (id);


--
-- Name: regions_hospital regions_hospital_hospital_name_region_net_id_a4131b0c_uniq; Type: CONSTRAINT; Schema: public; Owner: postgres
--

ALTER TABLE ONLY public.regions_hospital
    ADD CONSTRAINT regions_hospital_hospital_name_region_net_id_a4131b0c_uniq UNIQUE (hospital_name, region_net_id);


--
-- Name: regions_hospital regions_hospital_pkey; Type: CONSTRAINT; Schema: public; Owner: postgres
--

ALTER TABLE ONLY public.regions_hospital
    ADD CONSTRAINT regions_hospital_pkey PRIMARY KEY (id);


--
-- Name: regions_region regions_region_pkey; Type: CONSTRAINT; Schema: public; Owner: postgres
--

ALTER TABLE ONLY public.regions_region
    ADD CONSTRAINT regions_region_pkey PRIMARY KEY (id);


--
-- Name: regions_region regions_region_region_name_key; Type: CONSTRAINT; Schema: public; Owner: postgres
--

ALTER TABLE ONLY public.regions_region
    ADD CONSTRAINT regions_region_region_name_key UNIQUE (region_name);


--
-- Name: tracking_locationpoint tracking_locationpoint_pkey; Type: CONSTRAINT; Schema: public; Owner: postgres
--

ALTER TABLE ONLY public.tracking_locationpoint
    ADD CONSTRAINT tracking_locationpoint_pkey PRIMARY KEY (id);


--
-- Name: tracking_stoppoint tracking_stoppoint_pkey; Type: CONSTRAINT; Schema: public; Owner: postgres
--

ALTER TABLE ONLY public.tracking_stoppoint
    ADD CONSTRAINT tracking_stoppoint_pkey PRIMARY KEY (id);


--
-- Name: tracking_trackingsession tracking_trackingsession_pkey; Type: CONSTRAINT; Schema: public; Owner: postgres
--

ALTER TABLE ONLY public.tracking_trackingsession
    ADD CONSTRAINT tracking_trackingsession_pkey PRIMARY KEY (id);


--
-- Name: user_istifadeciprofil user_istifadeciprofil_pkey; Type: CONSTRAINT; Schema: public; Owner: postgres
--

ALTER TABLE ONLY public.user_istifadeciprofil
    ADD CONSTRAINT user_istifadeciprofil_pkey PRIMARY KEY (id);


--
-- Name: user_istifadeciprofil user_istifadeciprofil_user_id_key; Type: CONSTRAINT; Schema: public; Owner: postgres
--

ALTER TABLE ONLY public.user_istifadeciprofil
    ADD CONSTRAINT user_istifadeciprofil_user_id_key UNIQUE (user_id);


--
-- Name: auth_group_name_a6ea08ec_like; Type: INDEX; Schema: public; Owner: postgres
--

CREATE INDEX auth_group_name_a6ea08ec_like ON public.auth_group USING btree (name varchar_pattern_ops);


--
-- Name: auth_group_permissions_group_id_b120cbf9; Type: INDEX; Schema: public; Owner: postgres
--

CREATE INDEX auth_group_permissions_group_id_b120cbf9 ON public.auth_group_permissions USING btree (group_id);


--
-- Name: auth_group_permissions_permission_id_84c5c92e; Type: INDEX; Schema: public; Owner: postgres
--

CREATE INDEX auth_group_permissions_permission_id_84c5c92e ON public.auth_group_permissions USING btree (permission_id);


--
-- Name: auth_permission_content_type_id_2f476e4b; Type: INDEX; Schema: public; Owner: postgres
--

CREATE INDEX auth_permission_content_type_id_2f476e4b ON public.auth_permission USING btree (content_type_id);


--
-- Name: auth_user_groups_group_id_97559544; Type: INDEX; Schema: public; Owner: postgres
--

CREATE INDEX auth_user_groups_group_id_97559544 ON public.auth_user_groups USING btree (group_id);


--
-- Name: auth_user_groups_user_id_6a12ed8b; Type: INDEX; Schema: public; Owner: postgres
--

CREATE INDEX auth_user_groups_user_id_6a12ed8b ON public.auth_user_groups USING btree (user_id);


--
-- Name: auth_user_user_permissions_permission_id_1fbb5f2c; Type: INDEX; Schema: public; Owner: postgres
--

CREATE INDEX auth_user_user_permissions_permission_id_1fbb5f2c ON public.auth_user_user_permissions USING btree (permission_id);


--
-- Name: auth_user_user_permissions_user_id_a95ead1b; Type: INDEX; Schema: public; Owner: postgres
--

CREATE INDEX auth_user_user_permissions_user_id_a95ead1b ON public.auth_user_user_permissions USING btree (user_id);


--
-- Name: auth_user_username_6821ab7c_like; Type: INDEX; Schema: public; Owner: postgres
--

CREATE INDEX auth_user_username_6821ab7c_like ON public.auth_user USING btree (username varchar_pattern_ops);


--
-- Name: authtoken_token_key_10f0b77e_like; Type: INDEX; Schema: public; Owner: postgres
--

CREATE INDEX authtoken_token_key_10f0b77e_like ON public.authtoken_token USING btree (key varchar_pattern_ops);


--
-- Name: core_deletedrecipedruglog_deleted_by_id_b8a1caf7; Type: INDEX; Schema: public; Owner: postgres
--

CREATE INDEX core_deletedrecipedruglog_deleted_by_id_b8a1caf7 ON public.core_deletedrecipedruglog USING btree (deleted_by_id);


--
-- Name: django_admin_log_content_type_id_c4bce8eb; Type: INDEX; Schema: public; Owner: postgres
--

CREATE INDEX django_admin_log_content_type_id_c4bce8eb ON public.django_admin_log USING btree (content_type_id);


--
-- Name: django_admin_log_user_id_c564eba6; Type: INDEX; Schema: public; Owner: postgres
--

CREATE INDEX django_admin_log_user_id_c564eba6 ON public.django_admin_log USING btree (user_id);


--
-- Name: django_session_expire_date_a5c62663; Type: INDEX; Schema: public; Owner: postgres
--

CREATE INDEX django_session_expire_date_a5c62663 ON public.django_session USING btree (expire_date);


--
-- Name: django_session_session_key_c0390e0f_like; Type: INDEX; Schema: public; Owner: postgres
--

CREATE INDEX django_session_session_key_c0390e0f_like ON public.django_session USING btree (session_key varchar_pattern_ops);


--
-- Name: doctors_doctors_barkod_b93d9d39_like; Type: INDEX; Schema: public; Owner: postgres
--

CREATE INDEX doctors_doctors_barkod_b93d9d39_like ON public.doctors_doctors USING btree (barkod varchar_pattern_ops);


--
-- Name: doctors_doctors_bolge_id_056eacc2; Type: INDEX; Schema: public; Owner: postgres
--

CREATE INDEX doctors_doctors_bolge_id_056eacc2 ON public.doctors_doctors USING btree (bolge_id);


--
-- Name: doctors_doctors_city_id_ae09bd1e; Type: INDEX; Schema: public; Owner: postgres
--

CREATE INDEX doctors_doctors_city_id_ae09bd1e ON public.doctors_doctors USING btree (city_id);


--
-- Name: doctors_doctors_klinika_id_efee8c6d; Type: INDEX; Schema: public; Owner: postgres
--

CREATE INDEX doctors_doctors_klinika_id_efee8c6d ON public.doctors_doctors USING btree (klinika_id);


--
-- Name: doctors_realsales_dr_name_id_dbe846c3; Type: INDEX; Schema: public; Owner: postgres
--

CREATE INDEX doctors_realsales_dr_name_id_dbe846c3 ON public.doctors_realsales USING btree (dr_name_id);


--
-- Name: doctors_realsales_region_n_id_603a649a; Type: INDEX; Schema: public; Owner: postgres
--

CREATE INDEX doctors_realsales_region_n_id_603a649a ON public.doctors_realsales USING btree (region_n_id);


--
-- Name: doctors_realsalesdrug_drug_name_id_46f87e00; Type: INDEX; Schema: public; Owner: postgres
--

CREATE INDEX doctors_realsalesdrug_drug_name_id_46f87e00 ON public.doctors_realsalesdrug USING btree (drug_name_id);


--
-- Name: doctors_realsalesdrug_real_sale_id_35443f99; Type: INDEX; Schema: public; Owner: postgres
--

CREATE INDEX doctors_realsalesdrug_real_sale_id_35443f99 ON public.doctors_realsalesdrug USING btree (real_sale_id);


--
-- Name: doctors_recipe_dr_id_9a142213; Type: INDEX; Schema: public; Owner: postgres
--

CREATE INDEX doctors_recipe_dr_id_9a142213 ON public.doctors_recipe USING btree (dr_id);


--
-- Name: doctors_recipe_region_id_fecea7ff; Type: INDEX; Schema: public; Owner: postgres
--

CREATE INDEX doctors_recipe_region_id_fecea7ff ON public.doctors_recipe USING btree (region_id);


--
-- Name: doctors_recipedrug_drug_id_2befd933; Type: INDEX; Schema: public; Owner: postgres
--

CREATE INDEX doctors_recipedrug_drug_id_2befd933 ON public.doctors_recipedrug USING btree (drug_id);


--
-- Name: doctors_recipedrug_recipe_id_75aedc44; Type: INDEX; Schema: public; Owner: postgres
--

CREATE INDEX doctors_recipedrug_recipe_id_75aedc44 ON public.doctors_recipedrug USING btree (recipe_id);


--
-- Name: payment_financial_document_check_dr_id_5ebfce47; Type: INDEX; Schema: public; Owner: postgres
--

CREATE INDEX payment_financial_document_check_dr_id_5ebfce47 ON public.payment_financial_document USING btree (check_dr_id);


--
-- Name: payment_financial_document_check_region_id_cc49decb; Type: INDEX; Schema: public; Owner: postgres
--

CREATE INDEX payment_financial_document_check_region_id_cc49decb ON public.payment_financial_document USING btree (check_region_id);


--
-- Name: payment_monthlydoctorreport_doctor_id_a1342ef6; Type: INDEX; Schema: public; Owner: postgres
--

CREATE INDEX payment_monthlydoctorreport_doctor_id_a1342ef6 ON public.payment_monthlydoctorreport USING btree (doctor_id);


--
-- Name: payment_monthlydoctorreport_region_id_1f61ffff; Type: INDEX; Schema: public; Owner: postgres
--

CREATE INDEX payment_monthlydoctorreport_region_id_1f61ffff ON public.payment_monthlydoctorreport USING btree (region_id);


--
-- Name: payment_payment_doctor_area_id_730b10c0; Type: INDEX; Schema: public; Owner: postgres
--

CREATE INDEX payment_payment_doctor_area_id_730b10c0 ON public.payment_payment_doctor USING btree (area_id);


--
-- Name: payment_payment_doctor_doctor_id_aadc8112; Type: INDEX; Schema: public; Owner: postgres
--

CREATE INDEX payment_payment_doctor_doctor_id_aadc8112 ON public.payment_payment_doctor USING btree (doctor_id);


--
-- Name: payment_sale_drug_id_5350c116; Type: INDEX; Schema: public; Owner: postgres
--

CREATE INDEX payment_sale_drug_id_5350c116 ON public.payment_sale USING btree (drug_id);


--
-- Name: payment_sale_region_id_79f6f01a; Type: INDEX; Schema: public; Owner: postgres
--

CREATE INDEX payment_sale_region_id_79f6f01a ON public.payment_sale USING btree (region_id);


--
-- Name: regions_city_region_id_591f0555; Type: INDEX; Schema: public; Owner: postgres
--

CREATE INDEX regions_city_region_id_591f0555 ON public.regions_city USING btree (region_id);


--
-- Name: regions_hospital_city_id_0192f760; Type: INDEX; Schema: public; Owner: postgres
--

CREATE INDEX regions_hospital_city_id_0192f760 ON public.regions_hospital USING btree (city_id);


--
-- Name: regions_hospital_region_net_id_c5b825f6; Type: INDEX; Schema: public; Owner: postgres
--

CREATE INDEX regions_hospital_region_net_id_c5b825f6 ON public.regions_hospital USING btree (region_net_id);


--
-- Name: regions_region_region_name_9bdd389f_like; Type: INDEX; Schema: public; Owner: postgres
--

CREATE INDEX regions_region_region_name_9bdd389f_like ON public.regions_region USING btree (region_name varchar_pattern_ops);


--
-- Name: tracking_locationpoint_session_id_1d70d9eb; Type: INDEX; Schema: public; Owner: postgres
--

CREATE INDEX tracking_locationpoint_session_id_1d70d9eb ON public.tracking_locationpoint USING btree (session_id);


--
-- Name: tracking_stoppoint_session_id_724b9835; Type: INDEX; Schema: public; Owner: postgres
--

CREATE INDEX tracking_stoppoint_session_id_724b9835 ON public.tracking_stoppoint USING btree (session_id);


--
-- Name: tracking_trackingsession_user_id_fb4a1bf7; Type: INDEX; Schema: public; Owner: postgres
--

CREATE INDEX tracking_trackingsession_user_id_fb4a1bf7 ON public.tracking_trackingsession USING btree (user_id);


--
-- Name: user_istifadeciprofil_bolge_id_52fd8735; Type: INDEX; Schema: public; Owner: postgres
--

CREATE INDEX user_istifadeciprofil_bolge_id_52fd8735 ON public.user_istifadeciprofil USING btree (bolge_id);


--
-- Name: auth_group_permissions auth_group_permissio_permission_id_84c5c92e_fk_auth_perm; Type: FK CONSTRAINT; Schema: public; Owner: postgres
--

ALTER TABLE ONLY public.auth_group_permissions
    ADD CONSTRAINT auth_group_permissio_permission_id_84c5c92e_fk_auth_perm FOREIGN KEY (permission_id) REFERENCES public.auth_permission(id) DEFERRABLE INITIALLY DEFERRED;


--
-- Name: auth_group_permissions auth_group_permissions_group_id_b120cbf9_fk_auth_group_id; Type: FK CONSTRAINT; Schema: public; Owner: postgres
--

ALTER TABLE ONLY public.auth_group_permissions
    ADD CONSTRAINT auth_group_permissions_group_id_b120cbf9_fk_auth_group_id FOREIGN KEY (group_id) REFERENCES public.auth_group(id) DEFERRABLE INITIALLY DEFERRED;


--
-- Name: auth_permission auth_permission_content_type_id_2f476e4b_fk_django_co; Type: FK CONSTRAINT; Schema: public; Owner: postgres
--

ALTER TABLE ONLY public.auth_permission
    ADD CONSTRAINT auth_permission_content_type_id_2f476e4b_fk_django_co FOREIGN KEY (content_type_id) REFERENCES public.django_content_type(id) DEFERRABLE INITIALLY DEFERRED;


--
-- Name: auth_user_groups auth_user_groups_group_id_97559544_fk_auth_group_id; Type: FK CONSTRAINT; Schema: public; Owner: postgres
--

ALTER TABLE ONLY public.auth_user_groups
    ADD CONSTRAINT auth_user_groups_group_id_97559544_fk_auth_group_id FOREIGN KEY (group_id) REFERENCES public.auth_group(id) DEFERRABLE INITIALLY DEFERRED;


--
-- Name: auth_user_groups auth_user_groups_user_id_6a12ed8b_fk_auth_user_id; Type: FK CONSTRAINT; Schema: public; Owner: postgres
--

ALTER TABLE ONLY public.auth_user_groups
    ADD CONSTRAINT auth_user_groups_user_id_6a12ed8b_fk_auth_user_id FOREIGN KEY (user_id) REFERENCES public.auth_user(id) DEFERRABLE INITIALLY DEFERRED;


--
-- Name: auth_user_user_permissions auth_user_user_permi_permission_id_1fbb5f2c_fk_auth_perm; Type: FK CONSTRAINT; Schema: public; Owner: postgres
--

ALTER TABLE ONLY public.auth_user_user_permissions
    ADD CONSTRAINT auth_user_user_permi_permission_id_1fbb5f2c_fk_auth_perm FOREIGN KEY (permission_id) REFERENCES public.auth_permission(id) DEFERRABLE INITIALLY DEFERRED;


--
-- Name: auth_user_user_permissions auth_user_user_permissions_user_id_a95ead1b_fk_auth_user_id; Type: FK CONSTRAINT; Schema: public; Owner: postgres
--

ALTER TABLE ONLY public.auth_user_user_permissions
    ADD CONSTRAINT auth_user_user_permissions_user_id_a95ead1b_fk_auth_user_id FOREIGN KEY (user_id) REFERENCES public.auth_user(id) DEFERRABLE INITIALLY DEFERRED;


--
-- Name: authtoken_token authtoken_token_user_id_35299eff_fk_auth_user_id; Type: FK CONSTRAINT; Schema: public; Owner: postgres
--

ALTER TABLE ONLY public.authtoken_token
    ADD CONSTRAINT authtoken_token_user_id_35299eff_fk_auth_user_id FOREIGN KEY (user_id) REFERENCES public.auth_user(id) DEFERRABLE INITIALLY DEFERRED;


--
-- Name: core_deletedrecipedruglog core_deletedrecipedr_deleted_by_id_b8a1caf7_fk_auth_user; Type: FK CONSTRAINT; Schema: public; Owner: postgres
--

ALTER TABLE ONLY public.core_deletedrecipedruglog
    ADD CONSTRAINT core_deletedrecipedr_deleted_by_id_b8a1caf7_fk_auth_user FOREIGN KEY (deleted_by_id) REFERENCES public.auth_user(id) DEFERRABLE INITIALLY DEFERRED;


--
-- Name: django_admin_log django_admin_log_content_type_id_c4bce8eb_fk_django_co; Type: FK CONSTRAINT; Schema: public; Owner: postgres
--

ALTER TABLE ONLY public.django_admin_log
    ADD CONSTRAINT django_admin_log_content_type_id_c4bce8eb_fk_django_co FOREIGN KEY (content_type_id) REFERENCES public.django_content_type(id) DEFERRABLE INITIALLY DEFERRED;


--
-- Name: django_admin_log django_admin_log_user_id_c564eba6_fk_auth_user_id; Type: FK CONSTRAINT; Schema: public; Owner: postgres
--

ALTER TABLE ONLY public.django_admin_log
    ADD CONSTRAINT django_admin_log_user_id_c564eba6_fk_auth_user_id FOREIGN KEY (user_id) REFERENCES public.auth_user(id) DEFERRABLE INITIALLY DEFERRED;


--
-- Name: doctors_doctors doctors_doctors_bolge_id_056eacc2_fk_regions_region_id; Type: FK CONSTRAINT; Schema: public; Owner: postgres
--

ALTER TABLE ONLY public.doctors_doctors
    ADD CONSTRAINT doctors_doctors_bolge_id_056eacc2_fk_regions_region_id FOREIGN KEY (bolge_id) REFERENCES public.regions_region(id) DEFERRABLE INITIALLY DEFERRED;


--
-- Name: doctors_doctors doctors_doctors_city_id_ae09bd1e_fk_regions_city_id; Type: FK CONSTRAINT; Schema: public; Owner: postgres
--

ALTER TABLE ONLY public.doctors_doctors
    ADD CONSTRAINT doctors_doctors_city_id_ae09bd1e_fk_regions_city_id FOREIGN KEY (city_id) REFERENCES public.regions_city(id) DEFERRABLE INITIALLY DEFERRED;


--
-- Name: doctors_doctors doctors_doctors_klinika_id_efee8c6d_fk_regions_hospital_id; Type: FK CONSTRAINT; Schema: public; Owner: postgres
--

ALTER TABLE ONLY public.doctors_doctors
    ADD CONSTRAINT doctors_doctors_klinika_id_efee8c6d_fk_regions_hospital_id FOREIGN KEY (klinika_id) REFERENCES public.regions_hospital(id) DEFERRABLE INITIALLY DEFERRED;


--
-- Name: doctors_realsales doctors_realsales_dr_name_id_dbe846c3_fk_doctors_doctors_id; Type: FK CONSTRAINT; Schema: public; Owner: postgres
--

ALTER TABLE ONLY public.doctors_realsales
    ADD CONSTRAINT doctors_realsales_dr_name_id_dbe846c3_fk_doctors_doctors_id FOREIGN KEY (dr_name_id) REFERENCES public.doctors_doctors(id) DEFERRABLE INITIALLY DEFERRED;


--
-- Name: doctors_realsales doctors_realsales_region_n_id_603a649a_fk_regions_region_id; Type: FK CONSTRAINT; Schema: public; Owner: postgres
--

ALTER TABLE ONLY public.doctors_realsales
    ADD CONSTRAINT doctors_realsales_region_n_id_603a649a_fk_regions_region_id FOREIGN KEY (region_n_id) REFERENCES public.regions_region(id) DEFERRABLE INITIALLY DEFERRED;


--
-- Name: doctors_realsalesdrug doctors_realsalesdru_drug_name_id_46f87e00_fk_medicine_; Type: FK CONSTRAINT; Schema: public; Owner: postgres
--

ALTER TABLE ONLY public.doctors_realsalesdrug
    ADD CONSTRAINT doctors_realsalesdru_drug_name_id_46f87e00_fk_medicine_ FOREIGN KEY (drug_name_id) REFERENCES public.medicine_medical(id) DEFERRABLE INITIALLY DEFERRED;


--
-- Name: doctors_realsalesdrug doctors_realsalesdru_real_sale_id_35443f99_fk_doctors_r; Type: FK CONSTRAINT; Schema: public; Owner: postgres
--

ALTER TABLE ONLY public.doctors_realsalesdrug
    ADD CONSTRAINT doctors_realsalesdru_real_sale_id_35443f99_fk_doctors_r FOREIGN KEY (real_sale_id) REFERENCES public.doctors_realsales(id) DEFERRABLE INITIALLY DEFERRED;


--
-- Name: doctors_recipe doctors_recipe_dr_id_9a142213_fk_doctors_doctors_id; Type: FK CONSTRAINT; Schema: public; Owner: postgres
--

ALTER TABLE ONLY public.doctors_recipe
    ADD CONSTRAINT doctors_recipe_dr_id_9a142213_fk_doctors_doctors_id FOREIGN KEY (dr_id) REFERENCES public.doctors_doctors(id) DEFERRABLE INITIALLY DEFERRED;


--
-- Name: doctors_recipe doctors_recipe_region_id_fecea7ff_fk_regions_region_id; Type: FK CONSTRAINT; Schema: public; Owner: postgres
--

ALTER TABLE ONLY public.doctors_recipe
    ADD CONSTRAINT doctors_recipe_region_id_fecea7ff_fk_regions_region_id FOREIGN KEY (region_id) REFERENCES public.regions_region(id) DEFERRABLE INITIALLY DEFERRED;


--
-- Name: doctors_recipedrug doctors_recipedrug_drug_id_2befd933_fk_medicine_medical_id; Type: FK CONSTRAINT; Schema: public; Owner: postgres
--

ALTER TABLE ONLY public.doctors_recipedrug
    ADD CONSTRAINT doctors_recipedrug_drug_id_2befd933_fk_medicine_medical_id FOREIGN KEY (drug_id) REFERENCES public.medicine_medical(id) DEFERRABLE INITIALLY DEFERRED;


--
-- Name: doctors_recipedrug doctors_recipedrug_recipe_id_75aedc44_fk_doctors_recipe_id; Type: FK CONSTRAINT; Schema: public; Owner: postgres
--

ALTER TABLE ONLY public.doctors_recipedrug
    ADD CONSTRAINT doctors_recipedrug_recipe_id_75aedc44_fk_doctors_recipe_id FOREIGN KEY (recipe_id) REFERENCES public.doctors_recipe(id) DEFERRABLE INITIALLY DEFERRED;


--
-- Name: payment_financial_document payment_financial_do_check_dr_id_5ebfce47_fk_doctors_d; Type: FK CONSTRAINT; Schema: public; Owner: postgres
--

ALTER TABLE ONLY public.payment_financial_document
    ADD CONSTRAINT payment_financial_do_check_dr_id_5ebfce47_fk_doctors_d FOREIGN KEY (check_dr_id) REFERENCES public.doctors_doctors(id) DEFERRABLE INITIALLY DEFERRED;


--
-- Name: payment_financial_document payment_financial_do_check_region_id_cc49decb_fk_regions_r; Type: FK CONSTRAINT; Schema: public; Owner: postgres
--

ALTER TABLE ONLY public.payment_financial_document
    ADD CONSTRAINT payment_financial_do_check_region_id_cc49decb_fk_regions_r FOREIGN KEY (check_region_id) REFERENCES public.regions_region(id) DEFERRABLE INITIALLY DEFERRED;


--
-- Name: payment_monthlydoctorreport payment_monthlydocto_doctor_id_a1342ef6_fk_doctors_d; Type: FK CONSTRAINT; Schema: public; Owner: postgres
--

ALTER TABLE ONLY public.payment_monthlydoctorreport
    ADD CONSTRAINT payment_monthlydocto_doctor_id_a1342ef6_fk_doctors_d FOREIGN KEY (doctor_id) REFERENCES public.doctors_doctors(id) DEFERRABLE INITIALLY DEFERRED;


--
-- Name: payment_monthlydoctorreport payment_monthlydocto_region_id_1f61ffff_fk_regions_r; Type: FK CONSTRAINT; Schema: public; Owner: postgres
--

ALTER TABLE ONLY public.payment_monthlydoctorreport
    ADD CONSTRAINT payment_monthlydocto_region_id_1f61ffff_fk_regions_r FOREIGN KEY (region_id) REFERENCES public.regions_region(id) DEFERRABLE INITIALLY DEFERRED;


--
-- Name: payment_payment_doctor payment_payment_doctor_area_id_730b10c0_fk_regions_region_id; Type: FK CONSTRAINT; Schema: public; Owner: postgres
--

ALTER TABLE ONLY public.payment_payment_doctor
    ADD CONSTRAINT payment_payment_doctor_area_id_730b10c0_fk_regions_region_id FOREIGN KEY (area_id) REFERENCES public.regions_region(id) DEFERRABLE INITIALLY DEFERRED;


--
-- Name: payment_payment_doctor payment_payment_doctor_doctor_id_aadc8112_fk_doctors_doctors_id; Type: FK CONSTRAINT; Schema: public; Owner: postgres
--

ALTER TABLE ONLY public.payment_payment_doctor
    ADD CONSTRAINT payment_payment_doctor_doctor_id_aadc8112_fk_doctors_doctors_id FOREIGN KEY (doctor_id) REFERENCES public.doctors_doctors(id) DEFERRABLE INITIALLY DEFERRED;


--
-- Name: payment_sale payment_sale_drug_id_5350c116_fk_medicine_medical_id; Type: FK CONSTRAINT; Schema: public; Owner: postgres
--

ALTER TABLE ONLY public.payment_sale
    ADD CONSTRAINT payment_sale_drug_id_5350c116_fk_medicine_medical_id FOREIGN KEY (drug_id) REFERENCES public.medicine_medical(id) DEFERRABLE INITIALLY DEFERRED;


--
-- Name: payment_sale payment_sale_region_id_79f6f01a_fk_regions_region_id; Type: FK CONSTRAINT; Schema: public; Owner: postgres
--

ALTER TABLE ONLY public.payment_sale
    ADD CONSTRAINT payment_sale_region_id_79f6f01a_fk_regions_region_id FOREIGN KEY (region_id) REFERENCES public.regions_region(id) DEFERRABLE INITIALLY DEFERRED;


--
-- Name: regions_city regions_city_region_id_591f0555_fk_regions_region_id; Type: FK CONSTRAINT; Schema: public; Owner: postgres
--

ALTER TABLE ONLY public.regions_city
    ADD CONSTRAINT regions_city_region_id_591f0555_fk_regions_region_id FOREIGN KEY (region_id) REFERENCES public.regions_region(id) DEFERRABLE INITIALLY DEFERRED;


--
-- Name: regions_hospital regions_hospital_city_id_0192f760_fk_regions_city_id; Type: FK CONSTRAINT; Schema: public; Owner: postgres
--

ALTER TABLE ONLY public.regions_hospital
    ADD CONSTRAINT regions_hospital_city_id_0192f760_fk_regions_city_id FOREIGN KEY (city_id) REFERENCES public.regions_city(id) DEFERRABLE INITIALLY DEFERRED;


--
-- Name: regions_hospital regions_hospital_region_net_id_c5b825f6_fk_regions_region_id; Type: FK CONSTRAINT; Schema: public; Owner: postgres
--

ALTER TABLE ONLY public.regions_hospital
    ADD CONSTRAINT regions_hospital_region_net_id_c5b825f6_fk_regions_region_id FOREIGN KEY (region_net_id) REFERENCES public.regions_region(id) DEFERRABLE INITIALLY DEFERRED;


--
-- Name: tracking_locationpoint tracking_locationpoi_session_id_1d70d9eb_fk_tracking_; Type: FK CONSTRAINT; Schema: public; Owner: postgres
--

ALTER TABLE ONLY public.tracking_locationpoint
    ADD CONSTRAINT tracking_locationpoi_session_id_1d70d9eb_fk_tracking_ FOREIGN KEY (session_id) REFERENCES public.tracking_trackingsession(id) DEFERRABLE INITIALLY DEFERRED;


--
-- Name: tracking_stoppoint tracking_stoppoint_session_id_724b9835_fk_tracking_; Type: FK CONSTRAINT; Schema: public; Owner: postgres
--

ALTER TABLE ONLY public.tracking_stoppoint
    ADD CONSTRAINT tracking_stoppoint_session_id_724b9835_fk_tracking_ FOREIGN KEY (session_id) REFERENCES public.tracking_trackingsession(id) DEFERRABLE INITIALLY DEFERRED;


--
-- Name: tracking_trackingsession tracking_trackingsession_user_id_fb4a1bf7_fk_auth_user_id; Type: FK CONSTRAINT; Schema: public; Owner: postgres
--

ALTER TABLE ONLY public.tracking_trackingsession
    ADD CONSTRAINT tracking_trackingsession_user_id_fb4a1bf7_fk_auth_user_id FOREIGN KEY (user_id) REFERENCES public.auth_user(id) DEFERRABLE INITIALLY DEFERRED;


--
-- Name: user_istifadeciprofil user_istifadeciprofil_bolge_id_52fd8735_fk_regions_region_id; Type: FK CONSTRAINT; Schema: public; Owner: postgres
--

ALTER TABLE ONLY public.user_istifadeciprofil
    ADD CONSTRAINT user_istifadeciprofil_bolge_id_52fd8735_fk_regions_region_id FOREIGN KEY (bolge_id) REFERENCES public.regions_region(id) DEFERRABLE INITIALLY DEFERRED;


--
-- Name: user_istifadeciprofil user_istifadeciprofil_user_id_831240cc_fk_auth_user_id; Type: FK CONSTRAINT; Schema: public; Owner: postgres
--

ALTER TABLE ONLY public.user_istifadeciprofil
    ADD CONSTRAINT user_istifadeciprofil_user_id_831240cc_fk_auth_user_id FOREIGN KEY (user_id) REFERENCES public.auth_user(id) DEFERRABLE INITIALLY DEFERRED;


--
-- Name: SCHEMA public; Type: ACL; Schema: -; Owner: postgres
--

REVOKE USAGE ON SCHEMA public FROM PUBLIC;


--
-- PostgreSQL database dump complete
--

