--
-- PostgreSQL database dump
--

-- Dumped from database version 17.5
-- Dumped by pg_dump version 17.5

SET statement_timeout = 0;
SET lock_timeout = 0;
SET idle_in_transaction_session_timeout = 0;
SET transaction_timeout = 0;
SET client_encoding = 'UTF8';
SET standard_conforming_strings = on;
SELECT pg_catalog.set_config('search_path', '', false);
SET check_function_bodies = false;
SET xmloption = content;
SET client_min_messages = warning;
SET row_security = off;

SET default_tablespace = '';

SET default_table_access_method = heap;

--
-- Name: auth_group; Type: TABLE; Schema: public; Owner: postgres
--

CREATE TABLE public.auth_group (
    id integer NOT NULL,
    name character varying(150) NOT NULL
);


ALTER TABLE public.auth_group OWNER TO postgres;

--
-- Name: auth_group_id_seq; Type: SEQUENCE; Schema: public; Owner: postgres
--

ALTER TABLE public.auth_group ALTER COLUMN id ADD GENERATED BY DEFAULT AS IDENTITY (
    SEQUENCE NAME public.auth_group_id_seq
    START WITH 1
    INCREMENT BY 1
    NO MINVALUE
    NO MAXVALUE
    CACHE 1
);


--
-- Name: auth_group_permissions; Type: TABLE; Schema: public; Owner: postgres
--

CREATE TABLE public.auth_group_permissions (
    id bigint NOT NULL,
    group_id integer NOT NULL,
    permission_id integer NOT NULL
);


ALTER TABLE public.auth_group_permissions OWNER TO postgres;

--
-- Name: auth_group_permissions_id_seq; Type: SEQUENCE; Schema: public; Owner: postgres
--

ALTER TABLE public.auth_group_permissions ALTER COLUMN id ADD GENERATED BY DEFAULT AS IDENTITY (
    SEQUENCE NAME public.auth_group_permissions_id_seq
    START WITH 1
    INCREMENT BY 1
    NO MINVALUE
    NO MAXVALUE
    CACHE 1
);


--
-- Name: auth_permission; Type: TABLE; Schema: public; Owner: postgres
--

CREATE TABLE public.auth_permission (
    id integer NOT NULL,
    name character varying(255) NOT NULL,
    content_type_id integer NOT NULL,
    codename character varying(100) NOT NULL
);


ALTER TABLE public.auth_permission OWNER TO postgres;

--
-- Name: auth_permission_id_seq; Type: SEQUENCE; Schema: public; Owner: postgres
--

ALTER TABLE public.auth_permission ALTER COLUMN id ADD GENERATED BY DEFAULT AS IDENTITY (
    SEQUENCE NAME public.auth_permission_id_seq
    START WITH 1
    INCREMENT BY 1
    NO MINVALUE
    NO MAXVALUE
    CACHE 1
);


--
-- Name: auth_user; Type: TABLE; Schema: public; Owner: postgres
--

CREATE TABLE public.auth_user (
    id integer NOT NULL,
    password character varying(128) NOT NULL,
    last_login timestamp with time zone,
    is_superuser boolean NOT NULL,
    username character varying(150) NOT NULL,
    first_name character varying(150) NOT NULL,
    last_name character varying(150) NOT NULL,
    email character varying(254) NOT NULL,
    is_staff boolean NOT NULL,
    is_active boolean NOT NULL,
    date_joined timestamp with time zone NOT NULL
);


ALTER TABLE public.auth_user OWNER TO postgres;

--
-- Name: auth_user_groups; Type: TABLE; Schema: public; Owner: postgres
--

CREATE TABLE public.auth_user_groups (
    id bigint NOT NULL,
    user_id integer NOT NULL,
    group_id integer NOT NULL
);


ALTER TABLE public.auth_user_groups OWNER TO postgres;

--
-- Name: auth_user_groups_id_seq; Type: SEQUENCE; Schema: public; Owner: postgres
--

ALTER TABLE public.auth_user_groups ALTER COLUMN id ADD GENERATED BY DEFAULT AS IDENTITY (
    SEQUENCE NAME public.auth_user_groups_id_seq
    START WITH 1
    INCREMENT BY 1
    NO MINVALUE
    NO MAXVALUE
    CACHE 1
);


--
-- Name: auth_user_id_seq; Type: SEQUENCE; Schema: public; Owner: postgres
--

ALTER TABLE public.auth_user ALTER COLUMN id ADD GENERATED BY DEFAULT AS IDENTITY (
    SEQUENCE NAME public.auth_user_id_seq
    START WITH 1
    INCREMENT BY 1
    NO MINVALUE
    NO MAXVALUE
    CACHE 1
);


--
-- Name: auth_user_user_permissions; Type: TABLE; Schema: public; Owner: postgres
--

CREATE TABLE public.auth_user_user_permissions (
    id bigint NOT NULL,
    user_id integer NOT NULL,
    permission_id integer NOT NULL
);


ALTER TABLE public.auth_user_user_permissions OWNER TO postgres;

--
-- Name: auth_user_user_permissions_id_seq; Type: SEQUENCE; Schema: public; Owner: postgres
--

ALTER TABLE public.auth_user_user_permissions ALTER COLUMN id ADD GENERATED BY DEFAULT AS IDENTITY (
    SEQUENCE NAME public.auth_user_user_permissions_id_seq
    START WITH 1
    INCREMENT BY 1
    NO MINVALUE
    NO MAXVALUE
    CACHE 1
);


--
-- Name: core_deletedrecipedruglog; Type: TABLE; Schema: public; Owner: postgres
--

CREATE TABLE public.core_deletedrecipedruglog (
    id bigint NOT NULL,
    drug_name character varying(255) NOT NULL,
    recipe_id integer NOT NULL,
    deleted_at timestamp with time zone NOT NULL,
    deleted_by_id integer
);


ALTER TABLE public.core_deletedrecipedruglog OWNER TO postgres;

--
-- Name: core_deletedrecipedruglog_id_seq; Type: SEQUENCE; Schema: public; Owner: postgres
--

ALTER TABLE public.core_deletedrecipedruglog ALTER COLUMN id ADD GENERATED BY DEFAULT AS IDENTITY (
    SEQUENCE NAME public.core_deletedrecipedruglog_id_seq
    START WITH 1
    INCREMENT BY 1
    NO MINVALUE
    NO MAXVALUE
    CACHE 1
);


--
-- Name: django_admin_log; Type: TABLE; Schema: public; Owner: postgres
--

CREATE TABLE public.django_admin_log (
    id integer NOT NULL,
    action_time timestamp with time zone NOT NULL,
    object_id text,
    object_repr character varying(200) NOT NULL,
    action_flag smallint NOT NULL,
    change_message text NOT NULL,
    content_type_id integer,
    user_id integer NOT NULL,
    CONSTRAINT django_admin_log_action_flag_check CHECK ((action_flag >= 0))
);


ALTER TABLE public.django_admin_log OWNER TO postgres;

--
-- Name: django_admin_log_id_seq; Type: SEQUENCE; Schema: public; Owner: postgres
--

ALTER TABLE public.django_admin_log ALTER COLUMN id ADD GENERATED BY DEFAULT AS IDENTITY (
    SEQUENCE NAME public.django_admin_log_id_seq
    START WITH 1
    INCREMENT BY 1
    NO MINVALUE
    NO MAXVALUE
    CACHE 1
);


--
-- Name: django_content_type; Type: TABLE; Schema: public; Owner: postgres
--

CREATE TABLE public.django_content_type (
    id integer NOT NULL,
    app_label character varying(100) NOT NULL,
    model character varying(100) NOT NULL
);


ALTER TABLE public.django_content_type OWNER TO postgres;

--
-- Name: django_content_type_id_seq; Type: SEQUENCE; Schema: public; Owner: postgres
--

ALTER TABLE public.django_content_type ALTER COLUMN id ADD GENERATED BY DEFAULT AS IDENTITY (
    SEQUENCE NAME public.django_content_type_id_seq
    START WITH 1
    INCREMENT BY 1
    NO MINVALUE
    NO MAXVALUE
    CACHE 1
);


--
-- Name: django_migrations; Type: TABLE; Schema: public; Owner: postgres
--

CREATE TABLE public.django_migrations (
    id bigint NOT NULL,
    app character varying(255) NOT NULL,
    name character varying(255) NOT NULL,
    applied timestamp with time zone NOT NULL
);


ALTER TABLE public.django_migrations OWNER TO postgres;

--
-- Name: django_migrations_id_seq; Type: SEQUENCE; Schema: public; Owner: postgres
--

ALTER TABLE public.django_migrations ALTER COLUMN id ADD GENERATED BY DEFAULT AS IDENTITY (
    SEQUENCE NAME public.django_migrations_id_seq
    START WITH 1
    INCREMENT BY 1
    NO MINVALUE
    NO MAXVALUE
    CACHE 1
);


--
-- Name: django_session; Type: TABLE; Schema: public; Owner: postgres
--

CREATE TABLE public.django_session (
    session_key character varying(40) NOT NULL,
    session_data text NOT NULL,
    expire_date timestamp with time zone NOT NULL
);


ALTER TABLE public.django_session OWNER TO postgres;

--
-- Name: doctors_doctors; Type: TABLE; Schema: public; Owner: postgres
--

CREATE TABLE public.doctors_doctors (
    id bigint NOT NULL,
    ad character varying(100) NOT NULL,
    ixtisas character varying(100) NOT NULL,
    kategoriya character varying(10) NOT NULL,
    barkod character varying(8) NOT NULL,
    avans numeric(10,2) NOT NULL,
    bolge_id bigint NOT NULL,
    klinika_id bigint NOT NULL,
    borc numeric(10,2) NOT NULL,
    investisiya numeric(10,2) NOT NULL,
    geriqaytarma numeric(10,2) NOT NULL,
    previous_debt numeric(10,2) NOT NULL,
    hekimden_silinen numeric(10,2) NOT NULL,
    hesablanan_miqdar numeric(10,2) NOT NULL,
    yekun_borc numeric(10,2) NOT NULL,
    derece character varying(10) NOT NULL,
    number character varying(250),
    datasiya numeric(10,2) NOT NULL,
    cinsiyyet character varying(10) NOT NULL,
    city_id bigint
);


ALTER TABLE public.doctors_doctors OWNER TO postgres;

--
-- Name: doctors_doctors_id_seq; Type: SEQUENCE; Schema: public; Owner: postgres
--

ALTER TABLE public.doctors_doctors ALTER COLUMN id ADD GENERATED BY DEFAULT AS IDENTITY (
    SEQUENCE NAME public.doctors_doctors_id_seq
    START WITH 1
    INCREMENT BY 1
    NO MINVALUE
    NO MAXVALUE
    CACHE 1
);


--
-- Name: doctors_realsales; Type: TABLE; Schema: public; Owner: postgres
--

CREATE TABLE public.doctors_realsales (
    id bigint NOT NULL,
    date_sale date NOT NULL,
    dr_name_id bigint NOT NULL,
    region_n_id bigint NOT NULL
);


ALTER TABLE public.doctors_realsales OWNER TO postgres;

--
-- Name: doctors_realsales_id_seq; Type: SEQUENCE; Schema: public; Owner: postgres
--

ALTER TABLE public.doctors_realsales ALTER COLUMN id ADD GENERATED BY DEFAULT AS IDENTITY (
    SEQUENCE NAME public.doctors_realsales_id_seq
    START WITH 1
    INCREMENT BY 1
    NO MINVALUE
    NO MAXVALUE
    CACHE 1
);


--
-- Name: doctors_realsalesdrug; Type: TABLE; Schema: public; Owner: postgres
--

CREATE TABLE public.doctors_realsalesdrug (
    id bigint NOT NULL,
    numbers integer NOT NULL,
    drug_name_id bigint NOT NULL,
    real_sale_id bigint NOT NULL,
    CONSTRAINT doctors_realsalesdrug_numbers_check CHECK ((numbers >= 0))
);


ALTER TABLE public.doctors_realsalesdrug OWNER TO postgres;

--
-- Name: doctors_realsalesdrug_id_seq; Type: SEQUENCE; Schema: public; Owner: postgres
--

ALTER TABLE public.doctors_realsalesdrug ALTER COLUMN id ADD GENERATED BY DEFAULT AS IDENTITY (
    SEQUENCE NAME public.doctors_realsalesdrug_id_seq
    START WITH 1
    INCREMENT BY 1
    NO MINVALUE
    NO MAXVALUE
    CACHE 1
);


--
-- Name: doctors_recipe; Type: TABLE; Schema: public; Owner: postgres
--

CREATE TABLE public.doctors_recipe (
    id bigint NOT NULL,
    date date NOT NULL,
    dr_id bigint NOT NULL,
    region_id bigint NOT NULL
);


ALTER TABLE public.doctors_recipe OWNER TO postgres;

--
-- Name: doctors_recipe_id_seq; Type: SEQUENCE; Schema: public; Owner: postgres
--

ALTER TABLE public.doctors_recipe ALTER COLUMN id ADD GENERATED BY DEFAULT AS IDENTITY (
    SEQUENCE NAME public.doctors_recipe_id_seq
    START WITH 1
    INCREMENT BY 1
    NO MINVALUE
    NO MAXVALUE
    CACHE 1
);


--
-- Name: doctors_recipedrug; Type: TABLE; Schema: public; Owner: postgres
--

CREATE TABLE public.doctors_recipedrug (
    id bigint NOT NULL,
    number numeric(5,2) NOT NULL,
    drug_id bigint NOT NULL,
    recipe_id bigint NOT NULL
);


ALTER TABLE public.doctors_recipedrug OWNER TO postgres;

--
-- Name: doctors_recipedrug_id_seq; Type: SEQUENCE; Schema: public; Owner: postgres
--

ALTER TABLE public.doctors_recipedrug ALTER COLUMN id ADD GENERATED BY DEFAULT AS IDENTITY (
    SEQUENCE NAME public.doctors_recipedrug_id_seq
    START WITH 1
    INCREMENT BY 1
    NO MINVALUE
    NO MAXVALUE
    CACHE 1
);


--
-- Name: export_backup; Type: TABLE; Schema: public; Owner: postgres
--

CREATE TABLE public.export_backup (
    id bigint NOT NULL,
    ad character varying(100) NOT NULL,
    fayl character varying(100) NOT NULL,
    olusturulma_tarixi timestamp with time zone NOT NULL,
    olcu character varying(20) NOT NULL
);


ALTER TABLE public.export_backup OWNER TO postgres;

--
-- Name: export_backup_id_seq; Type: SEQUENCE; Schema: public; Owner: postgres
--

ALTER TABLE public.export_backup ALTER COLUMN id ADD GENERATED BY DEFAULT AS IDENTITY (
    SEQUENCE NAME public.export_backup_id_seq
    START WITH 1
    INCREMENT BY 1
    NO MINVALUE
    NO MAXVALUE
    CACHE 1
);


--
-- Name: medicine_medical; Type: TABLE; Schema: public; Owner: postgres
--

CREATE TABLE public.medicine_medical (
    id bigint NOT NULL,
    med_name character varying(250) NOT NULL,
    med_price numeric(10,2) NOT NULL,
    komissiya numeric(10,2) NOT NULL,
    status boolean NOT NULL,
    med_full_name character varying(250)
);


ALTER TABLE public.medicine_medical OWNER TO postgres;

--
-- Name: medicine_medical_id_seq; Type: SEQUENCE; Schema: public; Owner: postgres
--

ALTER TABLE public.medicine_medical ALTER COLUMN id ADD GENERATED BY DEFAULT AS IDENTITY (
    SEQUENCE NAME public.medicine_medical_id_seq
    START WITH 1
    INCREMENT BY 1
    NO MINVALUE
    NO MAXVALUE
    CACHE 1
);


--
-- Name: order_invoice; Type: TABLE; Schema: public; Owner: postgres
--

CREATE TABLE public.order_invoice (
    id bigint NOT NULL,
    total numeric(10,2),
    created_at timestamp with time zone NOT NULL,
    pharma_id bigint NOT NULL
);


ALTER TABLE public.order_invoice OWNER TO postgres;

--
-- Name: order_invoice_id_seq; Type: SEQUENCE; Schema: public; Owner: postgres
--

ALTER TABLE public.order_invoice ALTER COLUMN id ADD GENERATED BY DEFAULT AS IDENTITY (
    SEQUENCE NAME public.order_invoice_id_seq
    START WITH 1
    INCREMENT BY 1
    NO MINVALUE
    NO MAXVALUE
    CACHE 1
);


--
-- Name: order_invoice_orders; Type: TABLE; Schema: public; Owner: postgres
--

CREATE TABLE public.order_invoice_orders (
    id bigint NOT NULL,
    invoice_id bigint NOT NULL,
    order_id bigint NOT NULL
);


ALTER TABLE public.order_invoice_orders OWNER TO postgres;

--
-- Name: order_invoice_orders_id_seq; Type: SEQUENCE; Schema: public; Owner: postgres
--

ALTER TABLE public.order_invoice_orders ALTER COLUMN id ADD GENERATED BY DEFAULT AS IDENTITY (
    SEQUENCE NAME public.order_invoice_orders_id_seq
    START WITH 1
    INCREMENT BY 1
    NO MINVALUE
    NO MAXVALUE
    CACHE 1
);


--
-- Name: order_order; Type: TABLE; Schema: public; Owner: postgres
--

CREATE TABLE public.order_order (
    id bigint NOT NULL,
    quantity integer NOT NULL,
    total_price numeric(10,2),
    date date NOT NULL,
    created_at timestamp with time zone NOT NULL,
    aptek_id bigint NOT NULL,
    drug_id bigint NOT NULL
);


ALTER TABLE public.order_order OWNER TO postgres;

--
-- Name: order_order_id_seq; Type: SEQUENCE; Schema: public; Owner: postgres
--

ALTER TABLE public.order_order ALTER COLUMN id ADD GENERATED BY DEFAULT AS IDENTITY (
    SEQUENCE NAME public.order_order_id_seq
    START WITH 1
    INCREMENT BY 1
    NO MINVALUE
    NO MAXVALUE
    CACHE 1
);


--
-- Name: order_stock; Type: TABLE; Schema: public; Owner: postgres
--

CREATE TABLE public.order_stock (
    id bigint NOT NULL,
    stock_num integer NOT NULL,
    drug_id bigint NOT NULL
);


ALTER TABLE public.order_stock OWNER TO postgres;

--
-- Name: order_stock_id_seq; Type: SEQUENCE; Schema: public; Owner: postgres
--

ALTER TABLE public.order_stock ALTER COLUMN id ADD GENERATED BY DEFAULT AS IDENTITY (
    SEQUENCE NAME public.order_stock_id_seq
    START WITH 1
    INCREMENT BY 1
    NO MINVALUE
    NO MAXVALUE
    CACHE 1
);


--
-- Name: payment_monthlydoctorreport; Type: TABLE; Schema: public; Owner: postgres
--

CREATE TABLE public.payment_monthlydoctorreport (
    id bigint NOT NULL,
    report_month date NOT NULL,
    borc double precision NOT NULL,
    avans double precision NOT NULL,
    investisiya double precision NOT NULL,
    hesablanan_miqdar double precision NOT NULL,
    hekimden_silinen double precision NOT NULL,
    yekun_borc double precision NOT NULL,
    doctor_id bigint NOT NULL,
    recipe_drugs_list text NOT NULL,
    recipe_total_drugs integer NOT NULL
);


ALTER TABLE public.payment_monthlydoctorreport OWNER TO postgres;

--
-- Name: payment_monthlydoctorreport_id_seq; Type: SEQUENCE; Schema: public; Owner: postgres
--

ALTER TABLE public.payment_monthlydoctorreport ALTER COLUMN id ADD GENERATED BY DEFAULT AS IDENTITY (
    SEQUENCE NAME public.payment_monthlydoctorreport_id_seq
    START WITH 1
    INCREMENT BY 1
    NO MINVALUE
    NO MAXVALUE
    CACHE 1
);


--
-- Name: payment_payment; Type: TABLE; Schema: public; Owner: postgres
--

CREATE TABLE public.payment_payment (
    created_at timestamp with time zone NOT NULL,
    id bigint NOT NULL,
    paid numeric(10,2),
    pharm_id bigint NOT NULL,
    order_id bigint
);


ALTER TABLE public.payment_payment OWNER TO postgres;

--
-- Name: payment_payment_doctor; Type: TABLE; Schema: public; Owner: postgres
--

CREATE TABLE public.payment_payment_doctor (
    id bigint NOT NULL,
    payment_type character varying(200) NOT NULL,
    pay numeric(10,2) NOT NULL,
    date date NOT NULL,
    doctor_id bigint NOT NULL,
    area_id bigint NOT NULL
);


ALTER TABLE public.payment_payment_doctor OWNER TO postgres;

--
-- Name: payment_payment_doctor_id_seq; Type: SEQUENCE; Schema: public; Owner: postgres
--

ALTER TABLE public.payment_payment_doctor ALTER COLUMN id ADD GENERATED BY DEFAULT AS IDENTITY (
    SEQUENCE NAME public.payment_payment_doctor_id_seq
    START WITH 1
    INCREMENT BY 1
    NO MINVALUE
    NO MAXVALUE
    CACHE 1
);


--
-- Name: payment_payment_id_seq; Type: SEQUENCE; Schema: public; Owner: postgres
--

ALTER TABLE public.payment_payment ALTER COLUMN id ADD GENERATED BY DEFAULT AS IDENTITY (
    SEQUENCE NAME public.payment_payment_id_seq
    START WITH 1
    INCREMENT BY 1
    NO MINVALUE
    NO MAXVALUE
    CACHE 1
);


--
-- Name: payment_sale; Type: TABLE; Schema: public; Owner: postgres
--

CREATE TABLE public.payment_sale (
    id bigint NOT NULL,
    quantity integer NOT NULL,
    sale_date date NOT NULL,
    drug_id bigint NOT NULL,
    region_id bigint NOT NULL,
    CONSTRAINT payment_sale_quantity_check CHECK ((quantity >= 0))
);


ALTER TABLE public.payment_sale OWNER TO postgres;

--
-- Name: payment_sale_id_seq; Type: SEQUENCE; Schema: public; Owner: postgres
--

ALTER TABLE public.payment_sale ALTER COLUMN id ADD GENERATED BY DEFAULT AS IDENTITY (
    SEQUENCE NAME public.payment_sale_id_seq
    START WITH 1
    INCREMENT BY 1
    NO MINVALUE
    NO MAXVALUE
    CACHE 1
);


--
-- Name: pharmach_pharm; Type: TABLE; Schema: public; Owner: postgres
--

CREATE TABLE public.pharmach_pharm (
    id bigint NOT NULL,
    name character varying(250) NOT NULL,
    location character varying(250) NOT NULL,
    phone character varying(250),
    note text,
    barkod character varying(250),
    debt numeric(10,2)
);


ALTER TABLE public.pharmach_pharm OWNER TO postgres;

--
-- Name: pharmach_pharm_id_seq; Type: SEQUENCE; Schema: public; Owner: postgres
--

ALTER TABLE public.pharmach_pharm ALTER COLUMN id ADD GENERATED BY DEFAULT AS IDENTITY (
    SEQUENCE NAME public.pharmach_pharm_id_seq
    START WITH 1
    INCREMENT BY 1
    NO MINVALUE
    NO MAXVALUE
    CACHE 1
);


--
-- Name: regions_city; Type: TABLE; Schema: public; Owner: postgres
--

CREATE TABLE public.regions_city (
    id bigint NOT NULL,
    city_name character varying(100) NOT NULL,
    region_id bigint NOT NULL
);


ALTER TABLE public.regions_city OWNER TO postgres;

--
-- Name: regions_city_id_seq; Type: SEQUENCE; Schema: public; Owner: postgres
--

ALTER TABLE public.regions_city ALTER COLUMN id ADD GENERATED BY DEFAULT AS IDENTITY (
    SEQUENCE NAME public.regions_city_id_seq
    START WITH 1
    INCREMENT BY 1
    NO MINVALUE
    NO MAXVALUE
    CACHE 1
);


--
-- Name: regions_hospital; Type: TABLE; Schema: public; Owner: postgres
--

CREATE TABLE public.regions_hospital (
    id bigint NOT NULL,
    hospital_name character varying(100) NOT NULL,
    region_net_id bigint NOT NULL,
    city_id bigint
);


ALTER TABLE public.regions_hospital OWNER TO postgres;

--
-- Name: regions_hospital_id_seq; Type: SEQUENCE; Schema: public; Owner: postgres
--

ALTER TABLE public.regions_hospital ALTER COLUMN id ADD GENERATED BY DEFAULT AS IDENTITY (
    SEQUENCE NAME public.regions_hospital_id_seq
    START WITH 1
    INCREMENT BY 1
    NO MINVALUE
    NO MAXVALUE
    CACHE 1
);


--
-- Name: regions_region; Type: TABLE; Schema: public; Owner: postgres
--

CREATE TABLE public.regions_region (
    id bigint NOT NULL,
    region_name character varying(100) NOT NULL,
    region_type character varying(50)
);


ALTER TABLE public.regions_region OWNER TO postgres;

--
-- Name: regions_region_id_seq; Type: SEQUENCE; Schema: public; Owner: postgres
--

ALTER TABLE public.regions_region ALTER COLUMN id ADD GENERATED BY DEFAULT AS IDENTITY (
    SEQUENCE NAME public.regions_region_id_seq
    START WITH 1
    INCREMENT BY 1
    NO MINVALUE
    NO MAXVALUE
    CACHE 1
);


--
-- Data for Name: auth_group; Type: TABLE DATA; Schema: public; Owner: postgres
--

COPY public.auth_group (id, name) FROM stdin;
\.


--
-- Data for Name: auth_group_permissions; Type: TABLE DATA; Schema: public; Owner: postgres
--

COPY public.auth_group_permissions (id, group_id, permission_id) FROM stdin;
\.


--
-- Data for Name: auth_permission; Type: TABLE DATA; Schema: public; Owner: postgres
--

COPY public.auth_permission (id, name, content_type_id, codename) FROM stdin;
1	Can add log entry	1	add_logentry
2	Can change log entry	1	change_logentry
3	Can delete log entry	1	delete_logentry
4	Can view log entry	1	view_logentry
5	Can add permission	2	add_permission
6	Can change permission	2	change_permission
7	Can delete permission	2	delete_permission
8	Can view permission	2	view_permission
9	Can add group	3	add_group
10	Can change group	3	change_group
11	Can delete group	3	delete_group
12	Can view group	3	view_group
13	Can add user	4	add_user
14	Can change user	4	change_user
15	Can delete user	4	delete_user
16	Can view user	4	view_user
17	Can add content type	5	add_contenttype
18	Can change content type	5	change_contenttype
19	Can delete content type	5	delete_contenttype
20	Can view content type	5	view_contenttype
21	Can add session	6	add_session
22	Can change session	6	change_session
23	Can delete session	6	delete_session
24	Can view session	6	view_session
25	Can add Sifariş	7	add_order
26	Can change Sifariş	7	change_order
27	Can delete Sifariş	7	delete_order
28	Can view Sifariş	7	view_order
29	Can add Qaimə	8	add_invoice
30	Can change Qaimə	8	change_invoice
31	Can delete Qaimə	8	delete_invoice
32	Can view Qaimə	8	view_invoice
33	Can add Anbar	9	add_stock
34	Can change Anbar	9	change_stock
35	Can delete Anbar	9	delete_stock
36	Can view Anbar	9	view_stock
37	Can add Dərman	10	add_medical
38	Can change Dərman	10	change_medical
39	Can delete Dərman	10	delete_medical
40	Can view Dərman	10	view_medical
41	Can add Aptek	11	add_pharm
42	Can change Aptek	11	change_pharm
43	Can delete Aptek	11	delete_pharm
44	Can view Aptek	11	view_pharm
45	Can add Geriqaytarma	12	add_refund
46	Can change Geriqaytarma	12	change_refund
47	Can delete Geriqaytarma	12	delete_refund
48	Can view Geriqaytarma	12	view_refund
49	Can add Geriqaytarma Dərman	13	add_refunditem
50	Can change Geriqaytarma Dərman	13	change_refunditem
51	Can delete Geriqaytarma Dərman	13	delete_refunditem
52	Can view Geriqaytarma Dərman	13	view_refunditem
53	Can add Aptek Ödəniş	14	add_payment
54	Can change Aptek Ödəniş	14	change_payment
55	Can delete Aptek Ödəniş	14	delete_payment
56	Can view Aptek Ödəniş	14	view_payment
57	Can add Həkimə Ödəniş	15	add_payment_doctor
58	Can change Həkimə Ödəniş	15	change_payment_doctor
59	Can delete Həkimə Ödəniş	15	delete_payment_doctor
60	Can view Həkimə Ödəniş	15	view_payment_doctor
61	Can add Bölgə Satış	16	add_sale
62	Can change Bölgə Satış	16	change_sale
63	Can delete Bölgə Satış	16	delete_sale
64	Can view Bölgə Satış	16	view_sale
65	Can add monthly doctor report	17	add_monthlydoctorreport
66	Can change monthly doctor report	17	change_monthlydoctorreport
67	Can delete monthly doctor report	17	delete_monthlydoctorreport
68	Can view monthly doctor report	17	view_monthlydoctorreport
69	Can add Bölgə	18	add_region
70	Can change Bölgə	18	change_region
71	Can delete Bölgə	18	delete_region
72	Can view Bölgə	18	view_region
73	Can add Şəhər	19	add_city
74	Can change Şəhər	19	change_city
75	Can delete Şəhər	19	delete_city
76	Can view Şəhər	19	view_city
77	Can add Xəstəxana/Klinika	20	add_hospital
78	Can change Xəstəxana/Klinika	20	change_hospital
79	Can delete Xəstəxana/Klinika	20	delete_hospital
80	Can view Xəstəxana/Klinika	20	view_hospital
81	Can add Həkim	21	add_doctors
82	Can change Həkim	21	change_doctors
83	Can delete Həkim	21	delete_doctors
84	Can view Həkim	21	view_doctors
85	Can add Resept	22	add_recipe
86	Can change Resept	22	change_recipe
87	Can delete Resept	22	delete_recipe
88	Can view Resept	22	view_recipe
89	Can add Resept Dərmanı	23	add_recipedrug
90	Can change Resept Dərmanı	23	change_recipedrug
91	Can delete Resept Dərmanı	23	delete_recipedrug
92	Can view Resept Dərmanı	23	view_recipedrug
93	Can add Real Satış	24	add_realsales
94	Can change Real Satış	24	change_realsales
95	Can delete Real Satış	24	delete_realsales
96	Can view Real Satış	24	view_realsales
97	Can add Real Satış Dərmanı	25	add_realsalesdrug
98	Can change Real Satış Dərmanı	25	change_realsalesdrug
99	Can delete Real Satış Dərmanı	25	delete_realsalesdrug
100	Can view Real Satış Dərmanı	25	view_realsalesdrug
101	Can add deleted recipe drug log	26	add_deletedrecipedruglog
102	Can change deleted recipe drug log	26	change_deletedrecipedruglog
103	Can delete deleted recipe drug log	26	delete_deletedrecipedruglog
104	Can view deleted recipe drug log	26	view_deletedrecipedruglog
105	Can add deleted recipe drug log	27	add_deletedrecipedruglog
106	Can change deleted recipe drug log	27	change_deletedrecipedruglog
107	Can delete deleted recipe drug log	27	delete_deletedrecipedruglog
108	Can view deleted recipe drug log	27	view_deletedrecipedruglog
109	Can add backup	28	add_backup
110	Can change backup	28	change_backup
111	Can delete backup	28	delete_backup
112	Can view backup	28	view_backup
\.


--
-- Data for Name: auth_user; Type: TABLE DATA; Schema: public; Owner: postgres
--

COPY public.auth_user (id, password, last_login, is_superuser, username, first_name, last_name, email, is_staff, is_active, date_joined) FROM stdin;
1	pbkdf2_sha256$1000000$Sp93WQsRG886hZ4sywYWNn$SkJGM+prn6tvUjHyJ8mw59w2iTpa9g3UMEWyqdf7GO8=	2025-08-25 15:26:23.932537+04	t	kamandar24				t	t	2025-08-01 10:39:28.300942+04
\.


--
-- Data for Name: auth_user_groups; Type: TABLE DATA; Schema: public; Owner: postgres
--

COPY public.auth_user_groups (id, user_id, group_id) FROM stdin;
\.


--
-- Data for Name: auth_user_user_permissions; Type: TABLE DATA; Schema: public; Owner: postgres
--

COPY public.auth_user_user_permissions (id, user_id, permission_id) FROM stdin;
\.


--
-- Data for Name: core_deletedrecipedruglog; Type: TABLE DATA; Schema: public; Owner: postgres
--

COPY public.core_deletedrecipedruglog (id, drug_name, recipe_id, deleted_at, deleted_by_id) FROM stdin;
1	Fensavin	1963	2025-08-08 10:06:09.15773+04	1
2	Zemovar	1819	2025-08-25 14:01:43.451964+04	1
\.


--
-- Data for Name: django_admin_log; Type: TABLE DATA; Schema: public; Owner: postgres
--

COPY public.django_admin_log (id, action_time, object_id, object_repr, action_flag, change_message, content_type_id, user_id) FROM stdin;
1	2025-08-01 12:14:07.627665+04	2	BETASOL	3		21	1
2	2025-08-01 12:14:07.627665+04	15	SOLSEDA	3		21	1
3	2025-08-01 12:14:07.627665+04	16	SOLTROP	3		21	1
4	2025-08-01 12:14:07.627665+04	17	OPSİDOL	3		21	1
5	2025-08-01 12:14:07.627665+04	18	ZEMOVAR	3		21	1
6	2025-08-01 12:14:07.627665+04	19	LEVOSTRONG	3		21	1
7	2025-08-01 12:14:07.627665+04	21	VİTOMER KİDS	3		21	1
8	2025-08-01 12:14:07.627665+04	22	ROPSOL	3		21	1
9	2025-08-01 12:14:07.627665+04	24	PROVİTAL	3		21	1
10	2025-08-01 12:14:07.627665+04	26	PROSTAZOLİN	3		21	1
11	2025-08-01 12:14:07.627665+04	4	GENOSFER	3		21	1
12	2025-08-01 12:14:07.627665+04	6	SERRASOL	3		21	1
13	2025-08-01 12:14:07.627665+04	7	KALVEY	3		21	1
14	2025-08-01 12:14:07.627665+04	8	VİTOMER D3	3		21	1
15	2025-08-01 12:14:07.627665+04	10	SOLTEP	3		21	1
16	2025-08-01 12:14:07.627665+04	11	FENSAVİN	3		21	1
17	2025-08-01 12:14:07.627665+04	13	LİTASOL	3		21	1
18	2025-08-01 12:14:07.627665+04	14	KARTOVEY	3		21	1
19	2025-08-01 12:14:07.627665+04	12	150 ml sirop	3		21	1
20	2025-08-01 12:14:07.627665+04	25	3 ml N5 (5+1)	3		21	1
21	2025-08-01 12:14:07.627665+04	23	30 ml sprey	3		21	1
22	2025-08-01 12:14:07.627665+04	20	500mg/100 ml infuziya	3		21	1
23	2025-08-01 12:14:07.627665+04	9	Damcı 15ml	3		21	1
24	2025-08-01 12:14:07.627665+04	3	N30 kapsul	3		21	1
25	2025-08-01 12:14:07.627665+04	5	N30 tablet	3		21	1
26	2025-08-01 12:14:07.627665+04	1	nan	3		21	1
27	2025-08-01 12:23:32.750457+04	38	None	3		10	1
28	2025-08-01 12:23:32.751457+04	37	None	3		10	1
29	2025-08-01 12:23:32.751457+04	36	None	3		10	1
30	2025-08-01 12:23:32.751457+04	35	None	3		10	1
31	2025-08-01 12:23:32.751457+04	34	None	3		10	1
32	2025-08-01 12:23:32.751457+04	33	None	3		10	1
33	2025-08-01 12:23:32.751457+04	32	None	3		10	1
34	2025-08-01 12:23:32.751457+04	31	None	3		10	1
35	2025-08-01 12:23:32.751457+04	30	None	3		10	1
36	2025-08-01 12:23:32.751457+04	29	None	3		10	1
37	2025-08-01 12:23:32.751457+04	28	None	3		10	1
38	2025-08-01 12:23:32.751457+04	27	None	3		10	1
39	2025-08-01 12:23:32.751457+04	26	None	3		10	1
40	2025-08-01 12:23:32.751457+04	25	None	3		10	1
41	2025-08-01 12:23:32.751457+04	24	None	3		10	1
42	2025-08-01 12:23:32.751457+04	23	None	3		10	1
43	2025-08-01 12:23:32.751457+04	22	None	3		10	1
44	2025-08-01 12:23:32.751457+04	21	None	3		10	1
45	2025-08-01 12:23:32.751457+04	20	None	3		10	1
46	2025-08-01 12:23:32.751457+04	19	None	3		10	1
47	2025-08-01 12:23:32.751457+04	18	None	3		10	1
48	2025-08-01 12:23:32.751457+04	17	None	3		10	1
49	2025-08-01 12:23:32.751457+04	16	None	3		10	1
50	2025-08-01 12:23:32.751457+04	15	None	3		10	1
51	2025-08-01 12:23:32.751457+04	14	None	3		10	1
52	2025-08-01 12:23:32.751457+04	13	None	3		10	1
53	2025-08-01 12:23:32.751457+04	12	None	3		10	1
54	2025-08-01 12:23:32.751457+04	11	None	3		10	1
55	2025-08-01 12:23:32.751457+04	10	None	3		10	1
56	2025-08-01 12:23:32.751457+04	9	None	3		10	1
57	2025-08-01 12:23:32.751457+04	8	None	3		10	1
58	2025-08-01 12:23:32.751457+04	7	None	3		10	1
59	2025-08-01 12:23:32.751457+04	6	None	3		10	1
60	2025-08-01 12:23:32.751457+04	5	None	3		10	1
61	2025-08-01 12:23:32.751457+04	4	None	3		10	1
62	2025-08-01 12:23:32.751457+04	3	None	3		10	1
63	2025-08-01 12:23:32.751457+04	2	None	3		10	1
64	2025-08-01 12:23:32.751457+04	1	Solseda	3		10	1
65	2025-08-01 12:25:31.939992+04	75	None	3		10	1
66	2025-08-01 12:25:31.939992+04	74	None	3		10	1
67	2025-08-01 12:25:31.939992+04	73	None	3		10	1
68	2025-08-01 12:25:31.939992+04	72	None	3		10	1
69	2025-08-01 12:25:31.939992+04	71	None	3		10	1
70	2025-08-01 12:25:31.939992+04	70	None	3		10	1
71	2025-08-01 12:25:31.939992+04	69	None	3		10	1
72	2025-08-01 12:25:31.939992+04	68	None	3		10	1
73	2025-08-01 12:25:31.939992+04	67	None	3		10	1
74	2025-08-01 12:25:31.939992+04	66	None	3		10	1
75	2025-08-01 12:25:31.939992+04	65	None	3		10	1
76	2025-08-01 12:25:31.939992+04	64	None	3		10	1
77	2025-08-01 12:25:31.939992+04	63	None	3		10	1
78	2025-08-01 12:25:31.939992+04	62	None	3		10	1
79	2025-08-01 12:25:31.939992+04	61	None	3		10	1
80	2025-08-01 12:25:31.939992+04	60	None	3		10	1
81	2025-08-01 12:25:31.939992+04	59	None	3		10	1
82	2025-08-01 12:25:31.939992+04	58	None	3		10	1
83	2025-08-01 12:25:31.939992+04	57	None	3		10	1
84	2025-08-01 12:25:31.939992+04	56	None	3		10	1
85	2025-08-01 12:25:31.939992+04	55	None	3		10	1
86	2025-08-01 12:25:31.939992+04	54	None	3		10	1
87	2025-08-01 12:25:31.939992+04	53	None	3		10	1
88	2025-08-01 12:25:31.939992+04	52	None	3		10	1
89	2025-08-01 12:25:31.939992+04	51	None	3		10	1
90	2025-08-01 12:25:31.939992+04	50	None	3		10	1
91	2025-08-01 12:25:31.939992+04	49	None	3		10	1
92	2025-08-01 12:25:31.939992+04	48	None	3		10	1
93	2025-08-01 12:25:31.939992+04	47	None	3		10	1
94	2025-08-01 12:25:31.939992+04	46	None	3		10	1
95	2025-08-01 12:25:31.939992+04	45	None	3		10	1
96	2025-08-01 12:25:31.939992+04	44	None	3		10	1
97	2025-08-01 12:25:31.939992+04	43	None	3		10	1
98	2025-08-01 12:25:31.939992+04	42	None	3		10	1
99	2025-08-01 12:25:31.939992+04	41	None	3		10	1
100	2025-08-01 12:25:31.939992+04	40	None	3		10	1
101	2025-08-01 12:25:31.939992+04	39	None	3		10	1
102	2025-08-01 14:20:12.259845+04	20	18	3		18	1
103	2025-08-01 14:20:12.259845+04	19	17	3		18	1
104	2025-08-01 14:20:12.259845+04	18	16	3		18	1
105	2025-08-01 14:20:12.259845+04	17	15	3		18	1
106	2025-08-01 14:20:12.259845+04	16	14	3		18	1
107	2025-08-01 14:20:12.259845+04	15	13	3		18	1
108	2025-08-01 14:20:12.259845+04	14	12	3		18	1
109	2025-08-01 14:20:12.259845+04	13	11	3		18	1
110	2025-08-01 14:20:12.259845+04	12	10	3		18	1
111	2025-08-01 14:20:12.259845+04	11	9	3		18	1
112	2025-08-01 14:20:12.259845+04	10	8	3		18	1
113	2025-08-01 14:20:12.259845+04	9	7	3		18	1
114	2025-08-01 14:20:12.259845+04	8	6	3		18	1
115	2025-08-01 14:20:12.259845+04	7	5	3		18	1
116	2025-08-01 14:20:12.259845+04	6	4	3		18	1
117	2025-08-01 14:20:12.259845+04	5	3	3		18	1
118	2025-08-01 14:20:12.259845+04	4	2	3		18	1
119	2025-08-01 14:20:12.259845+04	3	nan	3		18	1
120	2025-08-01 14:20:12.259845+04	2	1	3		18	1
121	2025-08-01 14:20:12.259845+04	1	SOLVEY PHARMA	3		18	1
122	2025-08-01 14:20:43.555661+04	77	GENOSFER N30 tablet	3		10	1
123	2025-08-01 14:20:43.555661+04	76	BETASOL N30 kapsul	3		10	1
124	2025-08-01 14:24:44.030946+04	78	BETASOL	3		10	1
125	2025-08-01 14:25:46.288151+04	98	FESOLA	2	[{"changed": {"fields": ["Med name", "Komissiya"]}}]	10	1
126	2025-08-04 12:10:50.341695+04	156	İsayev Şirvan - 2025-08-04	3		22	1
127	2025-08-04 12:10:50.341695+04	155	Əsədov İlham - 2025-08-04	3		22	1
128	2025-08-04 12:10:50.341695+04	154	Şükürov Elpay - 2025-08-04	3		22	1
129	2025-08-04 12:10:50.341695+04	153	Məmmədov Nəzər - 2025-08-04	3		22	1
130	2025-08-04 12:10:50.341695+04	152	Əliyeva Südabə - 2025-08-04	3		22	1
131	2025-08-04 12:10:50.341695+04	151	Ramazanov Elşad - 2025-08-04	3		22	1
132	2025-08-04 12:10:50.341695+04	150	Musayev Maarif - 2025-08-04	3		22	1
133	2025-08-04 12:10:50.341695+04	149	Rzayev Namiq - 2025-08-04	3		22	1
134	2025-08-04 12:10:50.341695+04	148	Fərəcov Aşur - 2025-08-04	3		22	1
135	2025-08-04 12:10:50.341695+04	147	Əsədullayev İlkin - 2025-08-04	3		22	1
136	2025-08-04 12:10:50.341695+04	146	Məmmədov Tarif - 2025-08-04	3		22	1
137	2025-08-04 12:10:50.341695+04	145	Əhədov Arzuman - 2025-08-04	3		22	1
138	2025-08-04 12:10:50.341695+04	144	Xurşudov Telman - 2025-08-04	3		22	1
139	2025-08-04 12:10:50.341695+04	143	Məmmədov Cəmil - 2025-08-04	3		22	1
140	2025-08-04 12:10:50.341695+04	142	Əzimov Adil - 2025-08-04	3		22	1
141	2025-08-04 12:10:50.341695+04	141	Nurullayev Emil - 2025-08-04	3		22	1
142	2025-08-04 12:10:50.341695+04	140	Məmmədova Gülnar - 2025-08-04	3		22	1
143	2025-08-04 12:10:50.341695+04	139	Əliyeva Şərafət - 2025-08-04	3		22	1
144	2025-08-04 12:10:50.341695+04	138	Əliyev Xəyal - 2025-08-04	3		22	1
145	2025-08-04 12:10:50.341695+04	137	Əhədov Kərim - 2025-08-04	3		22	1
146	2025-08-04 12:10:50.341695+04	136	Şahverdiyev Əbdül - 2025-08-04	3		22	1
147	2025-08-04 12:10:50.341695+04	135	Zamanov Hacıməmməd - 2025-08-04	3		22	1
148	2025-08-04 12:10:50.341695+04	134	Rüstəmov Ənvər - 2025-08-04	3		22	1
149	2025-08-04 12:10:50.341695+04	133	Rüstəmov Çingiz - 2025-08-04	3		22	1
150	2025-08-04 12:10:50.341695+04	132	Rüstəmov Fərid - 2025-08-04	3		22	1
151	2025-08-04 12:10:50.342698+04	131	Rzayev Xaliq - 2025-08-04	3		22	1
152	2025-08-04 12:10:50.342698+04	130	Qasımova Aysel (AL) - 2025-08-04	3		22	1
153	2025-08-04 12:10:50.342698+04	129	Qasımov Valid - 2025-08-04	3		22	1
154	2025-08-04 12:10:50.342698+04	128	Məmmədov Cavid - 2025-08-04	3		22	1
155	2025-08-04 12:10:50.342698+04	127	Məlikova Gülnar - 2025-08-04	3		22	1
156	2025-08-04 12:10:50.342698+04	126	Məcidov Zaur - 2025-08-04	3		22	1
157	2025-08-04 12:10:50.342698+04	125	Mirzəyeva Ruhiyyə - 2025-08-04	3		22	1
158	2025-08-04 12:10:50.342698+04	124	Kərimov Zaur - 2025-08-04	3		22	1
159	2025-08-04 12:10:50.342698+04	123	Köçərli Köçəri - 2025-08-04	3		22	1
160	2025-08-04 12:10:50.342698+04	122	Fərzəliyev Rəşad - 2025-08-04	3		22	1
161	2025-08-04 12:10:50.342698+04	121	Cəfərov Yalçın - 2025-08-04	3		22	1
162	2025-08-04 12:10:50.342698+04	120	Ağayev İqrar - 2025-08-04	3		22	1
163	2025-08-04 12:10:50.342698+04	119	Abdullayev Elmar - 2025-08-04	3		22	1
164	2025-08-04 12:10:50.342698+04	118	Məmmədov Azad - 2025-08-04	3		22	1
165	2025-08-04 12:10:50.342698+04	117	Yusubova Sevda - 2025-08-04	3		22	1
166	2025-08-04 12:10:50.342698+04	116	Kərimov Hakim - 2025-08-04	3		22	1
167	2025-08-04 12:10:50.342698+04	115	Rüstəmoğlu Elşən - 2025-08-04	3		22	1
168	2025-08-04 12:10:50.342698+04	114	Qasımov Siyasət - 2025-08-04	3		22	1
169	2025-08-04 12:10:50.342698+04	113	İmanov Aşur - 2025-08-04	3		22	1
170	2025-08-04 12:10:50.342698+04	112	Qafarov Elvin - 2025-08-04	3		22	1
171	2025-08-04 12:10:50.342698+04	111	Ağayev Maqsud - 2025-08-04	3		22	1
172	2025-08-04 12:10:50.342698+04	110	Vəliyev Tofiq - 2025-08-04	3		22	1
173	2025-08-04 12:10:50.342698+04	109	Hüseynov Mahir - 2025-08-04	3		22	1
174	2025-08-04 12:10:50.342698+04	108	Zahidov Elşad - 2025-08-04	3		22	1
175	2025-08-04 12:10:50.342698+04	107	Məmmədov Surxay - 2025-08-04	3		22	1
176	2025-08-04 12:10:50.342698+04	106	Dadaşov Rahim - 2025-08-04	3		22	1
177	2025-08-04 12:10:50.342698+04	105	Əmənullayev Orxan - 2025-08-04	3		22	1
178	2025-08-04 12:10:50.342698+04	104	Əliyeva Sevil - 2025-08-04	3		22	1
179	2025-08-04 12:10:50.342698+04	103	Əliyeva Elmira - 2025-08-04	3		22	1
180	2025-08-04 12:10:50.342698+04	102	İmanverdiyeva İradə - 2025-08-04	3		22	1
181	2025-08-04 12:10:50.342698+04	101	Zeynalova Elnarə - 2025-08-04	3		22	1
182	2025-08-04 12:10:50.342698+04	100	Novruzov Arif - 2025-08-04	3		22	1
183	2025-08-04 12:10:50.342698+04	99	Nehmətova Ülviyyə - 2025-08-04	3		22	1
184	2025-08-04 12:10:50.342698+04	98	Həsənov Fərhad - 2025-08-04	3		22	1
185	2025-08-04 12:10:50.342698+04	97	Elşən Rüstəmoğlu ARXİV - 2025-08-04	3		22	1
186	2025-08-04 12:10:50.342698+04	96	Dadaşov Tarzan - 2025-08-04	3		22	1
187	2025-08-04 12:10:50.342698+04	95	Bağırov İstiqbal - 2025-08-04	3		22	1
188	2025-08-04 12:10:50.342698+04	94	Şahverdiyev Abbas - 2025-08-04	3		22	1
189	2025-08-04 12:10:50.343696+04	93	Hüseynov Dövlət - 2025-08-04	3		22	1
190	2025-08-04 12:10:50.343696+04	92	Əhmədova Pikəxanım - 2025-08-04	3		22	1
191	2025-08-04 12:10:50.343696+04	91	Əhmədov Əli - 2025-08-04	3		22	1
192	2025-08-04 12:10:50.343696+04	90	Salamova Səadət - 2025-08-04	3		22	1
193	2025-08-04 12:10:50.343696+04	89	Məmmədova Məlahət - 2025-08-04	3		22	1
194	2025-08-04 12:10:50.343696+04	88	Babayev Vüsal - 2025-08-04	3		22	1
195	2025-08-04 12:10:50.343696+04	87	Əsgərov Həmid - 2025-08-04	3		22	1
196	2025-08-04 12:10:50.343696+04	86	Həziyev Şahin - 2025-08-04	3		22	1
197	2025-08-04 12:10:50.343696+04	85	Hüseyinov Faiq - 2025-08-04	3		22	1
198	2025-08-04 12:10:50.343696+04	84	Ağayev Yaqub - 2025-08-04	3		22	1
199	2025-08-04 12:10:50.343696+04	83	Məmmədova Xədicə - 2025-08-04	3		22	1
200	2025-08-04 12:10:50.343696+04	82	Şirəliyeva Almaz - 2025-08-04	3		22	1
201	2025-08-04 12:10:50.343696+04	81	Quliyeva Günel - 2025-08-04	3		22	1
202	2025-08-04 12:10:50.343696+04	80	Əhmədov Şəms - 2025-08-04	3		22	1
203	2025-08-04 12:10:50.343696+04	79	İsmayılov Akif - 2025-08-04	3		22	1
204	2025-08-04 12:10:50.343696+04	78	Xudaverdiyeva Elvira - 2025-08-04	3		22	1
205	2025-08-04 12:10:50.343696+04	77	Xankişiyev Namizəd - 2025-08-04	3		22	1
206	2025-08-04 12:10:50.343696+04	76	Səfərova Zemfira - 2025-08-04	3		22	1
207	2025-08-04 12:10:50.343696+04	75	Səfərova Mətanət - 2025-08-04	3		22	1
208	2025-08-04 12:10:50.343696+04	74	Süleymanova Təranə - 2025-08-04	3		22	1
209	2025-08-04 12:10:50.343696+04	73	Qurbanova Aybəniz - 2025-08-04	3		22	1
210	2025-08-04 12:10:50.343696+04	72	Quliyeva Lalə - 2025-08-04	3		22	1
211	2025-08-04 12:10:50.343696+04	71	Qocayev Mikayıl - 2025-08-04	3		22	1
212	2025-08-04 12:10:50.343696+04	70	Nəcəfova Xəyalə - 2025-08-04	3		22	1
213	2025-08-04 12:10:50.343696+04	69	Nəcəfov Əfsər - 2025-08-04	3		22	1
214	2025-08-04 12:10:50.343696+04	68	N1 - 2025-08-04	3		22	1
215	2025-08-04 12:10:50.343696+04	67	Məmmədova Məlahət - 2025-08-04	3		22	1
216	2025-08-04 12:10:50.343696+04	66	Məhərrəmova Seyfəddin - 2025-08-04	3		22	1
217	2025-08-04 12:10:50.343696+04	65	Mövlayeva Dilarə - 2025-08-04	3		22	1
218	2025-08-04 12:10:50.343696+04	64	Musayev Namiq - 2025-08-04	3		22	1
219	2025-08-04 12:10:50.343696+04	63	Muradova Mehparə - 2025-08-04	3		22	1
220	2025-08-04 12:10:50.343696+04	62	Hüseynov Tahir - 2025-08-04	3		22	1
221	2025-08-04 12:10:50.343696+04	61	Fətəliyev Yavər - 2025-08-04	3		22	1
222	2025-08-04 12:10:50.343696+04	60	Eyvazova Nəcibə - 2025-08-04	3		22	1
223	2025-08-04 12:10:50.343696+04	59	Balaşov Mehdi - 2025-08-04	3		22	1
224	2025-08-04 12:10:50.343696+04	58	Alıyeva Gülşən - 2025-08-04	3		22	1
225	2025-08-04 12:10:50.343696+04	57	Alxanov Mülkalı - 2025-08-04	3		22	1
226	2025-08-04 12:10:58.928009+04	56	Alxanlı Müklalı - 2025-08-04	3		22	1
227	2025-08-04 12:10:58.928009+04	55	Abdullayev Asif - 2025-08-04	3		22	1
228	2025-08-04 12:10:58.928009+04	54	Abbasova Tamella - 2025-08-04	3		22	1
229	2025-08-04 12:10:58.928009+04	53	Abbasova Aygün - 2025-08-04	3		22	1
230	2025-08-04 12:10:58.928009+04	52	Əsgərov Elçin - 2025-08-04	3		22	1
231	2025-08-04 12:10:58.928009+04	51	Çimnaz Fərzəliyeva - 2025-08-04	3		22	1
232	2025-08-04 12:10:58.928009+04	50	Rəna İsrafilova - 2025-08-04	3		22	1
233	2025-08-04 12:10:58.928009+04	49	Rəhimova Zülfiyyə - 2025-08-04	3		22	1
234	2025-08-04 12:10:58.928009+04	48	Mirzəyev İlqar - 2025-08-04	3		22	1
235	2025-08-04 12:10:58.928009+04	47	İbrahimova Aysel - 2025-08-04	3		22	1
236	2025-08-04 12:10:58.928009+04	46	Seyidova Kəmalə - 2025-08-04	3		22	1
237	2025-08-04 12:10:58.928009+04	45	Salmanov Elyar - 2025-08-04	3		22	1
238	2025-08-04 12:10:58.928009+04	44	Qurbanova Aygün - 2025-08-04	3		22	1
239	2025-08-04 12:10:58.928009+04	43	Niftiyev İman - 2025-08-04	3		22	1
240	2025-08-04 12:10:58.929007+04	42	Namazova Pərzad - 2025-08-04	3		22	1
241	2025-08-04 12:10:58.929007+04	41	Müxtəsimov Yusif - 2025-08-04	3		22	1
242	2025-08-04 12:10:58.929007+04	40	Heybətov Namiq - 2025-08-04	3		22	1
243	2025-08-04 12:10:58.929007+04	39	Abbasova Şəhla - 2025-08-04	3		22	1
244	2025-08-04 12:10:58.929007+04	38	Kərimov Sabir - 2025-08-04	3		22	1
245	2025-08-04 12:10:58.929007+04	37	Hüseynova Rahilə - 2025-08-04	3		22	1
246	2025-08-04 12:10:58.929007+04	36	Feyzullayev Manafağa - 2025-08-04	3		22	1
247	2025-08-04 12:10:58.929007+04	35	Şahbazova Siddiqə - 2025-08-04	3		22	1
248	2025-08-04 12:10:58.929007+04	34	İbradim dr. - 2025-08-04	3		22	1
249	2025-08-04 12:10:58.929007+04	33	İbişov Çingiz - 2025-08-04	3		22	1
250	2025-08-04 12:10:58.929007+04	32	Xodayeva Dinara - 2025-08-04	3		22	1
251	2025-08-04 12:10:58.929007+04	31	Səmədzadə Fatma - 2025-08-04	3		22	1
252	2025-08-04 12:10:58.929007+04	30	Səmədova Səkinə - 2025-08-04	3		22	1
253	2025-08-04 12:10:58.929007+04	29	Muradova Ülkər - 2025-08-04	3		22	1
254	2025-08-04 12:10:58.929007+04	28	Mirqəfər dr. - 2025-08-04	3		22	1
255	2025-08-04 12:10:58.929007+04	27	Hüseynov Nurlan - 2025-08-04	3		22	1
256	2025-08-04 12:10:58.929007+04	26	Ağabəyova Tehran - 2025-08-04	3		22	1
257	2025-08-04 12:10:58.929007+04	25	Ağabəyova Gültəkin - 2025-08-04	3		22	1
258	2025-08-04 12:10:58.929007+04	24	Axundova Nigar - 2025-08-04	3		22	1
259	2025-08-04 12:10:58.929007+04	23	Ənvərli Sevinc - 2025-08-04	3		22	1
260	2025-08-04 12:10:58.929007+04	22	Dadaşov Çingiz - 2025-08-04	3		22	1
261	2025-08-04 12:10:58.929007+04	21	Xanməmmədova Ülviyyə - 2025-08-04	3		22	1
262	2025-08-04 12:10:58.929007+04	20	Əliyeva Rəsmiyə - 2025-08-04	3		22	1
263	2025-08-04 12:10:58.929007+04	19	Əhmədova Gülbəniz - 2025-08-04	3		22	1
264	2025-08-04 12:10:58.929007+04	18	İsmayılova Atac - 2025-08-04	3		22	1
265	2025-08-04 12:10:58.929007+04	17	Xəlilov Zaman - 2025-08-04	3		22	1
266	2025-08-04 12:10:58.929007+04	16	Xankişiyeva Fidan - 2025-08-04	3		22	1
267	2025-08-04 12:10:58.929007+04	15	Salmanova Aygün - 2025-08-04	3		22	1
268	2025-08-04 12:10:58.929007+04	14	Qəhramanov Yenifayıl - 2025-08-04	3		22	1
269	2025-08-04 12:10:58.929007+04	13	Məmmədov Mirqəfər - 2025-08-04	3		22	1
270	2025-08-04 12:10:58.929007+04	12	Mustafayeva Taliyə - 2025-08-04	3		22	1
271	2025-08-04 12:10:58.930007+04	11	Ağayeva Xatirə - 2025-08-04	3		22	1
272	2025-08-04 12:10:58.930007+04	10	Cəfərova  Təranə - 2025-08-04	3		22	1
273	2025-08-04 12:10:58.930007+04	9	Bağırov Xəlil - 2025-08-04	3		22	1
274	2025-08-04 12:10:58.930007+04	8	Əhədov Cəlal - 2025-08-04	3		22	1
275	2025-08-04 12:10:58.930007+04	7	Xəlilov Adil - 2025-08-04	3		22	1
276	2025-08-04 12:10:58.930007+04	6	Qəfərov Elşən - 2025-08-04	3		22	1
277	2025-08-04 12:10:58.930007+04	5	Hüseynov Rabil - 2025-08-04	3		22	1
278	2025-08-04 12:10:58.930007+04	4	Baxşıyeva Zoya - 2025-08-04	3		22	1
279	2025-08-04 12:10:58.930007+04	3	Novruzova Pərvin - 2025-07-31	3		22	1
280	2025-08-04 12:10:58.930007+04	2	Məmmədov İmran - 2025-07-30	3		22	1
281	2025-08-04 12:10:58.930007+04	1	Mehralıyeva Günay - 2025-07-28	3		22	1
282	2025-08-04 12:14:41.727723+04	1209	Abdullayev Elmar	3		21	1
283	2025-08-04 12:14:41.727723+04	1210	Ağayev İqrar	3		21	1
284	2025-08-04 12:14:41.727723+04	1201	Ağayev Maqsud	3		21	1
285	2025-08-04 12:14:41.727723+04	1185	Bağırov İstiqbal	3		21	1
286	2025-08-04 12:14:41.727723+04	1211	Cəfərov Yalçın	3		21	1
287	2025-08-04 12:14:41.727723+04	1196	Dadaşov Rahim	3		21	1
288	2025-08-04 12:14:41.727723+04	1186	Dadaşov Tarzan	3		21	1
289	2025-08-04 12:14:41.727723+04	1235	Əhədov Arzuman	3		21	1
290	2025-08-04 12:14:41.727723+04	1227	Əhədov Kərim	3		21	1
291	2025-08-04 12:14:41.727723+04	1228	Əliyev Xəyal	3		21	1
292	2025-08-04 12:14:41.727723+04	1193	Əliyeva Elmira	3		21	1
293	2025-08-04 12:14:41.727723+04	1229	Əliyeva Şərafət	3		21	1
294	2025-08-04 12:14:41.727723+04	1194	Əliyeva Sevil	3		21	1
295	2025-08-04 12:14:41.727723+04	1242	Əliyeva Südabə	3		21	1
296	2025-08-04 12:14:41.727723+04	1187	Elşən Rüstəmoğlu ARXİV	3		21	1
297	2025-08-04 12:14:41.727723+04	1195	Əmənullayev Orxan	3		21	1
298	2025-08-04 12:14:41.727723+04	1245	Əsədov İlham	3		21	1
299	2025-08-04 12:14:41.727723+04	1237	Əsədullayev İlkin	3		21	1
300	2025-08-04 12:14:41.727723+04	1232	Əzimov Adil	3		21	1
301	2025-08-04 12:14:41.727723+04	1238	Fərəcov Aşur	3		21	1
302	2025-08-04 12:14:41.727723+04	1212	Fərzəliyev Rəşad	3		21	1
303	2025-08-04 12:14:41.727723+04	1188	Həsənov Fərhad	3		21	1
304	2025-08-04 12:14:41.727723+04	1183	Hüseynov Dövlət	3		21	1
305	2025-08-04 12:14:41.727723+04	1199	Hüseynov Mahir	3		21	1
306	2025-08-04 12:14:41.727723+04	1203	İmanov Aşur	3		21	1
307	2025-08-04 12:14:41.727723+04	1192	İmanverdiyeva İradə	3		21	1
308	2025-08-04 12:14:41.727723+04	1246	İsayev Şirvan	3		21	1
309	2025-08-04 12:14:41.727723+04	1206	Kərimov Hakim	3		21	1
310	2025-08-04 12:14:41.727723+04	1214	Kərimov Zaur	3		21	1
311	2025-08-04 12:14:41.727723+04	1213	Köçərli Köçəri	3		21	1
312	2025-08-04 12:14:41.727723+04	1216	Məcidov Zaur	3		21	1
313	2025-08-04 12:14:41.728726+04	1217	Məlikova Gülnar	3		21	1
314	2025-08-04 12:14:41.728726+04	1208	Məmmədov Azad	3		21	1
315	2025-08-04 12:14:41.728726+04	1218	Məmmədov Cavid	3		21	1
316	2025-08-04 12:14:41.728726+04	1233	Məmmədov Cəmil	3		21	1
317	2025-08-04 12:14:41.728726+04	1243	Məmmədov Nəzər	3		21	1
318	2025-08-04 12:14:41.728726+04	1197	Məmmədov Surxay	3		21	1
319	2025-08-04 12:14:41.728726+04	1236	Məmmədov Tarif	3		21	1
320	2025-08-04 12:14:41.728726+04	1230	Məmmədova Gülnar	3		21	1
321	2025-08-04 12:14:41.728726+04	1215	Mirzəyeva Ruhiyyə	3		21	1
322	2025-08-04 12:14:41.728726+04	1240	Musayev Maarif	3		21	1
323	2025-08-04 12:14:41.728726+04	1189	Nehmətova Ülviyyə	3		21	1
324	2025-08-04 12:14:41.728726+04	1190	Novruzov Arif	3		21	1
325	2025-08-04 12:14:41.728726+04	1231	Nurullayev Emil	3		21	1
326	2025-08-04 12:14:41.728726+04	1202	Qafarov Elvin	3		21	1
327	2025-08-04 12:14:41.728726+04	1204	Qasımov Siyasət	3		21	1
328	2025-08-04 12:14:41.728726+04	1219	Qasımov Valid	3		21	1
329	2025-08-04 12:14:41.728726+04	1220	Qasımova Aysel (AL)	3		21	1
330	2025-08-04 12:14:41.728726+04	1241	Ramazanov Elşad	3		21	1
331	2025-08-04 12:14:41.728726+04	1205	Rüstəmoğlu Elşən	3		21	1
332	2025-08-04 12:14:41.728726+04	1223	Rüstəmov Çingiz	3		21	1
333	2025-08-04 12:14:41.728726+04	1224	Rüstəmov Ənvər	3		21	1
334	2025-08-04 12:14:41.728726+04	1222	Rüstəmov Fərid	3		21	1
335	2025-08-04 12:14:41.728726+04	1239	Rzayev Namiq	3		21	1
336	2025-08-04 12:14:41.728726+04	1221	Rzayev Xaliq	3		21	1
337	2025-08-04 12:14:41.728726+04	1184	Şahverdiyev Abbas	3		21	1
338	2025-08-04 12:14:41.728726+04	1226	Şahverdiyev Əbdül	3		21	1
339	2025-08-04 12:14:41.728726+04	1244	Şükürov Elpay	3		21	1
340	2025-08-04 12:14:41.728726+04	1200	Vəliyev Tofiq	3		21	1
341	2025-08-04 12:14:41.728726+04	1234	Xurşudov Telman	3		21	1
342	2025-08-04 12:14:41.728726+04	1207	Yusubova Sevda	3		21	1
343	2025-08-04 12:14:41.728726+04	1198	Zahidov Elşad	3		21	1
344	2025-08-04 12:14:41.728726+04	1225	Zamanov Hacıməmməd	3		21	1
345	2025-08-04 12:14:41.728726+04	1191	Zeynalova Elnarə	3		21	1
346	2025-08-04 12:27:26.048425+04	1418	.	3		21	1
347	2025-08-04 12:27:26.048425+04	1476	Abbasov Hüseynalı	3		21	1
348	2025-08-04 12:27:26.048425+04	1440	Abbasova Bəyim	3		21	1
349	2025-08-04 12:27:26.048425+04	1441	Abdullayeva Dilarə	3		21	1
350	2025-08-04 12:27:26.048425+04	1406	Ağayev Mamed	3		21	1
351	2025-08-04 12:27:26.048425+04	1442	Allahverdiyeva Gülan	3		21	1
352	2025-08-04 12:27:26.048425+04	1443	Allahverdiyeva Tərlan	3		21	1
353	2025-08-04 12:27:26.048425+04	1487	arxivv	3		21	1
354	2025-08-04 12:27:26.048425+04	1444	Aslanov Elnur	3		21	1
355	2025-08-04 12:27:26.048425+04	1434	Axverdiyev Mustafa	3		21	1
356	2025-08-04 12:27:26.048425+04	1419	Aytac dr	3		21	1
357	2025-08-04 12:27:26.048425+04	1398	Bababəyli Namiq	3		21	1
358	2025-08-04 12:27:26.048425+04	1477	Babayev Seyfəddin	3		21	1
359	2025-08-04 12:27:26.048425+04	1422	Babayeva Rəfayə	3		21	1
360	2025-08-04 12:27:26.048425+04	1445	Babayeva Xeyrənsə	3		21	1
361	2025-08-04 12:27:26.048425+04	1446	Bağırova Elnurə	3		21	1
362	2025-08-04 12:27:26.048425+04	1447	Bağırova Günay	3		21	1
363	2025-08-04 12:27:26.048425+04	1478	Bağırova Kəmalə	3		21	1
364	2025-08-04 12:27:26.048425+04	1448	Bağırova Leyla	3		21	1
365	2025-08-04 12:27:26.048425+04	1396	Baxşəliyeva Gülarə	3		21	1
366	2025-08-04 12:27:26.048425+04	1423	Bayramova Aidə	3		21	1
367	2025-08-04 12:27:26.048425+04	1485	Camalov Hidayət	3		21	1
368	2025-08-04 12:27:26.048425+04	1486	Camalova Ofelya	3		21	1
369	2025-08-04 12:27:26.048425+04	1449	Cəfərli Zümrüd	3		21	1
370	2025-08-04 12:27:26.048425+04	1479	Cəfərov Nurlan	3		21	1
371	2025-08-04 12:27:26.048425+04	1435	Cəfərov Rəşad	3		21	1
372	2025-08-04 12:27:26.048425+04	1402	Cəfərova Əminə	3		21	1
373	2025-08-04 12:27:26.048425+04	1450	Cəlilova Sona	3		21	1
374	2025-08-04 12:27:26.048425+04	1451	Dünyamalıyeva Aysel	3		21	1
375	2025-08-04 12:27:26.048425+04	1405	Ələkbərov Anar	3		21	1
376	2025-08-04 12:27:26.048425+04	1483	Əliyev Nizami	3		21	1
377	2025-08-04 12:27:26.048425+04	1433	Əliyeva Gülxar	3		21	1
378	2025-08-04 12:27:26.048425+04	1413	Əliyeva Nuray	3		21	1
379	2025-08-04 12:27:26.048425+04	1475	Əsgərov Malik	3		21	1
380	2025-08-04 12:27:26.048425+04	1480	Fərəcova Türanə	3		21	1
381	2025-08-04 12:27:26.048425+04	1452	Fərzəliyev Fazil	3		21	1
382	2025-08-04 12:27:26.048425+04	1454	Fətəliyeva Qızılgül	3		21	1
383	2025-08-04 12:27:26.048425+04	1453	Fətullayev İntiqam	3		21	1
384	2025-08-04 12:27:26.048425+04	1436	Fikrətli Dəyanət	3		21	1
385	2025-08-04 12:27:26.048425+04	1424	Gülməmmədova Nəzakət	3		21	1
386	2025-08-04 12:27:26.048425+04	1455	Hacıyev Ramin	3		21	1
387	2025-08-04 12:27:26.048425+04	1420	Hacıyeva Sürayyə	3		21	1
388	2025-08-04 12:27:26.048425+04	1481	Həsənov Nüsrət	3		21	1
389	2025-08-04 12:27:26.048425+04	1399	Həsənov Vəliqulu	3		21	1
390	2025-08-04 12:27:26.048425+04	1426	Həsənova Təranə	3		21	1
391	2025-08-04 12:27:26.048425+04	1425	Hümbətova Gülnarə	3		21	1
392	2025-08-04 12:27:26.048425+04	1404	Hüseynov Cabir	3		21	1
393	2025-08-04 12:27:26.048425+04	1403	Hüseynov Cabir	3		21	1
394	2025-08-04 12:27:26.048425+04	1456	Hüseynova Nərmin	3		21	1
395	2025-08-04 12:27:26.048425+04	1410	İbrahimli Əkbər	3		21	1
396	2025-08-04 12:27:26.048425+04	1421	İbrahimova Tamella	3		21	1
397	2025-08-04 12:27:26.048425+04	1473	İmanova İsmət	3		21	1
398	2025-08-04 12:27:26.048425+04	1411	İsmayılov Amin	3		21	1
399	2025-08-04 12:27:26.048425+04	1474	İsmayılova Aysel	3		21	1
400	2025-08-04 12:27:26.048425+04	1417	İsmayılova Dilguşə	3		21	1
401	2025-08-04 12:27:26.048425+04	1432	İsmayılova Siddiqə	3		21	1
402	2025-08-04 12:27:26.048425+04	1412	İsmayılova Türkan	3		21	1
403	2025-08-04 12:27:26.048425+04	1415	Kazımova Sabirə	3		21	1
404	2025-08-04 12:27:26.048425+04	1427	Mamedova Könül	3		21	1
405	2025-08-04 12:27:26.048425+04	1457	Mehdiyev Sabir	3		21	1
406	2025-08-04 12:27:26.048425+04	1488	Məlikov Elvin	3		21	1
407	2025-08-04 12:27:26.048425+04	1401	Məmmədov Fəxrəddin	3		21	1
408	2025-08-04 12:27:26.048425+04	1407	Mikayılov Amind	3		21	1
409	2025-08-04 12:27:26.048425+04	1458	Mirzəyeva Səkinə	3		21	1
410	2025-08-04 12:27:26.048425+04	1437	Mürsəlov Cabir	3		21	1
411	2025-08-04 12:27:26.048425+04	1400	Musayev Araz	3		21	1
412	2025-08-04 12:27:26.048425+04	1459	Mustafayeva Gülçin	3		21	1
413	2025-08-04 12:27:26.048425+04	1397	Niftəliyev Hüseyn	3		21	1
414	2025-08-04 12:27:26.048425+04	1482	Novruzov Aydın	3		21	1
415	2025-08-04 12:27:26.048425+04	1460	Novruzov Niyazi	3		21	1
416	2025-08-04 12:27:26.048425+04	1428	Novruzova Bəhriyyə	3		21	1
417	2025-08-04 12:27:26.048425+04	1461	Nümunə ad	3		21	1
418	2025-08-04 12:27:26.048425+04	1462	Qoçəliyeva Esmira	3		21	1
419	2025-08-04 12:27:26.048425+04	1463	Quliyev Vidadi	3		21	1
420	2025-08-04 12:27:26.048425+04	1464	Quliyeva Nəzrin	3		21	1
421	2025-08-04 12:27:26.048425+04	1484	Qurbanov Əli	3		21	1
422	2025-08-04 12:27:26.048425+04	1408	Rəhimova Arzu	3		21	1
423	2025-08-04 12:27:26.048425+04	1466	Rəhmiyyə Dr	3		21	1
424	2025-08-04 12:27:26.048425+04	1465	Rzayev Yaşar	3		21	1
425	2025-08-04 12:27:26.048425+04	1467	Səfərov Anar	3		21	1
426	2025-08-04 12:27:26.048425+04	1489	Səfərov Ənvər	3		21	1
427	2025-08-04 12:27:26.048425+04	1429	Səlimli Məryəm	3		21	1
428	2025-08-04 12:27:26.048425+04	1430	Səttarov İslam	3		21	1
429	2025-08-04 12:27:26.048425+04	1431	Səyyadova Səbinə	3		21	1
430	2025-08-04 12:27:26.048425+04	1439	Şükürlü Azad	3		21	1
431	2025-08-04 12:27:26.048425+04	1409	Süleymanlı Ayşən	3		21	1
432	2025-08-04 12:27:26.048425+04	1416	Tahirova Aytən	3		21	1
433	2025-08-04 12:27:26.048425+04	1438	Tarquluyev Tarqulu	3		21	1
434	2025-08-04 12:27:26.048425+04	1468	Tarverdiyeva Şəfəq	3		21	1
435	2025-08-04 12:27:26.048425+04	1469	Tayuk Xaspolad	3		21	1
436	2025-08-04 12:27:26.048425+04	1471	Vəliyeva Vəfa	3		21	1
437	2025-08-04 12:27:26.048425+04	1470	Verdiyev Vüqar	3		21	1
438	2025-08-04 12:27:26.048425+04	1414	Zeynalov Sərxan	3		21	1
439	2025-08-04 12:27:26.048425+04	1472	Zeynalova İlahə	3		21	1
440	2025-08-04 12:33:12.297928+04	2210	.	3		21	1
441	2025-08-04 12:33:12.297928+04	2269	Abbasov Hüseynalı	3		21	1
442	2025-08-04 12:33:12.297928+04	2233	Abbasova Bəyim	3		21	1
443	2025-08-04 12:33:12.297928+04	2234	Abdullayeva Dilarə	3		21	1
444	2025-08-04 12:33:12.297928+04	2198	Ağayev Mamed	3		21	1
445	2025-08-04 12:33:12.297928+04	2235	Allahverdiyeva Gülan	3		21	1
446	2025-08-04 12:33:12.297928+04	2236	Allahverdiyeva Tərlan	3		21	1
447	2025-08-04 12:33:12.297928+04	2280	arxivv	3		21	1
448	2025-08-04 12:33:12.297928+04	2237	Aslanov Elnur	3		21	1
449	2025-08-04 12:33:12.297928+04	2226	Axverdiyev Mustafa	3		21	1
450	2025-08-04 12:33:12.297928+04	2211	Aytac dr	3		21	1
451	2025-08-04 12:33:12.297928+04	2190	Bababəyli Namiq	3		21	1
452	2025-08-04 12:33:12.297928+04	2270	Babayev Seyfəddin	3		21	1
453	2025-08-04 12:33:12.297928+04	2214	Babayeva Rəfayə	3		21	1
454	2025-08-04 12:33:12.297928+04	2238	Babayeva Xeyrənsə	3		21	1
455	2025-08-04 12:33:12.297928+04	2239	Bağırova Elnurə	3		21	1
456	2025-08-04 12:33:12.297928+04	2240	Bağırova Günay	3		21	1
457	2025-08-04 12:33:12.297928+04	2271	Bağırova Kəmalə	3		21	1
458	2025-08-04 12:33:12.297928+04	2241	Bağırova Leyla	3		21	1
459	2025-08-04 12:33:12.297928+04	2188	Baxşəliyeva Gülarə	3		21	1
460	2025-08-04 12:33:12.297928+04	2215	Bayramova Aidə	3		21	1
461	2025-08-04 12:33:12.297928+04	2278	Camalov Hidayət	3		21	1
462	2025-08-04 12:33:12.297928+04	2279	Camalova Ofelya	3		21	1
463	2025-08-04 12:33:12.297928+04	2242	Cəfərli Zümrüd	3		21	1
464	2025-08-04 12:33:12.297928+04	2272	Cəfərov Nurlan	3		21	1
465	2025-08-04 12:33:12.297928+04	2227	Cəfərov Rəşad	3		21	1
466	2025-08-04 12:33:12.297928+04	2194	Cəfərova Əminə	3		21	1
467	2025-08-04 12:33:12.297928+04	2243	Cəlilova Sona	3		21	1
468	2025-08-04 12:33:12.297928+04	2244	Dünyamalıyeva Aysel	3		21	1
469	2025-08-04 12:33:12.297928+04	2197	Ələkbərov Anar	3		21	1
470	2025-08-04 12:33:12.297928+04	2276	Əliyev Nizami	3		21	1
471	2025-08-04 12:33:12.297928+04	2225	Əliyeva Gülxar	3		21	1
472	2025-08-04 12:33:12.297928+04	2205	Əliyeva Nuray	3		21	1
473	2025-08-04 12:33:12.297928+04	2268	Əsgərov Malik	3		21	1
474	2025-08-04 12:33:12.297928+04	2273	Fərəcova Türanə	3		21	1
475	2025-08-04 12:33:12.297928+04	2245	Fərzəliyev Fazil	3		21	1
476	2025-08-04 12:33:12.297928+04	2247	Fətəliyeva Qızılgül	3		21	1
477	2025-08-04 12:33:12.297928+04	2246	Fətullayev İntiqam	3		21	1
478	2025-08-04 12:33:12.297928+04	2228	Fikrətli Dəyanət	3		21	1
479	2025-08-04 12:33:12.297928+04	2216	Gülməmmədova Nəzakət	3		21	1
480	2025-08-04 12:33:12.297928+04	2248	Hacıyev Ramin	3		21	1
481	2025-08-04 12:33:12.297928+04	2212	Hacıyeva Sürayyə	3		21	1
482	2025-08-04 12:33:12.297928+04	2274	Həsənov Nüsrət	3		21	1
483	2025-08-04 12:33:12.297928+04	2191	Həsənov Vəliqulu	3		21	1
484	2025-08-04 12:33:12.297928+04	2218	Həsənova Təranə	3		21	1
485	2025-08-04 12:33:12.297928+04	2217	Hümbətova Gülnarə	3		21	1
486	2025-08-04 12:33:12.297928+04	2196	Hüseynov Cabir	3		21	1
487	2025-08-04 12:33:12.297928+04	2195	Hüseynov Cabir	3		21	1
488	2025-08-04 12:33:12.297928+04	2249	Hüseynova Nərmin	3		21	1
489	2025-08-04 12:33:12.297928+04	2202	İbrahimli Əkbər	3		21	1
490	2025-08-04 12:33:12.297928+04	2213	İbrahimova Tamella	3		21	1
491	2025-08-04 12:33:12.297928+04	2266	İmanova İsmət	3		21	1
492	2025-08-04 12:33:12.297928+04	2203	İsmayılov Amin	3		21	1
493	2025-08-04 12:33:12.297928+04	2267	İsmayılova Aysel	3		21	1
494	2025-08-04 12:33:12.297928+04	2209	İsmayılova Dilguşə	3		21	1
495	2025-08-04 12:33:12.297928+04	2224	İsmayılova Siddiqə	3		21	1
496	2025-08-04 12:33:12.297928+04	2204	İsmayılova Türkan	3		21	1
497	2025-08-04 12:33:12.297928+04	2207	Kazımova Sabirə	3		21	1
498	2025-08-04 12:33:12.297928+04	2219	Mamedova Könül	3		21	1
499	2025-08-04 12:33:12.297928+04	2250	Mehdiyev Sabir	3		21	1
500	2025-08-04 12:33:12.297928+04	2281	Məlikov Elvin	3		21	1
501	2025-08-04 12:33:12.297928+04	2193	Məmmədov Fəxrəddin	3		21	1
502	2025-08-04 12:33:12.297928+04	2199	Mikayılov Amind	3		21	1
503	2025-08-04 12:33:12.297928+04	2251	Mirzəyeva Səkinə	3		21	1
504	2025-08-04 12:33:12.297928+04	2230	Mürsəlov Cabir	3		21	1
505	2025-08-04 12:33:12.297928+04	2192	Musayev Araz	3		21	1
506	2025-08-04 12:33:12.297928+04	2229	Mustafayev Elvin	3		21	1
507	2025-08-04 12:33:12.297928+04	2252	Mustafayeva Gülçin	3		21	1
508	2025-08-04 12:33:12.297928+04	2189	Niftəliyev Hüseyn	3		21	1
509	2025-08-04 12:33:12.297928+04	2275	Novruzov Aydın	3		21	1
510	2025-08-04 12:33:12.297928+04	2253	Novruzov Niyazi	3		21	1
511	2025-08-04 12:33:12.297928+04	2220	Novruzova Bəhriyyə	3		21	1
512	2025-08-04 12:33:12.297928+04	2254	Nümunə ad	3		21	1
513	2025-08-04 12:33:12.297928+04	2255	Qoçəliyeva Esmira	3		21	1
514	2025-08-04 12:33:12.297928+04	2256	Quliyev Vidadi	3		21	1
515	2025-08-04 12:33:12.297928+04	2257	Quliyeva Nəzrin	3		21	1
516	2025-08-04 12:33:12.297928+04	2277	Qurbanov Əli	3		21	1
517	2025-08-04 12:33:12.297928+04	2200	Rəhimova Arzu	3		21	1
518	2025-08-04 12:33:12.297928+04	2259	Rəhmiyyə Dr	3		21	1
519	2025-08-04 12:33:12.297928+04	2258	Rzayev Yaşar	3		21	1
520	2025-08-04 12:33:12.297928+04	2260	Səfərov Anar	3		21	1
521	2025-08-04 12:33:12.297928+04	2282	Səfərov Ənvər	3		21	1
522	2025-08-04 12:33:12.297928+04	2221	Səlimli Məryəm	3		21	1
523	2025-08-04 12:33:12.297928+04	2222	Səttarov İslam	3		21	1
524	2025-08-04 12:33:12.297928+04	2223	Səyyadova Səbinə	3		21	1
525	2025-08-04 12:33:12.297928+04	2232	Şükürlü Azad	3		21	1
526	2025-08-04 12:33:12.297928+04	2201	Süleymanlı Ayşən	3		21	1
527	2025-08-04 12:33:12.297928+04	2208	Tahirova Aytən	3		21	1
528	2025-08-04 12:33:12.297928+04	2231	Tarquluyev Tarqulu	3		21	1
529	2025-08-04 12:33:12.297928+04	2261	Tarverdiyeva Şəfəq	3		21	1
530	2025-08-04 12:33:12.297928+04	2262	Tayuk Xaspolad	3		21	1
531	2025-08-04 12:33:12.297928+04	2264	Vəliyeva Vəfa	3		21	1
532	2025-08-04 12:33:12.297928+04	2263	Verdiyev Vüqar	3		21	1
533	2025-08-04 12:33:12.297928+04	2206	Zeynalov Sərxan	3		21	1
534	2025-08-04 12:33:12.297928+04	2265	Zeynalova İlahə	3		21	1
535	2025-08-04 12:35:24.899073+04	2364	Abbasov Hüseynalı	3		21	1
536	2025-08-04 12:35:24.899073+04	2328	Abbasova Bəyim	3		21	1
537	2025-08-04 12:35:24.899073+04	2329	Abdullayeva Dilarə	3		21	1
538	2025-08-04 12:35:24.899073+04	2305	ad	3		21	1
539	2025-08-04 12:35:24.899073+04	2293	Ağayev Mamed	3		21	1
540	2025-08-04 12:35:24.899073+04	2330	Allahverdiyeva Gülan	3		21	1
541	2025-08-04 12:35:24.899073+04	2331	Allahverdiyeva Tərlan	3		21	1
542	2025-08-04 12:35:24.899073+04	2375	arxivv	3		21	1
543	2025-08-04 12:35:24.899073+04	2332	Aslanov Elnur	3		21	1
544	2025-08-04 12:35:24.899073+04	2321	Axverdiyev Mustafa	3		21	1
545	2025-08-04 12:35:24.899073+04	2306	Aytac dr	3		21	1
546	2025-08-04 12:35:24.899073+04	2285	Bababəyli Namiq	3		21	1
547	2025-08-04 12:35:24.899073+04	2365	Babayev Seyfəddin	3		21	1
548	2025-08-04 12:35:24.899073+04	2309	Babayeva Rəfayə	3		21	1
549	2025-08-04 12:35:24.899073+04	2333	Babayeva Xeyrənsə	3		21	1
550	2025-08-04 12:35:24.899073+04	2334	Bağırova Elnurə	3		21	1
551	2025-08-04 12:35:24.899073+04	2335	Bağırova Günay	3		21	1
552	2025-08-04 12:35:24.899073+04	2366	Bağırova Kəmalə	3		21	1
553	2025-08-04 12:35:24.899073+04	2336	Bağırova Leyla	3		21	1
554	2025-08-04 12:35:24.899073+04	2283	Baxşəliyeva Gülarə	3		21	1
555	2025-08-04 12:35:24.899073+04	2310	Bayramova Aidə	3		21	1
556	2025-08-04 12:35:24.899073+04	2373	Camalov Hidayət	3		21	1
557	2025-08-04 12:35:24.899073+04	2374	Camalova Ofelya	3		21	1
558	2025-08-04 12:35:24.899073+04	2337	Cəfərli Zümrüd	3		21	1
559	2025-08-04 12:35:24.899073+04	2367	Cəfərov Nurlan	3		21	1
560	2025-08-04 12:35:24.899073+04	2322	Cəfərov Rəşad	3		21	1
561	2025-08-04 12:35:24.899073+04	2289	Cəfərova Əminə	3		21	1
562	2025-08-04 12:35:24.899073+04	2338	Cəlilova Sona	3		21	1
563	2025-08-04 12:35:24.899073+04	2339	Dünyamalıyeva Aysel	3		21	1
564	2025-08-04 12:35:24.899073+04	2292	Ələkbərov Anar	3		21	1
565	2025-08-04 12:35:24.899073+04	2371	Əliyev Nizami	3		21	1
566	2025-08-04 12:35:24.899073+04	2320	Əliyeva Gülxar	3		21	1
567	2025-08-04 12:35:24.899073+04	2300	Əliyeva Nuray	3		21	1
568	2025-08-04 12:35:24.899073+04	2363	Əsgərov Malik	3		21	1
569	2025-08-04 12:35:24.899073+04	2368	Fərəcova Türanə	3		21	1
570	2025-08-04 12:35:24.899073+04	2340	Fərzəliyev Fazil	3		21	1
571	2025-08-04 12:35:24.899073+04	2342	Fətəliyeva Qızılgül	3		21	1
572	2025-08-04 12:35:24.899073+04	2341	Fətullayev İntiqam	3		21	1
573	2025-08-04 12:35:24.899073+04	2323	Fikrətli Dəyanət	3		21	1
574	2025-08-04 12:35:24.899073+04	2311	Gülməmmədova Nəzakət	3		21	1
575	2025-08-04 12:35:24.899073+04	2343	Hacıyev Ramin	3		21	1
576	2025-08-04 12:35:24.899073+04	2307	Hacıyeva Sürayyə	3		21	1
577	2025-08-04 12:35:24.899073+04	2369	Həsənov Nüsrət	3		21	1
578	2025-08-04 12:35:24.899073+04	2286	Həsənov Vəliqulu	3		21	1
579	2025-08-04 12:35:24.899073+04	2313	Həsənova Təranə	3		21	1
580	2025-08-04 12:35:24.899073+04	2312	Hümbətova Gülnarə	3		21	1
581	2025-08-04 12:35:24.899073+04	2291	Hüseynov Cabir	3		21	1
582	2025-08-04 12:35:24.899073+04	2290	Hüseynov Cabir	3		21	1
583	2025-08-04 12:35:24.899073+04	2344	Hüseynova Nərmin	3		21	1
584	2025-08-04 12:35:24.899073+04	2297	İbrahimli Əkbər	3		21	1
585	2025-08-04 12:35:24.899073+04	2308	İbrahimova Tamella	3		21	1
586	2025-08-04 12:35:24.899073+04	2361	İmanova İsmət	3		21	1
587	2025-08-04 12:35:24.899073+04	2298	İsmayılov Amin	3		21	1
588	2025-08-04 12:35:24.899073+04	2362	İsmayılova Aysel	3		21	1
589	2025-08-04 12:35:24.899073+04	2304	İsmayılova Dilguşə	3		21	1
590	2025-08-04 12:35:24.899073+04	2319	İsmayılova Siddiqə	3		21	1
591	2025-08-04 12:35:24.899073+04	2299	İsmayılova Türkan	3		21	1
592	2025-08-04 12:35:24.899073+04	2302	Kazımova Sabirə	3		21	1
593	2025-08-04 12:35:24.899073+04	2314	Mamedova Könül	3		21	1
594	2025-08-04 12:35:24.899073+04	2345	Mehdiyev Sabir	3		21	1
595	2025-08-04 12:35:24.899073+04	2376	Məlikov Elvin	3		21	1
596	2025-08-04 12:35:24.899073+04	2288	Məmmədov Fəxrəddin	3		21	1
597	2025-08-04 12:35:24.899073+04	2294	Mikayılov Amind	3		21	1
598	2025-08-04 12:35:24.899073+04	2346	Mirzəyeva Səkinə	3		21	1
599	2025-08-04 12:35:24.899073+04	2325	Mürsəlov Cabir	3		21	1
600	2025-08-04 12:35:24.899073+04	2287	Musayev Araz	3		21	1
601	2025-08-04 12:35:24.899073+04	2324	Mustafayev Elvin	3		21	1
602	2025-08-04 12:35:24.899073+04	2347	Mustafayeva Gülçin	3		21	1
603	2025-08-04 12:35:24.899073+04	2284	Niftəliyev Hüseyn	3		21	1
604	2025-08-04 12:35:24.899073+04	2370	Novruzov Aydın	3		21	1
605	2025-08-04 12:35:24.899073+04	2348	Novruzov Niyazi	3		21	1
606	2025-08-04 12:35:24.899073+04	2315	Novruzova Bəhriyyə	3		21	1
607	2025-08-04 12:35:24.899073+04	2349	Nümunə ad	3		21	1
608	2025-08-04 12:35:24.899073+04	2350	Qoçəliyeva Esmira	3		21	1
609	2025-08-04 12:35:24.899073+04	2351	Quliyev Vidadi	3		21	1
610	2025-08-04 12:35:24.899073+04	2352	Quliyeva Nəzrin	3		21	1
611	2025-08-04 12:35:24.899073+04	2372	Qurbanov Əli	3		21	1
612	2025-08-04 12:35:24.899073+04	2295	Rəhimova Arzu	3		21	1
613	2025-08-04 12:35:24.899073+04	2354	Rəhmiyyə Dr	3		21	1
614	2025-08-04 12:35:24.899073+04	2353	Rzayev Yaşar	3		21	1
615	2025-08-04 12:35:24.899073+04	2355	Səfərov Anar	3		21	1
616	2025-08-04 12:35:24.899073+04	2377	Səfərov Ənvər	3		21	1
617	2025-08-04 12:35:24.899073+04	2316	Səlimli Məryəm	3		21	1
618	2025-08-04 12:35:24.899073+04	2317	Səttarov İslam	3		21	1
619	2025-08-04 12:35:24.899073+04	2318	Səyyadova Səbinə	3		21	1
620	2025-08-04 12:35:24.899073+04	2327	Şükürlü Azad	3		21	1
621	2025-08-04 12:35:24.899073+04	2296	Süleymanlı Ayşən	3		21	1
622	2025-08-04 12:35:24.899073+04	2303	Tahirova Aytən	3		21	1
623	2025-08-04 12:35:24.899073+04	2326	Tarquluyev Tarqulu	3		21	1
624	2025-08-04 12:35:24.899073+04	2356	Tarverdiyeva Şəfəq	3		21	1
625	2025-08-04 12:35:24.899073+04	2357	Tayuk Xaspolad	3		21	1
626	2025-08-04 12:35:24.899073+04	2359	Vəliyeva Vəfa	3		21	1
627	2025-08-04 12:35:24.899073+04	2358	Verdiyev Vüqar	3		21	1
628	2025-08-04 12:35:24.899073+04	2301	Zeynalov Sərxan	3		21	1
629	2025-08-04 12:35:24.899073+04	2360	Zeynalova İlahə	3		21	1
630	2025-08-04 12:40:00.988478+04	117	Kartovey	3		10	1
631	2025-08-04 12:40:00.988478+04	116	Prostazolin	3		10	1
632	2025-08-04 12:40:00.988478+04	115	Soltrop	3		10	1
633	2025-08-04 12:40:00.988478+04	114	Heptrazol	3		10	1
634	2025-08-04 12:40:00.988478+04	113	Vitomer Kids	3		10	1
635	2025-08-04 12:40:00.988478+04	112	Kalvey	3		10	1
636	2025-08-04 12:40:00.988478+04	111	Fensavin	3		10	1
637	2025-08-04 12:40:00.988478+04	110	Ropsol	3		10	1
638	2025-08-04 12:40:00.988478+04	109	Betasol	3		10	1
639	2025-08-04 12:40:00.988478+04	108	Opsidol	3		10	1
640	2025-08-04 12:40:00.988478+04	107	Solseda	3		10	1
641	2025-08-04 12:40:00.988478+04	106	Opeblock	3		10	1
642	2025-08-04 12:40:00.988478+04	105	Levostrong	3		10	1
643	2025-08-04 12:40:00.988478+04	104	Zemovar	3		10	1
644	2025-08-04 12:40:00.988478+04	103	Fesola	3		10	1
645	2025-08-04 12:40:00.988478+04	102	Vitomer	3		10	1
646	2025-08-04 12:40:00.988478+04	101	Serrasol	3		10	1
647	2025-08-04 12:54:17.933062+04	426	Səfərov Ənvər - 2025-08-04	3		22	1
648	2025-08-04 12:54:17.933062+04	425	Məlikov Elvin - 2025-08-04	3		22	1
649	2025-08-04 12:54:17.933062+04	424	arxivv - 2025-08-04	3		22	1
650	2025-08-04 12:54:17.933062+04	423	Camalova Ofelya - 2025-08-04	3		22	1
651	2025-08-04 12:54:17.933062+04	422	Camalov Hidayət - 2025-08-04	3		22	1
652	2025-08-04 12:54:17.933062+04	421	Qurbanov Əli - 2025-08-04	3		22	1
653	2025-08-04 12:54:17.933626+04	420	Əliyev Nizami - 2025-08-04	3		22	1
654	2025-08-04 12:54:17.933643+04	419	Novruzov Aydın - 2025-08-04	3		22	1
655	2025-08-04 12:54:17.933685+04	418	Həsənov Nüsrət - 2025-08-04	3		22	1
656	2025-08-04 12:54:17.933685+04	417	Fərəcova Türanə - 2025-08-04	3		22	1
657	2025-08-04 12:54:17.933685+04	416	Cəfərov Nurlan - 2025-08-04	3		22	1
658	2025-08-04 12:54:17.933685+04	415	Bağırova Kəmalə - 2025-08-04	3		22	1
659	2025-08-04 12:54:17.933685+04	414	Babayev Seyfəddin - 2025-08-04	3		22	1
660	2025-08-04 12:54:17.933685+04	413	Abbasov Hüseynalı - 2025-08-04	3		22	1
661	2025-08-04 12:54:17.933685+04	412	Əsgərov Malik - 2025-08-04	3		22	1
662	2025-08-04 12:54:17.933685+04	411	İsmayılova Aysel - 2025-08-04	3		22	1
663	2025-08-04 12:54:17.933685+04	410	İmanova İsmət - 2025-08-04	3		22	1
664	2025-08-04 12:54:17.933685+04	409	Zeynalova İlahə - 2025-08-04	3		22	1
665	2025-08-04 12:54:17.933685+04	408	Vəliyeva Vəfa - 2025-08-04	3		22	1
666	2025-08-04 12:54:17.933685+04	407	Verdiyev Vüqar - 2025-08-04	3		22	1
667	2025-08-04 12:54:17.933685+04	406	Tayuk Xaspolad - 2025-08-04	3		22	1
668	2025-08-04 12:54:17.933685+04	405	Tarverdiyeva Şəfəq - 2025-08-04	3		22	1
669	2025-08-04 12:54:17.933685+04	404	Səfərov Anar - 2025-08-04	3		22	1
670	2025-08-04 12:54:17.933685+04	403	Rəhmiyyə Dr - 2025-08-04	3		22	1
671	2025-08-04 12:54:17.933685+04	402	Rzayev Yaşar - 2025-08-04	3		22	1
672	2025-08-04 12:54:17.933685+04	401	Quliyeva Nəzrin - 2025-08-04	3		22	1
673	2025-08-04 12:54:17.933685+04	400	Quliyev Vidadi - 2025-08-04	3		22	1
674	2025-08-04 12:54:17.933685+04	399	Qoçəliyeva Esmira - 2025-08-04	3		22	1
675	2025-08-04 12:54:17.933685+04	398	Nümunə ad - 2025-08-04	3		22	1
676	2025-08-04 12:54:17.933685+04	397	Novruzov Niyazi - 2025-08-04	3		22	1
677	2025-08-04 12:54:17.933685+04	396	Mustafayeva Gülçin - 2025-08-04	3		22	1
678	2025-08-04 12:54:17.933685+04	395	Mirzəyeva Səkinə - 2025-08-04	3		22	1
679	2025-08-04 12:54:17.933685+04	394	Mehdiyev Sabir - 2025-08-04	3		22	1
680	2025-08-04 12:54:17.933685+04	393	Hüseynova Nərmin - 2025-08-04	3		22	1
681	2025-08-04 12:54:17.933685+04	392	Hacıyev Ramin - 2025-08-04	3		22	1
682	2025-08-04 12:54:17.933685+04	391	Fətəliyeva Qızılgül - 2025-08-04	3		22	1
683	2025-08-04 12:54:17.933685+04	390	Fətullayev İntiqam - 2025-08-04	3		22	1
684	2025-08-04 12:54:17.933685+04	389	Fərzəliyev Fazil - 2025-08-04	3		22	1
685	2025-08-04 12:54:17.933685+04	388	Dünyamalıyeva Aysel - 2025-08-04	3		22	1
686	2025-08-04 12:54:17.933685+04	387	Cəlilova Sona - 2025-08-04	3		22	1
687	2025-08-04 12:54:17.933685+04	386	Cəfərli Zümrüd - 2025-08-04	3		22	1
1374	2025-08-06 12:11:10.001057+04	48	nan	3		18	1
688	2025-08-04 12:54:17.933685+04	385	Bağırova Leyla - 2025-08-04	3		22	1
689	2025-08-04 12:54:17.933685+04	384	Bağırova Günay - 2025-08-04	3		22	1
690	2025-08-04 12:54:17.933685+04	383	Bağırova Elnurə - 2025-08-04	3		22	1
691	2025-08-04 12:54:17.933685+04	382	Babayeva Xeyrənsə - 2025-08-04	3		22	1
692	2025-08-04 12:54:17.934687+04	381	Aslanov Elnur - 2025-08-04	3		22	1
693	2025-08-04 12:54:17.934687+04	380	Allahverdiyeva Tərlan - 2025-08-04	3		22	1
694	2025-08-04 12:54:17.934687+04	379	Allahverdiyeva Gülan - 2025-08-04	3		22	1
695	2025-08-04 12:54:17.934687+04	378	Abdullayeva Dilarə - 2025-08-04	3		22	1
696	2025-08-04 12:54:17.934687+04	377	Abbasova Bəyim - 2025-08-04	3		22	1
697	2025-08-04 12:54:17.934687+04	376	Şükürlü Azad - 2025-08-04	3		22	1
698	2025-08-04 12:54:17.934687+04	375	Tarquluyev Tarqulu - 2025-08-04	3		22	1
699	2025-08-04 12:54:17.934687+04	374	Mürsəlov Cabir - 2025-08-04	3		22	1
700	2025-08-04 12:54:17.934687+04	373	Mustafayev Elvin - 2025-08-04	3		22	1
701	2025-08-04 12:54:17.934687+04	372	Fikrətli Dəyanət - 2025-08-04	3		22	1
702	2025-08-04 12:54:17.934687+04	371	Cəfərov Rəşad - 2025-08-04	3		22	1
703	2025-08-04 12:54:17.934687+04	370	Axverdiyev Mustafa - 2025-08-04	3		22	1
704	2025-08-04 12:54:17.934687+04	369	Əliyeva Gülxar - 2025-08-04	3		22	1
705	2025-08-04 12:54:17.934687+04	368	İsmayılova Siddiqə - 2025-08-04	3		22	1
706	2025-08-04 12:54:17.934687+04	367	Səyyadova Səbinə - 2025-08-04	3		22	1
707	2025-08-04 12:54:17.934687+04	366	Səttarov İslam - 2025-08-04	3		22	1
708	2025-08-04 12:54:17.934687+04	365	Səlimli Məryəm - 2025-08-04	3		22	1
709	2025-08-04 12:54:17.934687+04	364	Novruzova Bəhriyyə - 2025-08-04	3		22	1
710	2025-08-04 12:54:17.934687+04	363	Mamedova Könül - 2025-08-04	3		22	1
711	2025-08-04 12:54:17.934687+04	362	Həsənova Təranə - 2025-08-04	3		22	1
712	2025-08-04 12:54:17.934687+04	361	Hümbətova Gülnarə - 2025-08-04	3		22	1
713	2025-08-04 12:54:17.934687+04	360	Gülməmmədova Nəzakət - 2025-08-04	3		22	1
714	2025-08-04 12:54:17.934687+04	359	Bayramova Aidə - 2025-08-04	3		22	1
715	2025-08-04 12:54:17.934687+04	358	Babayeva Rəfayə - 2025-08-04	3		22	1
716	2025-08-04 12:54:17.934687+04	357	İbrahimova Tamella - 2025-08-04	3		22	1
717	2025-08-04 12:54:17.934687+04	356	Hacıyeva Sürayyə - 2025-08-04	3		22	1
718	2025-08-04 12:54:17.934687+04	355	Aytac dr - 2025-08-04	3		22	1
719	2025-08-04 12:54:17.934687+04	354	İsmayılova Dilguşə - 2025-08-04	3		22	1
720	2025-08-04 12:54:17.934687+04	353	Tahirova Aytən - 2025-08-04	3		22	1
721	2025-08-04 12:54:17.934687+04	352	Kazımova Sabirə - 2025-08-04	3		22	1
722	2025-08-04 12:54:17.934687+04	351	Zeynalov Sərxan - 2025-08-04	3		22	1
723	2025-08-04 12:54:17.934687+04	350	Əliyeva Nuray - 2025-08-04	3		22	1
724	2025-08-04 12:54:17.934687+04	349	İsmayılova Türkan - 2025-08-04	3		22	1
725	2025-08-04 12:54:17.934687+04	348	İsmayılov Amin - 2025-08-04	3		22	1
726	2025-08-04 12:54:17.934687+04	347	İbrahimli Əkbər - 2025-08-04	3		22	1
727	2025-08-04 12:54:17.934687+04	346	Süleymanlı Ayşən - 2025-08-04	3		22	1
728	2025-08-04 12:54:17.935686+04	345	Rəhimova Arzu - 2025-08-04	3		22	1
729	2025-08-04 12:54:17.935686+04	344	Mikayılov Amind - 2025-08-04	3		22	1
730	2025-08-04 12:54:17.935686+04	343	Ağayev Mamed - 2025-08-04	3		22	1
731	2025-08-04 12:54:17.935686+04	342	Ələkbərov Anar - 2025-08-04	3		22	1
732	2025-08-04 12:54:17.935686+04	341	Hüseynov Cabir - 2025-08-04	3		22	1
733	2025-08-04 12:54:17.935686+04	340	Hüseynov Cabir - 2025-08-04	3		22	1
734	2025-08-04 12:54:17.935686+04	339	Hüseynov Cabir - 2025-08-04	3		22	1
735	2025-08-04 12:54:17.935686+04	338	Hüseynov Cabir - 2025-08-04	3		22	1
736	2025-08-04 12:54:17.935686+04	337	Cəfərova Əminə - 2025-08-04	3		22	1
737	2025-08-04 12:54:17.935686+04	336	Məmmədov Fəxrəddin - 2025-08-04	3		22	1
738	2025-08-04 12:54:17.935686+04	335	Musayev Araz - 2025-08-04	3		22	1
739	2025-08-04 12:54:17.935686+04	334	Həsənov Vəliqulu - 2025-08-04	3		22	1
740	2025-08-04 12:54:17.935686+04	333	Bababəyli Namiq - 2025-08-04	3		22	1
741	2025-08-04 12:54:17.935686+04	332	Niftəliyev Hüseyn - 2025-08-04	3		22	1
742	2025-08-04 12:54:17.935686+04	331	Baxşəliyeva Gülarə - 2025-08-04	3		22	1
743	2025-08-04 12:54:17.935686+04	330	Səfərov Ənvər - 2025-08-04	3		22	1
744	2025-08-04 12:54:17.935686+04	329	Məlikov Elvin - 2025-08-04	3		22	1
745	2025-08-04 12:54:17.935686+04	328	arxivv - 2025-08-04	3		22	1
746	2025-08-04 12:54:17.935686+04	327	Camalova Ofelya - 2025-08-04	3		22	1
747	2025-08-04 13:15:05.410369+04	326	Camalov Hidayət - 2025-08-04	3		22	1
748	2025-08-04 13:15:05.410369+04	325	Qurbanov Əli - 2025-08-04	3		22	1
749	2025-08-04 13:15:05.410369+04	324	Əliyev Nizami - 2025-08-04	3		22	1
750	2025-08-04 13:15:05.410369+04	323	Novruzov Aydın - 2025-08-04	3		22	1
751	2025-08-04 13:15:05.410369+04	322	Həsənov Nüsrət - 2025-08-04	3		22	1
752	2025-08-04 13:15:05.410369+04	321	Fərəcova Türanə - 2025-08-04	3		22	1
753	2025-08-04 13:15:05.410369+04	320	Cəfərov Nurlan - 2025-08-04	3		22	1
754	2025-08-04 13:15:05.410369+04	319	Bağırova Kəmalə - 2025-08-04	3		22	1
755	2025-08-04 13:15:05.410369+04	318	Babayev Seyfəddin - 2025-08-04	3		22	1
756	2025-08-04 13:15:05.410369+04	317	Abbasov Hüseynalı - 2025-08-04	3		22	1
757	2025-08-04 13:15:05.410369+04	316	Əsgərov Malik - 2025-08-04	3		22	1
758	2025-08-04 13:15:05.410369+04	315	İsmayılova Aysel - 2025-08-04	3		22	1
759	2025-08-04 13:15:05.410369+04	314	İmanova İsmət - 2025-08-04	3		22	1
760	2025-08-04 13:15:05.410369+04	313	Zeynalova İlahə - 2025-08-04	3		22	1
761	2025-08-04 13:15:05.410369+04	312	Vəliyeva Vəfa - 2025-08-04	3		22	1
762	2025-08-04 13:15:05.411368+04	311	Verdiyev Vüqar - 2025-08-04	3		22	1
763	2025-08-04 13:15:05.411368+04	310	Tayuk Xaspolad - 2025-08-04	3		22	1
764	2025-08-04 13:15:05.411368+04	309	Tarverdiyeva Şəfəq - 2025-08-04	3		22	1
765	2025-08-04 13:15:05.411368+04	308	Səfərov Anar - 2025-08-04	3		22	1
766	2025-08-04 13:15:05.411368+04	307	Rəhmiyyə Dr - 2025-08-04	3		22	1
767	2025-08-04 13:15:05.411368+04	306	Rzayev Yaşar - 2025-08-04	3		22	1
768	2025-08-04 13:15:05.411368+04	305	Quliyeva Nəzrin - 2025-08-04	3		22	1
769	2025-08-04 13:15:05.411368+04	304	Quliyev Vidadi - 2025-08-04	3		22	1
770	2025-08-04 13:15:05.411368+04	303	Qoçəliyeva Esmira - 2025-08-04	3		22	1
771	2025-08-04 13:15:05.411368+04	302	Nümunə ad - 2025-08-04	3		22	1
772	2025-08-04 13:15:05.411368+04	301	Novruzov Niyazi - 2025-08-04	3		22	1
773	2025-08-04 13:15:05.411368+04	300	Mustafayeva Gülçin - 2025-08-04	3		22	1
774	2025-08-04 13:15:05.411368+04	299	Mirzəyeva Səkinə - 2025-08-04	3		22	1
775	2025-08-04 13:15:05.411368+04	298	Mehdiyev Sabir - 2025-08-04	3		22	1
776	2025-08-04 13:15:05.411368+04	297	Hüseynova Nərmin - 2025-08-04	3		22	1
777	2025-08-04 13:15:05.411368+04	296	Hacıyev Ramin - 2025-08-04	3		22	1
778	2025-08-04 13:15:05.411368+04	295	Fətəliyeva Qızılgül - 2025-08-04	3		22	1
779	2025-08-04 13:15:05.411368+04	294	Fətullayev İntiqam - 2025-08-04	3		22	1
780	2025-08-04 13:15:05.411368+04	293	Fərzəliyev Fazil - 2025-08-04	3		22	1
781	2025-08-04 13:15:05.411368+04	292	Dünyamalıyeva Aysel - 2025-08-04	3		22	1
782	2025-08-04 13:15:05.411368+04	291	Cəlilova Sona - 2025-08-04	3		22	1
783	2025-08-04 13:15:05.411368+04	290	Cəfərli Zümrüd - 2025-08-04	3		22	1
784	2025-08-04 13:15:05.411368+04	289	Bağırova Leyla - 2025-08-04	3		22	1
785	2025-08-04 13:15:05.411368+04	288	Bağırova Günay - 2025-08-04	3		22	1
786	2025-08-04 13:15:05.411368+04	287	Bağırova Elnurə - 2025-08-04	3		22	1
787	2025-08-04 13:15:05.411368+04	286	Babayeva Xeyrənsə - 2025-08-04	3		22	1
788	2025-08-04 13:15:05.411368+04	285	Aslanov Elnur - 2025-08-04	3		22	1
789	2025-08-04 13:15:05.411368+04	284	Allahverdiyeva Tərlan - 2025-08-04	3		22	1
790	2025-08-04 13:15:05.411368+04	283	Allahverdiyeva Gülan - 2025-08-04	3		22	1
791	2025-08-04 13:15:05.411368+04	282	Abdullayeva Dilarə - 2025-08-04	3		22	1
792	2025-08-04 13:15:05.412366+04	281	Abbasova Bəyim - 2025-08-04	3		22	1
793	2025-08-04 13:15:05.412366+04	280	Şükürlü Azad - 2025-08-04	3		22	1
794	2025-08-04 13:15:05.412366+04	279	Tarquluyev Tarqulu - 2025-08-04	3		22	1
795	2025-08-04 13:15:05.412366+04	278	Mürsəlov Cabir - 2025-08-04	3		22	1
796	2025-08-04 13:15:05.412366+04	277	Mustafayev Elvin - 2025-08-04	3		22	1
797	2025-08-04 13:15:05.412366+04	276	Fikrətli Dəyanət - 2025-08-04	3		22	1
798	2025-08-04 13:15:05.412366+04	275	Cəfərov Rəşad - 2025-08-04	3		22	1
799	2025-08-04 13:15:05.412366+04	274	Axverdiyev Mustafa - 2025-08-04	3		22	1
800	2025-08-04 13:15:05.412366+04	273	Əliyeva Gülxar - 2025-08-04	3		22	1
801	2025-08-04 13:15:05.412366+04	272	İsmayılova Siddiqə - 2025-08-04	3		22	1
802	2025-08-04 13:15:05.412366+04	271	Səyyadova Səbinə - 2025-08-04	3		22	1
803	2025-08-04 13:15:05.412366+04	270	Səttarov İslam - 2025-08-04	3		22	1
804	2025-08-04 13:15:05.412366+04	269	Səlimli Məryəm - 2025-08-04	3		22	1
805	2025-08-04 13:15:05.412366+04	268	Novruzova Bəhriyyə - 2025-08-04	3		22	1
806	2025-08-04 13:15:05.412366+04	267	Mamedova Könül - 2025-08-04	3		22	1
807	2025-08-04 13:15:05.412366+04	266	Həsənova Təranə - 2025-08-04	3		22	1
808	2025-08-04 13:15:05.412366+04	265	Hümbətova Gülnarə - 2025-08-04	3		22	1
809	2025-08-04 13:15:05.412366+04	264	Gülməmmədova Nəzakət - 2025-08-04	3		22	1
810	2025-08-04 13:15:05.412366+04	263	Bayramova Aidə - 2025-08-04	3		22	1
811	2025-08-04 13:15:05.412366+04	262	Babayeva Rəfayə - 2025-08-04	3		22	1
812	2025-08-04 13:15:05.412366+04	261	İbrahimova Tamella - 2025-08-04	3		22	1
813	2025-08-04 13:15:05.412366+04	260	Hacıyeva Sürayyə - 2025-08-04	3		22	1
814	2025-08-04 13:15:05.412366+04	259	Aytac dr - 2025-08-04	3		22	1
815	2025-08-04 13:15:05.412366+04	258	İsmayılova Dilguşə - 2025-08-04	3		22	1
816	2025-08-04 13:15:05.412366+04	257	Tahirova Aytən - 2025-08-04	3		22	1
817	2025-08-04 13:15:05.412366+04	256	Kazımova Sabirə - 2025-08-04	3		22	1
818	2025-08-04 13:15:05.412366+04	255	Zeynalov Sərxan - 2025-08-04	3		22	1
819	2025-08-04 13:15:05.413546+04	254	Əliyeva Nuray - 2025-08-04	3		22	1
820	2025-08-04 13:15:05.413546+04	253	İsmayılova Türkan - 2025-08-04	3		22	1
821	2025-08-04 13:15:05.413546+04	252	İsmayılov Amin - 2025-08-04	3		22	1
822	2025-08-04 13:15:05.413546+04	251	İbrahimli Əkbər - 2025-08-04	3		22	1
823	2025-08-04 13:15:05.413546+04	250	Süleymanlı Ayşən - 2025-08-04	3		22	1
824	2025-08-04 13:15:05.413834+04	249	Rəhimova Arzu - 2025-08-04	3		22	1
825	2025-08-04 13:15:05.413877+04	248	Mikayılov Amind - 2025-08-04	3		22	1
826	2025-08-04 13:15:05.413911+04	247	Ağayev Mamed - 2025-08-04	3		22	1
827	2025-08-04 13:15:05.413911+04	246	Ələkbərov Anar - 2025-08-04	3		22	1
828	2025-08-04 13:15:05.413911+04	245	Hüseynov Cabir - 2025-08-04	3		22	1
829	2025-08-04 13:15:05.413911+04	244	Hüseynov Cabir - 2025-08-04	3		22	1
830	2025-08-04 13:15:05.413911+04	243	Hüseynov Cabir - 2025-08-04	3		22	1
831	2025-08-04 13:15:05.413911+04	242	Hüseynov Cabir - 2025-08-04	3		22	1
832	2025-08-04 13:15:05.413911+04	241	Cəfərova Əminə - 2025-08-04	3		22	1
833	2025-08-04 13:15:05.413911+04	240	Məmmədov Fəxrəddin - 2025-08-04	3		22	1
834	2025-08-04 13:15:05.413911+04	239	Musayev Araz - 2025-08-04	3		22	1
835	2025-08-04 13:15:05.413911+04	238	Həsənov Vəliqulu - 2025-08-04	3		22	1
836	2025-08-04 13:15:05.413911+04	237	Bababəyli Namiq - 2025-08-04	3		22	1
837	2025-08-04 13:15:05.413911+04	236	Niftəliyev Hüseyn - 2025-08-04	3		22	1
838	2025-08-04 13:15:05.413911+04	235	Baxşəliyeva Gülarə - 2025-08-04	3		22	1
839	2025-08-04 13:15:05.413911+04	234	Cəfərova Əminə - 2025-08-04	3		22	1
840	2025-08-04 13:15:05.413911+04	233	Məmmədov Fəxrəddin - 2025-08-04	3		22	1
841	2025-08-04 13:15:05.413911+04	232	Musayev Araz - 2025-08-04	3		22	1
842	2025-08-04 13:15:05.413911+04	231	Həsənov Vəliqulu - 2025-08-04	3		22	1
843	2025-08-04 13:15:05.413911+04	230	Bababəyli Namiq - 2025-08-04	3		22	1
844	2025-08-04 13:15:05.413911+04	229	Niftəliyev Hüseyn - 2025-08-04	3		22	1
845	2025-08-04 13:15:05.413911+04	228	Baxşəliyeva Gülarə - 2025-08-04	3		22	1
846	2025-08-04 13:15:05.413911+04	227	Cəfərova Əminə - 2025-08-04	3		22	1
847	2025-08-04 13:15:13.216965+04	522	Səfərov Ənvər - 2025-08-04	3		22	1
848	2025-08-04 13:15:13.216965+04	521	Məlikov Elvin - 2025-08-04	3		22	1
849	2025-08-04 13:15:13.216965+04	520	arxivv - 2025-08-04	3		22	1
850	2025-08-04 13:15:13.216965+04	519	Camalova Ofelya - 2025-08-04	3		22	1
851	2025-08-04 13:15:13.216965+04	518	Camalov Hidayət - 2025-08-04	3		22	1
852	2025-08-04 13:15:13.216965+04	517	Qurbanov Əli - 2025-08-04	3		22	1
853	2025-08-04 13:15:13.216965+04	516	Əliyev Nizami - 2025-08-04	3		22	1
854	2025-08-04 13:15:13.216965+04	515	Novruzov Aydın - 2025-08-04	3		22	1
855	2025-08-04 13:15:13.216965+04	514	Həsənov Nüsrət - 2025-08-04	3		22	1
856	2025-08-04 13:15:13.216965+04	513	Fərəcova Türanə - 2025-08-04	3		22	1
857	2025-08-04 13:15:13.217964+04	512	Cəfərov Nurlan - 2025-08-04	3		22	1
858	2025-08-04 13:15:13.217964+04	511	Bağırova Kəmalə - 2025-08-04	3		22	1
859	2025-08-04 13:15:13.217964+04	510	Babayev Seyfəddin - 2025-08-04	3		22	1
860	2025-08-04 13:15:13.217964+04	509	Abbasov Hüseynalı - 2025-08-04	3		22	1
861	2025-08-04 13:15:13.217964+04	508	Əsgərov Malik - 2025-08-04	3		22	1
862	2025-08-04 13:15:13.217964+04	507	İsmayılova Aysel - 2025-08-04	3		22	1
863	2025-08-04 13:15:13.217964+04	506	İmanova İsmət - 2025-08-04	3		22	1
864	2025-08-04 13:15:13.217964+04	505	Zeynalova İlahə - 2025-08-04	3		22	1
865	2025-08-04 13:15:13.217964+04	504	Vəliyeva Vəfa - 2025-08-04	3		22	1
866	2025-08-04 13:15:13.217964+04	503	Verdiyev Vüqar - 2025-08-04	3		22	1
867	2025-08-04 13:15:13.217964+04	502	Tayuk Xaspolad - 2025-08-04	3		22	1
868	2025-08-04 13:15:13.217964+04	501	Tarverdiyeva Şəfəq - 2025-08-04	3		22	1
869	2025-08-04 13:15:13.217964+04	500	Səfərov Anar - 2025-08-04	3		22	1
870	2025-08-04 13:15:13.217964+04	499	Rəhmiyyə Dr - 2025-08-04	3		22	1
871	2025-08-04 13:15:13.217964+04	498	Rzayev Yaşar - 2025-08-04	3		22	1
872	2025-08-04 13:15:13.217964+04	497	Quliyeva Nəzrin - 2025-08-04	3		22	1
873	2025-08-04 13:15:13.217964+04	496	Quliyev Vidadi - 2025-08-04	3		22	1
874	2025-08-04 13:15:13.217964+04	495	Qoçəliyeva Esmira - 2025-08-04	3		22	1
875	2025-08-04 13:15:13.217964+04	494	Nümunə ad - 2025-08-04	3		22	1
876	2025-08-04 13:15:13.217964+04	493	Novruzov Niyazi - 2025-08-04	3		22	1
877	2025-08-04 13:15:13.217964+04	492	Mustafayeva Gülçin - 2025-08-04	3		22	1
878	2025-08-04 13:15:13.217964+04	491	Mirzəyeva Səkinə - 2025-08-04	3		22	1
879	2025-08-04 13:15:13.217964+04	490	Mehdiyev Sabir - 2025-08-04	3		22	1
880	2025-08-04 13:15:13.217964+04	489	Hüseynova Nərmin - 2025-08-04	3		22	1
881	2025-08-04 13:15:13.217964+04	488	Hacıyev Ramin - 2025-08-04	3		22	1
882	2025-08-04 13:15:13.217964+04	487	Fətəliyeva Qızılgül - 2025-08-04	3		22	1
883	2025-08-04 13:15:13.217964+04	486	Fətullayev İntiqam - 2025-08-04	3		22	1
884	2025-08-04 13:15:13.217964+04	485	Fərzəliyev Fazil - 2025-08-04	3		22	1
885	2025-08-04 13:15:13.218963+04	484	Dünyamalıyeva Aysel - 2025-08-04	3		22	1
886	2025-08-04 13:15:13.218963+04	483	Cəlilova Sona - 2025-08-04	3		22	1
887	2025-08-04 13:15:13.218963+04	482	Cəfərli Zümrüd - 2025-08-04	3		22	1
888	2025-08-04 13:15:13.218963+04	481	Bağırova Leyla - 2025-08-04	3		22	1
889	2025-08-04 13:15:13.218963+04	480	Bağırova Günay - 2025-08-04	3		22	1
890	2025-08-04 13:15:13.218963+04	479	Bağırova Elnurə - 2025-08-04	3		22	1
891	2025-08-04 13:15:13.218963+04	478	Babayeva Xeyrənsə - 2025-08-04	3		22	1
892	2025-08-04 13:15:13.218963+04	477	Aslanov Elnur - 2025-08-04	3		22	1
893	2025-08-04 13:15:13.218963+04	476	Allahverdiyeva Tərlan - 2025-08-04	3		22	1
894	2025-08-04 13:15:13.218963+04	475	Allahverdiyeva Gülan - 2025-08-04	3		22	1
895	2025-08-04 13:15:13.218963+04	474	Abdullayeva Dilarə - 2025-08-04	3		22	1
896	2025-08-04 13:15:13.218963+04	473	Abbasova Bəyim - 2025-08-04	3		22	1
897	2025-08-04 13:15:13.218963+04	472	Şükürlü Azad - 2025-08-04	3		22	1
898	2025-08-04 13:15:13.218963+04	471	Tarquluyev Tarqulu - 2025-08-04	3		22	1
899	2025-08-04 13:15:13.218963+04	470	Mürsəlov Cabir - 2025-08-04	3		22	1
900	2025-08-04 13:15:13.218963+04	469	Mustafayev Elvin - 2025-08-04	3		22	1
901	2025-08-04 13:15:13.218963+04	468	Fikrətli Dəyanət - 2025-08-04	3		22	1
902	2025-08-04 13:15:13.218963+04	467	Cəfərov Rəşad - 2025-08-04	3		22	1
903	2025-08-04 13:15:13.218963+04	466	Axverdiyev Mustafa - 2025-08-04	3		22	1
904	2025-08-04 13:15:13.218963+04	465	Əliyeva Gülxar - 2025-08-04	3		22	1
905	2025-08-04 13:15:13.218963+04	464	İsmayılova Siddiqə - 2025-08-04	3		22	1
906	2025-08-04 13:15:13.218963+04	463	Səyyadova Səbinə - 2025-08-04	3		22	1
907	2025-08-04 13:15:13.218963+04	462	Səttarov İslam - 2025-08-04	3		22	1
908	2025-08-04 13:15:13.218963+04	461	Səlimli Məryəm - 2025-08-04	3		22	1
909	2025-08-04 13:15:13.218963+04	460	Novruzova Bəhriyyə - 2025-08-04	3		22	1
910	2025-08-04 13:15:13.218963+04	459	Mamedova Könül - 2025-08-04	3		22	1
911	2025-08-04 13:15:13.218963+04	458	Həsənova Təranə - 2025-08-04	3		22	1
912	2025-08-04 13:15:13.218963+04	457	Hümbətova Gülnarə - 2025-08-04	3		22	1
913	2025-08-04 13:15:13.218963+04	456	Gülməmmədova Nəzakət - 2025-08-04	3		22	1
914	2025-08-04 13:15:13.218963+04	455	Bayramova Aidə - 2025-08-04	3		22	1
915	2025-08-04 13:15:13.218963+04	454	Babayeva Rəfayə - 2025-08-04	3		22	1
916	2025-08-04 13:15:13.218963+04	453	İbrahimova Tamella - 2025-08-04	3		22	1
917	2025-08-04 13:15:13.218963+04	452	Hacıyeva Sürayyə - 2025-08-04	3		22	1
918	2025-08-04 13:15:13.218963+04	451	Aytac dr - 2025-08-04	3		22	1
919	2025-08-04 13:15:13.218963+04	450	İsmayılova Dilguşə - 2025-08-04	3		22	1
920	2025-08-04 13:15:13.218963+04	449	Tahirova Aytən - 2025-08-04	3		22	1
921	2025-08-04 13:15:13.218963+04	448	Kazımova Sabirə - 2025-08-04	3		22	1
922	2025-08-04 13:15:13.219963+04	447	Zeynalov Sərxan - 2025-08-04	3		22	1
923	2025-08-04 13:15:13.219963+04	446	Əliyeva Nuray - 2025-08-04	3		22	1
924	2025-08-04 13:15:13.219963+04	445	İsmayılova Türkan - 2025-08-04	3		22	1
925	2025-08-04 13:15:13.219963+04	444	İsmayılov Amin - 2025-08-04	3		22	1
926	2025-08-04 13:15:13.219963+04	443	İbrahimli Əkbər - 2025-08-04	3		22	1
927	2025-08-04 13:15:13.219963+04	442	Süleymanlı Ayşən - 2025-08-04	3		22	1
928	2025-08-04 13:15:13.219963+04	441	Rəhimova Arzu - 2025-08-04	3		22	1
929	2025-08-04 13:15:13.219963+04	440	Mikayılov Amind - 2025-08-04	3		22	1
930	2025-08-04 13:15:13.219963+04	439	Ağayev Mamed - 2025-08-04	3		22	1
931	2025-08-04 13:15:13.219963+04	438	Ələkbərov Anar - 2025-08-04	3		22	1
932	2025-08-04 13:15:13.219963+04	437	Hüseynov Cabir - 2025-08-04	3		22	1
933	2025-08-04 13:15:13.219963+04	436	Hüseynov Cabir - 2025-08-04	3		22	1
934	2025-08-04 13:15:13.219963+04	435	Hüseynov Cabir - 2025-08-04	3		22	1
935	2025-08-04 13:15:13.219963+04	434	Hüseynov Cabir - 2025-08-04	3		22	1
936	2025-08-04 13:15:13.219963+04	433	Cəfərova Əminə - 2025-08-04	3		22	1
937	2025-08-04 13:15:13.219963+04	432	Məmmədov Fəxrəddin - 2025-08-04	3		22	1
938	2025-08-04 13:15:13.219963+04	431	Musayev Araz - 2025-08-04	3		22	1
939	2025-08-04 13:15:13.219963+04	430	Həsənov Vəliqulu - 2025-08-04	3		22	1
940	2025-08-04 13:15:13.219963+04	429	Bababəyli Namiq - 2025-08-04	3		22	1
941	2025-08-04 13:15:13.219963+04	428	Niftəliyev Hüseyn - 2025-08-04	3		22	1
942	2025-08-04 13:15:13.219963+04	427	Baxşəliyeva Gülarə - 2025-08-04	3		22	1
943	2025-08-04 13:15:13.219963+04	226	Məmmədov Fəxrəddin - 2025-08-04	3		22	1
944	2025-08-04 13:15:13.219963+04	225	Musayev Araz - 2025-08-04	3		22	1
945	2025-08-04 13:15:13.219963+04	224	Həsənov Vəliqulu - 2025-08-04	3		22	1
946	2025-08-04 13:15:13.219963+04	223	Bababəyli Namiq - 2025-08-04	3		22	1
947	2025-08-04 13:15:17.418804+04	222	Niftəliyev Hüseyn - 2025-08-04	3		22	1
948	2025-08-04 13:15:17.418804+04	221	Baxşəliyeva Gülarə - 2025-08-04	3		22	1
949	2025-08-04 13:19:20.105692+04	714	Səfərov Ənvər - 2025-08-04	3		22	1
950	2025-08-04 13:19:20.105692+04	713	Məlikov Elvin - 2025-08-04	3		22	1
951	2025-08-04 13:19:20.105692+04	712	arxivv - 2025-08-04	3		22	1
952	2025-08-04 13:19:20.105692+04	711	Camalova Ofelya - 2025-08-04	3		22	1
953	2025-08-04 13:19:20.105692+04	710	Camalov Hidayət - 2025-08-04	3		22	1
954	2025-08-04 13:19:20.106693+04	709	Qurbanov Əli - 2025-08-04	3		22	1
955	2025-08-04 13:19:20.106693+04	708	Əliyev Nizami - 2025-08-04	3		22	1
956	2025-08-04 13:19:20.106693+04	707	Novruzov Aydın - 2025-08-04	3		22	1
957	2025-08-04 13:19:20.106693+04	706	Həsənov Nüsrət - 2025-08-04	3		22	1
958	2025-08-04 13:19:20.106693+04	705	Fərəcova Türanə - 2025-08-04	3		22	1
959	2025-08-04 13:19:20.106693+04	704	Cəfərov Nurlan - 2025-08-04	3		22	1
960	2025-08-04 13:19:20.106693+04	703	Bağırova Kəmalə - 2025-08-04	3		22	1
961	2025-08-04 13:19:20.106693+04	702	Babayev Seyfəddin - 2025-08-04	3		22	1
962	2025-08-04 13:19:20.106693+04	701	Abbasov Hüseynalı - 2025-08-04	3		22	1
963	2025-08-04 13:19:20.106693+04	700	Əsgərov Malik - 2025-08-04	3		22	1
964	2025-08-04 13:19:20.106693+04	699	İsmayılova Aysel - 2025-08-04	3		22	1
965	2025-08-04 13:19:20.106693+04	698	İmanova İsmət - 2025-08-04	3		22	1
966	2025-08-04 13:19:20.106693+04	697	Zeynalova İlahə - 2025-08-04	3		22	1
967	2025-08-04 13:19:20.106693+04	696	Vəliyeva Vəfa - 2025-08-04	3		22	1
968	2025-08-04 13:19:20.106693+04	695	Verdiyev Vüqar - 2025-08-04	3		22	1
969	2025-08-04 13:19:20.106693+04	694	Tayuk Xaspolad - 2025-08-04	3		22	1
970	2025-08-04 13:19:20.106693+04	693	Tarverdiyeva Şəfəq - 2025-08-04	3		22	1
971	2025-08-04 13:19:20.106693+04	692	Səfərov Anar - 2025-08-04	3		22	1
972	2025-08-04 13:19:20.106693+04	691	Rəhmiyyə Dr - 2025-08-04	3		22	1
973	2025-08-04 13:19:20.106693+04	690	Rzayev Yaşar - 2025-08-04	3		22	1
974	2025-08-04 13:19:20.106693+04	689	Quliyeva Nəzrin - 2025-08-04	3		22	1
975	2025-08-04 13:19:20.106693+04	688	Quliyev Vidadi - 2025-08-04	3		22	1
976	2025-08-04 13:19:20.106693+04	687	Qoçəliyeva Esmira - 2025-08-04	3		22	1
977	2025-08-04 13:19:20.106693+04	686	Nümunə ad - 2025-08-04	3		22	1
978	2025-08-04 13:19:20.106693+04	685	Novruzov Niyazi - 2025-08-04	3		22	1
979	2025-08-04 13:19:20.106693+04	684	Mustafayeva Gülçin - 2025-08-04	3		22	1
980	2025-08-04 13:19:20.106693+04	683	Mirzəyeva Səkinə - 2025-08-04	3		22	1
981	2025-08-04 13:19:20.106693+04	682	Mehdiyev Sabir - 2025-08-04	3		22	1
982	2025-08-04 13:19:20.106693+04	681	Hüseynova Nərmin - 2025-08-04	3		22	1
983	2025-08-04 13:19:20.106693+04	680	Hacıyev Ramin - 2025-08-04	3		22	1
984	2025-08-04 13:19:20.107582+04	679	Fətəliyeva Qızılgül - 2025-08-04	3		22	1
985	2025-08-04 13:19:20.107582+04	678	Fətullayev İntiqam - 2025-08-04	3		22	1
986	2025-08-04 13:19:20.107638+04	677	Fərzəliyev Fazil - 2025-08-04	3		22	1
987	2025-08-04 13:19:20.107638+04	676	Dünyamalıyeva Aysel - 2025-08-04	3		22	1
988	2025-08-04 13:19:20.107638+04	675	Cəlilova Sona - 2025-08-04	3		22	1
989	2025-08-04 13:19:20.107638+04	674	Cəfərli Zümrüd - 2025-08-04	3		22	1
990	2025-08-04 13:19:20.107638+04	673	Bağırova Leyla - 2025-08-04	3		22	1
991	2025-08-04 13:19:20.107638+04	672	Bağırova Günay - 2025-08-04	3		22	1
992	2025-08-04 13:19:20.107638+04	671	Bağırova Elnurə - 2025-08-04	3		22	1
993	2025-08-04 13:19:20.107638+04	670	Babayeva Xeyrənsə - 2025-08-04	3		22	1
994	2025-08-04 13:19:20.107638+04	669	Aslanov Elnur - 2025-08-04	3		22	1
995	2025-08-04 13:19:20.107638+04	668	Allahverdiyeva Tərlan - 2025-08-04	3		22	1
996	2025-08-04 13:19:20.107638+04	667	Allahverdiyeva Gülan - 2025-08-04	3		22	1
997	2025-08-04 13:19:20.107638+04	666	Abdullayeva Dilarə - 2025-08-04	3		22	1
998	2025-08-04 13:19:20.107638+04	665	Abbasova Bəyim - 2025-08-04	3		22	1
999	2025-08-04 13:19:20.107638+04	664	Şükürlü Azad - 2025-08-04	3		22	1
1000	2025-08-04 13:19:20.107638+04	663	Tarquluyev Tarqulu - 2025-08-04	3		22	1
1001	2025-08-04 13:19:20.107638+04	662	Mürsəlov Cabir - 2025-08-04	3		22	1
1002	2025-08-04 13:19:20.107638+04	661	Mustafayev Elvin - 2025-08-04	3		22	1
1003	2025-08-04 13:19:20.107638+04	660	Fikrətli Dəyanət - 2025-08-04	3		22	1
1004	2025-08-04 13:19:20.107638+04	659	Cəfərov Rəşad - 2025-08-04	3		22	1
1005	2025-08-04 13:19:20.107638+04	658	Axverdiyev Mustafa - 2025-08-04	3		22	1
1006	2025-08-04 13:19:20.107638+04	657	Əliyeva Gülxar - 2025-08-04	3		22	1
1007	2025-08-04 13:19:20.107638+04	656	İsmayılova Siddiqə - 2025-08-04	3		22	1
1008	2025-08-04 13:19:20.107638+04	655	Səyyadova Səbinə - 2025-08-04	3		22	1
1009	2025-08-04 13:19:20.107638+04	654	Səttarov İslam - 2025-08-04	3		22	1
1010	2025-08-04 13:19:20.107638+04	653	Səlimli Məryəm - 2025-08-04	3		22	1
1011	2025-08-04 13:19:20.107638+04	652	Novruzova Bəhriyyə - 2025-08-04	3		22	1
1012	2025-08-04 13:19:20.107638+04	651	Mamedova Könül - 2025-08-04	3		22	1
1013	2025-08-04 13:19:20.107638+04	650	Həsənova Təranə - 2025-08-04	3		22	1
1014	2025-08-04 13:19:20.107638+04	649	Hümbətova Gülnarə - 2025-08-04	3		22	1
1015	2025-08-04 13:19:20.107638+04	648	Gülməmmədova Nəzakət - 2025-08-04	3		22	1
1016	2025-08-04 13:19:20.107638+04	647	Bayramova Aidə - 2025-08-04	3		22	1
1017	2025-08-04 13:19:20.107638+04	646	Babayeva Rəfayə - 2025-08-04	3		22	1
1018	2025-08-04 13:19:20.107638+04	645	İbrahimova Tamella - 2025-08-04	3		22	1
1019	2025-08-04 13:19:20.107638+04	644	Hacıyeva Sürayyə - 2025-08-04	3		22	1
1020	2025-08-04 13:19:20.107638+04	643	Aytac dr - 2025-08-04	3		22	1
1021	2025-08-04 13:19:20.107638+04	642	İsmayılova Dilguşə - 2025-08-04	3		22	1
1022	2025-08-04 13:19:20.107638+04	641	Tahirova Aytən - 2025-08-04	3		22	1
1023	2025-08-04 13:19:20.108638+04	640	Kazımova Sabirə - 2025-08-04	3		22	1
1024	2025-08-04 13:19:20.108638+04	639	Zeynalov Sərxan - 2025-08-04	3		22	1
1025	2025-08-04 13:19:20.108638+04	638	Əliyeva Nuray - 2025-08-04	3		22	1
1026	2025-08-04 13:19:20.108638+04	637	İsmayılova Türkan - 2025-08-04	3		22	1
1027	2025-08-04 13:19:20.108638+04	636	İsmayılov Amin - 2025-08-04	3		22	1
1028	2025-08-04 13:19:20.108638+04	635	İbrahimli Əkbər - 2025-08-04	3		22	1
1029	2025-08-04 13:19:20.108638+04	634	Süleymanlı Ayşən - 2025-08-04	3		22	1
1030	2025-08-04 13:19:20.108638+04	633	Rəhimova Arzu - 2025-08-04	3		22	1
1031	2025-08-04 13:19:20.108638+04	632	Mikayılov Amind - 2025-08-04	3		22	1
1032	2025-08-04 13:19:20.108638+04	631	Ağayev Mamed - 2025-08-04	3		22	1
1033	2025-08-04 13:19:20.108638+04	630	Ələkbərov Anar - 2025-08-04	3		22	1
1034	2025-08-04 13:19:20.108638+04	629	Hüseynov Cabir - 2025-08-04	3		22	1
1035	2025-08-04 13:19:20.108638+04	628	Hüseynov Cabir - 2025-08-04	3		22	1
1036	2025-08-04 13:19:20.108638+04	627	Hüseynov Cabir - 2025-08-04	3		22	1
1037	2025-08-04 13:19:20.108638+04	626	Hüseynov Cabir - 2025-08-04	3		22	1
1038	2025-08-04 13:19:20.108638+04	625	Cəfərova Əminə - 2025-08-04	3		22	1
1039	2025-08-04 13:19:20.108638+04	624	Məmmədov Fəxrəddin - 2025-08-04	3		22	1
1040	2025-08-04 13:19:20.108638+04	623	Musayev Araz - 2025-08-04	3		22	1
1041	2025-08-04 13:19:20.108638+04	622	Həsənov Vəliqulu - 2025-08-04	3		22	1
1042	2025-08-04 13:19:20.108638+04	621	Bababəyli Namiq - 2025-08-04	3		22	1
1043	2025-08-04 13:19:20.108638+04	620	Niftəliyev Hüseyn - 2025-08-04	3		22	1
1044	2025-08-04 13:19:20.108638+04	619	Baxşəliyeva Gülarə - 2025-08-04	3		22	1
1045	2025-08-04 13:19:20.108638+04	618	Səfərov Ənvər - 2025-08-04	3		22	1
1046	2025-08-04 13:19:20.108638+04	617	Məlikov Elvin - 2025-08-04	3		22	1
1047	2025-08-04 13:19:20.108638+04	616	arxivv - 2025-08-04	3		22	1
1048	2025-08-04 13:19:20.108638+04	615	Camalova Ofelya - 2025-08-04	3		22	1
1049	2025-08-04 13:19:20.108638+04	614	Camalov Hidayət - 2025-08-04	3		22	1
1050	2025-08-04 13:19:20.108638+04	613	Qurbanov Əli - 2025-08-04	3		22	1
1051	2025-08-04 13:19:20.108638+04	612	Əliyev Nizami - 2025-08-04	3		22	1
1052	2025-08-04 13:19:20.108638+04	611	Novruzov Aydın - 2025-08-04	3		22	1
1053	2025-08-04 13:19:20.108638+04	610	Həsənov Nüsrət - 2025-08-04	3		22	1
1054	2025-08-04 13:19:20.108638+04	609	Fərəcova Türanə - 2025-08-04	3		22	1
1055	2025-08-04 13:19:20.108638+04	608	Cəfərov Nurlan - 2025-08-04	3		22	1
1056	2025-08-04 13:19:20.108638+04	607	Bağırova Kəmalə - 2025-08-04	3		22	1
1057	2025-08-04 13:19:20.108638+04	606	Babayev Seyfəddin - 2025-08-04	3		22	1
1058	2025-08-04 13:19:20.108638+04	605	Abbasov Hüseynalı - 2025-08-04	3		22	1
1059	2025-08-04 13:19:20.108638+04	604	Əsgərov Malik - 2025-08-04	3		22	1
1060	2025-08-04 13:19:20.109637+04	603	İsmayılova Aysel - 2025-08-04	3		22	1
1061	2025-08-04 13:19:20.109637+04	602	İmanova İsmət - 2025-08-04	3		22	1
1062	2025-08-04 13:19:20.109637+04	601	Zeynalova İlahə - 2025-08-04	3		22	1
1063	2025-08-04 13:19:20.109637+04	600	Vəliyeva Vəfa - 2025-08-04	3		22	1
1064	2025-08-04 13:19:20.109637+04	599	Verdiyev Vüqar - 2025-08-04	3		22	1
1065	2025-08-04 13:19:20.109637+04	598	Tayuk Xaspolad - 2025-08-04	3		22	1
1066	2025-08-04 13:19:20.109637+04	597	Tarverdiyeva Şəfəq - 2025-08-04	3		22	1
1067	2025-08-04 13:19:20.109637+04	596	Səfərov Anar - 2025-08-04	3		22	1
1068	2025-08-04 13:19:20.109637+04	595	Rəhmiyyə Dr - 2025-08-04	3		22	1
1069	2025-08-04 13:19:20.109637+04	594	Rzayev Yaşar - 2025-08-04	3		22	1
1070	2025-08-04 13:19:20.109637+04	593	Quliyeva Nəzrin - 2025-08-04	3		22	1
1071	2025-08-04 13:19:20.109637+04	592	Quliyev Vidadi - 2025-08-04	3		22	1
1072	2025-08-04 13:19:20.109637+04	591	Qoçəliyeva Esmira - 2025-08-04	3		22	1
1073	2025-08-04 13:19:20.109637+04	590	Nümunə ad - 2025-08-04	3		22	1
1074	2025-08-04 13:19:20.109637+04	589	Novruzov Niyazi - 2025-08-04	3		22	1
1075	2025-08-04 13:19:20.109637+04	588	Mustafayeva Gülçin - 2025-08-04	3		22	1
1076	2025-08-04 13:19:20.109637+04	587	Mirzəyeva Səkinə - 2025-08-04	3		22	1
1077	2025-08-04 13:19:20.109637+04	586	Mehdiyev Sabir - 2025-08-04	3		22	1
1078	2025-08-04 13:19:20.109637+04	585	Hüseynova Nərmin - 2025-08-04	3		22	1
1079	2025-08-04 13:19:20.109637+04	584	Hacıyev Ramin - 2025-08-04	3		22	1
1080	2025-08-04 13:19:20.109637+04	583	Fətəliyeva Qızılgül - 2025-08-04	3		22	1
1081	2025-08-04 13:19:20.109637+04	582	Fətullayev İntiqam - 2025-08-04	3		22	1
1082	2025-08-04 13:19:20.109637+04	581	Fərzəliyev Fazil - 2025-08-04	3		22	1
1083	2025-08-04 13:19:20.109637+04	580	Dünyamalıyeva Aysel - 2025-08-04	3		22	1
1084	2025-08-04 13:19:20.109637+04	579	Cəlilova Sona - 2025-08-04	3		22	1
1085	2025-08-04 13:19:20.110637+04	578	Cəfərli Zümrüd - 2025-08-04	3		22	1
1086	2025-08-04 13:19:20.110637+04	577	Bağırova Leyla - 2025-08-04	3		22	1
1087	2025-08-04 13:19:20.110729+04	576	Bağırova Günay - 2025-08-04	3		22	1
1088	2025-08-04 13:19:20.110762+04	575	Bağırova Elnurə - 2025-08-04	3		22	1
1089	2025-08-04 13:19:20.110762+04	574	Babayeva Xeyrənsə - 2025-08-04	3		22	1
1090	2025-08-04 13:19:20.110762+04	573	Aslanov Elnur - 2025-08-04	3		22	1
1091	2025-08-04 13:19:20.110762+04	572	Allahverdiyeva Tərlan - 2025-08-04	3		22	1
1092	2025-08-04 13:19:20.110762+04	571	Allahverdiyeva Gülan - 2025-08-04	3		22	1
1093	2025-08-04 13:19:20.110762+04	570	Abdullayeva Dilarə - 2025-08-04	3		22	1
1094	2025-08-04 13:19:20.110762+04	569	Abbasova Bəyim - 2025-08-04	3		22	1
1095	2025-08-04 13:19:20.110762+04	568	Şükürlü Azad - 2025-08-04	3		22	1
1096	2025-08-04 13:19:20.110762+04	567	Tarquluyev Tarqulu - 2025-08-04	3		22	1
1097	2025-08-04 13:19:20.110762+04	566	Mürsəlov Cabir - 2025-08-04	3		22	1
1098	2025-08-04 13:19:20.110762+04	565	Mustafayev Elvin - 2025-08-04	3		22	1
1099	2025-08-04 13:19:20.110762+04	564	Fikrətli Dəyanət - 2025-08-04	3		22	1
1100	2025-08-04 13:19:20.110762+04	563	Cəfərov Rəşad - 2025-08-04	3		22	1
1101	2025-08-04 13:19:20.110762+04	562	Axverdiyev Mustafa - 2025-08-04	3		22	1
1102	2025-08-04 13:19:20.110762+04	561	Əliyeva Gülxar - 2025-08-04	3		22	1
1103	2025-08-04 13:19:20.110762+04	560	İsmayılova Siddiqə - 2025-08-04	3		22	1
1104	2025-08-04 13:19:20.110762+04	559	Səyyadova Səbinə - 2025-08-04	3		22	1
1105	2025-08-04 13:19:20.110762+04	558	Səttarov İslam - 2025-08-04	3		22	1
1106	2025-08-04 13:19:20.110762+04	557	Səlimli Məryəm - 2025-08-04	3		22	1
1107	2025-08-04 13:19:20.110762+04	556	Novruzova Bəhriyyə - 2025-08-04	3		22	1
1108	2025-08-04 13:19:20.110762+04	555	Mamedova Könül - 2025-08-04	3		22	1
1109	2025-08-04 13:19:20.110762+04	554	Həsənova Təranə - 2025-08-04	3		22	1
1110	2025-08-04 13:19:20.110762+04	553	Hümbətova Gülnarə - 2025-08-04	3		22	1
1111	2025-08-04 13:19:20.110762+04	552	Gülməmmədova Nəzakət - 2025-08-04	3		22	1
1112	2025-08-04 13:19:20.110762+04	551	Bayramova Aidə - 2025-08-04	3		22	1
1113	2025-08-04 13:19:20.110762+04	550	Babayeva Rəfayə - 2025-08-04	3		22	1
1114	2025-08-04 13:19:20.110762+04	549	İbrahimova Tamella - 2025-08-04	3		22	1
1115	2025-08-04 13:19:20.110762+04	548	Hacıyeva Sürayyə - 2025-08-04	3		22	1
1116	2025-08-04 13:19:20.110762+04	547	Aytac dr - 2025-08-04	3		22	1
1117	2025-08-04 13:19:20.110762+04	546	İsmayılova Dilguşə - 2025-08-04	3		22	1
1118	2025-08-04 13:19:20.110762+04	545	Tahirova Aytən - 2025-08-04	3		22	1
1119	2025-08-04 13:19:20.111762+04	544	Kazımova Sabirə - 2025-08-04	3		22	1
1120	2025-08-04 13:19:20.111762+04	543	Zeynalov Sərxan - 2025-08-04	3		22	1
1121	2025-08-04 13:19:20.111762+04	542	Əliyeva Nuray - 2025-08-04	3		22	1
1122	2025-08-04 13:19:20.111762+04	541	İsmayılova Türkan - 2025-08-04	3		22	1
1123	2025-08-04 13:19:20.111762+04	540	İsmayılov Amin - 2025-08-04	3		22	1
1124	2025-08-04 13:19:20.111762+04	539	İbrahimli Əkbər - 2025-08-04	3		22	1
1125	2025-08-04 13:19:20.111762+04	538	Süleymanlı Ayşən - 2025-08-04	3		22	1
1126	2025-08-04 13:19:20.111762+04	537	Rəhimova Arzu - 2025-08-04	3		22	1
1127	2025-08-04 13:19:20.111762+04	536	Mikayılov Amind - 2025-08-04	3		22	1
1128	2025-08-04 13:19:20.111762+04	535	Ağayev Mamed - 2025-08-04	3		22	1
1129	2025-08-04 13:19:20.111762+04	534	Ələkbərov Anar - 2025-08-04	3		22	1
1130	2025-08-04 13:19:20.111762+04	533	Hüseynov Cabir - 2025-08-04	3		22	1
1131	2025-08-04 13:19:20.111762+04	532	Hüseynov Cabir - 2025-08-04	3		22	1
1132	2025-08-04 13:19:20.111762+04	531	Hüseynov Cabir - 2025-08-04	3		22	1
1133	2025-08-04 13:19:20.111762+04	530	Hüseynov Cabir - 2025-08-04	3		22	1
1134	2025-08-04 13:19:20.111762+04	529	Cəfərova Əminə - 2025-08-04	3		22	1
1135	2025-08-04 13:19:20.111762+04	528	Məmmədov Fəxrəddin - 2025-08-04	3		22	1
1136	2025-08-04 13:19:20.111762+04	527	Musayev Araz - 2025-08-04	3		22	1
1137	2025-08-04 13:19:20.111762+04	526	Həsənov Vəliqulu - 2025-08-04	3		22	1
1138	2025-08-04 13:19:20.111762+04	525	Bababəyli Namiq - 2025-08-04	3		22	1
1139	2025-08-04 13:19:20.111762+04	524	Niftəliyev Hüseyn - 2025-08-04	3		22	1
1140	2025-08-04 13:19:20.111762+04	523	Baxşəliyeva Gülarə - 2025-08-04	3		22	1
1141	2025-08-04 13:26:50.401238+04	99	Heptrazol	2	[{"changed": {"fields": ["Med name"]}}]	10	1
1142	2025-08-04 13:26:55.836316+04	98	Fesola	2	[{"changed": {"fields": ["Med name"]}}]	10	1
1143	2025-08-04 13:27:04.794469+04	97	Ropsol	2	[{"changed": {"fields": ["Med name"]}}]	10	1
1144	2025-08-04 13:27:20.747117+04	96	Provital	2	[{"changed": {"fields": ["Med name"]}}]	10	1
1145	2025-08-04 13:27:31.183215+04	95	Prostazolin	2	[{"changed": {"fields": ["Med name"]}}]	10	1
1146	2025-08-04 13:27:42.263965+04	94	Vitomer Kids	2	[{"changed": {"fields": ["Med name"]}}]	10	1
1147	2025-08-04 13:27:50.229095+04	93	Opeblock	2	[{"changed": {"fields": ["Med name"]}}]	10	1
1148	2025-08-04 13:27:59.560808+04	92	Levostrong	2	[{"changed": {"fields": ["Med name"]}}]	10	1
1149	2025-08-04 13:28:11.944532+04	91	Zemovar	2	[{"changed": {"fields": ["Med name"]}}]	10	1
1150	2025-08-04 13:28:19.301921+04	90	Opsidol	2	[{"changed": {"fields": ["Med name"]}}]	10	1
1151	2025-08-04 13:28:26.617051+04	89	Soltrop	2	[{"changed": {"fields": ["Med name"]}}]	10	1
1152	2025-08-04 13:28:33.323729+04	88	Solseda	2	[{"changed": {"fields": ["Med name"]}}]	10	1
1153	2025-08-04 13:28:39.893196+04	84	Soltep	2	[{"changed": {"fields": ["Med name"]}}]	10	1
1154	2025-08-04 13:28:48.57969+04	87	Kartovey	2	[{"changed": {"fields": ["Med name"]}}]	10	1
1155	2025-08-04 13:28:58.98454+04	85	Fensavin	2	[{"changed": {"fields": ["Med name"]}}]	10	1
1156	2025-08-04 13:29:08.032198+04	86	Litasol	2	[{"changed": {"fields": ["Med name"]}}]	10	1
1157	2025-08-04 13:29:18.107836+04	83	Vitomer D3	2	[{"changed": {"fields": ["Med name"]}}]	10	1
1158	2025-08-04 13:29:25.02714+04	82	Kalvey	2	[{"changed": {"fields": ["Med name"]}}]	10	1
1159	2025-08-04 13:29:33.280328+04	81	Serrasol	2	[{"changed": {"fields": ["Med name"]}}]	10	1
1160	2025-08-04 13:29:44.601387+04	80	Genosfer	2	[{"changed": {"fields": ["Med name"]}}]	10	1
1161	2025-08-04 13:29:51.820539+04	79	Betasol	2	[{"changed": {"fields": ["Med name"]}}]	10	1
1162	2025-08-04 13:30:02.705972+04	810	Səfərov Ənvər - 2025-08-04	3		22	1
1163	2025-08-04 13:30:02.705972+04	809	Məlikov Elvin - 2025-08-04	3		22	1
1164	2025-08-04 13:30:02.705972+04	808	arxivv - 2025-08-04	3		22	1
1165	2025-08-04 13:30:02.705972+04	807	Camalova Ofelya - 2025-08-04	3		22	1
1166	2025-08-04 13:30:02.705972+04	806	Camalov Hidayət - 2025-08-04	3		22	1
1167	2025-08-04 13:30:02.705972+04	805	Qurbanov Əli - 2025-08-04	3		22	1
1168	2025-08-04 13:30:02.705972+04	804	Əliyev Nizami - 2025-08-04	3		22	1
1169	2025-08-04 13:30:02.705972+04	803	Novruzov Aydın - 2025-08-04	3		22	1
1170	2025-08-04 13:30:02.705972+04	802	Həsənov Nüsrət - 2025-08-04	3		22	1
1171	2025-08-04 13:30:02.705972+04	801	Fərəcova Türanə - 2025-08-04	3		22	1
1172	2025-08-04 13:30:02.705972+04	800	Cəfərov Nurlan - 2025-08-04	3		22	1
1173	2025-08-04 13:30:02.705972+04	799	Bağırova Kəmalə - 2025-08-04	3		22	1
1174	2025-08-04 13:30:02.705972+04	798	Babayev Seyfəddin - 2025-08-04	3		22	1
1175	2025-08-04 13:30:02.705972+04	797	Abbasov Hüseynalı - 2025-08-04	3		22	1
1176	2025-08-04 13:30:02.705972+04	796	Əsgərov Malik - 2025-08-04	3		22	1
1177	2025-08-04 13:30:02.705972+04	795	İsmayılova Aysel - 2025-08-04	3		22	1
1178	2025-08-04 13:30:02.705972+04	794	İmanova İsmət - 2025-08-04	3		22	1
1179	2025-08-04 13:30:02.705972+04	793	Zeynalova İlahə - 2025-08-04	3		22	1
1180	2025-08-04 13:30:02.705972+04	792	Vəliyeva Vəfa - 2025-08-04	3		22	1
1181	2025-08-04 13:30:02.705972+04	791	Verdiyev Vüqar - 2025-08-04	3		22	1
1182	2025-08-04 13:30:02.705972+04	790	Tayuk Xaspolad - 2025-08-04	3		22	1
1183	2025-08-04 13:30:02.705972+04	789	Tarverdiyeva Şəfəq - 2025-08-04	3		22	1
1184	2025-08-04 13:30:02.705972+04	788	Səfərov Anar - 2025-08-04	3		22	1
1185	2025-08-04 13:30:02.705972+04	787	Rəhmiyyə Dr - 2025-08-04	3		22	1
1186	2025-08-04 13:30:02.705972+04	786	Rzayev Yaşar - 2025-08-04	3		22	1
1187	2025-08-04 13:30:02.705972+04	785	Quliyeva Nəzrin - 2025-08-04	3		22	1
1188	2025-08-04 13:30:02.705972+04	784	Quliyev Vidadi - 2025-08-04	3		22	1
1189	2025-08-04 13:30:02.705972+04	783	Qoçəliyeva Esmira - 2025-08-04	3		22	1
1190	2025-08-04 13:30:02.705972+04	782	Nümunə ad - 2025-08-04	3		22	1
1191	2025-08-04 13:30:02.705972+04	781	Novruzov Niyazi - 2025-08-04	3		22	1
1192	2025-08-04 13:30:02.706971+04	780	Mustafayeva Gülçin - 2025-08-04	3		22	1
1193	2025-08-04 13:30:02.706971+04	779	Mirzəyeva Səkinə - 2025-08-04	3		22	1
1194	2025-08-04 13:30:02.706971+04	778	Mehdiyev Sabir - 2025-08-04	3		22	1
1195	2025-08-04 13:30:02.706971+04	777	Hüseynova Nərmin - 2025-08-04	3		22	1
1196	2025-08-04 13:30:02.706971+04	776	Hacıyev Ramin - 2025-08-04	3		22	1
1197	2025-08-04 13:30:02.706971+04	775	Fətəliyeva Qızılgül - 2025-08-04	3		22	1
1198	2025-08-04 13:30:02.706971+04	774	Fətullayev İntiqam - 2025-08-04	3		22	1
1199	2025-08-04 13:30:02.706971+04	773	Fərzəliyev Fazil - 2025-08-04	3		22	1
1200	2025-08-04 13:30:02.706971+04	772	Dünyamalıyeva Aysel - 2025-08-04	3		22	1
1201	2025-08-04 13:30:02.706971+04	771	Cəlilova Sona - 2025-08-04	3		22	1
1202	2025-08-04 13:30:02.706971+04	770	Cəfərli Zümrüd - 2025-08-04	3		22	1
1203	2025-08-04 13:30:02.706971+04	769	Bağırova Leyla - 2025-08-04	3		22	1
1204	2025-08-04 13:30:02.706971+04	768	Bağırova Günay - 2025-08-04	3		22	1
1205	2025-08-04 13:30:02.706971+04	767	Bağırova Elnurə - 2025-08-04	3		22	1
1206	2025-08-04 13:30:02.706971+04	766	Babayeva Xeyrənsə - 2025-08-04	3		22	1
1207	2025-08-04 13:30:02.706971+04	765	Aslanov Elnur - 2025-08-04	3		22	1
1208	2025-08-04 13:30:02.706971+04	764	Allahverdiyeva Tərlan - 2025-08-04	3		22	1
1209	2025-08-04 13:30:02.706971+04	763	Allahverdiyeva Gülan - 2025-08-04	3		22	1
1210	2025-08-04 13:30:02.706971+04	762	Abdullayeva Dilarə - 2025-08-04	3		22	1
1211	2025-08-04 13:30:02.706971+04	761	Abbasova Bəyim - 2025-08-04	3		22	1
1212	2025-08-04 13:30:02.706971+04	760	Şükürlü Azad - 2025-08-04	3		22	1
1213	2025-08-04 13:30:02.706971+04	759	Tarquluyev Tarqulu - 2025-08-04	3		22	1
1214	2025-08-04 13:30:02.707654+04	758	Mürsəlov Cabir - 2025-08-04	3		22	1
1215	2025-08-04 13:30:02.707654+04	757	Mustafayev Elvin - 2025-08-04	3		22	1
1216	2025-08-04 13:30:02.707654+04	756	Fikrətli Dəyanət - 2025-08-04	3		22	1
1217	2025-08-04 13:30:02.707737+04	755	Cəfərov Rəşad - 2025-08-04	3		22	1
1218	2025-08-04 13:30:02.707737+04	754	Axverdiyev Mustafa - 2025-08-04	3		22	1
1219	2025-08-04 13:30:02.707737+04	753	Əliyeva Gülxar - 2025-08-04	3		22	1
1220	2025-08-04 13:30:02.707737+04	752	İsmayılova Siddiqə - 2025-08-04	3		22	1
1221	2025-08-04 13:30:02.707737+04	751	Səyyadova Səbinə - 2025-08-04	3		22	1
1222	2025-08-04 13:30:02.707737+04	750	Səttarov İslam - 2025-08-04	3		22	1
1223	2025-08-04 13:30:02.707737+04	749	Səlimli Məryəm - 2025-08-04	3		22	1
1224	2025-08-04 13:30:02.707737+04	748	Novruzova Bəhriyyə - 2025-08-04	3		22	1
1225	2025-08-04 13:30:02.707737+04	747	Mamedova Könül - 2025-08-04	3		22	1
1226	2025-08-04 13:30:02.707737+04	746	Həsənova Təranə - 2025-08-04	3		22	1
1227	2025-08-04 13:30:02.707737+04	745	Hümbətova Gülnarə - 2025-08-04	3		22	1
1228	2025-08-04 13:30:02.707737+04	744	Gülməmmədova Nəzakət - 2025-08-04	3		22	1
1229	2025-08-04 13:30:02.707737+04	743	Bayramova Aidə - 2025-08-04	3		22	1
1230	2025-08-04 13:30:02.707737+04	742	Babayeva Rəfayə - 2025-08-04	3		22	1
1231	2025-08-04 13:30:02.707737+04	741	İbrahimova Tamella - 2025-08-04	3		22	1
1232	2025-08-04 13:30:02.707737+04	740	Hacıyeva Sürayyə - 2025-08-04	3		22	1
1233	2025-08-04 13:30:02.707737+04	739	Aytac dr - 2025-08-04	3		22	1
1234	2025-08-04 13:30:02.707737+04	738	İsmayılova Dilguşə - 2025-08-04	3		22	1
1235	2025-08-04 13:30:02.707737+04	737	Tahirova Aytən - 2025-08-04	3		22	1
1236	2025-08-04 13:30:02.707737+04	736	Kazımova Sabirə - 2025-08-04	3		22	1
1237	2025-08-04 13:30:02.707737+04	735	Zeynalov Sərxan - 2025-08-04	3		22	1
1238	2025-08-04 13:30:02.707737+04	734	Əliyeva Nuray - 2025-08-04	3		22	1
1239	2025-08-04 13:30:02.707737+04	733	İsmayılova Türkan - 2025-08-04	3		22	1
1240	2025-08-04 13:30:02.707737+04	732	İsmayılov Amin - 2025-08-04	3		22	1
1241	2025-08-04 13:30:02.707737+04	731	İbrahimli Əkbər - 2025-08-04	3		22	1
1242	2025-08-04 13:30:02.707737+04	730	Süleymanlı Ayşən - 2025-08-04	3		22	1
1243	2025-08-04 13:30:02.707737+04	729	Rəhimova Arzu - 2025-08-04	3		22	1
1244	2025-08-04 13:30:02.707737+04	728	Mikayılov Amind - 2025-08-04	3		22	1
1245	2025-08-04 13:30:02.707737+04	727	Ağayev Mamed - 2025-08-04	3		22	1
1246	2025-08-04 13:30:02.707737+04	726	Ələkbərov Anar - 2025-08-04	3		22	1
1247	2025-08-04 13:30:02.707737+04	725	Hüseynov Cabir - 2025-08-04	3		22	1
1248	2025-08-04 13:30:02.707737+04	724	Hüseynov Cabir - 2025-08-04	3		22	1
1249	2025-08-04 13:30:02.708738+04	723	Hüseynov Cabir - 2025-08-04	3		22	1
1250	2025-08-04 13:30:02.708738+04	722	Hüseynov Cabir - 2025-08-04	3		22	1
1251	2025-08-04 13:30:02.708738+04	721	Cəfərova Əminə - 2025-08-04	3		22	1
1252	2025-08-04 13:30:02.708738+04	720	Məmmədov Fəxrəddin - 2025-08-04	3		22	1
1253	2025-08-04 13:30:02.708738+04	719	Musayev Araz - 2025-08-04	3		22	1
1254	2025-08-04 13:30:02.708738+04	718	Həsənov Vəliqulu - 2025-08-04	3		22	1
1255	2025-08-04 13:30:02.708738+04	717	Bababəyli Namiq - 2025-08-04	3		22	1
1256	2025-08-04 13:30:02.708738+04	716	Niftəliyev Hüseyn - 2025-08-04	3		22	1
1257	2025-08-04 13:30:02.708738+04	715	Baxşəliyeva Gülarə - 2025-08-04	3		22	1
1258	2025-08-04 13:32:17.679709+04	906	Səfərov Ənvər - 2025-08-04	3		22	1
1259	2025-08-04 13:32:17.679709+04	905	Məlikov Elvin - 2025-08-04	3		22	1
1260	2025-08-04 13:32:17.679709+04	904	arxivv - 2025-08-04	3		22	1
1261	2025-08-04 13:32:17.679709+04	903	Camalova Ofelya - 2025-08-04	3		22	1
1262	2025-08-04 13:32:17.679709+04	902	Camalov Hidayət - 2025-08-04	3		22	1
1263	2025-08-04 13:32:17.679709+04	901	Qurbanov Əli - 2025-08-04	3		22	1
1264	2025-08-04 13:32:17.679709+04	900	Əliyev Nizami - 2025-08-04	3		22	1
1265	2025-08-04 13:32:17.679709+04	899	Novruzov Aydın - 2025-08-04	3		22	1
1266	2025-08-04 13:32:17.679709+04	898	Həsənov Nüsrət - 2025-08-04	3		22	1
1267	2025-08-04 13:32:17.679709+04	897	Fərəcova Türanə - 2025-08-04	3		22	1
1268	2025-08-04 13:32:17.679709+04	896	Cəfərov Nurlan - 2025-08-04	3		22	1
1269	2025-08-04 13:32:17.679709+04	895	Bağırova Kəmalə - 2025-08-04	3		22	1
1270	2025-08-04 13:32:17.679709+04	894	Babayev Seyfəddin - 2025-08-04	3		22	1
1271	2025-08-04 13:32:17.679709+04	893	Abbasov Hüseynalı - 2025-08-04	3		22	1
1272	2025-08-04 13:32:17.679709+04	892	Əsgərov Malik - 2025-08-04	3		22	1
1273	2025-08-04 13:32:17.679709+04	891	İsmayılova Aysel - 2025-08-04	3		22	1
1274	2025-08-04 13:32:17.679709+04	890	İmanova İsmət - 2025-08-04	3		22	1
1275	2025-08-04 13:32:17.679709+04	889	Zeynalova İlahə - 2025-08-04	3		22	1
1276	2025-08-04 13:32:17.679709+04	888	Vəliyeva Vəfa - 2025-08-04	3		22	1
1277	2025-08-04 13:32:17.679709+04	887	Verdiyev Vüqar - 2025-08-04	3		22	1
1278	2025-08-04 13:32:17.679709+04	886	Tayuk Xaspolad - 2025-08-04	3		22	1
1279	2025-08-04 13:32:17.679709+04	885	Tarverdiyeva Şəfəq - 2025-08-04	3		22	1
1280	2025-08-04 13:32:17.679709+04	884	Səfərov Anar - 2025-08-04	3		22	1
1281	2025-08-04 13:32:17.679709+04	883	Rəhmiyyə Dr - 2025-08-04	3		22	1
1282	2025-08-04 13:32:17.680708+04	882	Rzayev Yaşar - 2025-08-04	3		22	1
1283	2025-08-04 13:32:17.680708+04	881	Quliyeva Nəzrin - 2025-08-04	3		22	1
1284	2025-08-04 13:32:17.680708+04	880	Quliyev Vidadi - 2025-08-04	3		22	1
1285	2025-08-04 13:32:17.680708+04	879	Qoçəliyeva Esmira - 2025-08-04	3		22	1
1286	2025-08-04 13:32:17.680708+04	878	Nümunə ad - 2025-08-04	3		22	1
1408	2025-08-06 12:17:22.74328+04	46	Zabrat	3		18	1
1287	2025-08-04 13:32:17.680708+04	877	Novruzov Niyazi - 2025-08-04	3		22	1
1288	2025-08-04 13:32:17.680708+04	876	Mustafayeva Gülçin - 2025-08-04	3		22	1
1289	2025-08-04 13:32:17.680708+04	875	Mirzəyeva Səkinə - 2025-08-04	3		22	1
1290	2025-08-04 13:32:17.680708+04	874	Mehdiyev Sabir - 2025-08-04	3		22	1
1291	2025-08-04 13:32:17.680708+04	873	Hüseynova Nərmin - 2025-08-04	3		22	1
1292	2025-08-04 13:32:17.680708+04	872	Hacıyev Ramin - 2025-08-04	3		22	1
1293	2025-08-04 13:32:17.680708+04	871	Fətəliyeva Qızılgül - 2025-08-04	3		22	1
1294	2025-08-04 13:32:17.680708+04	870	Fətullayev İntiqam - 2025-08-04	3		22	1
1295	2025-08-04 13:32:17.680708+04	869	Fərzəliyev Fazil - 2025-08-04	3		22	1
1296	2025-08-04 13:32:17.680708+04	868	Dünyamalıyeva Aysel - 2025-08-04	3		22	1
1297	2025-08-04 13:32:17.680708+04	867	Cəlilova Sona - 2025-08-04	3		22	1
1298	2025-08-04 13:32:17.680708+04	866	Cəfərli Zümrüd - 2025-08-04	3		22	1
1299	2025-08-04 13:32:17.680708+04	865	Bağırova Leyla - 2025-08-04	3		22	1
1300	2025-08-04 13:32:17.680708+04	864	Bağırova Günay - 2025-08-04	3		22	1
1301	2025-08-04 13:32:17.680708+04	863	Bağırova Elnurə - 2025-08-04	3		22	1
1302	2025-08-04 13:32:17.680708+04	862	Babayeva Xeyrənsə - 2025-08-04	3		22	1
1303	2025-08-04 13:32:17.680708+04	861	Aslanov Elnur - 2025-08-04	3		22	1
1304	2025-08-04 13:32:17.680708+04	860	Allahverdiyeva Tərlan - 2025-08-04	3		22	1
1305	2025-08-04 13:32:17.680708+04	859	Allahverdiyeva Gülan - 2025-08-04	3		22	1
1306	2025-08-04 13:32:17.680708+04	858	Abdullayeva Dilarə - 2025-08-04	3		22	1
1307	2025-08-04 13:32:17.680708+04	857	Abbasova Bəyim - 2025-08-04	3		22	1
1308	2025-08-04 13:32:17.680708+04	856	Şükürlü Azad - 2025-08-04	3		22	1
1309	2025-08-04 13:32:17.680708+04	855	Tarquluyev Tarqulu - 2025-08-04	3		22	1
1310	2025-08-04 13:32:17.680708+04	854	Mürsəlov Cabir - 2025-08-04	3		22	1
1311	2025-08-04 13:32:17.680708+04	853	Mustafayev Elvin - 2025-08-04	3		22	1
1312	2025-08-04 13:32:17.680708+04	852	Fikrətli Dəyanət - 2025-08-04	3		22	1
1313	2025-08-04 13:32:17.680708+04	851	Cəfərov Rəşad - 2025-08-04	3		22	1
1314	2025-08-04 13:32:17.680708+04	850	Axverdiyev Mustafa - 2025-08-04	3		22	1
1315	2025-08-04 13:32:17.680708+04	849	Əliyeva Gülxar - 2025-08-04	3		22	1
1316	2025-08-04 13:32:17.680708+04	848	İsmayılova Siddiqə - 2025-08-04	3		22	1
1317	2025-08-04 13:32:17.680708+04	847	Səyyadova Səbinə - 2025-08-04	3		22	1
1318	2025-08-04 13:32:17.680708+04	846	Səttarov İslam - 2025-08-04	3		22	1
1319	2025-08-04 13:32:17.680708+04	845	Səlimli Məryəm - 2025-08-04	3		22	1
1320	2025-08-04 13:32:17.681707+04	844	Novruzova Bəhriyyə - 2025-08-04	3		22	1
1321	2025-08-04 13:32:17.681707+04	843	Mamedova Könül - 2025-08-04	3		22	1
1322	2025-08-04 13:32:17.681707+04	842	Həsənova Təranə - 2025-08-04	3		22	1
1323	2025-08-04 13:32:17.681707+04	841	Hümbətova Gülnarə - 2025-08-04	3		22	1
1324	2025-08-04 13:32:17.681707+04	840	Gülməmmədova Nəzakət - 2025-08-04	3		22	1
1325	2025-08-04 13:32:17.681707+04	839	Bayramova Aidə - 2025-08-04	3		22	1
1326	2025-08-04 13:32:17.681707+04	838	Babayeva Rəfayə - 2025-08-04	3		22	1
1327	2025-08-04 13:32:17.681707+04	837	İbrahimova Tamella - 2025-08-04	3		22	1
1328	2025-08-04 13:32:17.681707+04	836	Hacıyeva Sürayyə - 2025-08-04	3		22	1
1329	2025-08-04 13:32:17.681707+04	835	Aytac dr - 2025-08-04	3		22	1
1330	2025-08-04 13:32:17.681707+04	834	İsmayılova Dilguşə - 2025-08-04	3		22	1
1331	2025-08-04 13:32:17.681707+04	833	Tahirova Aytən - 2025-08-04	3		22	1
1332	2025-08-04 13:32:17.681707+04	832	Kazımova Sabirə - 2025-08-04	3		22	1
1333	2025-08-04 13:32:17.681707+04	831	Zeynalov Sərxan - 2025-08-04	3		22	1
1334	2025-08-04 13:32:17.681707+04	830	Əliyeva Nuray - 2025-08-04	3		22	1
1335	2025-08-04 13:32:17.681707+04	829	İsmayılova Türkan - 2025-08-04	3		22	1
1336	2025-08-04 13:32:17.681707+04	828	İsmayılov Amin - 2025-08-04	3		22	1
1337	2025-08-04 13:32:17.681707+04	827	İbrahimli Əkbər - 2025-08-04	3		22	1
1338	2025-08-04 13:32:17.681707+04	826	Süleymanlı Ayşən - 2025-08-04	3		22	1
1339	2025-08-04 13:32:17.681707+04	825	Rəhimova Arzu - 2025-08-04	3		22	1
1340	2025-08-04 13:32:17.681707+04	824	Mikayılov Amind - 2025-08-04	3		22	1
1341	2025-08-04 13:32:17.681707+04	823	Ağayev Mamed - 2025-08-04	3		22	1
1342	2025-08-04 13:32:17.681707+04	822	Ələkbərov Anar - 2025-08-04	3		22	1
1343	2025-08-04 13:32:17.681707+04	821	Hüseynov Cabir - 2025-08-04	3		22	1
1344	2025-08-04 13:32:17.681707+04	820	Hüseynov Cabir - 2025-08-04	3		22	1
1345	2025-08-04 13:32:17.681707+04	819	Hüseynov Cabir - 2025-08-04	3		22	1
1346	2025-08-04 13:32:17.681707+04	818	Hüseynov Cabir - 2025-08-04	3		22	1
1347	2025-08-04 13:32:17.681707+04	817	Cəfərova Əminə - 2025-08-04	3		22	1
1348	2025-08-04 13:32:17.681707+04	816	Məmmədov Fəxrəddin - 2025-08-04	3		22	1
1349	2025-08-04 13:32:17.681707+04	815	Musayev Araz - 2025-08-04	3		22	1
1350	2025-08-04 13:32:17.681707+04	814	Həsənov Vəliqulu - 2025-08-04	3		22	1
1351	2025-08-04 13:32:17.681707+04	813	Bababəyli Namiq - 2025-08-04	3		22	1
1352	2025-08-04 13:32:17.681707+04	812	Niftəliyev Hüseyn - 2025-08-04	3		22	1
1353	2025-08-04 13:32:17.681707+04	811	Baxşəliyeva Gülarə - 2025-08-04	3		22	1
1354	2025-08-04 13:32:24.562778+04	83	Vitomer	2	[{"changed": {"fields": ["Med name"]}}]	10	1
1355	2025-08-04 14:13:50.448314+04	2385	Hüseynov Cabir	3		21	1
1356	2025-08-04 15:01:49.619912+04	1	Bərdə - Betasol - 3	3		16	1
1357	2025-08-05 12:28:50.667893+04	99	Heptrazol	2	[{"changed": {"fields": ["Med full name"]}}]	10	1
1358	2025-08-05 12:29:10.473448+04	99	Heptrazol	2	[{"changed": {"fields": ["Med price"]}}]	10	1
1359	2025-08-05 12:29:44.304135+04	98	Fesola	2	[{"changed": {"fields": ["Med full name"]}}]	10	1
1360	2025-08-05 12:30:34.743204+04	97	Ropsol	2	[{"changed": {"fields": ["Med full name"]}}]	10	1
1361	2025-08-05 12:31:07.838196+04	96	Provital	2	[{"changed": {"fields": ["Med full name"]}}]	10	1
1362	2025-08-05 12:51:51.71593+04	95	Prostazolin	2	[{"changed": {"fields": ["Med full name"]}}]	10	1
1363	2025-08-05 12:52:51.122476+04	94	Vitomer Kids	2	[{"changed": {"fields": ["Med full name"]}}]	10	1
1364	2025-08-05 12:53:11.530601+04	93	Opeblock	2	[{"changed": {"fields": ["Med full name"]}}]	10	1
1365	2025-08-05 12:53:34.372559+04	92	Levostrong	2	[{"changed": {"fields": ["Med full name"]}}]	10	1
1366	2025-08-05 12:54:01.148553+04	91	Zemovar	2	[{"changed": {"fields": ["Med full name"]}}]	10	1
1367	2025-08-05 12:54:48.184546+04	90	Opsidol	2	[{"changed": {"fields": ["Med full name"]}}]	10	1
1368	2025-08-05 12:55:39.885021+04	89	Soltrop	2	[{"changed": {"fields": ["Med full name"]}}]	10	1
1369	2025-08-05 12:55:59.287163+04	88	Solseda	2	[{"changed": {"fields": ["Med full name"]}}]	10	1
1370	2025-08-05 18:48:08.595207+04	1	Bərdə-agjabadi	1	[{"added": {}}]	19	1
1371	2025-08-05 18:48:21.333927+04	2	Gəncə bölgə-ganja	1	[{"added": {}}]	19	1
1372	2025-08-05 18:48:36.156768+04	3	Gəncə bölgə-gazakh	1	[{"added": {}}]	19	1
1373	2025-08-05 18:48:45.49225+04	4	Gəncə bölgə-naftalan	1	[{"added": {}}]	19	1
1375	2025-08-06 12:11:15.286426+04	47	Şəmkir	2	[{"changed": {"fields": ["Region type"]}}]	18	1
1376	2025-08-06 12:11:20.989379+04	36	Bakı bölgə-8	2	[{"changed": {"fields": ["Region type"]}}]	18	1
1377	2025-08-06 12:13:00.445547+04	47	Şəmkir	2	[]	18	1
1378	2025-08-06 12:13:04.028644+04	46	Zabrat	2	[{"changed": {"fields": ["Region type"]}}]	18	1
1379	2025-08-06 12:13:09.063605+04	45	Qarabağ	2	[{"changed": {"fields": ["Region type"]}}]	18	1
1380	2025-08-06 12:13:14.064726+04	44	Naxcıvan	2	[{"changed": {"fields": ["Region type"]}}]	18	1
1381	2025-08-06 12:13:19.46826+04	43	Lənkəran	2	[{"changed": {"fields": ["Region type"]}}]	18	1
1382	2025-08-06 12:13:25.553218+04	42	Bakı bölgə-5	2	[{"changed": {"fields": ["Region type"]}}]	18	1
1383	2025-08-06 12:13:30.12201+04	41	Bakı bölgə-3	2	[{"changed": {"fields": ["Region type"]}}]	18	1
1384	2025-08-06 12:13:35.723987+04	40	Bakı bölgə-13	2	[{"changed": {"fields": ["Region type"]}}]	18	1
1385	2025-08-06 12:13:39.358996+04	40	Bakı bölgə-13	2	[]	18	1
1386	2025-08-06 12:13:43.210081+04	40	Bakı bölgə-13	2	[]	18	1
1387	2025-08-06 12:13:50.479601+04	39	Bakı bölgə-12	2	[{"changed": {"fields": ["Region type"]}}]	18	1
1388	2025-08-06 12:13:55.364544+04	39	Bakı bölgə-12	2	[]	18	1
1389	2025-08-06 12:13:58.66579+04	39	Bakı bölgə-12	2	[]	18	1
1390	2025-08-06 12:14:02.851416+04	38	Bakı bölgə-11	2	[{"changed": {"fields": ["Region type"]}}]	18	1
1391	2025-08-06 12:14:09.99824+04	37	Bakı bölgə-9	2	[{"changed": {"fields": ["Region type"]}}]	18	1
1392	2025-08-06 12:14:14.471935+04	36	Bakı bölgə-8	2	[]	18	1
1393	2025-08-06 12:14:21.207509+04	35	Bakı bölgə-7	2	[{"changed": {"fields": ["Region type"]}}]	18	1
1394	2025-08-06 12:14:27.093469+04	34	Bakı bölgə-6	2	[{"changed": {"fields": ["Region type"]}}]	18	1
1395	2025-08-06 12:14:33.412449+04	33	Bakı bölgə-2	2	[{"changed": {"fields": ["Region type"]}}]	18	1
1396	2025-08-06 12:14:38.464515+04	32	Şirvan-Salyan	2	[{"changed": {"fields": ["Region type"]}}]	18	1
1397	2025-08-06 12:14:44.083056+04	31	Şəki	2	[{"changed": {"fields": ["Region type"]}}]	18	1
1398	2025-08-06 12:14:55.4041+04	29	Sumqayıt	2	[{"changed": {"fields": ["Region type"]}}]	18	1
1399	2025-08-06 12:15:06.605229+04	28	Mərdəkan	2	[{"changed": {"fields": ["Region name", "Region type"]}}]	18	1
1400	2025-08-06 12:15:12.193837+04	27	Mingəçevir	2	[{"changed": {"fields": ["Region type"]}}]	18	1
1401	2025-08-06 12:15:17.045431+04	26	Quba	2	[{"changed": {"fields": ["Region type"]}}]	18	1
1402	2025-08-06 12:15:23.198081+04	25	Qəbələ	2	[{"changed": {"fields": ["Region type"]}}]	18	1
1403	2025-08-06 12:15:29.031888+04	24	Göyçay	2	[{"changed": {"fields": ["Region type"]}}]	18	1
1404	2025-08-06 12:15:34.93576+04	23	Goranboy	2	[{"changed": {"fields": ["Region type"]}}]	18	1
1405	2025-08-06 12:15:38.803896+04	22	Gəncə bölgə	2	[{"changed": {"fields": ["Region type"]}}]	18	1
1406	2025-08-06 12:15:42.854689+04	21	Bərdə	2	[{"changed": {"fields": ["Region type"]}}]	18	1
1407	2025-08-06 12:15:56.109454+04	30	Şamaxı	2	[{"changed": {"fields": ["Region type"]}}]	18	1
1409	2025-08-06 13:10:46.224904+04	250	Gəncə Vest klinik.-Gəncə bölgə	2	[{"changed": {"fields": ["City"]}}]	20	1
1410	2025-08-06 16:18:33.753973+04	3	Soltrop (Recipe ID: 1031) silindi 2025-08-06 12:03:32.345764+00:00	3		27	1
1411	2025-08-06 16:18:33.753973+04	2	Levostrong (Recipe ID: 1030) silindi 2025-08-06 11:57:10.034262+00:00	3		27	1
1412	2025-08-06 16:18:33.753973+04	1	Levostrong (Recipe ID: 1029) silindi 2025-08-06 11:52:58.089240+00:00	3		27	1
1413	2025-08-06 16:27:16.651467+04	5	Zemovar (Recipe ID: 1030) silindi 2025-08-06 12:20:38.750187+00:00	3		27	1
1414	2025-08-06 16:27:16.651467+04	4	Levostrong (Recipe ID: 1031) silindi 2025-08-06 12:20:28.822754+00:00	3		27	1
1415	2025-08-06 16:32:02.35861+04	87	Kartovey	2	[{"changed": {"fields": ["Med full name"]}}]	10	1
1416	2025-08-06 16:32:26.067564+04	85	Fensavin	2	[{"changed": {"fields": ["Med full name"]}}]	10	1
1417	2025-08-06 16:32:46.073029+04	84	Soltep	2	[{"changed": {"fields": ["Med full name"]}}]	10	1
1418	2025-08-06 16:32:56.887505+04	83	Vitomer	2	[{"changed": {"fields": ["Med full name"]}}]	10	1
1419	2025-08-06 16:33:22.655442+04	82	Kalvey	2	[{"changed": {"fields": ["Med full name"]}}]	10	1
1420	2025-08-06 16:33:55.951568+04	79	Betasol	2	[{"changed": {"fields": ["Med full name"]}}]	10	1
1421	2025-08-06 16:34:17.885931+04	80	Genosfer	2	[{"changed": {"fields": ["Med full name"]}}]	10	1
1422	2025-08-06 16:34:47.404111+04	81	Serrasol	2	[{"changed": {"fields": ["Med full name"]}}]	10	1
1423	2025-08-06 16:35:26.685756+04	86	Litasol	2	[{"changed": {"fields": ["Med full name"]}}]	10	1
1424	2025-08-06 16:40:11.460448+04	1271	Ropsol (1)	3		23	1
1425	2025-08-06 16:40:11.460448+04	1270	Opeblock (1)	3		23	1
1426	2025-08-06 16:40:11.460448+04	1269	Vitomer Kids (1)	3		23	1
1427	2025-08-06 16:40:11.460448+04	1268	Prostazolin (11)	3		23	1
1428	2025-08-06 16:40:11.460448+04	1267	Provital (1)	3		23	1
1429	2025-08-06 16:40:11.460448+04	1266	Ropsol (1)	3		23	1
1430	2025-08-06 16:40:11.460448+04	1265	Fesola (1)	3		23	1
1431	2025-08-06 16:40:11.460448+04	1264	Heptrazol (1)	3		23	1
1432	2025-08-06 16:40:11.460448+04	1263	Litasol (1)	3		23	1
1433	2025-08-06 16:40:11.460448+04	1262	Serrasol (1)	3		23	1
1434	2025-08-06 16:40:11.460448+04	1261	Genosfer (1)	3		23	1
1435	2025-08-06 16:40:11.460448+04	1260	Betasol (1)	3		23	1
1436	2025-08-06 16:40:11.460448+04	1259	Kalvey (1)	3		23	1
1437	2025-08-06 16:40:11.460448+04	1258	Vitomer (1)	3		23	1
1438	2025-08-06 16:40:11.460448+04	1257	Soltep (1)	3		23	1
1439	2025-08-06 16:40:11.460448+04	1256	Fensavin (1)	3		23	1
1440	2025-08-06 16:40:11.460448+04	1255	Kartovey (1)	3		23	1
1441	2025-08-06 16:40:11.460448+04	1254	Solseda (1)	3		23	1
1442	2025-08-06 16:40:11.460448+04	1253	Soltrop (1)	3		23	1
1443	2025-08-06 16:40:11.460448+04	1252	Opsidol (1)	3		23	1
1444	2025-08-06 16:40:11.460448+04	1251	Zemovar (1)	3		23	1
1445	2025-08-06 16:40:11.460448+04	1250	Levostrong (1)	3		23	1
1446	2025-08-06 16:40:11.460448+04	1249	Opeblock (1)	3		23	1
1447	2025-08-06 16:40:11.460448+04	1248	Vitomer Kids (1)	3		23	1
1448	2025-08-06 16:40:11.460448+04	1247	Prostazolin (1)	3		23	1
1449	2025-08-06 16:40:11.460448+04	1246	Provital (1)	3		23	1
1450	2025-08-06 16:40:11.460448+04	1245	Ropsol (1)	3		23	1
1451	2025-08-06 16:40:11.460448+04	1244	Fesola (1)	3		23	1
1452	2025-08-06 16:40:11.460448+04	1243	Heptrazol (1)	3		23	1
1453	2025-08-06 16:40:11.460448+04	1242	Litasol (1)	3		23	1
1454	2025-08-06 16:40:11.460448+04	1241	Serrasol (1)	3		23	1
1455	2025-08-06 16:40:11.460448+04	1240	Genosfer (1)	3		23	1
1456	2025-08-06 16:40:11.460448+04	1239	Betasol (1)	3		23	1
1457	2025-08-06 16:40:11.460448+04	1238	Kalvey (1)	3		23	1
1458	2025-08-06 16:40:11.460448+04	1237	Vitomer (1)	3		23	1
1459	2025-08-06 16:40:11.460448+04	1236	Soltep (11)	3		23	1
1460	2025-08-06 16:40:11.460448+04	1235	Fensavin (1)	3		23	1
1461	2025-08-06 16:40:11.460448+04	1234	Kartovey (1)	3		23	1
1462	2025-08-06 16:40:11.460448+04	1233	Solseda (1)	3		23	1
1463	2025-08-06 16:40:11.460448+04	1232	Soltrop (1)	3		23	1
1464	2025-08-06 16:40:11.460448+04	1231	Opsidol (1)	3		23	1
1465	2025-08-06 16:40:11.460448+04	1230	Zemovar (1)	3		23	1
1466	2025-08-06 16:40:11.460448+04	1229	Levostrong (1)	3		23	1
1467	2025-08-06 16:40:11.460448+04	1228	Levostrong (9)	3		23	1
1468	2025-08-06 16:40:11.460448+04	1227	Ropsol (96)	3		23	1
1469	2025-08-06 18:16:49.381041+04	1524	Levostrong (68)	3		23	1
1470	2025-08-06 18:16:49.381041+04	1523	Zemovar (6)	3		23	1
1471	2025-08-06 18:16:49.381041+04	1522	Litasol (55)	3		23	1
1472	2025-08-06 18:16:49.381041+04	1521	Serrasol (2)	3		23	1
1473	2025-08-06 18:16:49.381041+04	1520	Genosfer (5)	3		23	1
1474	2025-08-06 18:16:49.381041+04	1519	Betasol (544)	3		23	1
1475	2025-08-06 18:16:49.381041+04	1518	Kalvey (6)	3		23	1
1476	2025-08-06 18:16:49.381041+04	1517	Vitomer (5)	3		23	1
1477	2025-08-06 18:16:49.381041+04	1516	Soltep (4)	3		23	1
1478	2025-08-06 18:16:49.381041+04	1515	Fensavin (9)	3		23	1
1479	2025-08-06 18:16:49.381041+04	1514	Kartovey (8)	3		23	1
1480	2025-08-06 18:16:49.381041+04	1513	Solseda (5)	3		23	1
1481	2025-08-06 18:16:49.381041+04	1512	Soltrop (2)	3		23	1
1482	2025-08-06 18:16:49.381041+04	1511	Opsidol (4)	3		23	1
1483	2025-08-06 18:16:49.381041+04	1510	Zemovar (52)	3		23	1
1484	2025-08-06 18:16:49.381041+04	1509	Levostrong (62)	3		23	1
1485	2025-08-06 18:16:49.381041+04	1508	Levostrong (66)	3		23	1
1486	2025-08-06 18:16:49.381041+04	1507	Zemovar (30)	3		23	1
1487	2025-08-06 18:16:49.381041+04	1506	Serrasol (69)	3		23	1
1488	2025-08-06 18:16:49.381041+04	1505	Fesola (54)	3		23	1
1489	2025-08-06 18:16:49.381041+04	1504	Zemovar (36)	3		23	1
1490	2025-08-06 18:16:49.381041+04	1503	Vitomer (21)	3		23	1
1491	2025-08-06 18:16:49.381041+04	1502	Fesola (1)	3		23	1
1492	2025-08-06 18:16:49.381041+04	1501	Opeblock (34)	3		23	1
1493	2025-08-06 18:16:49.381041+04	1500	Levostrong (11)	3		23	1
1494	2025-08-06 18:16:49.381041+04	1499	Vitomer (2)	3		23	1
1495	2025-08-06 18:16:49.381041+04	1498	Serrasol (11)	3		23	1
1496	2025-08-06 18:16:49.381041+04	1497	Betasol (2)	3		23	1
1497	2025-08-06 18:16:49.381041+04	1496	Kartovey (21)	3		23	1
1498	2025-08-06 18:16:49.381041+04	1495	Fesola (17)	3		23	1
1499	2025-08-06 18:16:49.381041+04	1494	Heptrazol (49)	3		23	1
1500	2025-08-06 18:16:49.381041+04	1493	Provital (14)	3		23	1
1501	2025-08-06 18:16:49.381041+04	1492	Prostazolin (11)	3		23	1
1502	2025-08-06 18:16:49.381041+04	1491	Litasol (22)	3		23	1
1503	2025-08-06 18:16:49.381041+04	1490	Soltep (34)	3		23	1
1504	2025-08-06 18:16:49.381041+04	1489	Fensavin (1)	3		23	1
1505	2025-08-06 18:16:49.381041+04	1488	Soltrop (36)	3		23	1
1506	2025-08-06 18:16:49.381041+04	1487	Zemovar (21)	3		23	1
1507	2025-08-06 18:16:49.381041+04	1486	Opeblock (14)	3		23	1
1508	2025-08-06 18:16:49.381041+04	1485	Levostrong (14)	3		23	1
1509	2025-08-06 18:16:49.381041+04	1484	Vitomer (14)	3		23	1
1510	2025-08-06 18:16:49.381041+04	1483	Kalvey (11)	3		23	1
1511	2025-08-06 18:16:49.381041+04	1482	Serrasol (2)	3		23	1
1512	2025-08-06 18:16:49.381041+04	1481	Betasol (4)	3		23	1
1513	2025-08-06 18:16:49.381041+04	1480	Kartovey (6)	3		23	1
1514	2025-08-06 18:16:49.381041+04	1479	Fesola (3)	3		23	1
1515	2025-08-06 18:16:49.381041+04	1478	Vitomer Kids (5)	3		23	1
1516	2025-08-06 18:16:49.381041+04	1477	Soltep (9)	3		23	1
1517	2025-08-06 18:16:49.381041+04	1476	Zemovar (4)	3		23	1
1518	2025-08-06 18:16:49.381041+04	1475	Opsidol (8)	3		23	1
1519	2025-08-06 18:16:49.381041+04	1474	Solseda (3)	3		23	1
1520	2025-08-06 18:16:49.381041+04	1473	Opeblock (15)	3		23	1
1521	2025-08-06 18:16:49.381041+04	1472	Vitomer (40)	3		23	1
1522	2025-08-06 18:16:49.381041+04	1471	Opeblock (7)	3		23	1
1523	2025-08-06 18:16:49.381041+04	1470	Opeblock (28)	3		23	1
1524	2025-08-06 18:16:49.381041+04	1469	Opeblock (27)	3		23	1
1525	2025-08-06 18:16:49.381041+04	1468	Serrasol (5)	3		23	1
1526	2025-08-06 18:16:49.381041+04	1467	Heptrazol (10)	3		23	1
1527	2025-08-06 18:16:49.381041+04	1466	Solseda (6)	3		23	1
1528	2025-08-06 18:16:49.381041+04	1465	Fesola (2)	3		23	1
1529	2025-08-06 18:16:49.381041+04	1464	Opeblock (96)	3		23	1
1530	2025-08-06 18:16:49.381041+04	1463	Kalvey (16)	3		23	1
1531	2025-08-06 18:16:49.381041+04	1462	Kartovey (22)	3		23	1
1532	2025-08-06 18:16:49.381041+04	1461	Solseda (10)	3		23	1
1533	2025-08-06 18:16:49.381041+04	1460	Opeblock (18)	3		23	1
1534	2025-08-06 18:16:49.381041+04	1459	Kartovey (1)	3		23	1
1535	2025-08-06 18:16:49.381041+04	1458	Levostrong (3)	3		23	1
1536	2025-08-06 18:16:49.381041+04	1457	Serrasol (1)	3		23	1
1537	2025-08-06 18:16:49.381041+04	1456	Fesola (1)	3		23	1
1538	2025-08-06 18:16:49.381041+04	1455	Heptrazol (1)	3		23	1
1539	2025-08-06 18:16:49.381041+04	1454	Provital (1)	3		23	1
1540	2025-08-06 18:16:49.381041+04	1453	Betasol (8)	3		23	1
1541	2025-08-06 18:16:49.381041+04	1452	Kartovey (14)	3		23	1
1542	2025-08-06 18:16:49.381041+04	1451	Solseda (19)	3		23	1
1543	2025-08-06 18:16:49.381041+04	1450	Kartovey (2)	3		23	1
1544	2025-08-06 18:16:49.381041+04	1449	Soltrop (30)	3		23	1
1545	2025-08-06 18:16:49.381041+04	1448	Kartovey (2)	3		23	1
1546	2025-08-06 18:16:49.381041+04	1447	Serrasol (3)	3		23	1
1547	2025-08-06 18:16:49.381041+04	1446	Heptrazol (2)	3		23	1
1548	2025-08-06 18:16:49.381041+04	1445	Provital (2)	3		23	1
1549	2025-08-06 18:16:49.381041+04	1444	Zemovar (2)	3		23	1
1550	2025-08-06 18:16:49.381041+04	1443	Heptrazol (34)	3		23	1
1551	2025-08-06 18:16:49.381041+04	1442	Opeblock (6)	3		23	1
1552	2025-08-06 18:16:49.381041+04	1441	Fesola (8)	3		23	1
1553	2025-08-06 18:16:49.381041+04	1440	Opeblock (17)	3		23	1
1554	2025-08-06 18:16:49.381041+04	1439	Vitomer (1)	3		23	1
1555	2025-08-06 18:16:49.381041+04	1438	Soltep (2)	3		23	1
1556	2025-08-06 18:16:49.381041+04	1437	Soltrop (1)	3		23	1
1557	2025-08-06 18:16:49.381041+04	1436	Prostazolin (7)	3		23	1
1558	2025-08-06 18:16:49.381041+04	1435	Opeblock (6)	3		23	1
1559	2025-08-06 18:16:49.381041+04	1434	Provital (2)	3		23	1
1560	2025-08-06 18:16:49.381041+04	1433	Soltrop (9)	3		23	1
1561	2025-08-06 18:16:49.381041+04	1432	Solseda (12)	3		23	1
1562	2025-08-06 18:16:49.381041+04	1431	Opeblock (5)	3		23	1
1563	2025-08-06 18:16:49.381041+04	1430	Fesola (1)	3		23	1
1564	2025-08-06 18:16:49.381041+04	1429	Heptrazol (4)	3		23	1
1565	2025-08-06 18:16:49.381041+04	1428	Heptrazol (1)	3		23	1
1566	2025-08-06 18:16:49.381041+04	1427	Prostazolin (4)	3		23	1
1567	2025-08-06 18:16:49.381041+04	1426	Litasol (5)	3		23	1
1568	2025-08-06 18:16:49.381041+04	1425	Opeblock (27)	3		23	1
1569	2025-08-06 18:16:58.015425+04	1424	Kalvey (14)	3		23	1
1570	2025-08-06 18:16:58.015425+04	1423	Soltrop (2)	3		23	1
1571	2025-08-06 18:16:58.015425+04	1422	Vitomer (3)	3		23	1
1572	2025-08-06 18:16:58.015425+04	1421	Opeblock (3)	3		23	1
1573	2025-08-06 18:16:58.015425+04	1420	Opeblock (4)	3		23	1
1574	2025-08-06 18:16:58.015425+04	1419	Ropsol (8)	3		23	1
1575	2025-08-06 18:16:58.015425+04	1418	Opeblock (16)	3		23	1
1576	2025-08-06 18:16:58.015425+04	1417	Levostrong (21)	3		23	1
1577	2025-08-06 18:16:58.015425+04	1416	Vitomer (54)	3		23	1
1578	2025-08-06 18:16:58.015425+04	1415	Kalvey (4)	3		23	1
1579	2025-08-06 18:16:58.015425+04	1414	Serrasol (11)	3		23	1
1580	2025-08-06 18:16:58.016424+04	1413	Genosfer (15)	3		23	1
1581	2025-08-06 18:16:58.016424+04	1412	Betasol (14)	3		23	1
1582	2025-08-06 18:16:58.016424+04	1411	Fesola (4)	3		23	1
1583	2025-08-06 18:16:58.016424+04	1410	Vitomer Kids (3)	3		23	1
1584	2025-08-06 18:16:58.016424+04	1409	Heptrazol (20)	3		23	1
1585	2025-08-06 18:16:58.016424+04	1408	Prostazolin (3)	3		23	1
1586	2025-08-06 18:16:58.016424+04	1407	Soltep (17)	3		23	1
1587	2025-08-06 18:16:58.016613+04	1406	Soltrop (16)	3		23	1
1588	2025-08-06 18:16:58.016672+04	1405	Zemovar (18)	3		23	1
1589	2025-08-06 18:16:58.016672+04	1404	Solseda (5)	3		23	1
1590	2025-08-06 18:16:58.016672+04	1403	Serrasol (4)	3		23	1
1591	2025-08-06 18:16:58.016672+04	1402	Heptrazol (3)	3		23	1
1592	2025-08-06 18:16:58.016672+04	1401	Prostazolin (4)	3		23	1
1593	2025-08-06 18:16:58.016672+04	1400	Litasol (6)	3		23	1
1594	2025-08-06 18:16:58.016672+04	1399	Zemovar (4)	3		23	1
1595	2025-08-06 18:16:58.016672+04	1398	Vitomer (69)	3		23	1
1596	2025-08-06 18:16:58.016672+04	1397	Ropsol (3)	3		23	1
1597	2025-08-06 18:16:58.016672+04	1396	Vitomer (20)	3		23	1
1598	2025-08-06 18:16:58.016672+04	1395	Kalvey (1)	3		23	1
1599	2025-08-06 18:16:58.016672+04	1394	Serrasol (3)	3		23	1
1600	2025-08-06 18:16:58.016672+04	1393	Betasol (2)	3		23	1
1601	2025-08-06 18:16:58.016672+04	1392	Provital (2)	3		23	1
1602	2025-08-06 18:16:58.016672+04	1391	Soltep (2)	3		23	1
1603	2025-08-06 18:16:58.016672+04	1390	Opsidol (5)	3		23	1
1604	2025-08-06 18:16:58.016672+04	1389	Solseda (6)	3		23	1
1605	2025-08-06 18:16:58.016672+04	1388	Vitomer (4)	3		23	1
1606	2025-08-06 18:16:58.016672+04	1387	Kalvey (5)	3		23	1
1607	2025-08-06 18:16:58.016672+04	1386	Serrasol (1)	3		23	1
1608	2025-08-06 18:16:58.016672+04	1385	Betasol (6)	3		23	1
1609	2025-08-06 18:16:58.016672+04	1384	Fesola (1)	3		23	1
1610	2025-08-06 18:16:58.016672+04	1383	Provital (3)	3		23	1
1611	2025-08-06 18:16:58.016672+04	1382	Solseda (6)	3		23	1
1612	2025-08-06 18:16:58.016672+04	1381	Opeblock (16)	3		23	1
1613	2025-08-06 18:16:58.016672+04	1380	Kalvey (4)	3		23	1
1614	2025-08-06 18:16:58.016672+04	1379	Kartovey (9)	3		23	1
1615	2025-08-06 18:16:58.016672+04	1378	Soltrop (1)	3		23	1
1616	2025-08-06 18:16:58.016672+04	1377	Opsidol (1)	3		23	1
1617	2025-08-06 18:16:58.016672+04	1376	Opeblock (49)	3		23	1
1618	2025-08-06 18:16:58.016672+04	1375	Kartovey (18)	3		23	1
1619	2025-08-06 18:16:58.017551+04	1374	Opeblock (5)	3		23	1
1620	2025-08-06 18:16:58.017551+04	1373	Kalvey (6)	3		23	1
1621	2025-08-06 18:16:58.017551+04	1372	Soltrop (17)	3		23	1
1622	2025-08-06 18:16:58.017551+04	1371	Opeblock (3)	3		23	1
1623	2025-08-06 18:16:58.017551+04	1370	Serrasol (2)	3		23	1
1624	2025-08-06 18:16:58.017551+04	1369	Serrasol (33)	3		23	1
1625	2025-08-06 18:16:58.017551+04	1368	Soltrop (35)	3		23	1
1626	2025-08-06 18:16:58.017551+04	1367	Opsidol (33)	3		23	1
1627	2025-08-06 18:16:58.017551+04	1366	Levostrong (35)	3		23	1
1628	2025-08-06 18:16:58.017551+04	1365	Provital (81)	3		23	1
1629	2025-08-06 18:16:58.017551+04	1364	Prostazolin (14)	3		23	1
1630	2025-08-06 18:16:58.017551+04	1363	Litasol (5)	3		23	1
1631	2025-08-06 18:16:58.017551+04	1362	Zemovar (4)	3		23	1
1632	2025-08-06 18:16:58.017551+04	1361	Provital (11)	3		23	1
1633	2025-08-06 18:16:58.017551+04	1360	Zemovar (1)	3		23	1
1634	2025-08-06 18:16:58.017551+04	1359	Kartovey (5)	3		23	1
1635	2025-08-06 18:16:58.017551+04	1358	Provital (4)	3		23	1
1636	2025-08-06 18:16:58.017551+04	1357	Soltrop (3)	3		23	1
1637	2025-08-06 18:16:58.017551+04	1356	Opsidol (2)	3		23	1
1638	2025-08-06 18:16:58.017551+04	1355	Ropsol (3)	3		23	1
1639	2025-08-06 18:16:58.017551+04	1354	Fesola (2)	3		23	1
1640	2025-08-06 18:16:58.017551+04	1353	Betasol (46)	3		23	1
1641	2025-08-06 18:16:58.017551+04	1352	Fesola (12)	3		23	1
1642	2025-08-06 18:16:58.017551+04	1351	Opsidol (1)	3		23	1
1643	2025-08-06 18:16:58.017551+04	1350	Opeblock (5)	3		23	1
1644	2025-08-06 18:16:58.017551+04	1349	Kartovey (3)	3		23	1
1645	2025-08-06 18:16:58.017551+04	1348	Heptrazol (10)	3		23	1
1646	2025-08-06 18:16:58.017551+04	1347	Provital (10)	3		23	1
1647	2025-08-06 18:16:58.017551+04	1346	Soltrop (1)	3		23	1
1648	2025-08-06 18:16:58.017551+04	1345	Levostrong (3)	3		23	1
1649	2025-08-06 18:16:58.017551+04	1344	Serrasol (1)	3		23	1
1650	2025-08-06 18:16:58.017551+04	1343	Ropsol (1)	3		23	1
1651	2025-08-06 18:16:58.017551+04	1342	Genosfer (3)	3		23	1
1652	2025-08-06 18:16:58.017551+04	1341	Betasol (38)	3		23	1
1653	2025-08-06 18:16:58.017551+04	1340	Fesola (3)	3		23	1
1654	2025-08-06 18:16:58.017551+04	1339	Litasol (2)	3		23	1
1655	2025-08-06 18:16:58.017551+04	1338	Opsidol (7)	3		23	1
1656	2025-08-06 18:16:58.017551+04	1337	Opeblock (3)	3		23	1
1657	2025-08-06 18:16:58.017551+04	1336	Serrasol (1)	3		23	1
1658	2025-08-06 18:16:58.017551+04	1335	Betasol (1)	3		23	1
1659	2025-08-06 18:16:58.017551+04	1334	Fesola (1)	3		23	1
1660	2025-08-06 18:16:58.017551+04	1333	Heptrazol (1)	3		23	1
1661	2025-08-06 18:16:58.017551+04	1332	Zemovar (2)	3		23	1
1662	2025-08-06 18:16:58.017551+04	1331	Vitomer (3)	3		23	1
1663	2025-08-06 18:16:58.017551+04	1330	Kalvey (3)	3		23	1
1664	2025-08-06 18:16:58.017551+04	1329	Betasol (11)	3		23	1
1665	2025-08-06 18:16:58.017551+04	1328	Vitomer Kids (2)	3		23	1
1666	2025-08-06 18:16:58.017551+04	1327	Soltrop (20)	3		23	1
1667	2025-08-06 18:16:58.017551+04	1326	Levostrong (84)	3		23	1
1668	2025-08-06 18:16:58.017551+04	1325	Kalvey (4)	3		23	1
1669	2025-08-06 18:16:58.017551+04	1324	Serrasol (25)	3		23	1
1670	2025-08-06 18:16:58.017551+04	1323	Heptrazol (13)	3		23	1
1671	2025-08-06 18:16:58.017551+04	1322	Provital (13)	3		23	1
1672	2025-08-06 18:16:58.017551+04	1321	Levostrong (15)	3		23	1
1673	2025-08-06 18:16:58.017551+04	1320	Kartovey (1)	3		23	1
1674	2025-08-06 18:16:58.017551+04	1319	Provital (1)	3		23	1
1675	2025-08-06 18:16:58.017551+04	1318	Levostrong (20)	3		23	1
1676	2025-08-06 18:16:58.017551+04	1317	Provital (8)	3		23	1
1677	2025-08-06 18:16:58.017551+04	1316	Serrasol (1)	3		23	1
1678	2025-08-06 18:16:58.017551+04	1315	Heptrazol (1)	3		23	1
1679	2025-08-06 18:16:58.017551+04	1314	Zemovar (4)	3		23	1
1680	2025-08-06 18:16:58.017551+04	1313	Opeblock (3)	3		23	1
1681	2025-08-06 18:16:58.017551+04	1312	Vitomer Kids (3)	3		23	1
1682	2025-08-06 18:16:58.017551+04	1311	Prostazolin (3)	3		23	1
1683	2025-08-06 18:16:58.017551+04	1310	Provital (3)	3		23	1
1684	2025-08-06 18:16:58.017551+04	1309	Ropsol (3)	3		23	1
1685	2025-08-06 18:16:58.017551+04	1307	Heptrazol (3)	3		23	1
1686	2025-08-06 18:16:58.017551+04	1306	Litasol (33)	3		23	1
1687	2025-08-06 18:16:58.017551+04	1305	Serrasol (3)	3		23	1
1688	2025-08-06 18:16:58.017551+04	1304	Genosfer (3)	3		23	1
1689	2025-08-06 18:16:58.017551+04	1303	Betasol (3)	3		23	1
1690	2025-08-06 18:16:58.017551+04	1302	Kalvey (3)	3		23	1
1691	2025-08-06 18:16:58.017551+04	1301	Vitomer (3)	3		23	1
1692	2025-08-06 18:16:58.017551+04	1300	Soltep (3)	3		23	1
1693	2025-08-06 18:16:58.017551+04	1299	Fensavin (3)	3		23	1
1694	2025-08-06 18:16:58.017551+04	1298	Kartovey (3)	3		23	1
1695	2025-08-06 18:16:58.017551+04	1297	Solseda (3)	3		23	1
1696	2025-08-06 18:16:58.017551+04	1296	Soltrop (3)	3		23	1
1697	2025-08-06 18:16:58.017551+04	1295	Opsidol (3)	3		23	1
1698	2025-08-06 18:16:58.017551+04	1294	Zemovar (3)	3		23	1
1699	2025-08-06 18:16:58.017551+04	1293	Levostrong (3)	3		23	1
1700	2025-08-06 18:16:58.017551+04	1292	Opeblock (1)	3		23	1
1701	2025-08-06 18:16:58.017551+04	1291	Vitomer Kids (1)	3		23	1
1702	2025-08-06 18:16:58.017551+04	1290	Prostazolin (1)	3		23	1
1703	2025-08-06 18:16:58.017551+04	1289	Provital (1)	3		23	1
1704	2025-08-06 18:16:58.017551+04	1288	Ropsol (1)	3		23	1
1705	2025-08-06 18:16:58.017551+04	1287	Fesola (1)	3		23	1
1706	2025-08-06 18:16:58.017551+04	1286	Heptrazol (1)	3		23	1
1707	2025-08-06 18:16:58.017551+04	1285	Litasol (1)	3		23	1
1708	2025-08-06 18:16:58.017551+04	1284	Serrasol (1)	3		23	1
1709	2025-08-06 18:16:58.017551+04	1283	Genosfer (1)	3		23	1
1710	2025-08-06 18:16:58.017551+04	1282	Betasol (1)	3		23	1
1711	2025-08-06 18:16:58.017551+04	1281	Kalvey (1)	3		23	1
1712	2025-08-06 18:16:58.017551+04	1280	Vitomer (1)	3		23	1
1713	2025-08-06 18:16:58.017551+04	1279	Soltep (1)	3		23	1
1714	2025-08-06 18:16:58.017551+04	1278	Fensavin (1)	3		23	1
1715	2025-08-06 18:16:58.017551+04	1277	Kartovey (1)	3		23	1
1716	2025-08-06 18:16:58.017551+04	1276	Solseda (1)	3		23	1
1717	2025-08-06 18:16:58.017551+04	1275	Soltrop (1)	3		23	1
1718	2025-08-06 18:16:58.017551+04	1274	Opsidol (1)	3		23	1
1719	2025-08-06 18:16:58.017551+04	1273	Zemovar (1)	3		23	1
1720	2025-08-06 18:16:58.017551+04	1272	Levostrong (1)	3		23	1
1721	2025-08-06 18:16:58.017551+04	1226	Levostrong (3)	3		23	1
1722	2025-08-06 18:16:58.017551+04	1224	Opsidol (7)	3		23	1
1723	2025-08-06 18:16:58.017551+04	1223	Zemovar (8)	3		23	1
1724	2025-08-06 18:16:58.017551+04	1221	Solseda (3)	3		23	1
1725	2025-08-06 18:16:58.017551+04	1220	Soltrop (2)	3		23	1
1726	2025-08-06 18:16:58.017551+04	1219	Opsidol (4)	3		23	1
1727	2025-08-06 18:16:58.017551+04	1215	Heptrazol (20)	3		23	1
1728	2025-08-06 18:16:58.017551+04	1214	Zemovar (29)	3		23	1
1729	2025-08-06 18:16:58.017551+04	1213	Prostazolin (8)	3		23	1
1730	2025-08-06 18:16:58.017551+04	1212	Zemovar (9)	3		23	1
1731	2025-08-06 18:16:58.017551+04	1211	Opeblock (10)	3		23	1
1732	2025-08-06 18:16:58.017551+04	1210	Prostazolin (2)	3		23	1
1733	2025-08-06 18:16:58.017551+04	1209	Zemovar (11)	3		23	1
1734	2025-08-06 18:16:58.017551+04	1208	Opeblock (13)	3		23	1
1735	2025-08-06 18:16:58.017551+04	1207	Provital (46)	3		23	1
1736	2025-08-06 18:16:58.017551+04	1206	Betasol (2)	3		23	1
1737	2025-08-06 18:16:58.017551+04	1205	Kartovey (1)	3		23	1
1738	2025-08-06 18:16:58.017551+04	1204	Heptrazol (3)	3		23	1
1739	2025-08-06 18:16:58.017551+04	1203	Prostazolin (4)	3		23	1
1740	2025-08-06 18:16:58.017551+04	1202	Opeblock (2)	3		23	1
1741	2025-08-06 18:16:58.017551+04	1201	Opeblock (12)	3		23	1
1742	2025-08-06 18:16:58.017551+04	1200	Serrasol (5)	3		23	1
1743	2025-08-06 18:16:58.017551+04	1199	Heptrazol (3)	3		23	1
1744	2025-08-06 18:16:58.017551+04	1198	Prostazolin (4)	3		23	1
1745	2025-08-06 18:16:58.017551+04	1197	Zemovar (3)	3		23	1
1746	2025-08-06 18:16:58.017551+04	1196	Opeblock (23)	3		23	1
1747	2025-08-06 18:16:58.017551+04	1195	Provital (9)	3		23	1
1748	2025-08-06 18:16:58.017551+04	1194	Solseda (3)	3		23	1
1749	2025-08-06 18:16:58.017551+04	1193	Serrasol (8)	3		23	1
1750	2025-08-06 18:16:58.017551+04	1192	Heptrazol (1)	3		23	1
1751	2025-08-06 18:16:58.017551+04	1191	Zemovar (1)	3		23	1
1752	2025-08-06 18:16:58.017551+04	1190	Opeblock (5)	3		23	1
1753	2025-08-06 18:16:58.017551+04	1189	Vitomer (13)	3		23	1
1754	2025-08-06 18:16:58.017551+04	1188	Serrasol (11)	3		23	1
1755	2025-08-06 18:16:58.017551+04	1187	Provital (33)	3		23	1
1756	2025-08-06 18:16:58.017551+04	1186	Solseda (8)	3		23	1
1757	2025-08-06 18:16:58.017551+04	1185	Serrasol (9)	3		23	1
1758	2025-08-06 18:16:58.017551+04	1184	Serrasol (3)	3		23	1
1759	2025-08-06 18:16:58.017551+04	1183	Betasol (7)	3		23	1
1760	2025-08-06 18:16:58.017551+04	1182	Prostazolin (10)	3		23	1
1761	2025-08-06 18:16:58.017551+04	1181	Zemovar (2)	3		23	1
1762	2025-08-06 18:16:58.017551+04	1180	Opsidol (15)	3		23	1
1763	2025-08-06 18:16:58.017551+04	1179	Serrasol (1)	3		23	1
1764	2025-08-06 18:16:58.017551+04	1178	Fesola (1)	3		23	1
1765	2025-08-06 18:16:58.017551+04	1177	Heptrazol (2)	3		23	1
1766	2025-08-06 18:16:58.017551+04	1176	Fensavin (1)	3		23	1
1767	2025-08-06 18:16:58.017551+04	1175	Zemovar (8)	3		23	1
1768	2025-08-06 18:16:58.017551+04	1174	Opeblock (1)	3		23	1
1769	2025-08-06 18:16:58.017551+04	1173	Soltrop (13)	3		23	1
1770	2025-08-06 18:16:58.017551+04	1172	Serrasol (5)	3		23	1
1771	2025-08-06 18:16:58.017551+04	1171	Heptrazol (5)	3		23	1
1772	2025-08-06 18:16:58.017551+04	1170	Prostazolin (3)	3		23	1
1773	2025-08-06 18:16:58.017551+04	1169	Zemovar (10)	3		23	1
1774	2025-08-06 18:16:58.017551+04	1168	Vitomer (12)	3		23	1
1775	2025-08-06 18:16:58.017551+04	1167	Serrasol (1)	3		23	1
1776	2025-08-06 18:16:58.017551+04	1166	Betasol (15)	3		23	1
1777	2025-08-06 18:16:58.017551+04	1165	Kartovey (5)	3		23	1
1778	2025-08-06 18:16:58.017551+04	1164	Fesola (3)	3		23	1
1779	2025-08-06 18:16:58.017551+04	1163	Heptrazol (12)	3		23	1
1780	2025-08-06 18:16:58.017551+04	1162	Soltrop (15)	3		23	1
1781	2025-08-06 18:16:58.017551+04	1161	Zemovar (16)	3		23	1
1782	2025-08-06 18:16:58.017551+04	1160	Opsidol (10)	3		23	1
1783	2025-08-06 18:16:58.017551+04	1159	Solseda (21)	3		23	1
1784	2025-08-06 18:16:58.017551+04	1158	Opeblock (4)	3		23	1
1785	2025-08-06 18:16:58.017551+04	1157	Kalvey (8)	3		23	1
1786	2025-08-06 18:16:58.017551+04	1156	Kartovey (10)	3		23	1
1787	2025-08-06 18:16:58.017551+04	1155	Vitomer Kids (1)	3		23	1
1788	2025-08-06 18:16:58.017551+04	1154	Soltrop (15)	3		23	1
1789	2025-08-06 18:16:58.017551+04	1153	Solseda (15)	3		23	1
1790	2025-08-06 18:16:58.017551+04	1152	Opeblock (14)	3		23	1
1791	2025-08-06 18:16:58.017551+04	1151	Prostazolin (20)	3		23	1
1792	2025-08-06 18:16:58.017551+04	1150	Kalvey (9)	3		23	1
1793	2025-08-06 18:16:58.017551+04	1149	Betasol (6)	3		23	1
1794	2025-08-06 18:16:58.017551+04	1148	Kartovey (7)	3		23	1
1795	2025-08-06 18:16:58.017551+04	1147	Heptrazol (2)	3		23	1
1796	2025-08-06 18:16:58.017551+04	1146	Prostazolin (2)	3		23	1
1797	2025-08-06 18:16:58.017551+04	1145	Soltrop (4)	3		23	1
1798	2025-08-06 18:16:58.017551+04	1144	Zemovar (2)	3		23	1
1799	2025-08-06 18:16:58.017551+04	1143	Opsidol (16)	3		23	1
1800	2025-08-06 18:16:58.017551+04	1142	Solseda (3)	3		23	1
1801	2025-08-06 18:16:58.017551+04	1141	Opeblock (13)	3		23	1
1802	2025-08-06 18:16:58.017551+04	1140	Serrasol (11)	3		23	1
1803	2025-08-06 18:16:58.017551+04	1139	Heptrazol (8)	3		23	1
1804	2025-08-06 18:16:58.017551+04	1138	Zemovar (7)	3		23	1
1805	2025-08-06 18:16:58.017551+04	1137	Opeblock (1)	3		23	1
1806	2025-08-06 18:16:58.017551+04	1136	Opeblock (11)	3		23	1
1807	2025-08-06 18:16:58.017551+04	1135	Kartovey (5)	3		23	1
1808	2025-08-06 18:16:58.017551+04	1134	Solseda (4)	3		23	1
1809	2025-08-06 18:16:58.017551+04	1133	Kalvey (5)	3		23	1
1810	2025-08-06 18:16:58.017551+04	1132	Soltrop (12)	3		23	1
1811	2025-08-06 18:16:58.017551+04	1131	Zemovar (5)	3		23	1
1812	2025-08-06 18:16:58.017551+04	1130	Opsidol (2)	3		23	1
1813	2025-08-06 18:16:58.017551+04	1129	Solseda (7)	3		23	1
1814	2025-08-06 18:16:58.017551+04	1128	Opeblock (23)	3		23	1
1815	2025-08-06 18:16:58.017551+04	1127	Kalvey (1)	3		23	1
1816	2025-08-06 18:16:58.017551+04	1126	Kartovey (16)	3		23	1
1817	2025-08-06 18:16:58.017551+04	1125	Opsidol (28)	3		23	1
1818	2025-08-06 18:16:58.017551+04	1124	Solseda (34)	3		23	1
1819	2025-08-06 18:16:58.017551+04	1123	Zemovar (54)	3		23	1
1820	2025-08-06 18:16:58.017551+04	1122	Levostrong (52)	3		23	1
1821	2025-08-06 18:16:58.017551+04	1121	Vitomer (7)	3		23	1
1822	2025-08-06 18:16:58.017551+04	1120	Vitomer Kids (6)	3		23	1
1823	2025-08-06 18:16:58.017551+04	1119	Fensavin (4)	3		23	1
1824	2025-08-06 18:16:58.017551+04	1118	Serrasol (1)	3		23	1
1825	2025-08-06 18:16:58.017551+04	1117	Betasol (13)	3		23	1
1826	2025-08-06 18:16:58.017551+04	1116	Kalvey (2)	3		23	1
1827	2025-08-06 18:16:58.017551+04	1115	Serrasol (9)	3		23	1
1828	2025-08-06 18:16:58.017551+04	1114	Betasol (3)	3		23	1
1829	2025-08-06 18:16:58.017551+04	1113	Fesola (3)	3		23	1
1830	2025-08-06 18:16:58.017551+04	1112	Heptrazol (3)	3		23	1
1831	2025-08-06 18:16:58.017551+04	1111	Soltrop (1)	3		23	1
1832	2025-08-06 18:16:58.017551+04	1110	Zemovar (15)	3		23	1
1833	2025-08-06 18:16:58.017551+04	1109	Opeblock (61)	3		23	1
1834	2025-08-06 18:16:58.017551+04	1108	Levostrong (100)	3		23	1
1835	2025-08-06 18:16:58.017551+04	1107	Kalvey (2)	3		23	1
1836	2025-08-06 18:16:58.017551+04	1106	Serrasol (3)	3		23	1
1837	2025-08-06 18:16:58.017551+04	1105	Betasol (2)	3		23	1
1838	2025-08-06 18:16:58.017551+04	1104	Kartovey (78)	3		23	1
1839	2025-08-06 18:16:58.017551+04	1103	Provital (50)	3		23	1
1840	2025-08-06 18:16:58.017551+04	1102	Zemovar (39)	3		23	1
1841	2025-08-06 18:16:58.017551+04	1101	Solseda (35)	3		23	1
1842	2025-08-06 18:16:58.017551+04	1100	Levostrong (15)	3		23	1
1843	2025-08-06 18:16:58.017551+04	1099	Vitomer (94)	3		23	1
1844	2025-08-06 18:16:58.017551+04	1098	Kalvey (10)	3		23	1
1845	2025-08-06 18:16:58.017551+04	1097	Betasol (7)	3		23	1
1846	2025-08-06 18:16:58.017551+04	1096	Provital (20)	3		23	1
1847	2025-08-06 18:16:58.017551+04	1095	Soltep (1)	3		23	1
1848	2025-08-06 18:16:58.017551+04	1094	Opeblock (1)	3		23	1
1849	2025-08-06 18:16:58.017551+04	1093	Prostazolin (32)	3		23	1
1850	2025-08-06 18:16:58.017551+04	1092	Opeblock (41)	3		23	1
1851	2025-08-06 18:16:58.017551+04	1091	Kartovey (3)	3		23	1
1852	2025-08-06 18:16:58.017551+04	1090	Provital (2)	3		23	1
1853	2025-08-06 18:16:58.017551+04	1089	Soltrop (14)	3		23	1
1854	2025-08-06 18:16:58.017551+04	1088	Solseda (49)	3		23	1
1855	2025-08-06 18:16:58.017551+04	1087	Vitomer (2)	3		23	1
1856	2025-08-06 18:16:58.017551+04	1086	Kalvey (1)	3		23	1
1857	2025-08-06 18:16:58.017551+04	1085	Serrasol (7)	3		23	1
1858	2025-08-06 18:16:58.017551+04	1084	Betasol (4)	3		23	1
1859	2025-08-06 18:16:58.017551+04	1083	Heptrazol (1)	3		23	1
1860	2025-08-06 18:16:58.017551+04	1082	Vitomer (9)	3		23	1
1861	2025-08-06 18:16:58.017551+04	1081	Vitomer Kids (3)	3		23	1
1862	2025-08-06 18:16:58.017551+04	1080	Opeblock (2)	3		23	1
1863	2025-08-06 18:16:58.017551+04	1079	Vitomer (1)	3		23	1
1864	2025-08-06 18:16:58.017551+04	1078	Kalvey (2)	3		23	1
1865	2025-08-06 18:16:58.017551+04	1077	Serrasol (9)	3		23	1
1866	2025-08-06 18:16:58.017551+04	1076	Betasol (8)	3		23	1
1867	2025-08-06 18:16:58.017551+04	1075	Fesola (16)	3		23	1
1868	2025-08-06 18:16:58.017551+04	1074	Soltrop (19)	3		23	1
1869	2025-08-06 18:16:58.017551+04	1073	Zemovar (48)	3		23	1
1870	2025-08-06 18:16:58.017551+04	1072	Solseda (20)	3		23	1
1871	2025-08-06 18:16:58.017551+04	1071	Opeblock (5)	3		23	1
1872	2025-08-06 18:16:58.017551+04	1070	Kalvey (8)	3		23	1
1873	2025-08-06 18:16:58.017551+04	1069	Betasol (4)	3		23	1
1874	2025-08-06 18:16:58.017551+04	1068	Kartovey (3)	3		23	1
1875	2025-08-06 18:16:58.017551+04	1067	Vitomer Kids (1)	3		23	1
1876	2025-08-06 18:16:58.017551+04	1066	Opeblock (20)	3		23	1
1877	2025-08-06 18:16:58.017551+04	1065	Levostrong (15)	3		23	1
1878	2025-08-06 18:16:58.017551+04	1064	Vitomer (1)	3		23	1
1879	2025-08-06 18:16:58.017551+04	1063	Heptrazol (1)	3		23	1
1880	2025-08-06 18:16:58.017551+04	1062	Solseda (1)	3		23	1
1881	2025-08-06 18:16:58.017551+04	1061	Opeblock (2)	3		23	1
1882	2025-08-06 18:16:58.017551+04	1060	Vitomer (19)	3		23	1
1883	2025-08-06 18:16:58.017551+04	1059	Kalvey (6)	3		23	1
1884	2025-08-06 18:16:58.017551+04	1058	Vitomer Kids (7)	3		23	1
1885	2025-08-06 18:16:58.017551+04	1057	Serrasol (3)	3		23	1
1886	2025-08-06 18:16:58.017551+04	1056	Betasol (3)	3		23	1
1887	2025-08-06 18:16:58.017551+04	1055	Vitomer (1)	3		23	1
1888	2025-08-06 18:16:58.017551+04	1054	Provital (1)	3		23	1
1889	2025-08-06 18:16:58.017551+04	1053	Opeblock (23)	3		23	1
1890	2025-08-06 18:16:58.017551+04	1052	Vitomer (19)	3		23	1
1891	2025-08-06 18:16:58.017551+04	1051	Kartovey (12)	3		23	1
1892	2025-08-06 18:16:58.017551+04	1050	Soltrop (8)	3		23	1
1893	2025-08-06 18:16:58.017551+04	1049	Solseda (9)	3		23	1
1894	2025-08-06 18:16:58.017551+04	1048	Opeblock (1)	3		23	1
1895	2025-08-06 18:16:58.017551+04	1047	Prostazolin (1)	3		23	1
1896	2025-08-06 18:16:58.017551+04	1046	Soltrop (7)	3		23	1
1897	2025-08-06 18:16:58.017551+04	1045	Zemovar (4)	3		23	1
1898	2025-08-06 18:16:58.017551+04	1044	Opsidol (6)	3		23	1
1899	2025-08-06 18:16:58.017551+04	1043	Solseda (1)	3		23	1
1900	2025-08-06 18:16:58.017551+04	1042	Serrasol (33)	3		23	1
1901	2025-08-06 18:16:58.017551+04	1041	Genosfer (2)	3		23	1
1902	2025-08-06 18:16:58.017551+04	1040	Betasol (23)	3		23	1
1903	2025-08-06 18:16:58.017551+04	1039	Fesola (25)	3		23	1
1904	2025-08-06 18:16:58.017551+04	1038	Zemovar (31)	3		23	1
1905	2025-08-06 18:16:58.017551+04	1037	Solseda (4)	3		23	1
1906	2025-08-06 18:16:58.017551+04	1036	Vitomer (10)	3		23	1
1907	2025-08-06 18:17:07.037573+04	1165	Mehralıyeva Günay - 2025-08-06	3		22	1
1908	2025-08-06 18:17:07.037573+04	1164	Mehralıyeva Günay - 2025-08-06	3		22	1
1909	2025-08-06 18:17:07.037573+04	1163	Mehralıyeva Günay - 2025-08-06	3		22	1
1910	2025-08-06 18:17:07.037573+04	1162	Mehralıyeva Günay - 2025-08-06	3		22	1
1911	2025-08-06 18:17:07.037573+04	1161	Baratlı Həmdanə - 2025-08-06	3		22	1
1912	2025-08-06 18:17:07.037573+04	1160	Şəkərov Seymur - 2025-08-06	3		22	1
1913	2025-08-06 18:17:07.037573+04	1159	Qurbanov Qabil - 2025-08-06	3		22	1
1914	2025-08-06 18:17:07.037573+04	1158	İsayeva Nigar - 2025-08-06	3		22	1
1915	2025-08-06 18:17:07.037573+04	1157	Haqverdiyev Salman - 2025-08-06	3		22	1
1916	2025-08-06 18:17:07.037573+04	1156	Bayramov Sidqəli - 2025-08-06	3		22	1
1917	2025-08-06 18:17:07.037573+04	1155	İslamzadə Həyati - 2025-08-06	3		22	1
1918	2025-08-06 18:17:07.037573+04	1154	Əliyev Natiq - 2025-08-06	3		22	1
1919	2025-08-06 18:17:07.037573+04	1153	Aydınov Namidar - 2025-08-06	3		22	1
1920	2025-08-06 18:17:07.037573+04	1152	Əliyev Bəxtiyar - 2025-08-06	3		22	1
1921	2025-08-06 18:17:07.037573+04	1151	İsmayılov Şahrux - 2025-08-06	3		22	1
1922	2025-08-06 18:17:07.037573+04	1150	İsmayılov Rusif - 2025-08-06	3		22	1
1923	2025-08-06 18:17:07.037573+04	1149	Zeynalov Cahid - 2025-08-06	3		22	1
1924	2025-08-06 18:17:07.037573+04	1148	Vəliyev Səfərbər - 2025-08-06	3		22	1
1925	2025-08-06 18:17:07.037573+04	1147	Tanrıverdiyeva Aygün - 2025-08-06	3		22	1
1926	2025-08-06 18:17:07.037573+04	1146	Rzayev Adil - 2025-08-06	3		22	1
1927	2025-08-06 18:17:07.037573+04	1145	Muradov Samir - 2025-08-06	3		22	1
1928	2025-08-06 18:17:07.037573+04	1144	Mirzəyev Arif - 2025-08-06	3		22	1
1929	2025-08-06 18:17:07.037573+04	1143	Kazımova Könül - 2025-08-06	3		22	1
1930	2025-08-06 18:17:07.037573+04	1142	Həşimov Rəhim - 2025-08-06	3		22	1
1931	2025-08-06 18:17:07.037573+04	1141	Hüseynov Etibar - 2025-08-06	3		22	1
1932	2025-08-06 18:17:07.037573+04	1140	Dadaşova Sevinc - 2025-08-06	3		22	1
1933	2025-08-06 18:17:07.037573+04	1139	Cahangirova Çiçək - 2025-08-06	3		22	1
1934	2025-08-06 18:17:07.037573+04	1138	Məmmədov İslam - 2025-08-06	3		22	1
1935	2025-08-06 18:17:07.037573+04	1137	Ağayev Fuad - 2025-08-06	3		22	1
1936	2025-08-06 18:17:07.037573+04	1136	Ziyadov Elnur - 2025-08-06	3		22	1
1937	2025-08-06 18:17:07.037573+04	1135	Rəsulov Xəqani - 2025-08-06	3		22	1
1938	2025-08-06 18:17:07.037573+04	1134	Məmmədov Bərxudar - 2025-08-06	3		22	1
1939	2025-08-06 18:17:07.037573+04	1133	Mikayılova Vüsalə - 2025-08-06	3		22	1
1940	2025-08-06 18:17:07.037573+04	1132	Cəfərova Yeganə - 2025-08-06	3		22	1
1941	2025-08-06 18:17:07.037573+04	1131	Abdullayeva Nigar - 2025-08-06	3		22	1
1942	2025-08-06 18:17:07.037573+04	1130	Müslümova İlahə - 2025-08-06	3		22	1
1943	2025-08-06 18:17:07.037573+04	1129	Şəfiyevə Xəyalə - 2025-08-06	3		22	1
1944	2025-08-06 18:17:07.037573+04	1128	Səlimli Sevda - 2025-08-06	3		22	1
1945	2025-08-06 18:17:07.037573+04	1127	Nəzərova Ülviyyə - 2025-08-06	3		22	1
1946	2025-08-06 18:17:07.037573+04	1126	Yusifov Arif - 2025-08-06	3		22	1
1947	2025-08-06 18:17:07.037573+04	1125	Ələsgərova Könül - 2025-08-06	3		22	1
1948	2025-08-06 18:17:07.037573+04	1124	Əhədova Esmira - 2025-08-06	3		22	1
1949	2025-08-06 18:17:07.037573+04	1123	Yavərəliyeva Lamiyə - 2025-08-06	3		22	1
1950	2025-08-06 18:17:07.037573+04	1122	Osmanova Aygün - 2025-08-06	3		22	1
1951	2025-08-06 18:17:07.037573+04	1121	Nuruşova Rəna - 2025-08-06	3		22	1
1952	2025-08-06 18:17:07.037573+04	1120	Məhərrəmova Lətifə - 2025-08-06	3		22	1
1953	2025-08-06 18:17:07.037573+04	1119	Həmzəyeva Mənsurə - 2025-08-06	3		22	1
1954	2025-08-06 18:17:07.037573+04	1118	Ümüdov Sahib - 2025-08-06	3		22	1
1955	2025-08-06 18:17:07.037573+04	1117	Yaqubov Elçin - 2025-08-06	3		22	1
1956	2025-08-06 18:17:07.037573+04	1116	Quliyev Bəhman - 2025-08-06	3		22	1
1957	2025-08-06 18:17:07.037573+04	1115	Mahmudova Raya - 2025-08-06	3		22	1
1958	2025-08-06 18:17:07.037573+04	1114	Seyidov Adil - 2025-08-06	3		22	1
1959	2025-08-06 18:17:07.037573+04	1113	Kərimov Şakir - 2025-08-06	3		22	1
1960	2025-08-06 18:17:07.037573+04	1112	Ağayarova Rəna - 2025-08-06	3		22	1
1961	2025-08-06 18:17:07.037573+04	1111	Tağızadə Leyla - 2025-08-06	3		22	1
1962	2025-08-06 18:17:07.037573+04	1110	İbrahimova Firuzə - 2025-08-06	3		22	1
1963	2025-08-06 18:17:07.037573+04	1109	Kərimov Vahid - 2025-08-06	3		22	1
1964	2025-08-06 18:17:07.037573+04	1108	Əhmədov Şaban - 2025-08-06	3		22	1
1965	2025-08-06 18:17:07.037573+04	1107	İbadova Lalə - 2025-08-06	3		22	1
1966	2025-08-06 18:17:07.037573+04	1106	Quliyev Xankərəm - 2025-08-06	3		22	1
1967	2025-08-06 18:17:07.037573+04	1105	Əbilova Sevinc - 2025-08-06	3		22	1
1968	2025-08-06 18:17:07.037573+04	1104	Niyazova İlhamə - 2025-08-06	3		22	1
1969	2025-08-06 18:17:07.037573+04	1103	Musayev Mətləb - 2025-08-06	3		22	1
1970	2025-08-06 18:17:07.037573+04	1102	Mehdiyeva İradə - 2025-08-06	3		22	1
1971	2025-08-06 18:17:07.037573+04	1101	Fərəcov Hicran - 2025-08-06	3		22	1
1972	2025-08-06 18:17:07.037573+04	1100	Abdullayeva Türkan - 2025-08-06	3		22	1
1973	2025-08-06 18:17:07.037573+04	1099	Əmrəhova Zülfiyyə - 2025-08-06	3		22	1
1974	2025-08-06 18:17:07.037573+04	1098	İkonikova  Lena - 2025-08-06	3		22	1
1975	2025-08-06 18:17:07.037573+04	1097	Əliyev Şahin - 2025-08-06	3		22	1
1976	2025-08-06 18:17:07.037573+04	1096	Qəhrəmanova Rəqibə - 2025-08-06	3		22	1
1977	2025-08-06 18:17:07.037573+04	1095	Mürsəlova Natella - 2025-08-06	3		22	1
1978	2025-08-06 18:17:07.037573+04	1094	Həsənov Şakir - 2025-08-06	3		22	1
1979	2025-08-06 18:17:07.037573+04	1093	Həsənov Natiq - 2025-08-06	3		22	1
1980	2025-08-06 18:17:07.037573+04	1092	Bəşirova Aytac - 2025-08-06	3		22	1
1981	2025-08-06 18:17:07.037573+04	1091	Məmmədova Zülfiyyə - 2025-08-06	3		22	1
1982	2025-08-06 18:17:07.037573+04	1090	Musayeva Nailə - 2025-08-06	3		22	1
1983	2025-08-06 18:17:07.037573+04	1089	Quluzadə Leyla - 2025-08-06	3		22	1
1984	2025-08-06 18:17:07.037573+04	1088	Mövsümova Naibə - 2025-08-06	3		22	1
1985	2025-08-06 18:17:07.037573+04	1087	Cavadova Arzu - 2025-08-06	3		22	1
1986	2025-08-06 18:17:07.037573+04	1086	Bəxtiyarova Sveta - 2025-08-06	3		22	1
1987	2025-08-06 18:17:07.037573+04	1085	Əliyeva Qumru - 2025-08-06	3		22	1
1988	2025-08-06 18:17:07.037573+04	1084	Əhmədova Tahirə - 2025-08-06	3		22	1
1989	2025-08-06 18:17:07.037573+04	1083	Zeynalov Elçin - 2025-08-06	3		22	1
1990	2025-08-06 18:17:07.037573+04	1082	Yusifova Elnaz - 2025-08-06	3		22	1
1991	2025-08-06 18:17:07.037573+04	1081	Yusifova Aygün - 2025-08-06	3		22	1
1992	2025-08-06 18:17:07.037573+04	1080	Vəliyeva Sevinc - 2025-08-06	3		22	1
1993	2025-08-06 18:17:07.037573+04	1079	Paşayev İlqar - 2025-08-06	3		22	1
1994	2025-08-06 18:17:07.037573+04	1078	Nəbiyeva Kəmalə - 2025-08-06	3		22	1
1995	2025-08-06 18:17:07.037573+04	1077	Novruzova Elnurə - 2025-08-06	3		22	1
1996	2025-08-06 18:17:07.037573+04	1076	Musayeva Könül - 2025-08-06	3		22	1
1997	2025-08-06 18:17:07.037573+04	1075	Hüseynova Sevinc - 2025-08-06	3		22	1
1998	2025-08-06 18:17:07.037573+04	1074	Ağazadə Səmral - 2025-08-06	3		22	1
1999	2025-08-06 18:17:07.037573+04	1073	Abdullayeva Səbinə - 2025-08-06	3		22	1
2000	2025-08-06 18:17:07.037573+04	1072	Hacıyeva Lalə - 2025-08-06	3		22	1
2001	2025-08-06 18:17:07.037573+04	1071	Yunuslu Aytən - 2025-08-06	3		22	1
2002	2025-08-06 18:17:07.037573+04	1070	Səlimova Sevinc - 2025-08-06	3		22	1
2003	2025-08-06 18:17:07.037573+04	1069	Seyidəliyeva Arzu - 2025-08-06	3		22	1
2004	2025-08-06 18:17:07.037573+04	1068	Novruzova Günəş - 2025-08-06	3		22	1
2005	2025-08-06 18:17:07.037573+04	1067	Məhərrəmova Xumarə - 2025-08-06	3		22	1
2006	2025-08-06 18:17:07.037573+04	1066	Cabbarova Nubar - 2025-08-06	3		22	1
2007	2025-08-06 18:17:07.037573+04	1065	Abdullayeva Elmira - 2025-08-06	3		22	1
2008	2025-08-06 18:17:07.037573+04	1064	Seyidova Pərvin - 2025-08-06	3		22	1
2009	2025-08-06 18:17:07.037573+04	1063	Zeynallı Turan - 2025-08-06	3		22	1
2010	2025-08-06 18:17:07.037573+04	1062	Pirvəliyev Hamlet - 2025-08-06	3		22	1
2011	2025-08-06 18:17:07.037573+04	1061	Mürşidova Rəna - 2025-08-06	3		22	1
2012	2025-08-06 18:17:07.037573+04	1060	Ələsgərova Ramidə - 2025-08-06	3		22	1
2013	2025-08-06 18:17:07.037573+04	1059	Hüseynova Sevda - 2025-08-06	3		22	1
2014	2025-08-06 18:17:07.037573+04	1058	Əhmədova Şəbnəm - 2025-08-06	3		22	1
2015	2025-08-06 18:17:07.037573+04	1057	Əhmədova Tünzalə - 2025-08-06	3		22	1
2016	2025-08-06 18:17:07.037573+04	1056	İmanova Şəbnəm - 2025-08-06	3		22	1
2017	2025-08-06 18:17:07.037573+04	1055	Zülfiyev Zeynal - 2025-08-06	3		22	1
2018	2025-08-06 18:17:07.037573+04	1054	Səmədova Sevda - 2025-08-06	3		22	1
2019	2025-08-06 18:17:07.037573+04	1053	Süleymanov Ceyhun - 2025-08-06	3		22	1
2020	2025-08-06 18:17:07.037573+04	1052	Sultanova Təranə - 2025-08-06	3		22	1
2021	2025-08-06 18:17:07.037573+04	1051	Salmanova Ülviyyə - 2025-08-06	3		22	1
2022	2025-08-06 18:17:07.037573+04	1050	Piriyev Ramin - 2025-08-06	3		22	1
2023	2025-08-06 18:17:07.037573+04	1049	Mahmudova Züleyxa - 2025-08-06	3		22	1
2024	2025-08-06 18:17:07.037573+04	1048	Hacıyeva Dürdanə - 2025-08-06	3		22	1
2025	2025-08-06 18:17:07.037573+04	1047	Rzayeva Şəlalə - 2025-08-06	3		22	1
2026	2025-08-06 18:17:07.037573+04	1046	Hümbətova Tahirə - 2025-08-06	3		22	1
2027	2025-08-06 18:17:07.037573+04	1045	Allahverdiyeva Samirə - 2025-08-06	3		22	1
2028	2025-08-06 18:17:07.037573+04	1044	Abbasova Səbinə - 2025-08-06	3		22	1
2029	2025-08-06 18:17:07.037573+04	1043	Abbasova Elnarə - 2025-08-06	3		22	1
2030	2025-08-06 18:17:07.037573+04	1042	Əhmədli Nərmin - 2025-08-06	3		22	1
2031	2025-08-06 18:17:07.037573+04	1041	Şükürova Sevinc - 2025-08-06	3		22	1
2032	2025-08-06 18:17:07.037573+04	1040	Baratlı Həmdanə - 2025-08-06	3		22	1
2033	2025-08-06 18:17:07.037573+04	1039	Ağayev Əliağa - 2025-08-06	3		22	1
2034	2025-08-06 18:17:07.037573+04	1038	Ağayev Əliağa - 2025-08-06	3		22	1
2035	2025-08-06 18:17:07.037573+04	1037	Ağayev Əliağa - 2025-08-06	3		22	1
2036	2025-08-06 18:17:07.037573+04	1036	Ağayev Əliağa - 2025-08-06	3		22	1
2037	2025-08-06 18:17:07.037573+04	1035	Mehralıyeva Günay - 2025-08-06	3		22	1
2038	2025-08-06 18:17:07.037573+04	1034	Ağayev Əliağa - 2025-08-06	3		22	1
2039	2025-08-06 18:17:07.037573+04	1033	Ağayev Əliağa - 2025-08-06	3		22	1
2040	2025-08-06 18:17:07.037573+04	1032	Abdullayeva Mehriban - 2025-08-06	3		22	1
2041	2025-08-06 18:17:07.037573+04	1031	Mehralıyeva Günay - 2025-08-06	3		22	1
2042	2025-08-06 18:17:07.037573+04	1030	Mehralıyeva Günay - 2025-08-06	3		22	1
2043	2025-08-06 18:17:07.037573+04	1029	Mehralıyeva Günay - 2025-08-06	3		22	1
2044	2025-08-06 18:17:07.037573+04	1028	Əsədova İlahə - 2025-08-04	3		22	1
2045	2025-08-06 18:17:07.037573+04	1027	Əliyev Şahin - 2025-08-04	3		22	1
2046	2025-08-06 18:17:07.037573+04	1026	İsayev Cəlil - 2025-08-04	3		22	1
2047	2025-08-06 18:17:07.037573+04	1025	İmanova Elmira - 2025-08-04	3		22	1
2048	2025-08-06 18:17:07.037573+04	1024	İmanova  Gülrux - 2025-08-04	3		22	1
2049	2025-08-06 18:17:07.037573+04	1023	İbrahimova Samirə - 2025-08-04	3		22	1
2050	2025-08-06 18:17:07.037573+04	1022	İbrahimova Pərvin - 2025-08-04	3		22	1
2051	2025-08-06 18:17:07.037573+04	1021	ad - 2025-08-04	3		22	1
2052	2025-08-06 18:17:07.037573+04	1020	Talıbova Leyla - 2025-08-04	3		22	1
2053	2025-08-06 18:17:07.037573+04	1019	Salahova Elnarə - 2025-08-04	3		22	1
2054	2025-08-06 18:17:07.037573+04	1018	Məmmədova Sevinc - 2025-08-04	3		22	1
2055	2025-08-06 18:17:07.037573+04	1017	Məmmədov Rüfət - 2025-08-04	3		22	1
2056	2025-08-06 18:17:07.037573+04	1016	Həsənova Bikəxanım - 2025-08-04	3		22	1
2057	2025-08-06 18:17:07.037573+04	1015	Cəmaləddin - 2025-08-04	3		22	1
2058	2025-08-06 18:17:07.037573+04	1014	Baloğlanov Adil - 2025-08-04	3		22	1
2059	2025-08-06 18:17:07.037573+04	1013	Əliyeva Sevda (Pirallahı) - 2025-08-04	3		22	1
2060	2025-08-06 18:17:07.037573+04	1012	Əhmədova Aygün - 2025-08-04	3		22	1
2061	2025-08-06 18:17:07.037573+04	1011	İsgəndərli Vüsalə - 2025-08-04	3		22	1
2062	2025-08-06 18:17:07.037573+04	1010	İbadov Ceyhun - 2025-08-04	3		22	1
2063	2025-08-06 18:17:07.037573+04	1009	Səfərov Fizuli - 2025-08-04	3		22	1
2064	2025-08-06 18:17:07.037573+04	1008	Süleymanov Elxan - 2025-08-04	3		22	1
2065	2025-08-06 18:17:07.037573+04	1007	Qocayeva Lalə - 2025-08-04	3		22	1
2066	2025-08-06 18:17:07.037573+04	1006	Piriyeva Fəridə - 2025-08-04	3		22	1
2067	2025-08-06 18:17:07.037573+04	1005	Hüseynzadə Məhəmməd - 2025-08-04	3		22	1
2068	2025-08-06 18:17:07.037573+04	1004	Abidov Vüqar - 2025-08-04	3		22	1
2069	2025-08-06 18:17:07.037573+04	1003	Abdinli Elşən - 2025-08-04	3		22	1
2070	2025-08-06 18:17:07.037573+04	1002	Səfərov Ənvər - 2025-08-04	3		22	1
2071	2025-08-06 18:17:07.037573+04	1001	Məlikov Elvin - 2025-08-04	3		22	1
2072	2025-08-06 18:17:07.037573+04	1000	arxivv - 2025-08-04	3		22	1
2073	2025-08-06 18:17:07.037573+04	999	Camalova Ofelya - 2025-08-04	3		22	1
2074	2025-08-06 18:17:07.037573+04	998	Camalov Hidayət - 2025-08-04	3		22	1
2075	2025-08-06 18:17:07.037573+04	997	Qurbanov Əli - 2025-08-04	3		22	1
2076	2025-08-06 18:17:07.037573+04	996	Əliyev Nizami - 2025-08-04	3		22	1
2077	2025-08-06 18:17:07.037573+04	995	Novruzov Aydın - 2025-08-04	3		22	1
2078	2025-08-06 18:17:07.037573+04	994	Həsənov Nüsrət - 2025-08-04	3		22	1
2079	2025-08-06 18:17:07.037573+04	993	Fərəcova Türanə - 2025-08-04	3		22	1
2080	2025-08-06 18:17:07.037573+04	992	Cəfərov Nurlan - 2025-08-04	3		22	1
2081	2025-08-06 18:17:07.037573+04	991	Bağırova Kəmalə - 2025-08-04	3		22	1
2082	2025-08-06 18:17:07.037573+04	990	Babayev Seyfəddin - 2025-08-04	3		22	1
2083	2025-08-06 18:17:07.037573+04	989	Abbasov Hüseynalı - 2025-08-04	3		22	1
2084	2025-08-06 18:17:07.037573+04	988	Əsgərov Malik - 2025-08-04	3		22	1
2085	2025-08-06 18:17:07.037573+04	987	İsmayılova Aysel - 2025-08-04	3		22	1
2086	2025-08-06 18:17:07.037573+04	986	İmanova İsmət - 2025-08-04	3		22	1
2087	2025-08-06 18:17:07.037573+04	985	Zeynalova İlahə - 2025-08-04	3		22	1
2088	2025-08-06 18:17:07.037573+04	984	Vəliyeva Vəfa - 2025-08-04	3		22	1
2089	2025-08-06 18:17:07.037573+04	983	Verdiyev Vüqar - 2025-08-04	3		22	1
2090	2025-08-06 18:17:07.037573+04	982	Tayuk Xaspolad - 2025-08-04	3		22	1
2091	2025-08-06 18:17:07.037573+04	981	Tarverdiyeva Şəfəq - 2025-08-04	3		22	1
2092	2025-08-06 18:17:07.037573+04	980	Səfərov Anar - 2025-08-04	3		22	1
2093	2025-08-06 18:17:07.037573+04	979	Rəhmiyyə Dr - 2025-08-04	3		22	1
2094	2025-08-06 18:17:07.037573+04	978	Rzayev Yaşar - 2025-08-04	3		22	1
2095	2025-08-06 18:17:07.037573+04	977	Quliyeva Nəzrin - 2025-08-04	3		22	1
2096	2025-08-06 18:17:07.037573+04	976	Quliyev Vidadi - 2025-08-04	3		22	1
2097	2025-08-06 18:17:07.037573+04	975	Qoçəliyeva Esmira - 2025-08-04	3		22	1
2098	2025-08-06 18:17:07.037573+04	974	Nümunə ad - 2025-08-04	3		22	1
2099	2025-08-06 18:17:07.037573+04	973	Novruzov Niyazi - 2025-08-04	3		22	1
2100	2025-08-06 18:17:07.037573+04	972	Mustafayeva Gülçin - 2025-08-04	3		22	1
2101	2025-08-06 18:17:07.037573+04	971	Mirzəyeva Səkinə - 2025-08-04	3		22	1
2102	2025-08-06 18:17:07.053199+04	970	Mehdiyev Sabir - 2025-08-04	3		22	1
2103	2025-08-06 18:17:07.053199+04	969	Hüseynova Nərmin - 2025-08-04	3		22	1
2104	2025-08-06 18:17:07.053199+04	968	Hacıyev Ramin - 2025-08-04	3		22	1
2105	2025-08-06 18:17:07.053199+04	967	Fətəliyeva Qızılgül - 2025-08-04	3		22	1
2106	2025-08-06 18:17:07.053199+04	966	Fətullayev İntiqam - 2025-08-04	3		22	1
2107	2025-08-06 18:17:07.053467+04	965	Fərzəliyev Fazil - 2025-08-04	3		22	1
2108	2025-08-06 18:17:07.053467+04	964	Dünyamalıyeva Aysel - 2025-08-04	3		22	1
2109	2025-08-06 18:17:07.053467+04	963	Cəlilova Sona - 2025-08-04	3		22	1
2110	2025-08-06 18:17:07.053467+04	962	Cəfərli Zümrüd - 2025-08-04	3		22	1
2111	2025-08-06 18:17:07.053467+04	961	Bağırova Leyla - 2025-08-04	3		22	1
2112	2025-08-06 18:17:07.053467+04	960	Bağırova Günay - 2025-08-04	3		22	1
2113	2025-08-06 18:17:07.053467+04	959	Bağırova Elnurə - 2025-08-04	3		22	1
2114	2025-08-06 18:17:07.053467+04	958	Babayeva Xeyrənsə - 2025-08-04	3		22	1
2115	2025-08-06 18:17:07.053467+04	957	Aslanov Elnur - 2025-08-04	3		22	1
2116	2025-08-06 18:17:07.053467+04	956	Allahverdiyeva Tərlan - 2025-08-04	3		22	1
2117	2025-08-06 18:17:07.053467+04	955	Allahverdiyeva Gülan - 2025-08-04	3		22	1
2118	2025-08-06 18:17:07.053467+04	954	Abdullayeva Dilarə - 2025-08-04	3		22	1
2119	2025-08-06 18:17:07.053921+04	953	Abbasova Bəyim - 2025-08-04	3		22	1
2120	2025-08-06 18:17:07.053921+04	952	Şükürlü Azad - 2025-08-04	3		22	1
2121	2025-08-06 18:17:07.053921+04	951	Tarquluyev Tarqulu - 2025-08-04	3		22	1
2122	2025-08-06 18:17:07.053921+04	950	Mürsəlov Cabir - 2025-08-04	3		22	1
2123	2025-08-06 18:17:07.053921+04	949	Mustafayev Elvin - 2025-08-04	3		22	1
2124	2025-08-06 18:17:07.053921+04	948	Fikrətli Dəyanət - 2025-08-04	3		22	1
2125	2025-08-06 18:17:07.053921+04	947	Cəfərov Rəşad - 2025-08-04	3		22	1
2126	2025-08-06 18:17:07.053921+04	946	Axverdiyev Mustafa - 2025-08-04	3		22	1
2127	2025-08-06 18:17:07.053921+04	945	Əliyeva Gülxar - 2025-08-04	3		22	1
2128	2025-08-06 18:17:07.053921+04	944	İsmayılova Siddiqə - 2025-08-04	3		22	1
2129	2025-08-06 18:17:07.053921+04	943	Səyyadova Səbinə - 2025-08-04	3		22	1
2130	2025-08-06 18:17:07.053921+04	942	Səttarov İslam - 2025-08-04	3		22	1
2131	2025-08-06 18:17:07.053921+04	941	Səlimli Məryəm - 2025-08-04	3		22	1
2132	2025-08-06 18:17:07.053921+04	940	Novruzova Bəhriyyə - 2025-08-04	3		22	1
2133	2025-08-06 18:17:07.053921+04	939	Mamedova Könül - 2025-08-04	3		22	1
2134	2025-08-06 18:17:07.053921+04	938	Həsənova Təranə - 2025-08-04	3		22	1
2135	2025-08-06 18:17:07.053921+04	937	Hümbətova Gülnarə - 2025-08-04	3		22	1
2136	2025-08-06 18:17:07.053921+04	936	Gülməmmədova Nəzakət - 2025-08-04	3		22	1
2137	2025-08-06 18:17:07.053921+04	935	Bayramova Aidə - 2025-08-04	3		22	1
2138	2025-08-06 18:17:07.053921+04	934	Babayeva Rəfayə - 2025-08-04	3		22	1
2139	2025-08-06 18:17:07.053921+04	933	İbrahimova Tamella - 2025-08-04	3		22	1
2140	2025-08-06 18:17:07.053921+04	932	Hacıyeva Sürayyə - 2025-08-04	3		22	1
2141	2025-08-06 18:17:07.053921+04	931	Aytac dr - 2025-08-04	3		22	1
2142	2025-08-06 18:17:07.053921+04	930	İsmayılova Dilguşə - 2025-08-04	3		22	1
2143	2025-08-06 18:17:07.053921+04	929	Tahirova Aytən - 2025-08-04	3		22	1
2144	2025-08-06 18:17:07.053921+04	928	Kazımova Sabirə - 2025-08-04	3		22	1
2145	2025-08-06 18:17:07.053921+04	927	Zeynalov Sərxan - 2025-08-04	3		22	1
2146	2025-08-06 18:17:07.053921+04	926	Əliyeva Nuray - 2025-08-04	3		22	1
2147	2025-08-06 18:17:07.053921+04	925	İsmayılova Türkan - 2025-08-04	3		22	1
2148	2025-08-06 18:17:07.053921+04	924	İsmayılov Amin - 2025-08-04	3		22	1
2149	2025-08-06 18:17:07.053921+04	923	İbrahimli Əkbər - 2025-08-04	3		22	1
2150	2025-08-06 18:17:07.053921+04	922	Süleymanlı Ayşən - 2025-08-04	3		22	1
2151	2025-08-06 18:17:07.053921+04	921	Rəhimova Arzu - 2025-08-04	3		22	1
2152	2025-08-06 18:17:07.053921+04	920	Mikayılov Amind - 2025-08-04	3		22	1
2153	2025-08-06 18:17:07.053921+04	919	Ağayev Mamed - 2025-08-04	3		22	1
2154	2025-08-06 18:17:07.053921+04	918	Ələkbərov Anar - 2025-08-04	3		22	1
2155	2025-08-06 18:17:07.053921+04	917	Hüseynov Cabir - 2025-08-04	3		22	1
2156	2025-08-06 18:17:07.053921+04	915	Hüseynov Cabir - 2025-08-04	3		22	1
2157	2025-08-06 18:17:07.054915+04	913	Cəfərova Əminə - 2025-08-04	3		22	1
2158	2025-08-06 18:17:07.054915+04	912	Məmmədov Fəxrəddin - 2025-08-04	3		22	1
2159	2025-08-06 18:17:07.054915+04	911	Musayev Araz - 2025-08-04	3		22	1
2160	2025-08-06 18:17:07.054915+04	910	Həsənov Vəliqulu - 2025-08-04	3		22	1
2161	2025-08-06 18:17:07.054915+04	909	Bababəyli Namiq - 2025-08-04	3		22	1
2162	2025-08-06 18:17:07.054915+04	908	Niftəliyev Hüseyn - 2025-08-04	3		22	1
2163	2025-08-06 18:17:07.054915+04	907	Baxşəliyeva Gülarə - 2025-08-04	3		22	1
2164	2025-08-07 09:25:30.42393+04	5	Zemovar (1)	3		25	1
2165	2025-08-07 09:25:30.42393+04	4	Zemovar (1)	3		25	1
2166	2025-08-07 09:25:30.42393+04	3	Heptrazol (1)	3		25	1
2167	2025-08-07 09:25:30.42393+04	2	Zemovar (3)	3		25	1
2168	2025-08-07 09:25:30.42393+04	1	Heptrazol (2)	3		25	1
2169	2025-08-07 09:25:38.559942+04	4	Məmmədova Sevinc - 2025-08-07	3		24	1
2170	2025-08-07 09:25:38.559942+04	3	Əliyev Şahin - 2025-08-07	3		24	1
2171	2025-08-07 09:25:38.559942+04	2	Əsədova İlahə - 2025-08-07	3		24	1
2172	2025-08-07 09:25:38.559942+04	1	İbrahimova Samirə - 2025-08-07	3		24	1
2173	2025-08-07 09:33:52.580674+04	30	Mərdəkan - Zemovar - 13	3		16	1
2174	2025-08-07 09:33:52.580674+04	29	Mərdəkan - Vitomer - 1	3		16	1
2175	2025-08-07 09:33:52.580674+04	28	Mərdəkan - Solseda - 2	3		16	1
2176	2025-08-07 09:33:52.580674+04	27	Mərdəkan - Serrasol - 7	3		16	1
2177	2025-08-07 09:33:52.580674+04	26	Mərdəkan - Provital - 37	3		16	1
2178	2025-08-07 09:33:52.580674+04	25	Mərdəkan - Prostazolin - 9	3		16	1
2179	2025-08-07 09:33:52.580674+04	24	Mərdəkan - Opeblock - 33	3		16	1
2180	2025-08-07 09:33:52.580674+04	23	Mərdəkan - Heptrazol - 11	3		16	1
2181	2025-08-07 09:49:37.481761+04	1201	İbrahimova Samirə - 2025-08-07	3		22	1
2182	2025-08-07 09:49:37.481761+04	1200	Əsədova İlahə - 2025-08-07	3		22	1
2183	2025-08-07 09:49:37.481761+04	1199	Əliyev Şahin - 2025-08-07	3		22	1
2184	2025-08-07 09:49:37.481761+04	1198	Məmmədova Sevinc - 2025-08-07	3		22	1
2185	2025-08-07 09:49:37.481761+04	1197	Talıbova Leyla - 2025-08-07	3		22	1
2186	2025-08-07 09:49:37.481761+04	1196	Süleymanov Elxan - 2025-08-07	3		22	1
2187	2025-08-07 09:49:37.481761+04	1195	Səfərov Fizuli - 2025-08-07	3		22	1
2188	2025-08-07 09:49:37.481761+04	1194	Salahova Elnarə - 2025-08-07	3		22	1
2189	2025-08-07 09:49:37.481761+04	1193	Piriyeva Fəridə - 2025-08-07	3		22	1
2190	2025-08-07 09:49:37.481761+04	1192	Məmmədova Sevinc - 2025-08-07	3		22	1
2191	2025-08-07 09:49:37.481761+04	1191	Məmmədov Rüfət - 2025-08-07	3		22	1
2192	2025-08-07 09:49:37.481761+04	1190	Qocayeva Lalə - 2025-08-07	3		22	1
2193	2025-08-07 09:49:37.481761+04	1189	İsgəndərli Vüsalə - 2025-08-07	3		22	1
2194	2025-08-07 09:49:37.481761+04	1188	İsayev Cəlil - 2025-08-07	3		22	1
2195	2025-08-07 09:49:37.481761+04	1187	İmanova Elmira - 2025-08-07	3		22	1
2196	2025-08-07 09:49:37.481761+04	1186	İmanova  Gülrux - 2025-08-07	3		22	1
2197	2025-08-07 09:49:37.481761+04	1185	İbrahimova Samirə - 2025-08-07	3		22	1
2198	2025-08-07 09:49:37.481761+04	1184	İbrahimova Pərvin - 2025-08-07	3		22	1
2199	2025-08-07 09:49:37.481761+04	1183	İbadov Ceyhun - 2025-08-07	3		22	1
2200	2025-08-07 09:49:37.481761+04	1182	Hüseynzadə Məhəmməd - 2025-08-07	3		22	1
2201	2025-08-07 09:49:37.481761+04	1181	Həsənova Bikəxanım - 2025-08-07	3		22	1
2202	2025-08-07 09:49:37.481761+04	1180	Əsədova İlahə - 2025-08-07	3		22	1
2203	2025-08-07 09:49:37.481761+04	1179	Əliyeva Sevda (Pirallahı) - 2025-08-07	3		22	1
2204	2025-08-07 09:49:37.481761+04	1178	Əliyev Şahin - 2025-08-07	3		22	1
2205	2025-08-07 09:49:37.481761+04	1177	Əhmədova Aygün - 2025-08-07	3		22	1
2206	2025-08-07 09:49:37.481761+04	1176	Cəmaləddin - 2025-08-07	3		22	1
2207	2025-08-07 09:49:37.482766+04	1175	Baloğlanov Adil - 2025-08-07	3		22	1
2208	2025-08-07 09:49:37.482766+04	1174	ad - 2025-08-07	3		22	1
2209	2025-08-07 09:49:37.482766+04	1173	Abidov Vüqar - 2025-08-07	3		22	1
2210	2025-08-07 09:49:37.482766+04	1172	Abdinli Elşən - 2025-08-07	3		22	1
2211	2025-08-07 09:49:37.482766+04	1171	Əsgərova Xanımzər - 2025-08-06	3		22	1
2212	2025-08-07 09:49:37.482766+04	1170	Əsgərova Xanımzər - 2025-08-06	3		22	1
2213	2025-08-07 09:49:37.482766+04	1169	Mehralıyeva Günay - 2025-08-06	3		22	1
2214	2025-08-07 09:49:37.482766+04	1168	Mehralıyeva Günay - 2025-08-06	3		22	1
2215	2025-08-07 09:49:37.482766+04	1167	Mehralıyeva Günay - 2025-08-06	3		22	1
2216	2025-08-07 09:49:37.482766+04	1166	Quliyeva Güllü - 2025-08-06	3		22	1
2217	2025-08-07 09:49:48.98233+04	38	Mərdəkan - Zemovar - 13	3		16	1
2218	2025-08-07 09:49:48.98233+04	37	Mərdəkan - Vitomer - 1	3		16	1
2219	2025-08-07 09:49:48.98233+04	36	Mərdəkan - Solseda - 2	3		16	1
2220	2025-08-07 09:49:48.98233+04	35	Mərdəkan - Serrasol - 7	3		16	1
2221	2025-08-07 09:49:48.98233+04	34	Mərdəkan - Provital - 37	3		16	1
2222	2025-08-07 09:49:48.98233+04	33	Mərdəkan - Prostazolin - 9	3		16	1
2223	2025-08-07 09:49:48.98233+04	32	Mərdəkan - Opeblock - 33	3		16	1
2224	2025-08-07 09:49:48.98233+04	31	Mərdəkan - Heptrazol - 11	3		16	1
2225	2025-08-07 09:49:48.98233+04	22	Naxcıvan - Zemovar - 73	3		16	1
2226	2025-08-07 09:49:48.98233+04	21	Naxcıvan - Vitomer Kids - 17	3		16	1
2227	2025-08-07 09:49:48.98233+04	20	Naxcıvan - Vitomer - 73	3		16	1
2228	2025-08-07 09:49:48.98233+04	19	Naxcıvan - Soltrop - 62	3		16	1
2229	2025-08-07 09:49:48.98233+04	18	Naxcıvan - Soltep - 4	3		16	1
2230	2025-08-07 09:49:48.98233+04	17	Naxcıvan - Solseda - 91	3		16	1
2231	2025-08-07 09:49:48.98233+04	16	Naxcıvan - Serrasol - 30	3		16	1
2232	2025-08-07 09:49:48.98233+04	15	Naxcıvan - Ropsol - 5	3		16	1
2233	2025-08-07 09:49:48.98233+04	14	Naxcıvan - Provital - 70	3		16	1
2234	2025-08-07 09:49:48.98233+04	13	Naxcıvan - Prostazolin - 89	3		16	1
2235	2025-08-07 09:49:48.98233+04	12	Naxcıvan - Opsidol - 27	3		16	1
2236	2025-08-07 09:49:48.98233+04	11	Naxcıvan - Opeblock - 165	3		16	1
2237	2025-08-07 09:49:48.98233+04	10	Naxcıvan - Litasol - 1	3		16	1
2238	2025-08-07 09:49:48.98233+04	9	Naxcıvan - Levostrong - 215	3		16	1
2239	2025-08-07 09:49:48.98233+04	8	Naxcıvan - Kartovey - 55	3		16	1
2240	2025-08-07 09:49:48.98233+04	7	Naxcıvan - Kalvey - 42	3		16	1
2241	2025-08-07 09:49:48.98233+04	6	Naxcıvan - Heptrazol - 14	3		16	1
2242	2025-08-07 09:49:48.98233+04	5	Naxcıvan - Genosfer - 1	3		16	1
2243	2025-08-07 09:49:48.98233+04	4	Naxcıvan - Fesola - 23	3		16	1
2244	2025-08-07 09:49:48.983333+04	3	Naxcıvan - Fensavin - 3	3		16	1
2245	2025-08-07 09:49:48.983333+04	2	Naxcıvan - Betasol - 37	3		16	1
2246	2025-08-07 09:50:03.768913+04	2	Cəmaləddin-İnvest-10.00	3		15	1
2247	2025-08-07 09:50:03.768913+04	1	İbrahimova Samirə-Avans-50.00	3		15	1
2248	2025-08-07 10:41:21.827823+04	56	Bakı bölgə-3 - Zemovar - 7	3		16	1
2249	2025-08-07 10:41:21.827823+04	55	Bakı bölgə-3 - Soltrop - 4	3		16	1
2250	2025-08-07 10:41:21.827823+04	54	Bakı bölgə-3 - Solseda - 5	3		16	1
2251	2025-08-07 10:41:21.827823+04	53	Bakı bölgə-3 - Ropsol - 2	3		16	1
2252	2025-08-07 10:41:21.827823+04	52	Bakı bölgə-3 - Opsidol - 1	3		16	1
2253	2025-08-07 10:41:21.827823+04	51	Bakı bölgə-3 - Levostrong - 4	3		16	1
2254	2025-08-07 10:41:21.827823+04	50	Bakı bölgə-3 - Heptrazol - 3	3		16	1
2255	2025-08-07 10:41:21.827823+04	49	Bakı bölgə-3 - Fesola - 5	3		16	1
2256	2025-08-07 10:41:21.827823+04	48	Bakı bölgə-3 - Betasol - 2	3		16	1
2257	2025-08-07 10:41:21.827823+04	47	Mərdəkan - Zemovar - 13	3		16	1
2258	2025-08-07 10:41:21.827823+04	46	Mərdəkan - Vitomer - 1	3		16	1
2259	2025-08-07 10:41:21.827823+04	45	Mərdəkan - Solseda - 2	3		16	1
2260	2025-08-07 10:41:21.827823+04	44	Mərdəkan - Serrasol - 7	3		16	1
2261	2025-08-07 10:41:21.827823+04	43	Mərdəkan - Provital - 37	3		16	1
2262	2025-08-07 10:41:21.827823+04	42	Mərdəkan - Prostazolin - 9	3		16	1
2263	2025-08-07 10:41:21.827823+04	41	Mərdəkan - Opeblock - 33	3		16	1
2264	2025-08-07 10:41:21.827823+04	40	Mərdəkan - Heptrazol - 11	3		16	1
2265	2025-08-07 10:41:21.827823+04	39	Bakı bölgə-11 - Levostrong - 50	3		16	1
2266	2025-08-07 10:42:04.232055+04	1202	Mehralıyeva Günay - 2025-08-07	3		22	1
2267	2025-08-07 10:49:47.669405+04	1236	Yusifova Şahnaz - 2025-08-07	3		22	1
2268	2025-08-07 10:49:47.669405+04	1235	Məmmədov Əsəd - 2025-08-07	3		22	1
2269	2025-08-07 10:49:47.669405+04	1234	Teymurov Ramil - 2025-08-07	3		22	1
2270	2025-08-07 10:49:47.669405+04	1233	Abasova Asif - 2025-08-07	3		22	1
2271	2025-08-07 10:49:47.669405+04	1232	Abasova Asif - 2025-08-07	3		22	1
2272	2025-08-07 10:49:47.669405+04	1231	Budaqova Kamilə - 2025-08-07	3		22	1
2273	2025-08-07 10:49:47.669405+04	1230	Kazımov Elxan - 2025-08-07	3		22	1
2274	2025-08-07 10:49:47.669405+04	1229	Abasova Asif - 2025-08-07	3		22	1
2275	2025-08-07 10:49:47.669405+04	1228	Talıbova Leyla - 2025-08-07	3		22	1
2276	2025-08-07 10:49:47.669405+04	1227	Süleymanov Elxan - 2025-08-07	3		22	1
2277	2025-08-07 10:49:47.669405+04	1226	Səfərov Fizuli - 2025-08-07	3		22	1
2278	2025-08-07 10:49:47.670394+04	1225	Salahova Elnarə - 2025-08-07	3		22	1
2279	2025-08-07 10:49:47.670394+04	1224	Piriyeva Fəridə - 2025-08-07	3		22	1
2280	2025-08-07 10:49:47.670394+04	1223	Məmmədova Sevinc - 2025-08-07	3		22	1
2281	2025-08-07 10:49:47.670394+04	1222	Məmmədov Rüfət - 2025-08-07	3		22	1
2282	2025-08-07 10:49:47.670394+04	1221	Qocayeva Lalə - 2025-08-07	3		22	1
2283	2025-08-07 10:49:47.670394+04	1220	İsgəndərli Vüsalə - 2025-08-07	3		22	1
2284	2025-08-07 10:49:47.670394+04	1219	İsayev Cəlil - 2025-08-07	3		22	1
2285	2025-08-07 10:49:47.670394+04	1218	İmanova Elmira - 2025-08-07	3		22	1
2286	2025-08-07 10:49:47.670394+04	1217	İmanova  Gülrux - 2025-08-07	3		22	1
2287	2025-08-07 10:49:47.670394+04	1216	İbrahimova Samirə - 2025-08-07	3		22	1
2288	2025-08-07 10:49:47.670394+04	1215	İbrahimova Pərvin - 2025-08-07	3		22	1
2289	2025-08-07 10:49:47.670394+04	1214	İbadov Ceyhun - 2025-08-07	3		22	1
2290	2025-08-07 10:49:47.670394+04	1213	Hüseynzadə Məhəmməd - 2025-08-07	3		22	1
2291	2025-08-07 10:49:47.670394+04	1212	Həsənova Bikəxanım - 2025-08-07	3		22	1
2292	2025-08-07 10:49:47.670394+04	1211	Əsədova İlahə - 2025-08-07	3		22	1
2293	2025-08-07 10:49:47.670394+04	1210	Əliyeva Sevda (Pirallahı) - 2025-08-07	3		22	1
2294	2025-08-07 10:49:47.670394+04	1209	Əliyev Şahin - 2025-08-07	3		22	1
2295	2025-08-07 10:49:47.670394+04	1208	Əhmədova Aygün - 2025-08-07	3		22	1
2296	2025-08-07 10:49:47.670394+04	1207	Cəmaləddin - 2025-08-07	3		22	1
2297	2025-08-07 10:49:47.670394+04	1206	Baloğlanov Adil - 2025-08-07	3		22	1
2298	2025-08-07 10:49:47.670394+04	1205	ad - 2025-08-07	3		22	1
2299	2025-08-07 10:49:47.670394+04	1204	Abidov Vüqar - 2025-08-07	3		22	1
2300	2025-08-07 10:49:47.670394+04	1203	Abdinli Elşən - 2025-08-07	3		22	1
2301	2025-08-07 10:49:55.754819+04	1239	Süleymanı Nigar - 2025-08-07	3		22	1
2302	2025-08-07 10:49:55.754819+04	1238	Rzayeva Sevil - 2025-08-07	3		22	1
2303	2025-08-07 10:49:55.754819+04	1237	Mehralıyeva Günay - 2025-08-07	3		22	1
2304	2025-08-07 10:50:21.115983+04	58	Bakı bölgə-11 - Zemovar - 3	3		16	1
2305	2025-08-07 10:50:21.115983+04	57	Bakı bölgə-11 - Kartovey - 2	3		16	1
2306	2025-08-07 10:50:33.337484+04	4	İbrahimova Samirə-Avans-50.00	3		15	1
2307	2025-08-07 10:50:33.337484+04	3	Cəmaləddin-İnvest-10.00	3		15	1
2308	2025-08-07 10:51:02.313427+04	49	Bölgə 14	1	[{"added": {}}]	18	1
2309	2025-08-07 10:53:19.481913+04	61	Bakı bölgə-11 - Soltep - 6	3		16	1
2310	2025-08-07 10:53:19.481913+04	60	Bakı bölgə-11 - Levostrong - 8	3		16	1
2311	2025-08-07 10:53:19.481913+04	59	Bakı bölgə-11 - Kartovey - 5	3		16	1
2312	2025-08-07 10:57:11.549197+04	66	Bakı bölgə-11 - Zemovar - 8	3		16	1
2313	2025-08-07 10:57:11.549197+04	65	Bakı bölgə-11 - Soltep - 3	3		16	1
2314	2025-08-07 10:57:11.549197+04	64	Bakı bölgə-11 - Opeblock - 8	3		16	1
2315	2025-08-07 10:57:11.549197+04	63	Bakı bölgə-11 - Levostrong - 5	3		16	1
2316	2025-08-07 10:57:11.549197+04	62	Bakı bölgə-11 - Fesola - 10	3		16	1
2317	2025-08-07 10:57:21.841959+04	1241	Əhmədli Lamiyə - 2025-08-07	3		22	1
2318	2025-08-07 10:57:21.841959+04	1240	Mehralıyeva Günay - 2025-08-07	3		22	1
2319	2025-08-07 10:58:57.159935+04	87	Bakı bölgə-11 - Zemovar - 3	3		16	1
2320	2025-08-07 10:58:57.159935+04	86	Bakı bölgə-11 - Vitomer Kids - 3	3		16	1
2321	2025-08-07 10:58:57.159935+04	85	Bakı bölgə-11 - Vitomer - 3	3		16	1
2322	2025-08-07 10:58:57.159935+04	84	Bakı bölgə-11 - Soltrop - 3	3		16	1
2323	2025-08-07 10:58:57.159935+04	83	Bakı bölgə-11 - Soltep - 3	3		16	1
2324	2025-08-07 10:58:57.159935+04	82	Bakı bölgə-11 - Solseda - 3	3		16	1
2325	2025-08-07 10:58:57.159935+04	81	Bakı bölgə-11 - Serrasol - 3	3		16	1
2326	2025-08-07 10:58:57.159935+04	80	Bakı bölgə-11 - Ropsol - 3	3		16	1
2327	2025-08-07 10:58:57.159935+04	79	Bakı bölgə-11 - Provital - 3	3		16	1
2328	2025-08-07 10:58:57.159935+04	78	Bakı bölgə-11 - Prostazolin - 3	3		16	1
2329	2025-08-07 10:58:57.159935+04	77	Bakı bölgə-11 - Opsidol - 3	3		16	1
2330	2025-08-07 10:58:57.159935+04	76	Bakı bölgə-11 - Opeblock - 3	3		16	1
2331	2025-08-07 10:58:57.159935+04	75	Bakı bölgə-11 - Litasol - 3	3		16	1
2332	2025-08-07 10:58:57.159935+04	74	Bakı bölgə-11 - Levostrong - 3	3		16	1
2333	2025-08-07 10:58:57.159935+04	73	Bakı bölgə-11 - Kartovey - 3	3		16	1
2334	2025-08-07 10:58:57.159935+04	72	Bakı bölgə-11 - Kalvey - 3	3		16	1
2335	2025-08-07 10:58:57.159935+04	71	Bakı bölgə-11 - Heptrazol - 3	3		16	1
2336	2025-08-07 10:58:57.159935+04	70	Bakı bölgə-11 - Genosfer - 3	3		16	1
2337	2025-08-07 10:58:57.159935+04	69	Bakı bölgə-11 - Fesola - 3	3		16	1
2338	2025-08-07 10:58:57.159935+04	68	Bakı bölgə-11 - Fensavin - 3	3		16	1
2339	2025-08-07 10:58:57.159935+04	67	Bakı bölgə-11 - Betasol - 3	3		16	1
2340	2025-08-07 11:00:43.66757+04	108	Bakı bölgə-11 - Zemovar - 4	3		16	1
2341	2025-08-07 11:00:43.66757+04	107	Bakı bölgə-11 - Vitomer Kids - 4	3		16	1
2342	2025-08-07 11:00:43.66757+04	106	Bakı bölgə-11 - Vitomer - 4	3		16	1
2343	2025-08-07 11:00:43.66757+04	105	Bakı bölgə-11 - Soltrop - 4	3		16	1
2344	2025-08-07 11:00:43.66757+04	104	Bakı bölgə-11 - Soltep - 4	3		16	1
2345	2025-08-07 11:00:43.66757+04	103	Bakı bölgə-11 - Solseda - 4	3		16	1
2346	2025-08-07 11:00:43.66757+04	102	Bakı bölgə-11 - Serrasol - 4	3		16	1
2347	2025-08-07 11:00:43.66757+04	101	Bakı bölgə-11 - Ropsol - 4	3		16	1
2348	2025-08-07 11:00:43.66757+04	100	Bakı bölgə-11 - Provital - 4	3		16	1
2349	2025-08-07 11:00:43.66757+04	99	Bakı bölgə-11 - Prostazolin - 4	3		16	1
2350	2025-08-07 11:00:43.66757+04	98	Bakı bölgə-11 - Opsidol - 4	3		16	1
2351	2025-08-07 11:00:43.66757+04	97	Bakı bölgə-11 - Opeblock - 4	3		16	1
2352	2025-08-07 11:00:43.66757+04	96	Bakı bölgə-11 - Litasol - 4	3		16	1
2353	2025-08-07 11:00:43.66757+04	95	Bakı bölgə-11 - Levostrong - 4	3		16	1
2354	2025-08-07 11:00:43.66757+04	94	Bakı bölgə-11 - Kartovey - 4	3		16	1
2355	2025-08-07 11:00:43.66757+04	93	Bakı bölgə-11 - Kalvey - 4	3		16	1
2356	2025-08-07 11:00:43.66757+04	92	Bakı bölgə-11 - Heptrazol - 4	3		16	1
2357	2025-08-07 11:00:43.66757+04	91	Bakı bölgə-11 - Genosfer - 4	3		16	1
2358	2025-08-07 11:00:43.66757+04	90	Bakı bölgə-11 - Fesola - 4	3		16	1
2359	2025-08-07 11:00:43.66757+04	89	Bakı bölgə-11 - Fensavin - 4	3		16	1
2360	2025-08-07 11:00:43.66757+04	88	Bakı bölgə-11 - Betasol - 4	3		16	1
2361	2025-08-07 11:06:23.0804+04	328	Məmmədov Yaşar	2	[{"changed": {"fields": ["Derece"]}}]	21	1
2362	2025-08-07 11:29:06.344422+04	2476	Abdullayev Hüseyn	1	[{"added": {}}]	21	1
2363	2025-08-07 11:29:36.989383+04	2477	Əliyeva Gülbəniz	1	[{"added": {}}]	21	1
2364	2025-08-07 11:34:24.314276+04	1250	Abdullayev Hüseyn - 2025-08-07	3		22	1
2365	2025-08-07 11:34:24.314276+04	1249	Abdullayev Hüseyn - 2025-08-07	3		22	1
2366	2025-08-07 11:58:52.052501+04	145	Mərdəkan - Zemovar - 13	3		16	1
2367	2025-08-07 11:58:52.052501+04	144	Mərdəkan - Vitomer - 1	3		16	1
2368	2025-08-07 11:58:52.052501+04	143	Mərdəkan - Solseda - 2	3		16	1
2369	2025-08-07 11:58:52.052501+04	142	Mərdəkan - Serrasol - 7	3		16	1
2370	2025-08-07 11:58:52.052501+04	141	Mərdəkan - Provital - 37	3		16	1
2371	2025-08-07 11:58:52.052501+04	140	Mərdəkan - Prostazolin - 9	3		16	1
2372	2025-08-07 11:58:52.052501+04	139	Mərdəkan - Opeblock - 33	3		16	1
2373	2025-08-07 11:58:52.052501+04	138	Mərdəkan - Heptrazol - 11	3		16	1
2374	2025-08-07 11:58:52.052501+04	137	Şəmkir - Genosfer - 7	3		16	1
2375	2025-08-07 11:58:52.052501+04	136	Şəmkir - Fesola - 3	3		16	1
2376	2025-08-07 11:58:52.052501+04	135	Şəmkir - Fensavin - 4	3		16	1
2377	2025-08-07 11:58:52.052501+04	134	Şəmkir - Betasol - 5	3		16	1
2378	2025-08-07 11:58:52.052501+04	133	Bölgə 14 - Kartovey - 7	3		16	1
2379	2025-08-07 11:58:52.052501+04	132	Bölgə 14 - Kalvey - 5	3		16	1
2380	2025-08-07 11:58:52.052501+04	131	Bölgə 14 - Heptrazol - 8	3		16	1
2381	2025-08-07 11:58:52.052501+04	130	Bölgə 14 - Genosfer - 7	3		16	1
2382	2025-08-07 11:58:52.052501+04	129	Bölgə 14 - Fesola - 3	3		16	1
2383	2025-08-07 11:58:52.052501+04	128	Bölgə 14 - Fensavin - 4	3		16	1
2384	2025-08-07 11:58:52.052501+04	127	Bölgə 14 - Betasol - 5	3		16	1
2385	2025-08-07 11:58:52.052501+04	126	Bakı bölgə-11 - Zemovar - 1	3		16	1
2386	2025-08-07 11:58:52.052501+04	125	Bakı bölgə-11 - Vitomer Kids - 6	3		16	1
2387	2025-08-07 11:58:52.052501+04	124	Bakı bölgə-11 - Vitomer - 8	3		16	1
2388	2025-08-07 11:58:52.052501+04	123	Bakı bölgə-11 - Soltrop - 6	3		16	1
2389	2025-08-07 11:58:52.052501+04	122	Bakı bölgə-11 - Soltep - 3	3		16	1
2390	2025-08-07 11:58:52.052501+04	121	Bakı bölgə-11 - Solseda - 5	3		16	1
2391	2025-08-07 11:58:52.052501+04	120	Bakı bölgə-11 - Serrasol - 7	3		16	1
2392	2025-08-07 11:58:52.052501+04	119	Bakı bölgə-11 - Ropsol - 4	3		16	1
2393	2025-08-07 11:58:52.052501+04	118	Bakı bölgə-11 - Provital - 1	3		16	1
2394	2025-08-07 11:58:52.052501+04	117	Bakı bölgə-11 - Prostazolin - 2	3		16	1
2395	2025-08-07 11:58:52.052501+04	116	Bakı bölgə-11 - Opsidol - 6	3		16	1
2396	2025-08-07 11:58:52.052501+04	115	Bakı bölgə-11 - Opeblock - 8	3		16	1
2397	2025-08-07 11:58:52.052501+04	114	Bakı bölgə-11 - Litasol - 4	3		16	1
2398	2025-08-07 11:58:52.052501+04	113	Bakı bölgə-11 - Levostrong - 3	3		16	1
2399	2025-08-07 11:58:52.052501+04	112	Bakı bölgə-11 - Kalvey - 2	3		16	1
2400	2025-08-07 11:58:52.052501+04	111	Bakı bölgə-11 - Genosfer - 4	3		16	1
2401	2025-08-07 11:58:52.052501+04	110	Bakı bölgə-11 - Fensavin - 5	3		16	1
2402	2025-08-07 11:58:52.052501+04	109	Bakı bölgə-11 - Betasol - 5	3		16	1
2403	2025-08-07 12:45:46.189988+04	2111	Süleymanov Elxan - 2025-08	3		17	1
2404	2025-08-07 12:45:46.189988+04	2110	Səfərov Fizuli - 2025-08	3		17	1
2405	2025-08-07 12:45:46.189988+04	2109	Salahova Elnarə - 2025-08	3		17	1
2406	2025-08-07 12:45:46.189988+04	2108	Qocayeva Lalə - 2025-08	3		17	1
2407	2025-08-07 12:45:46.189988+04	2107	Piriyeva Fəridə - 2025-08	3		17	1
2408	2025-08-07 12:45:46.189988+04	2106	Məmmədova Sevinc - 2025-08	3		17	1
2409	2025-08-07 12:45:46.189988+04	2105	Əhmədova Aygün - 2025-08	3		17	1
2410	2025-08-07 12:45:46.189988+04	2104	Baloğlanov Adil - 2025-08	3		17	1
2411	2025-08-07 12:45:46.189988+04	2103	ad - 2025-08	3		17	1
2412	2025-08-07 12:45:46.189988+04	2102	Abidov Vüqar - 2025-08	3		17	1
2413	2025-08-07 12:45:46.189988+04	2101	Abdinli Elşən - 2025-08	3		17	1
2414	2025-08-07 12:45:46.189988+04	2100	Məmmədov Rüfət - 2025-08	3		17	1
2415	2025-08-07 12:45:46.190992+04	2099	İsgəndərli Vüsalə - 2025-08	3		17	1
2416	2025-08-07 12:45:46.190992+04	2098	İsayev Cəlil - 2025-08	3		17	1
2417	2025-08-07 12:45:46.190992+04	2097	Cəmaləddin - 2025-08	3		17	1
2418	2025-08-07 12:45:46.190992+04	2096	İmanova Elmira - 2025-08	3		17	1
2419	2025-08-07 12:45:46.190992+04	2095	İmanova  Gülrux - 2025-08	3		17	1
2420	2025-08-07 12:45:46.190992+04	2094	İbrahimova Samirə - 2025-08	3		17	1
2421	2025-08-07 12:45:46.190992+04	2093	İbrahimova Pərvin - 2025-08	3		17	1
2422	2025-08-07 12:45:46.190992+04	2092	İbadov Ceyhun - 2025-08	3		17	1
2423	2025-08-07 12:45:46.190992+04	2091	Talıbova Leyla - 2025-08	3		17	1
2424	2025-08-07 12:45:46.190992+04	2090	Hüseynzadə Məhəmməd - 2025-08	3		17	1
2425	2025-08-07 12:45:46.190992+04	2089	Həsənova Bikəxanım - 2025-08	3		17	1
2426	2025-08-07 12:45:46.190992+04	2088	Əsədova İlahə - 2025-08	3		17	1
2427	2025-08-07 12:45:46.190992+04	2087	Əliyeva Sevda (Pirallahı) - 2025-08	3		17	1
2428	2025-08-07 12:45:46.190992+04	2086	Əliyev Şahin - 2025-08	3		17	1
2429	2025-08-07 12:45:46.190992+04	2085	Əliyeva Gülbəniz - 2025-08	3		17	1
2430	2025-08-07 12:45:46.190992+04	2084	Abdullayev Hüseyn - 2025-08	3		17	1
2431	2025-08-07 13:51:59.715962+04	1818	Zəngiyeva Gülsüm - 2025-08-07	3		22	1
2432	2025-08-07 13:51:59.715962+04	1817	Zəkəriyəyev Şirvan - 2025-08-07	3		22	1
2433	2025-08-07 13:51:59.715962+04	1816	Yusifov Emin - 2025-08-07	3		22	1
2434	2025-08-07 13:51:59.715962+04	1815	Yolçuyev Söhret - 2025-08-07	3		22	1
2435	2025-08-07 13:51:59.715962+04	1814	Yaqublu Nicat - 2025-08-07	3		22	1
2436	2025-08-07 13:51:59.715962+04	1813	Vəliyeva Kəmalə - 2025-08-07	3		22	1
2437	2025-08-07 13:51:59.715962+04	1812	Vəliyeva Həqiqət - 2025-08-07	3		22	1
2438	2025-08-07 13:51:59.715962+04	1811	Vəlixanlı Təranə - 2025-08-07	3		22	1
2439	2025-08-07 13:51:59.715962+04	1810	Verdiyeva Günay - 2025-08-07	3		22	1
2440	2025-08-07 13:51:59.715962+04	1809	Vahabov Natiq - 2025-08-07	3		22	1
2441	2025-08-07 13:51:59.715962+04	1808	Ummetli Qorxmaz - 2025-08-07	3		22	1
2442	2025-08-07 13:51:59.715962+04	1807	Təhməzov Elbrus - 2025-08-07	3		22	1
2443	2025-08-07 13:51:59.715962+04	1806	Tahirova Zümrüd - 2025-08-07	3		22	1
2444	2025-08-07 13:51:59.715962+04	1805	Şirinova Sevinc - 2025-08-07	3		22	1
2445	2025-08-07 13:51:59.715962+04	1804	Şirəliyev Şahmurad - 2025-08-07	3		22	1
2446	2025-08-07 13:51:59.715962+04	1803	Şıxıyeva Mehriban - 2025-08-07	3		22	1
2447	2025-08-07 13:51:59.715962+04	1802	Şərifli Günay - 2025-08-07	3		22	1
2448	2025-08-07 13:51:59.715962+04	1801	Şəfiyeva Firuzə - 2025-08-07	3		22	1
2449	2025-08-07 13:51:59.715962+04	1800	Süleymanova Nəhayət - 2025-08-07	3		22	1
2450	2025-08-07 13:51:59.715962+04	1799	Sərkərov Telman - 2025-08-07	3		22	1
2451	2025-08-07 13:51:59.715962+04	1798	Səlimzadə Tural - 2025-08-07	3		22	1
2452	2025-08-07 13:51:59.715962+04	1797	Səfərova Ofelya - 2025-08-07	3		22	1
2453	2025-08-07 13:51:59.715962+04	1796	Səfərli Pərviz - 2025-08-07	3		22	1
2454	2025-08-07 13:51:59.715962+04	1795	Səfərəliyeva Pərvanə - 2025-08-07	3		22	1
2455	2025-08-07 13:51:59.715962+04	1794	Səfərəliyeva Kəmalə - 2025-08-07	3		22	1
2456	2025-08-07 13:51:59.715962+04	1793	Səbzəliyev Vaqif - 2025-08-07	3		22	1
2457	2025-08-07 13:51:59.715962+04	1792	Seyidova Şəhla - 2025-08-07	3		22	1
2458	2025-08-07 13:51:59.715962+04	1791	Salmanova Sara - 2025-08-07	3		22	1
2459	2025-08-07 13:51:59.715962+04	1790	Salehova Nüşabə - 2025-08-07	3		22	1
2460	2025-08-07 13:51:59.715962+04	1789	Sadıqov Şirəli - 2025-08-07	3		22	1
2461	2025-08-07 13:51:59.715962+04	1788	Rüstəmova Sədaqət - 2025-08-07	3		22	1
2462	2025-08-07 13:51:59.715962+04	1787	Rəşid Xanım - 2025-08-07	3		22	1
2463	2025-08-07 13:51:59.715962+04	1786	Rəşid Əhməd - 2025-08-07	3		22	1
2464	2025-08-07 13:51:59.715962+04	1785	Rəsulov Fəxrəddin - 2025-08-07	3		22	1
2465	2025-08-07 13:51:59.715962+04	1784	Pənahova Şəhanə - 2025-08-07	3		22	1
2466	2025-08-07 13:51:59.715962+04	1783	Osmanova Telli - 2025-08-07	3		22	1
2467	2025-08-07 13:51:59.715962+04	1782	Osmanov Tural - 2025-08-07	3		22	1
2468	2025-08-07 13:51:59.715962+04	1781	Osmanov Fikrət - 2025-08-07	3		22	1
2469	2025-08-07 13:51:59.715962+04	1780	Nümunə Ad - 2025-08-07	3		22	1
2470	2025-08-07 13:51:59.715962+04	1779	Nəzirov İmran - 2025-08-07	3		22	1
2471	2025-08-07 13:51:59.715962+04	1778	Nebiyeva Yaqut - 2025-08-07	3		22	1
2472	2025-08-07 13:51:59.715962+04	1777	Mütəllibov Zaur - 2025-08-07	3		22	1
2473	2025-08-07 13:51:59.715962+04	1776	Mütəllibov Adil - 2025-08-07	3		22	1
2474	2025-08-07 13:51:59.715962+04	1775	Musayeva Ceyhunə - 2025-08-07	3		22	1
2475	2025-08-07 13:51:59.715962+04	1774	Musayev Musalim - 2025-08-07	3		22	1
2476	2025-08-07 13:51:59.715962+04	1773	Musabeyova Svetlana - 2025-08-07	3		22	1
2477	2025-08-07 13:51:59.715962+04	1772	Muradova Sara - 2025-08-07	3		22	1
2478	2025-08-07 13:51:59.715962+04	1771	Muxtarov Faiq - 2025-08-07	3		22	1
2479	2025-08-07 13:51:59.715962+04	1770	Mirzəyeva Afaq - 2025-08-07	3		22	1
2480	2025-08-07 13:51:59.715962+04	1769	Mikayılova Ulduz - 2025-08-07	3		22	1
2481	2025-08-07 13:51:59.715962+04	1768	Mikayıllı Çimnaz - 2025-08-07	3		22	1
2482	2025-08-07 13:51:59.715962+04	1767	Məsimova İfadə - 2025-08-07	3		22	1
2483	2025-08-07 13:51:59.715962+04	1766	Məmmədzadə Gülnar - 2025-08-07	3		22	1
2484	2025-08-07 13:51:59.715962+04	1765	Məmmədova Elvira - 2025-08-07	3		22	1
2485	2025-08-07 13:51:59.715962+04	1764	Məmmədov Malik - 2025-08-07	3		22	1
2486	2025-08-07 13:51:59.715962+04	1763	Məmmədov Bəxtiyar - 2025-08-07	3		22	1
2487	2025-08-07 13:51:59.715962+04	1762	Məlikov Kamran - 2025-08-07	3		22	1
2488	2025-08-07 13:51:59.715962+04	1761	Memmedov Orxan - 2025-08-07	3		22	1
2489	2025-08-07 13:51:59.715962+04	1760	Mehdiyev Tofiq - 2025-08-07	3		22	1
2490	2025-08-07 13:51:59.715962+04	1759	Maqsudov Lətif - 2025-08-07	3		22	1
2491	2025-08-07 13:51:59.715962+04	1758	Lətifova Mərziyyə - 2025-08-07	3		22	1
2492	2025-08-07 13:51:59.715962+04	1757	Qismətov Şakir - 2025-08-07	3		22	1
2493	2025-08-07 13:51:59.715962+04	1756	Qəribova Türkay - 2025-08-07	3		22	1
2494	2025-08-07 13:51:59.715962+04	1755	Qəribova Mətanət - 2025-08-07	3		22	1
2495	2025-08-07 13:51:59.715962+04	1754	Qədirov Mehman - 2025-08-07	3		22	1
2496	2025-08-07 13:51:59.715962+04	1753	Qədirli Gülnar - 2025-08-07	3		22	1
2497	2025-08-07 13:51:59.715962+04	1752	Qasımova Zeyneb - 2025-08-07	3		22	1
2498	2025-08-07 13:51:59.715962+04	1751	Qasımova Rübabə - 2025-08-07	3		22	1
2499	2025-08-07 13:51:59.715962+04	1750	Qasımov Arzu - 2025-08-07	3		22	1
2500	2025-08-07 13:51:59.715962+04	1749	Kərimova Səxavət - 2025-08-07	3		22	1
2501	2025-08-07 13:51:59.715962+04	1748	Kərimova Gülbəniz - 2025-08-07	3		22	1
2502	2025-08-07 13:51:59.715962+04	1747	Kerimova Sedaye - 2025-08-07	3		22	1
2503	2025-08-07 13:51:59.715962+04	1746	Kerimova İrade - 2025-08-07	3		22	1
2504	2025-08-07 13:51:59.715962+04	1745	Kazımova Aynur - 2025-08-07	3		22	1
2505	2025-08-07 13:51:59.715962+04	1744	İsrafilova Qalina - 2025-08-07	3		22	1
2506	2025-08-07 13:51:59.715962+04	1743	İsmayılova Gülnar - 2025-08-07	3		22	1
2507	2025-08-07 13:51:59.715962+04	1742	İsmayılov Vaqif - 2025-08-07	3		22	1
2508	2025-08-07 13:51:59.715962+04	1741	İsmayılov Eldar - 2025-08-07	3		22	1
2509	2025-08-07 13:51:59.715962+04	1740	İslamov Nərbala - 2025-08-07	3		22	1
2510	2025-08-07 13:51:59.715962+04	1739	İlyasov Azər - 2025-08-07	3		22	1
2511	2025-08-07 13:51:59.715962+04	1738	İdrisov Etibar - 2025-08-07	3		22	1
2512	2025-08-07 13:51:59.715962+04	1737	İbrahimova Gülzar - 2025-08-07	3		22	1
2513	2025-08-07 13:51:59.715962+04	1736	İbrahimova Dəstəgül - 2025-08-07	3		22	1
2514	2025-08-07 13:51:59.715962+04	1735	Xəlilov Səməd - 2025-08-07	3		22	1
2515	2025-08-07 13:51:59.715962+04	1734	Hüseynova Sevinc - 2025-08-07	3		22	1
2516	2025-08-07 13:51:59.715962+04	1733	Hüseynova Məlahət - 2025-08-07	3		22	1
2517	2025-08-07 13:51:59.715962+04	1732	Hüseynov İbrahim - 2025-08-07	3		22	1
2518	2025-08-07 13:51:59.715962+04	1731	Hüseynov Azer - 2025-08-07	3		22	1
2519	2025-08-07 13:51:59.715962+04	1730	Hüseynov Asif - 2025-08-07	3		22	1
2520	2025-08-07 13:51:59.715962+04	1729	Hüseynov Afər - 2025-08-07	3		22	1
2521	2025-08-07 13:51:59.715962+04	1728	Hümbetov Yadulla - 2025-08-07	3		22	1
2522	2025-08-07 13:51:59.715962+04	1727	Həsənova Ülviyyə - 2025-08-07	3		22	1
2523	2025-08-07 13:51:59.715962+04	1726	Həmidova Aynur - 2025-08-07	3		22	1
2524	2025-08-07 13:51:59.715962+04	1725	Həlimov Abid - 2025-08-07	3		22	1
2525	2025-08-07 13:51:59.715962+04	1724	Hesenov Elxan - 2025-08-07	3		22	1
2526	2025-08-07 13:51:59.715962+04	1723	Haqverdiyeva Esmira - 2025-08-07	3		22	1
2527	2025-08-07 13:51:59.715962+04	1722	Hacıyeva Fəxrimə - 2025-08-07	3		22	1
2528	2025-08-07 13:51:59.715962+04	1721	Hacıyev Seid - 2025-08-07	3		22	1
2529	2025-08-07 13:51:59.715962+04	1720	Feyzullayeva Mehriban - 2025-08-07	3		22	1
2530	2025-08-07 13:51:59.715962+04	1719	Əzizova Validə - 2025-08-07	3		22	1
2531	2025-08-07 13:52:10.509822+04	1718	Əzimova Şahnaz - 2025-08-07	3		22	1
2532	2025-08-07 13:52:10.509822+04	1717	Əmirfətli Tərlan - 2025-08-07	3		22	1
2533	2025-08-07 13:52:10.509822+04	1716	Əliyeva Ədalət - 2025-08-07	3		22	1
2534	2025-08-07 13:52:10.509822+04	1715	Əliyeva Aytən Sağlam Həyat - 2025-08-07	3		22	1
2535	2025-08-07 13:52:10.509822+04	1714	Əliyeva Aytən İsmayıllı - 2025-08-07	3		22	1
2536	2025-08-07 13:52:10.509822+04	1713	Əliyev Orxan - 2025-08-07	3		22	1
2537	2025-08-07 13:52:10.509822+04	1712	Əlimirzəyev Novruz - 2025-08-07	3		22	1
2538	2025-08-07 13:52:10.509822+04	1711	Ələsgərli Safəddin - 2025-08-07	3		22	1
2539	2025-08-07 13:52:10.509822+04	1710	Əhmədova Səidə - 2025-08-07	3		22	1
2540	2025-08-07 13:52:10.509822+04	1709	Əbdürrəhmanova Fəxrimə - 2025-08-07	3		22	1
2541	2025-08-07 13:52:10.509822+04	1708	Əbdüləzizova  Günetay - 2025-08-07	3		22	1
2542	2025-08-07 13:52:10.509822+04	1707	Eyyubova Azadə - 2025-08-07	3		22	1
2543	2025-08-07 13:52:10.509822+04	1706	Ekbərova Narxanım - 2025-08-07	3		22	1
2544	2025-08-07 13:52:10.509822+04	1705	Dadaşov Niyazi - 2025-08-07	3		22	1
2545	2025-08-07 13:52:10.509822+04	1704	Cəlilov İlqar - 2025-08-07	3		22	1
2546	2025-08-07 13:52:10.509822+04	1703	Cəbrayılova Xumar - 2025-08-07	3		22	1
2547	2025-08-07 13:52:10.510821+04	1702	Cabbarova Seyran - 2025-08-07	3		22	1
2548	2025-08-07 13:52:10.510821+04	1701	Bağırova Səmayə - 2025-08-07	3		22	1
2549	2025-08-07 13:52:10.510821+04	1700	Bağırlı Elçin - 2025-08-07	3		22	1
2550	2025-08-07 13:52:10.510821+04	1699	Babayeva Gülər - 2025-08-07	3		22	1
2551	2025-08-07 13:52:10.510821+04	1698	Babayev Vüsal - 2025-08-07	3		22	1
2552	2025-08-07 13:52:10.510821+04	1697	Babayev Vahid - 2025-08-07	3		22	1
2553	2025-08-07 13:52:10.510821+04	1696	Atakişiyev Xanlar - 2025-08-07	3		22	1
2554	2025-08-07 13:52:10.510821+04	1695	Aşurov Elnur - 2025-08-07	3		22	1
2555	2025-08-07 13:52:10.510821+04	1694	Aslanov Saleh - 2025-08-07	3		22	1
2556	2025-08-07 13:52:10.510821+04	1693	Alxasova Mehriban - 2025-08-07	3		22	1
2557	2025-08-07 13:52:10.510821+04	1692	Ağayeva Kübra - 2025-08-07	3		22	1
2558	2025-08-07 13:52:10.510821+04	1691	Ağayeva Azade - 2025-08-07	3		22	1
2559	2025-08-07 13:52:10.510821+04	1690	Ağayev Mətin - 2025-08-07	3		22	1
2560	2025-08-07 13:52:10.510821+04	1689	Ağayev Firudin - 2025-08-07	3		22	1
2561	2025-08-07 13:52:10.510821+04	1688	Abdullayev Kamran - 2025-08-07	3		22	1
2562	2025-08-07 13:52:10.510821+04	1687	Abdullayev Fariz - 2025-08-07	3		22	1
2563	2025-08-07 13:52:10.510821+04	1686	Abduləzizov Hökmran - 2025-08-07	3		22	1
2564	2025-08-07 13:52:10.510821+04	1685	Abbasova Aytən - 2025-08-07	3		22	1
2565	2025-08-07 13:52:10.510821+04	1684	Abbasov Mehman - 2025-08-07	3		22	1
2566	2025-08-07 13:52:10.510821+04	1683	Zəngiyeva Gülsüm - 2025-08-07	3		22	1
2567	2025-08-07 13:52:10.510821+04	1682	Zəkəriyəyev Şirvan - 2025-08-07	3		22	1
2568	2025-08-07 13:52:10.510821+04	1681	Yusifov Emin - 2025-08-07	3		22	1
2569	2025-08-07 13:52:10.510821+04	1680	Yolçuyev Söhret - 2025-08-07	3		22	1
2570	2025-08-07 13:52:10.510821+04	1679	Yaqublu Nicat - 2025-08-07	3		22	1
2571	2025-08-07 13:52:10.510821+04	1678	Vəliyeva Kəmalə - 2025-08-07	3		22	1
2572	2025-08-07 13:52:10.510821+04	1677	Vəliyeva Həqiqət - 2025-08-07	3		22	1
2573	2025-08-07 13:52:10.510821+04	1676	Vəlixanlı Təranə - 2025-08-07	3		22	1
2574	2025-08-07 13:52:10.510821+04	1675	Verdiyeva Günay - 2025-08-07	3		22	1
2575	2025-08-07 13:52:10.510821+04	1674	Vahabov Natiq - 2025-08-07	3		22	1
2576	2025-08-07 13:52:10.510821+04	1673	Ummetli Qorxmaz - 2025-08-07	3		22	1
2577	2025-08-07 13:52:10.510821+04	1672	Təhməzov Elbrus - 2025-08-07	3		22	1
2578	2025-08-07 13:52:10.510821+04	1671	Tahirova Zümrüd - 2025-08-07	3		22	1
2579	2025-08-07 13:52:10.510821+04	1670	Şirinova Sevinc - 2025-08-07	3		22	1
2580	2025-08-07 13:52:10.510821+04	1669	Şirəliyev Şahmurad - 2025-08-07	3		22	1
2581	2025-08-07 13:52:10.510821+04	1668	Şıxıyeva Mehriban - 2025-08-07	3		22	1
2582	2025-08-07 13:52:10.510821+04	1667	Şərifli Günay - 2025-08-07	3		22	1
2583	2025-08-07 13:52:10.510821+04	1666	Şəfiyeva Firuzə - 2025-08-07	3		22	1
2584	2025-08-07 13:52:10.510821+04	1665	Süleymanova Nəhayət - 2025-08-07	3		22	1
2585	2025-08-07 13:52:10.510821+04	1664	Sərkərov Telman - 2025-08-07	3		22	1
2586	2025-08-07 13:52:10.51182+04	1663	Səlimzadə Tural - 2025-08-07	3		22	1
2587	2025-08-07 13:52:10.51182+04	1662	Səfərova Ofelya - 2025-08-07	3		22	1
2588	2025-08-07 13:52:10.51182+04	1661	Səfərli Pərviz - 2025-08-07	3		22	1
2589	2025-08-07 13:52:10.51182+04	1660	Səfərəliyeva Pərvanə - 2025-08-07	3		22	1
2590	2025-08-07 13:52:10.51182+04	1659	Səfərəliyeva Kəmalə - 2025-08-07	3		22	1
2591	2025-08-07 13:52:10.51182+04	1658	Səbzəliyev Vaqif - 2025-08-07	3		22	1
2592	2025-08-07 13:52:10.51182+04	1657	Seyidova Şəhla - 2025-08-07	3		22	1
2593	2025-08-07 13:52:10.51182+04	1656	Salmanova Sara - 2025-08-07	3		22	1
2594	2025-08-07 13:52:10.51182+04	1655	Salehova Nüşabə - 2025-08-07	3		22	1
2595	2025-08-07 13:52:10.51182+04	1654	Sadıqov Şirəli - 2025-08-07	3		22	1
2596	2025-08-07 13:52:10.51182+04	1653	Rüstəmova Sədaqət - 2025-08-07	3		22	1
2597	2025-08-07 13:52:10.51182+04	1652	Rəşid Xanım - 2025-08-07	3		22	1
2598	2025-08-07 13:52:10.51182+04	1651	Rəşid Əhməd - 2025-08-07	3		22	1
2599	2025-08-07 13:52:10.51182+04	1650	Rəsulov Fəxrəddin - 2025-08-07	3		22	1
2600	2025-08-07 13:52:10.51182+04	1649	Pənahova Şəhanə - 2025-08-07	3		22	1
2601	2025-08-07 13:52:10.51182+04	1648	Osmanova Telli - 2025-08-07	3		22	1
2602	2025-08-07 13:52:10.51182+04	1647	Osmanov Tural - 2025-08-07	3		22	1
2603	2025-08-07 13:52:10.51182+04	1646	Osmanov Fikrət - 2025-08-07	3		22	1
2604	2025-08-07 13:52:10.51182+04	1645	Nümunə Ad - 2025-08-07	3		22	1
2605	2025-08-07 13:52:10.51182+04	1644	Nəzirov İmran - 2025-08-07	3		22	1
2606	2025-08-07 13:52:10.51182+04	1643	Nebiyeva Yaqut - 2025-08-07	3		22	1
2607	2025-08-07 13:52:10.51182+04	1642	Mütəllibov Zaur - 2025-08-07	3		22	1
2608	2025-08-07 13:52:10.51182+04	1641	Mütəllibov Adil - 2025-08-07	3		22	1
2609	2025-08-07 13:52:10.51182+04	1640	Musayeva Ceyhunə - 2025-08-07	3		22	1
2610	2025-08-07 13:52:10.51182+04	1639	Musayev Musalim - 2025-08-07	3		22	1
2611	2025-08-07 13:52:10.51182+04	1638	Musabeyova Svetlana - 2025-08-07	3		22	1
2612	2025-08-07 13:52:10.51182+04	1637	Muradova Sara - 2025-08-07	3		22	1
2613	2025-08-07 13:52:10.51182+04	1636	Muxtarov Faiq - 2025-08-07	3		22	1
2614	2025-08-07 13:52:10.51182+04	1635	Mirzəyeva Afaq - 2025-08-07	3		22	1
2615	2025-08-07 13:52:10.51182+04	1634	Mikayılova Ulduz - 2025-08-07	3		22	1
2616	2025-08-07 13:52:10.51182+04	1633	Mikayıllı Çimnaz - 2025-08-07	3		22	1
2617	2025-08-07 13:52:10.51182+04	1632	Məsimova İfadə - 2025-08-07	3		22	1
2618	2025-08-07 13:52:10.51182+04	1631	Məmmədzadə Gülnar - 2025-08-07	3		22	1
2619	2025-08-07 13:52:10.51282+04	1630	Məmmədova Elvira - 2025-08-07	3		22	1
2620	2025-08-07 13:52:10.51282+04	1629	Məmmədov Malik - 2025-08-07	3		22	1
2621	2025-08-07 13:52:10.51282+04	1628	Məmmədov Bəxtiyar - 2025-08-07	3		22	1
2622	2025-08-07 13:52:10.51282+04	1627	Məlikov Kamran - 2025-08-07	3		22	1
2623	2025-08-07 13:52:10.51282+04	1626	Memmedov Orxan - 2025-08-07	3		22	1
2624	2025-08-07 13:52:10.51282+04	1625	Mehdiyev Tofiq - 2025-08-07	3		22	1
2625	2025-08-07 13:52:10.51282+04	1624	Maqsudov Lətif - 2025-08-07	3		22	1
2626	2025-08-07 13:52:10.51282+04	1623	Lətifova Mərziyyə - 2025-08-07	3		22	1
2627	2025-08-07 13:52:10.51282+04	1622	Qismətov Şakir - 2025-08-07	3		22	1
2628	2025-08-07 13:52:10.51282+04	1621	Qəribova Türkay - 2025-08-07	3		22	1
2629	2025-08-07 13:52:10.51282+04	1620	Qəribova Mətanət - 2025-08-07	3		22	1
2630	2025-08-07 13:52:10.51282+04	1619	Qədirov Mehman - 2025-08-07	3		22	1
2631	2025-08-07 13:52:10.51282+04	1618	Qədirli Gülnar - 2025-08-07	3		22	1
2632	2025-08-07 13:52:10.51282+04	1617	Qasımova Zeyneb - 2025-08-07	3		22	1
2633	2025-08-07 13:52:10.51282+04	1616	Qasımova Rübabə - 2025-08-07	3		22	1
2634	2025-08-07 13:52:10.51282+04	1615	Qasımov Arzu - 2025-08-07	3		22	1
2635	2025-08-07 13:52:10.51282+04	1614	Kərimova Səxavət - 2025-08-07	3		22	1
2636	2025-08-07 13:52:10.51282+04	1613	Kərimova Gülbəniz - 2025-08-07	3		22	1
2637	2025-08-07 13:52:10.51282+04	1612	Kerimova Sedaye - 2025-08-07	3		22	1
2638	2025-08-07 13:52:10.51282+04	1611	Kerimova İrade - 2025-08-07	3		22	1
2639	2025-08-07 13:52:10.51282+04	1610	Kazımova Aynur - 2025-08-07	3		22	1
2640	2025-08-07 13:52:10.51282+04	1609	İsrafilova Qalina - 2025-08-07	3		22	1
2641	2025-08-07 13:52:10.51282+04	1608	İsmayılova Gülnar - 2025-08-07	3		22	1
2642	2025-08-07 13:52:10.51282+04	1607	İsmayılov Vaqif - 2025-08-07	3		22	1
2643	2025-08-07 13:52:10.51282+04	1606	İsmayılov Eldar - 2025-08-07	3		22	1
2644	2025-08-07 13:52:10.51282+04	1605	İslamov Nərbala - 2025-08-07	3		22	1
2645	2025-08-07 13:52:10.51282+04	1604	İlyasov Azər - 2025-08-07	3		22	1
2646	2025-08-07 13:52:10.51282+04	1603	İdrisov Etibar - 2025-08-07	3		22	1
2647	2025-08-07 13:52:10.51282+04	1602	İbrahimova Gülzar - 2025-08-07	3		22	1
2648	2025-08-07 13:52:10.51282+04	1601	İbrahimova Dəstəgül - 2025-08-07	3		22	1
2649	2025-08-07 13:52:10.51282+04	1600	Xəlilov Səməd - 2025-08-07	3		22	1
2650	2025-08-07 13:52:10.51282+04	1599	Hüseynova Sevinc - 2025-08-07	3		22	1
2651	2025-08-07 13:52:10.51282+04	1598	Hüseynova Məlahət - 2025-08-07	3		22	1
2652	2025-08-07 13:52:10.51282+04	1597	Hüseynov İbrahim - 2025-08-07	3		22	1
2653	2025-08-07 13:52:10.51282+04	1596	Hüseynov Azer - 2025-08-07	3		22	1
2654	2025-08-07 13:52:10.51282+04	1595	Hüseynov Asif - 2025-08-07	3		22	1
2655	2025-08-07 13:52:10.51282+04	1594	Hüseynov Afər - 2025-08-07	3		22	1
2656	2025-08-07 13:52:10.51282+04	1593	Hümbetov Yadulla - 2025-08-07	3		22	1
2657	2025-08-07 13:52:10.51282+04	1592	Həsənova Ülviyyə - 2025-08-07	3		22	1
2658	2025-08-07 13:52:10.513819+04	1591	Həmidova Aynur - 2025-08-07	3		22	1
2659	2025-08-07 13:52:10.513819+04	1590	Həlimov Abid - 2025-08-07	3		22	1
2660	2025-08-07 13:52:10.513819+04	1589	Hesenov Elxan - 2025-08-07	3		22	1
2661	2025-08-07 13:52:10.513819+04	1588	Haqverdiyeva Esmira - 2025-08-07	3		22	1
2662	2025-08-07 13:52:10.513819+04	1587	Hacıyeva Fəxrimə - 2025-08-07	3		22	1
2663	2025-08-07 13:52:10.513819+04	1586	Hacıyev Seid - 2025-08-07	3		22	1
2664	2025-08-07 13:52:10.513819+04	1585	Feyzullayeva Mehriban - 2025-08-07	3		22	1
2665	2025-08-07 13:52:10.513819+04	1584	Əzizova Validə - 2025-08-07	3		22	1
2666	2025-08-07 13:52:10.513819+04	1583	Əzimova Şahnaz - 2025-08-07	3		22	1
2667	2025-08-07 13:52:10.513819+04	1582	Əmirfətli Tərlan - 2025-08-07	3		22	1
2668	2025-08-07 13:52:10.513819+04	1581	Əliyeva Ədalət - 2025-08-07	3		22	1
2669	2025-08-07 13:52:10.513819+04	1580	Əliyeva Aytən Sağlam Həyat - 2025-08-07	3		22	1
2670	2025-08-07 13:52:10.513819+04	1579	Əliyeva Aytən İsmayıllı - 2025-08-07	3		22	1
2671	2025-08-07 13:52:10.513819+04	1578	Əliyev Orxan - 2025-08-07	3		22	1
2672	2025-08-07 13:52:10.513819+04	1577	Əlimirzəyev Novruz - 2025-08-07	3		22	1
2673	2025-08-07 13:52:10.513819+04	1576	Ələsgərli Safəddin - 2025-08-07	3		22	1
2674	2025-08-07 13:52:10.513819+04	1575	Əhmədova Səidə - 2025-08-07	3		22	1
2675	2025-08-07 13:52:10.513819+04	1574	Əbdürrəhmanova Fəxrimə - 2025-08-07	3		22	1
2676	2025-08-07 13:52:10.513819+04	1573	Əbdüləzizova  Günetay - 2025-08-07	3		22	1
2677	2025-08-07 13:52:10.513819+04	1572	Eyyubova Azadə - 2025-08-07	3		22	1
2678	2025-08-07 13:52:10.513819+04	1571	Ekbərova Narxanım - 2025-08-07	3		22	1
2679	2025-08-07 13:52:10.513819+04	1570	Dadaşov Niyazi - 2025-08-07	3		22	1
2680	2025-08-07 13:52:10.513819+04	1569	Cəlilov İlqar - 2025-08-07	3		22	1
2681	2025-08-07 13:52:10.513819+04	1568	Cəbrayılova Xumar - 2025-08-07	3		22	1
2682	2025-08-07 13:52:10.513819+04	1567	Cabbarova Seyran - 2025-08-07	3		22	1
2683	2025-08-07 13:52:10.513819+04	1566	Bağırova Səmayə - 2025-08-07	3		22	1
2684	2025-08-07 13:52:10.513819+04	1565	Bağırlı Elçin - 2025-08-07	3		22	1
2685	2025-08-07 13:52:10.513819+04	1564	Babayeva Gülər - 2025-08-07	3		22	1
2686	2025-08-07 13:52:10.513819+04	1563	Babayev Vüsal - 2025-08-07	3		22	1
2687	2025-08-07 13:52:10.513819+04	1562	Babayev Vahid - 2025-08-07	3		22	1
2688	2025-08-07 13:52:10.513819+04	1561	Atakişiyev Xanlar - 2025-08-07	3		22	1
2689	2025-08-07 13:52:10.513819+04	1560	Aşurov Elnur - 2025-08-07	3		22	1
2690	2025-08-07 13:52:10.513819+04	1559	Aslanov Saleh - 2025-08-07	3		22	1
2691	2025-08-07 13:52:10.513819+04	1558	Alxasova Mehriban - 2025-08-07	3		22	1
2692	2025-08-07 13:52:10.513819+04	1557	Ağayeva Kübra - 2025-08-07	3		22	1
2693	2025-08-07 13:52:10.513819+04	1556	Ağayeva Azade - 2025-08-07	3		22	1
2694	2025-08-07 13:52:10.513819+04	1555	Ağayev Mətin - 2025-08-07	3		22	1
2695	2025-08-07 13:52:10.513819+04	1554	Ağayev Firudin - 2025-08-07	3		22	1
2696	2025-08-07 13:52:10.513819+04	1553	Abdullayev Kamran - 2025-08-07	3		22	1
2697	2025-08-07 13:52:10.514818+04	1552	Abdullayev Fariz - 2025-08-07	3		22	1
2698	2025-08-07 13:52:10.514818+04	1551	Abduləzizov Hökmran - 2025-08-07	3		22	1
2699	2025-08-07 13:52:10.514818+04	1550	Abbasova Aytən - 2025-08-07	3		22	1
2700	2025-08-07 13:52:10.514818+04	1549	Abbasov Mehman - 2025-08-07	3		22	1
2701	2025-08-07 13:52:10.514818+04	1548	Əliyeva Aytən İsmayıllı - 2025-08-07	3		22	1
2702	2025-08-07 13:52:10.514818+04	1547	Şıxıyeva Mehriban - 2025-08-07	3		22	1
2703	2025-08-07 13:52:10.514818+04	1546	Şirəliyev Şahmurad - 2025-08-07	3		22	1
2704	2025-08-07 13:52:10.514818+04	1545	İdrisov Etibar - 2025-08-07	3		22	1
2705	2025-08-07 13:52:10.514818+04	1544	Təhməzov Elbrus - 2025-08-07	3		22	1
2706	2025-08-07 13:52:10.514818+04	1543	Səlimzadə Tural - 2025-08-07	3		22	1
2707	2025-08-07 13:52:10.514818+04	1542	Salehova Nüşabə - 2025-08-07	3		22	1
2708	2025-08-07 13:52:10.514818+04	1541	Qəribova Mətanət - 2025-08-07	3		22	1
2709	2025-08-07 13:52:10.514818+04	1540	Qədirov Mehman - 2025-08-07	3		22	1
2710	2025-08-07 13:52:10.514818+04	1539	Osmanov Fikrət - 2025-08-07	3		22	1
2711	2025-08-07 13:52:10.514818+04	1538	Nümunə Ad - 2025-08-07	3		22	1
2712	2025-08-07 13:52:10.514818+04	1537	Mirzəyeva Afaq - 2025-08-07	3		22	1
2713	2025-08-07 13:52:10.514818+04	1536	Maqsudov Lətif - 2025-08-07	3		22	1
2714	2025-08-07 13:52:10.514818+04	1535	Həsənova Ülviyyə - 2025-08-07	3		22	1
2715	2025-08-07 13:52:10.514818+04	1534	Hüseynova Məlahət - 2025-08-07	3		22	1
2716	2025-08-07 13:52:10.514818+04	1533	Ekbərova Narxanım - 2025-08-07	3		22	1
2717	2025-08-07 13:52:10.514818+04	1532	Cəbrayılova Xumar - 2025-08-07	3		22	1
2718	2025-08-07 13:52:10.514818+04	1531	Bağırova Səmayə - 2025-08-07	3		22	1
2719	2025-08-07 13:52:10.514818+04	1530	Babayeva Gülər - 2025-08-07	3		22	1
2720	2025-08-07 13:52:10.514818+04	1529	Ağayeva Kübra - 2025-08-07	3		22	1
2721	2025-08-07 13:52:10.514818+04	1528	Ağayev Mətin - 2025-08-07	3		22	1
2722	2025-08-07 13:52:10.514818+04	1527	Ağayev Firudin - 2025-08-07	3		22	1
2723	2025-08-07 13:52:10.514818+04	1526	Abbasova Aytən - 2025-08-07	3		22	1
2724	2025-08-07 13:52:10.514818+04	1525	Abbasov Mehman - 2025-08-07	3		22	1
2725	2025-08-07 13:52:10.514818+04	1524	Dadaşov Niyazi - 2025-08-07	3		22	1
2726	2025-08-07 13:52:10.514818+04	1523	Vəliyeva Kəmalə - 2025-08-07	3		22	1
2727	2025-08-07 13:52:10.514818+04	1522	Rəsulov Fəxrəddin - 2025-08-07	3		22	1
2728	2025-08-07 13:52:10.514818+04	1521	İsmayılov Eldar - 2025-08-07	3		22	1
2729	2025-08-07 13:52:10.514818+04	1520	Yusifov Emin - 2025-08-07	3		22	1
2730	2025-08-07 13:52:10.514818+04	1519	Əzizova Validə - 2025-08-07	3		22	1
2731	2025-08-07 13:52:10.514818+04	1518	Hüseynov Afər - 2025-08-07	3		22	1
2732	2025-08-07 13:52:10.515818+04	1517	Səbzəliyev Vaqif - 2025-08-07	3		22	1
2733	2025-08-07 13:52:10.515818+04	1516	Cabbarova Seyran - 2025-08-07	3		22	1
2734	2025-08-07 13:52:10.515818+04	1515	Aşurov Elnur - 2025-08-07	3		22	1
2735	2025-08-07 13:52:10.515818+04	1514	Əliyeva Aytən Sağlam Həyat - 2025-08-07	3		22	1
2736	2025-08-07 13:52:10.515818+04	1513	Əlimirzəyev Novruz - 2025-08-07	3		22	1
2737	2025-08-07 13:52:10.515818+04	1512	Zəkəriyəyev Şirvan - 2025-08-07	3		22	1
2738	2025-08-07 13:52:10.515818+04	1511	Vəliyeva Həqiqət - 2025-08-07	3		22	1
2739	2025-08-07 13:52:10.515818+04	1510	Məmmədzadə Gülnar - 2025-08-07	3		22	1
2740	2025-08-07 13:52:10.515818+04	1509	Həmidova Aynur - 2025-08-07	3		22	1
2741	2025-08-07 13:52:10.515818+04	1508	Əhmədova Səidə - 2025-08-07	3		22	1
2742	2025-08-07 13:52:10.515818+04	1507	Məmmədov Bəxtiyar - 2025-08-07	3		22	1
2743	2025-08-07 13:52:10.515818+04	1506	Muxtarov Faiq - 2025-08-07	3		22	1
2744	2025-08-07 13:52:10.515818+04	1505	Məlikov Kamran - 2025-08-07	3		22	1
2745	2025-08-07 13:52:10.515818+04	1504	Verdiyeva Günay - 2025-08-07	3		22	1
2746	2025-08-07 13:52:10.515818+04	1503	İlyasov Azər - 2025-08-07	3		22	1
2747	2025-08-07 13:52:10.515818+04	1502	Səfərli Pərviz - 2025-08-07	3		22	1
2748	2025-08-07 13:52:10.515818+04	1501	Sadıqov Şirəli - 2025-08-07	3		22	1
2749	2025-08-07 13:52:10.515818+04	1500	Feyzullayeva Mehriban - 2025-08-07	3		22	1
2750	2025-08-07 13:52:10.515818+04	1499	Abduləzizov Hökmran - 2025-08-07	3		22	1
2751	2025-08-07 13:52:10.515818+04	1498	Abdullayev Fariz - 2025-08-07	3		22	1
2752	2025-08-07 13:52:10.515818+04	1497	Əzimova Şahnaz - 2025-08-07	3		22	1
2753	2025-08-07 13:52:10.515818+04	1496	Əmirfətli Tərlan - 2025-08-07	3		22	1
2754	2025-08-07 13:52:10.515818+04	1495	Ələsgərli Safəddin - 2025-08-07	3		22	1
2755	2025-08-07 13:52:10.515818+04	1494	Əliyev Orxan - 2025-08-07	3		22	1
2756	2025-08-07 13:52:10.515818+04	1493	Əbdürrəhmanova Fəxrimə - 2025-08-07	3		22	1
2757	2025-08-07 13:52:10.515818+04	1492	Əbdüləzizova  Günetay - 2025-08-07	3		22	1
2758	2025-08-07 13:52:10.515818+04	1491	Şərifli Günay - 2025-08-07	3		22	1
2759	2025-08-07 13:52:10.515818+04	1490	Şəfiyeva Firuzə - 2025-08-07	3		22	1
2760	2025-08-07 13:52:10.515818+04	1489	Şirinova Sevinc - 2025-08-07	3		22	1
2761	2025-08-07 13:52:10.515818+04	1488	İsmayılova Gülnar - 2025-08-07	3		22	1
2762	2025-08-07 13:52:10.515818+04	1487	İsmayılov Vaqif - 2025-08-07	3		22	1
2763	2025-08-07 13:52:10.515818+04	1486	İbrahimova Dəstəgül - 2025-08-07	3		22	1
2764	2025-08-07 13:52:10.515818+04	1485	Xəlilov Səməd - 2025-08-07	3		22	1
2765	2025-08-07 13:52:10.515818+04	1484	Sərkərov Telman - 2025-08-07	3		22	1
2766	2025-08-07 13:52:10.515818+04	1483	Səfərova Ofelya - 2025-08-07	3		22	1
2767	2025-08-07 13:52:10.516817+04	1482	Süleymanova Nəhayət - 2025-08-07	3		22	1
2768	2025-08-07 13:52:10.516817+04	1481	Seyidova Şəhla - 2025-08-07	3		22	1
2769	2025-08-07 13:52:10.516817+04	1480	Rəşid Əhməd - 2025-08-07	3		22	1
2770	2025-08-07 13:52:10.516817+04	1479	Rəşid Xanım - 2025-08-07	3		22	1
2771	2025-08-07 13:52:10.516817+04	1478	Rüstəmova Sədaqət - 2025-08-07	3		22	1
2772	2025-08-07 13:52:10.516817+04	1477	Qəribova Türkay - 2025-08-07	3		22	1
2773	2025-08-07 13:52:10.516817+04	1476	Qədirli Gülnar - 2025-08-07	3		22	1
2774	2025-08-07 13:52:10.516817+04	1475	Qasımova Zeyneb - 2025-08-07	3		22	1
2775	2025-08-07 13:52:10.516817+04	1474	Qasımova Rübabə - 2025-08-07	3		22	1
2776	2025-08-07 13:52:10.516817+04	1473	Qasımov Arzu - 2025-08-07	3		22	1
2777	2025-08-07 13:52:10.516817+04	1472	Pənahova Şəhanə - 2025-08-07	3		22	1
2778	2025-08-07 13:52:10.516817+04	1471	Osmanova Telli - 2025-08-07	3		22	1
2779	2025-08-07 13:52:10.516817+04	1470	Nəzirov İmran - 2025-08-07	3		22	1
2780	2025-08-07 13:52:10.516817+04	1469	Məsimova İfadə - 2025-08-07	3		22	1
2781	2025-08-07 13:52:10.516817+04	1468	Məmmədova Elvira - 2025-08-07	3		22	1
2782	2025-08-07 13:52:10.516817+04	1467	Məmmədov Malik - 2025-08-07	3		22	1
2783	2025-08-07 13:52:10.516817+04	1466	Mütəllibov Zaur - 2025-08-07	3		22	1
2784	2025-08-07 13:52:10.516817+04	1465	Mütəllibov Adil - 2025-08-07	3		22	1
2785	2025-08-07 13:52:10.516817+04	1464	Musabeyova Svetlana - 2025-08-07	3		22	1
2786	2025-08-07 13:52:10.516817+04	1463	Mikayıllı Çimnaz - 2025-08-07	3		22	1
2787	2025-08-07 13:52:10.516817+04	1462	Memmedov Orxan - 2025-08-07	3		22	1
2788	2025-08-07 13:52:10.516817+04	1461	Mehdiyev Tofiq - 2025-08-07	3		22	1
2789	2025-08-07 13:52:10.516817+04	1460	Kərimova Səxavət - 2025-08-07	3		22	1
2790	2025-08-07 13:52:10.516817+04	1459	Kərimova Gülbəniz - 2025-08-07	3		22	1
2791	2025-08-07 13:52:10.516817+04	1458	Kazımova Aynur - 2025-08-07	3		22	1
2792	2025-08-07 13:52:10.516817+04	1457	Həlimov Abid - 2025-08-07	3		22	1
2793	2025-08-07 13:52:10.516817+04	1456	Hüseynova Sevinc - 2025-08-07	3		22	1
2794	2025-08-07 13:52:10.516817+04	1455	Hüseynov İbrahim - 2025-08-07	3		22	1
2795	2025-08-07 13:52:10.516817+04	1454	Hüseynov Asif - 2025-08-07	3		22	1
2796	2025-08-07 13:52:10.516817+04	1453	Haqverdiyeva Esmira - 2025-08-07	3		22	1
2797	2025-08-07 13:52:10.516817+04	1452	Eyyubova Azadə - 2025-08-07	3		22	1
2798	2025-08-07 13:52:10.516817+04	1451	Cəlilov İlqar - 2025-08-07	3		22	1
2799	2025-08-07 13:52:10.516817+04	1450	Bağırlı Elçin - 2025-08-07	3		22	1
2800	2025-08-07 13:52:10.516817+04	1449	Babayev Vahid - 2025-08-07	3		22	1
2801	2025-08-07 13:52:10.516817+04	1448	Ağayeva Azade - 2025-08-07	3		22	1
2802	2025-08-07 13:52:10.516817+04	1447	Atakişiyev Xanlar - 2025-08-07	3		22	1
2803	2025-08-07 13:52:10.516817+04	1446	Aslanov Saleh - 2025-08-07	3		22	1
2804	2025-08-07 13:52:10.516817+04	1445	Alxasova Mehriban - 2025-08-07	3		22	1
2805	2025-08-07 13:52:10.517817+04	1444	Abdullayev Kamran - 2025-08-07	3		22	1
2806	2025-08-07 13:52:10.517817+04	1443	Osmanov Tural - 2025-08-07	3		22	1
2807	2025-08-07 13:52:10.517817+04	1442	İsrafilova Qalina - 2025-08-07	3		22	1
2808	2025-08-07 13:52:10.517817+04	1441	Lətifova Mərziyyə - 2025-08-07	3		22	1
2809	2025-08-07 13:52:10.517817+04	1440	Əliyeva Ədalət - 2025-08-07	3		22	1
2810	2025-08-07 13:52:10.517817+04	1439	İslamov Nərbala - 2025-08-07	3		22	1
2811	2025-08-07 13:52:10.517817+04	1438	İbrahimova Gülzar - 2025-08-07	3		22	1
2812	2025-08-07 13:52:10.517817+04	1437	Zəngiyeva Gülsüm - 2025-08-07	3		22	1
2813	2025-08-07 13:52:10.517817+04	1436	Yolçuyev Söhret - 2025-08-07	3		22	1
2814	2025-08-07 13:52:10.517817+04	1435	Vəlixanlı Təranə - 2025-08-07	3		22	1
2815	2025-08-07 13:52:10.517817+04	1434	Vahabov Natiq - 2025-08-07	3		22	1
2816	2025-08-07 13:52:10.517817+04	1433	Ummetli Qorxmaz - 2025-08-07	3		22	1
2817	2025-08-07 13:52:10.517817+04	1432	Tahirova Zümrüd - 2025-08-07	3		22	1
2818	2025-08-07 13:52:10.517817+04	1431	Səfərəliyeva Pərvanə - 2025-08-07	3		22	1
2819	2025-08-07 13:52:10.517817+04	1430	Səfərəliyeva Kəmalə - 2025-08-07	3		22	1
2820	2025-08-07 13:52:10.517817+04	1429	Salmanova Sara - 2025-08-07	3		22	1
2821	2025-08-07 13:52:10.517817+04	1428	Nebiyeva Yaqut - 2025-08-07	3		22	1
2822	2025-08-07 13:52:10.517817+04	1427	Musayeva Ceyhunə - 2025-08-07	3		22	1
2823	2025-08-07 13:52:10.517817+04	1426	Muradova Sara - 2025-08-07	3		22	1
2824	2025-08-07 13:52:10.517817+04	1425	Mikayılova Ulduz - 2025-08-07	3		22	1
2825	2025-08-07 13:52:10.517817+04	1424	Kerimova İrade - 2025-08-07	3		22	1
2826	2025-08-07 13:52:10.517817+04	1423	Kerimova Sedaye - 2025-08-07	3		22	1
2827	2025-08-07 13:52:10.517817+04	1422	Hüseynov Azer - 2025-08-07	3		22	1
2828	2025-08-07 13:52:10.517817+04	1421	Hümbetov Yadulla - 2025-08-07	3		22	1
2829	2025-08-07 13:52:10.517817+04	1420	Hesenov Elxan - 2025-08-07	3		22	1
2830	2025-08-07 13:52:10.517817+04	1419	Hacıyeva Fəxrimə - 2025-08-07	3		22	1
2831	2025-08-07 13:52:10.517817+04	1418	Hacıyev Seid - 2025-08-07	3		22	1
2832	2025-08-07 13:52:10.517817+04	1417	Babayev Vüsal - 2025-08-07	3		22	1
2833	2025-08-07 13:52:10.517817+04	1416	Yaqublu Nicat - 2025-08-07	3		22	1
2834	2025-08-07 13:52:10.517817+04	1415	Qismətov Şakir - 2025-08-07	3		22	1
2835	2025-08-07 13:52:10.517817+04	1414	Musayev Musalim - 2025-08-07	3		22	1
2836	2025-08-07 13:52:10.517817+04	1413	Zəngiyeva Gülsüm - 2025-08-07	3		22	1
2837	2025-08-07 13:52:10.517817+04	1412	Zəkəriyəyev Şirvan - 2025-08-07	3		22	1
2838	2025-08-07 13:52:10.517817+04	1411	Yusifov Emin - 2025-08-07	3		22	1
2839	2025-08-07 13:52:10.517817+04	1410	Yolçuyev Söhret - 2025-08-07	3		22	1
2840	2025-08-07 13:52:10.517817+04	1409	Yaqublu Nicat - 2025-08-07	3		22	1
2841	2025-08-07 13:52:10.518816+04	1408	Vəliyeva Kəmalə - 2025-08-07	3		22	1
2842	2025-08-07 13:52:10.518816+04	1407	Vəliyeva Həqiqət - 2025-08-07	3		22	1
2843	2025-08-07 13:52:10.518816+04	1406	Vəlixanlı Təranə - 2025-08-07	3		22	1
2844	2025-08-07 13:52:10.518816+04	1405	Verdiyeva Günay - 2025-08-07	3		22	1
2845	2025-08-07 13:52:10.518816+04	1404	Vahabov Natiq - 2025-08-07	3		22	1
2846	2025-08-07 13:52:10.518816+04	1403	Ummetli Qorxmaz - 2025-08-07	3		22	1
2847	2025-08-07 13:52:10.518994+04	1402	Təhməzov Elbrus - 2025-08-07	3		22	1
2848	2025-08-07 13:52:10.51906+04	1401	Tahirova Zümrüd - 2025-08-07	3		22	1
2849	2025-08-07 13:52:10.51906+04	1400	Şirinova Sevinc - 2025-08-07	3		22	1
2850	2025-08-07 13:52:10.51906+04	1399	Şirəliyev Şahmurad - 2025-08-07	3		22	1
2851	2025-08-07 13:52:10.51906+04	1398	Şıxıyeva Mehriban - 2025-08-07	3		22	1
2852	2025-08-07 13:52:10.51906+04	1397	Şərifli Günay - 2025-08-07	3		22	1
2853	2025-08-07 13:52:10.51906+04	1396	Şəfiyeva Firuzə - 2025-08-07	3		22	1
2854	2025-08-07 13:52:10.51906+04	1395	Süleymanova Nəhayət - 2025-08-07	3		22	1
2855	2025-08-07 13:52:10.51906+04	1394	Sərkərov Telman - 2025-08-07	3		22	1
2856	2025-08-07 13:52:10.51906+04	1393	Səlimzadə Tural - 2025-08-07	3		22	1
2857	2025-08-07 13:52:10.51906+04	1392	Səfərova Ofelya - 2025-08-07	3		22	1
2858	2025-08-07 13:52:10.51906+04	1391	Səfərli Pərviz - 2025-08-07	3		22	1
2859	2025-08-07 13:52:10.51906+04	1390	Səfərəliyeva Pərvanə - 2025-08-07	3		22	1
2860	2025-08-07 13:52:10.51906+04	1389	Səfərəliyeva Kəmalə - 2025-08-07	3		22	1
2861	2025-08-07 13:52:10.51906+04	1388	Səbzəliyev Vaqif - 2025-08-07	3		22	1
2862	2025-08-07 13:52:10.51906+04	1387	Seyidova Şəhla - 2025-08-07	3		22	1
2863	2025-08-07 13:52:10.51906+04	1386	Salmanova Sara - 2025-08-07	3		22	1
2864	2025-08-07 13:52:10.51906+04	1385	Salehova Nüşabə - 2025-08-07	3		22	1
2865	2025-08-07 13:52:10.51906+04	1384	Sadıqov Şirəli - 2025-08-07	3		22	1
2866	2025-08-07 13:52:10.51906+04	1383	Rüstəmova Sədaqət - 2025-08-07	3		22	1
2867	2025-08-07 13:52:10.51906+04	1382	Rəşid Xanım - 2025-08-07	3		22	1
2868	2025-08-07 13:52:10.51906+04	1381	Rəşid Əhməd - 2025-08-07	3		22	1
2869	2025-08-07 13:52:10.51906+04	1380	Rəsulov Fəxrəddin - 2025-08-07	3		22	1
2870	2025-08-07 13:52:10.51906+04	1379	Pənahova Şəhanə - 2025-08-07	3		22	1
2871	2025-08-07 13:52:10.51906+04	1378	Osmanova Telli - 2025-08-07	3		22	1
2872	2025-08-07 13:52:10.51906+04	1377	Osmanov Tural - 2025-08-07	3		22	1
2873	2025-08-07 13:52:10.51906+04	1376	Osmanov Fikrət - 2025-08-07	3		22	1
2874	2025-08-07 13:52:10.51906+04	1375	Nümunə Ad - 2025-08-07	3		22	1
2875	2025-08-07 13:52:10.51906+04	1374	Nəzirov İmran - 2025-08-07	3		22	1
2876	2025-08-07 13:52:10.51906+04	1373	Nebiyeva Yaqut - 2025-08-07	3		22	1
2877	2025-08-07 13:52:10.51906+04	1372	Mütəllibov Zaur - 2025-08-07	3		22	1
2878	2025-08-07 13:52:10.51906+04	1371	Mütəllibov Adil - 2025-08-07	3		22	1
2879	2025-08-07 13:52:10.51906+04	1370	Musayeva Ceyhunə - 2025-08-07	3		22	1
2880	2025-08-07 13:52:10.51906+04	1369	Musayev Musalim - 2025-08-07	3		22	1
2881	2025-08-07 13:52:10.520073+04	1368	Musabeyova Svetlana - 2025-08-07	3		22	1
2882	2025-08-07 13:52:10.520073+04	1367	Muradova Sara - 2025-08-07	3		22	1
2883	2025-08-07 13:52:10.520073+04	1366	Muxtarov Faiq - 2025-08-07	3		22	1
2884	2025-08-07 13:52:10.520073+04	1365	Mirzəyeva Afaq - 2025-08-07	3		22	1
2885	2025-08-07 13:52:10.520073+04	1364	Mikayılova Ulduz - 2025-08-07	3		22	1
2886	2025-08-07 13:52:10.520073+04	1363	Mikayıllı Çimnaz - 2025-08-07	3		22	1
2887	2025-08-07 13:52:10.520073+04	1362	Məsimova İfadə - 2025-08-07	3		22	1
2888	2025-08-07 13:52:10.520073+04	1361	Məmmədzadə Gülnar - 2025-08-07	3		22	1
2889	2025-08-07 13:52:10.520073+04	1360	Məmmədova Elvira - 2025-08-07	3		22	1
2890	2025-08-07 13:52:10.520073+04	1359	Məmmədov Malik - 2025-08-07	3		22	1
2891	2025-08-07 13:52:10.520073+04	1358	Məmmədov Bəxtiyar - 2025-08-07	3		22	1
2892	2025-08-07 13:52:10.520073+04	1357	Məlikov Kamran - 2025-08-07	3		22	1
2893	2025-08-07 13:52:10.520073+04	1356	Memmedov Orxan - 2025-08-07	3		22	1
2894	2025-08-07 13:52:10.520073+04	1355	Mehdiyev Tofiq - 2025-08-07	3		22	1
2895	2025-08-07 13:52:10.520073+04	1354	Maqsudov Lətif - 2025-08-07	3		22	1
2896	2025-08-07 13:52:10.520073+04	1353	Lətifova Mərziyyə - 2025-08-07	3		22	1
2897	2025-08-07 13:52:10.520073+04	1352	Qismətov Şakir - 2025-08-07	3		22	1
2898	2025-08-07 13:52:10.520073+04	1351	Qəribova Türkay - 2025-08-07	3		22	1
2899	2025-08-07 13:52:10.520073+04	1350	Qəribova Mətanət - 2025-08-07	3		22	1
2900	2025-08-07 13:52:10.520073+04	1349	Qədirov Mehman - 2025-08-07	3		22	1
2901	2025-08-07 13:52:10.520073+04	1348	Qədirli Gülnar - 2025-08-07	3		22	1
2902	2025-08-07 13:52:10.520073+04	1347	Qasımova Zeyneb - 2025-08-07	3		22	1
2903	2025-08-07 13:52:10.520073+04	1346	Qasımova Rübabə - 2025-08-07	3		22	1
2904	2025-08-07 13:52:10.520073+04	1345	Qasımov Arzu - 2025-08-07	3		22	1
2905	2025-08-07 13:52:10.520073+04	1344	Kərimova Səxavət - 2025-08-07	3		22	1
2906	2025-08-07 13:52:10.520073+04	1343	Kərimova Gülbəniz - 2025-08-07	3		22	1
2907	2025-08-07 13:52:10.520073+04	1342	Kerimova Sedaye - 2025-08-07	3		22	1
2908	2025-08-07 13:52:10.520073+04	1341	Kerimova İrade - 2025-08-07	3		22	1
2909	2025-08-07 13:52:10.520073+04	1340	Kazımova Aynur - 2025-08-07	3		22	1
2910	2025-08-07 13:52:10.520073+04	1339	İsrafilova Qalina - 2025-08-07	3		22	1
2911	2025-08-07 13:52:10.520073+04	1338	İsmayılova Gülnar - 2025-08-07	3		22	1
2912	2025-08-07 13:52:10.520073+04	1337	İsmayılov Vaqif - 2025-08-07	3		22	1
2913	2025-08-07 13:52:10.520073+04	1336	İsmayılov Eldar - 2025-08-07	3		22	1
2914	2025-08-07 13:52:10.520073+04	1335	İslamov Nərbala - 2025-08-07	3		22	1
2915	2025-08-07 13:52:10.520073+04	1334	İlyasov Azər - 2025-08-07	3		22	1
2916	2025-08-07 13:52:10.520073+04	1333	İdrisov Etibar - 2025-08-07	3		22	1
2917	2025-08-07 13:52:10.520073+04	1332	İbrahimova Gülzar - 2025-08-07	3		22	1
2918	2025-08-07 13:52:10.520073+04	1331	İbrahimova Dəstəgül - 2025-08-07	3		22	1
2919	2025-08-07 13:52:10.520073+04	1330	Xəlilov Səməd - 2025-08-07	3		22	1
2920	2025-08-07 13:52:10.520073+04	1329	Hüseynova Sevinc - 2025-08-07	3		22	1
2921	2025-08-07 13:52:10.520073+04	1328	Hüseynova Məlahət - 2025-08-07	3		22	1
2922	2025-08-07 13:52:10.520073+04	1327	Hüseynov İbrahim - 2025-08-07	3		22	1
2923	2025-08-07 13:52:10.520073+04	1326	Hüseynov Azer - 2025-08-07	3		22	1
2924	2025-08-07 13:52:10.520073+04	1325	Hüseynov Asif - 2025-08-07	3		22	1
2925	2025-08-07 13:52:10.520073+04	1324	Hüseynov Afər - 2025-08-07	3		22	1
2926	2025-08-07 13:52:10.520073+04	1323	Hümbetov Yadulla - 2025-08-07	3		22	1
2927	2025-08-07 13:52:10.520073+04	1322	Həsənova Ülviyyə - 2025-08-07	3		22	1
2928	2025-08-07 13:52:10.520073+04	1321	Həmidova Aynur - 2025-08-07	3		22	1
2929	2025-08-07 13:52:10.520073+04	1320	Həlimov Abid - 2025-08-07	3		22	1
2930	2025-08-07 13:52:10.520073+04	1319	Hesenov Elxan - 2025-08-07	3		22	1
2931	2025-08-07 13:52:10.520073+04	1318	Haqverdiyeva Esmira - 2025-08-07	3		22	1
2932	2025-08-07 13:52:10.520073+04	1317	Hacıyeva Fəxrimə - 2025-08-07	3		22	1
2933	2025-08-07 13:52:10.520073+04	1316	Hacıyev Seid - 2025-08-07	3		22	1
2934	2025-08-07 13:52:10.520073+04	1315	Feyzullayeva Mehriban - 2025-08-07	3		22	1
2935	2025-08-07 13:52:10.520073+04	1314	Əzizova Validə - 2025-08-07	3		22	1
2936	2025-08-07 13:52:10.520073+04	1313	Əzimova Şahnaz - 2025-08-07	3		22	1
2937	2025-08-07 13:52:10.520073+04	1312	Əmirfətli Tərlan - 2025-08-07	3		22	1
2938	2025-08-07 13:52:10.520073+04	1311	Əliyeva Ədalət - 2025-08-07	3		22	1
2939	2025-08-07 13:52:10.520073+04	1310	Əliyeva Aytən Sağlam Həyat - 2025-08-07	3		22	1
2940	2025-08-07 13:52:10.520073+04	1309	Əliyeva Aytən İsmayıllı - 2025-08-07	3		22	1
2941	2025-08-07 13:52:10.520073+04	1308	Əliyev Orxan - 2025-08-07	3		22	1
2942	2025-08-07 13:52:10.520073+04	1307	Əlimirzəyev Novruz - 2025-08-07	3		22	1
2943	2025-08-07 13:52:10.520073+04	1306	Ələsgərli Safəddin - 2025-08-07	3		22	1
2944	2025-08-07 13:52:10.520073+04	1305	Əhmədova Səidə - 2025-08-07	3		22	1
2945	2025-08-07 13:52:10.520073+04	1304	Əbdürrəhmanova Fəxrimə - 2025-08-07	3		22	1
2946	2025-08-07 13:52:10.520073+04	1303	Əbdüləzizova  Günetay - 2025-08-07	3		22	1
2947	2025-08-07 13:52:10.520073+04	1302	Eyyubova Azadə - 2025-08-07	3		22	1
2948	2025-08-07 13:52:10.520073+04	1301	Ekbərova Narxanım - 2025-08-07	3		22	1
2949	2025-08-07 13:52:10.520073+04	1300	Dadaşov Niyazi - 2025-08-07	3		22	1
2950	2025-08-07 13:52:10.520073+04	1299	Cəlilov İlqar - 2025-08-07	3		22	1
2951	2025-08-07 13:52:10.520073+04	1298	Cəbrayılova Xumar - 2025-08-07	3		22	1
2952	2025-08-07 13:52:10.520073+04	1297	Cabbarova Seyran - 2025-08-07	3		22	1
2953	2025-08-07 13:52:10.520073+04	1296	Bağırova Səmayə - 2025-08-07	3		22	1
2954	2025-08-07 13:52:10.520073+04	1295	Bağırlı Elçin - 2025-08-07	3		22	1
2955	2025-08-07 13:52:10.520073+04	1294	Babayeva Gülər - 2025-08-07	3		22	1
2956	2025-08-07 13:52:10.520073+04	1293	Babayev Vüsal - 2025-08-07	3		22	1
2957	2025-08-07 13:52:10.520073+04	1292	Babayev Vahid - 2025-08-07	3		22	1
2958	2025-08-07 13:52:10.520073+04	1291	Atakişiyev Xanlar - 2025-08-07	3		22	1
2959	2025-08-07 13:52:10.520073+04	1290	Aşurov Elnur - 2025-08-07	3		22	1
2960	2025-08-07 13:52:10.520073+04	1289	Aslanov Saleh - 2025-08-07	3		22	1
2961	2025-08-07 13:52:10.520073+04	1288	Alxasova Mehriban - 2025-08-07	3		22	1
2962	2025-08-07 13:52:10.520073+04	1287	Ağayeva Kübra - 2025-08-07	3		22	1
2963	2025-08-07 13:52:10.520073+04	1286	Ağayeva Azade - 2025-08-07	3		22	1
2964	2025-08-07 13:52:10.520073+04	1285	Ağayev Mətin - 2025-08-07	3		22	1
2965	2025-08-07 13:52:10.520073+04	1284	Ağayev Firudin - 2025-08-07	3		22	1
2966	2025-08-07 13:52:10.520073+04	1283	Abdullayev Kamran - 2025-08-07	3		22	1
2967	2025-08-07 13:52:10.520073+04	1282	Abdullayev Fariz - 2025-08-07	3		22	1
2968	2025-08-07 13:52:10.520073+04	1281	Abduləzizov Hökmran - 2025-08-07	3		22	1
2969	2025-08-07 13:52:10.520073+04	1280	Abbasova Aytən - 2025-08-07	3		22	1
2970	2025-08-07 13:52:10.520073+04	1279	Abbasov Mehman - 2025-08-07	3		22	1
2971	2025-08-07 13:52:10.520073+04	1278	Talıbova Leyla - 2025-08-07	3		22	1
2972	2025-08-07 13:52:10.520073+04	1277	Süleymanov Elxan - 2025-08-07	3		22	1
2973	2025-08-07 13:52:10.520073+04	1276	Səfərov Fizuli - 2025-08-07	3		22	1
2974	2025-08-07 13:52:10.520073+04	1275	Salahova Elnarə - 2025-08-07	3		22	1
2975	2025-08-07 13:52:10.520073+04	1274	Piriyeva Fəridə - 2025-08-07	3		22	1
2976	2025-08-07 13:52:10.520073+04	1273	Məmmədova Sevinc - 2025-08-07	3		22	1
2977	2025-08-07 13:52:10.520073+04	1272	Məmmədov Rüfət - 2025-08-07	3		22	1
2978	2025-08-07 13:52:10.520073+04	1271	Qocayeva Lalə - 2025-08-07	3		22	1
2979	2025-08-07 13:52:10.520073+04	1270	İsgəndərli Vüsalə - 2025-08-07	3		22	1
2980	2025-08-07 13:52:10.520073+04	1269	İsayev Cəlil - 2025-08-07	3		22	1
2981	2025-08-07 13:52:10.520073+04	1268	İmanova Elmira - 2025-08-07	3		22	1
2982	2025-08-07 13:52:10.520073+04	1267	İmanova  Gülrux - 2025-08-07	3		22	1
2983	2025-08-07 13:52:10.520073+04	1266	İbrahimova Samirə - 2025-08-07	3		22	1
2984	2025-08-07 13:52:10.520073+04	1265	İbrahimova Pərvin - 2025-08-07	3		22	1
2985	2025-08-07 13:52:10.520073+04	1264	İbadov Ceyhun - 2025-08-07	3		22	1
2986	2025-08-07 13:52:10.520073+04	1263	Hüseynzadə Məhəmməd - 2025-08-07	3		22	1
2987	2025-08-07 13:52:10.520073+04	1262	Həsənova Bikəxanım - 2025-08-07	3		22	1
2988	2025-08-07 13:52:10.520073+04	1261	Əsədova İlahə - 2025-08-07	3		22	1
2989	2025-08-07 13:52:10.520073+04	1260	Əliyeva Sevda (Pirallahı) - 2025-08-07	3		22	1
2990	2025-08-07 13:52:10.520073+04	1259	Əliyev Şahin - 2025-08-07	3		22	1
2991	2025-08-07 13:52:10.520073+04	1258	Əhmədova Aygün - 2025-08-07	3		22	1
2992	2025-08-07 13:52:10.520073+04	1257	Cəmaləddin - 2025-08-07	3		22	1
2993	2025-08-07 13:52:10.520073+04	1256	Baloğlanov Adil - 2025-08-07	3		22	1
2994	2025-08-07 13:52:10.520073+04	1255	ad - 2025-08-07	3		22	1
2995	2025-08-07 13:52:10.520073+04	1254	Abidov Vüqar - 2025-08-07	3		22	1
2996	2025-08-07 13:52:10.520073+04	1253	Abdinli Elşən - 2025-08-07	3		22	1
2997	2025-08-07 13:52:10.520073+04	1252	Əliyeva Gülbəniz - 2025-08-07	3		22	1
2998	2025-08-07 13:52:10.520073+04	1251	Abdullayev Hüseyn - 2025-08-07	3		22	1
2999	2025-08-25 11:26:55.241604+04	13	Solvey Backup	3		28	1
3000	2025-08-25 11:26:55.241604+04	12	Solvey Backup	3		28	1
3001	2025-08-25 11:26:55.241604+04	11	Solvey Backup	3		28	1
3002	2025-08-25 11:26:55.241604+04	10	Solvey Backup	3		28	1
3003	2025-08-25 11:26:55.241604+04	9	Solvey Backup	3		28	1
3004	2025-08-25 11:26:55.241604+04	8	Solvey Backup	3		28	1
3005	2025-08-25 11:26:55.241604+04	7	Solvey Backup	3		28	1
3006	2025-08-25 11:26:55.241604+04	6	Solvey Backup	3		28	1
3007	2025-08-25 11:26:55.241604+04	5	Solvey Backup	3		28	1
3008	2025-08-25 11:26:55.241604+04	4	Solvey Backup	3		28	1
3009	2025-08-25 11:26:55.241604+04	3	Solvey Backup	3		28	1
3010	2025-08-25 11:26:55.241604+04	2	Solvey Backup	3		28	1
3011	2025-08-25 11:26:55.241604+04	1	Solvey Backup	3		28	1
3012	2025-08-25 11:49:14.847673+04	19	Solvey Backup	3		28	1
3013	2025-08-25 11:49:14.847673+04	18	Solvey Backup	3		28	1
3014	2025-08-25 11:49:14.847673+04	17	Solvey Backup	3		28	1
3015	2025-08-25 11:49:14.847673+04	16	Solvey Backup	3		28	1
3016	2025-08-25 11:49:14.847673+04	15	Solvey Backup	3		28	1
3017	2025-08-25 11:49:14.847673+04	14	Solvey Backup	3		28	1
3018	2025-08-25 14:47:02.407296+04	3444	Soltep (6.00)	3		23	1
3019	2025-08-25 14:47:02.407296+04	3443	Fensavin (3.00)	3		23	1
3020	2025-08-25 14:47:02.407296+04	3441	Fensavin (6.00)	3		23	1
3021	2025-08-25 14:47:02.407296+04	3440	Betasol (3.00)	3		23	1
3022	2025-08-25 14:47:02.407296+04	3439	Betasol (3.00)	3		23	1
3023	2025-08-25 14:47:02.407296+04	3438	Betasol (3.00)	3		23	1
3024	2025-08-25 14:47:02.407296+04	3437	Genosfer (96.00)	3		23	1
3025	2025-08-25 14:47:02.407296+04	3436	Fesola (6.00)	3		23	1
3026	2025-08-25 14:47:02.407296+04	3435	Fensavin (5.00)	3		23	1
3027	2025-08-25 14:47:02.407296+04	3434	Betasol (6.00)	3		23	1
3028	2025-08-25 14:47:02.407296+04	3433	Betasol (9.00)	3		23	1
3029	2025-08-25 14:47:02.407296+04	3432	Serrasol (0.00)	3		23	1
3030	2025-08-25 14:47:02.407296+04	3431	Serrasol (0.00)	3		23	1
3031	2025-08-25 14:47:02.407296+04	3430	Zemovar (0.00)	3		23	1
3032	2025-08-25 14:47:02.407296+04	3429	Serrasol (0.00)	3		23	1
3033	2025-08-25 14:47:02.407296+04	3428	Vitomer (0.00)	3		23	1
3034	2025-08-25 14:47:02.407296+04	3427	Kalvey (0.00)	3		23	1
3035	2025-08-25 14:47:02.407296+04	3426	Serrasol (0.00)	3		23	1
3036	2025-08-25 14:47:02.407296+04	3425	Betasol (0.00)	3		23	1
3037	2025-08-25 14:47:02.407296+04	3424	Fesola (0.00)	3		23	1
3038	2025-08-25 14:47:02.407296+04	3423	Soltrop (0.00)	3		23	1
3039	2025-08-25 14:47:02.407296+04	3422	Zemovar (0.00)	3		23	1
3040	2025-08-25 14:47:02.407296+04	3421	Solseda (0.00)	3		23	1
3041	2025-08-25 14:47:02.407296+04	3420	Vitomer (0.00)	3		23	1
3042	2025-08-25 14:47:02.407296+04	3419	Kalvey (0.00)	3		23	1
3043	2025-08-25 14:47:02.407296+04	3418	Serrasol (0.00)	3		23	1
3044	2025-08-25 14:47:02.407296+04	3417	Genosfer (0.00)	3		23	1
3045	2025-08-25 14:47:02.407296+04	3416	Heptrazol (0.00)	3		23	1
3046	2025-08-25 14:47:02.407296+04	3415	Soltrop (0.00)	3		23	1
3047	2025-08-25 14:47:02.407296+04	3414	Zemovar (0.00)	3		23	1
3048	2025-08-25 14:47:02.407296+04	3413	Opsidol (0.00)	3		23	1
3049	2025-08-25 14:47:02.407296+04	3412	Solseda (0.00)	3		23	1
3050	2025-08-25 14:47:02.408296+04	3411	Kalvey (0.00)	3		23	1
3051	2025-08-25 14:47:02.408296+04	3410	Soltep (0.00)	3		23	1
3052	2025-08-25 14:47:02.408296+04	3409	Soltrop (0.00)	3		23	1
3053	2025-08-25 14:47:02.408296+04	3408	Serrasol (0.00)	3		23	1
3054	2025-08-25 14:47:02.408296+04	3407	Soltrop (0.00)	3		23	1
3055	2025-08-25 14:47:02.408296+04	3406	Ropsol (0.00)	3		23	1
3056	2025-08-25 14:47:02.408296+04	3405	Opeblock (0.00)	3		23	1
3057	2025-08-25 14:47:02.408296+04	3404	Vitomer (0.00)	3		23	1
3058	2025-08-25 14:47:02.408296+04	3403	Betasol (0.00)	3		23	1
3059	2025-08-25 14:47:02.408296+04	3402	Heptrazol (0.00)	3		23	1
3060	2025-08-25 14:47:02.408296+04	3401	Prostazolin (0.00)	3		23	1
3061	2025-08-25 14:47:02.408296+04	3400	Vitomer (0.00)	3		23	1
3062	2025-08-25 14:47:02.408296+04	3399	Vitomer Kids (0.00)	3		23	1
3063	2025-08-25 14:47:02.408296+04	3398	Heptrazol (0.00)	3		23	1
3064	2025-08-25 14:47:02.408296+04	3397	Provital (0.00)	3		23	1
3065	2025-08-25 14:47:02.408296+04	3396	Soltrop (0.00)	3		23	1
3066	2025-08-25 14:47:02.408296+04	3395	Solseda (0.00)	3		23	1
3067	2025-08-25 14:47:02.408296+04	3394	Vitomer (0.00)	3		23	1
3068	2025-08-25 14:47:02.408296+04	3393	Ropsol (0.00)	3		23	1
3069	2025-08-25 14:47:02.408296+04	3392	Opeblock (0.00)	3		23	1
3070	2025-08-25 14:47:02.408296+04	3391	Betasol (0.00)	3		23	1
3071	2025-08-25 14:47:02.408296+04	3390	Soltrop (0.00)	3		23	1
3072	2025-08-25 14:47:02.408296+04	3389	Zemovar (0.00)	3		23	1
3073	2025-08-25 14:47:02.408296+04	3388	Fesola (0.00)	3		23	1
3074	2025-08-25 14:47:02.408296+04	3387	Solseda (0.00)	3		23	1
3075	2025-08-25 14:47:02.408296+04	3386	Vitomer (0.00)	3		23	1
3076	2025-08-25 14:47:02.408296+04	3385	Kalvey (0.00)	3		23	1
3077	2025-08-25 14:47:02.408296+04	3384	Kartovey (0.00)	3		23	1
3078	2025-08-25 14:47:02.408296+04	3383	Soltrop (0.00)	3		23	1
3079	2025-08-25 14:47:02.408296+04	3382	Opsidol (0.00)	3		23	1
3080	2025-08-25 14:47:02.408296+04	3381	Solseda (0.00)	3		23	1
3081	2025-08-25 14:47:02.408296+04	3380	Soltrop (0.00)	3		23	1
3082	2025-08-25 14:47:02.408296+04	3379	Solseda (0.00)	3		23	1
3083	2025-08-25 14:47:02.408296+04	3378	Serrasol (0.00)	3		23	1
3084	2025-08-25 14:47:02.408296+04	3377	Betasol (0.00)	3		23	1
3085	2025-08-25 14:47:02.408296+04	3376	Soltrop (0.00)	3		23	1
3086	2025-08-25 14:47:02.408296+04	3375	Opsidol (0.00)	3		23	1
3087	2025-08-25 14:47:02.408296+04	3374	Vitomer (0.00)	3		23	1
3088	2025-08-25 14:47:02.408296+04	3373	Kalvey (0.00)	3		23	1
3089	2025-08-25 14:47:02.409295+04	3372	Genosfer (0.00)	3		23	1
3090	2025-08-25 14:47:02.409295+04	3371	Betasol (0.00)	3		23	1
3091	2025-08-25 14:47:02.409295+04	3370	Kartovey (0.00)	3		23	1
3092	2025-08-25 14:47:02.409295+04	3369	Soltrop (0.00)	3		23	1
3093	2025-08-25 14:47:02.409295+04	3368	Solseda (0.00)	3		23	1
3094	2025-08-25 14:47:02.409295+04	3367	Ropsol (0.00)	3		23	1
3095	2025-08-25 14:47:02.409295+04	3366	Levostrong (0.00)	3		23	1
3096	2025-08-25 14:47:02.409295+04	3365	Vitomer (0.00)	3		23	1
3097	2025-08-25 14:47:02.409295+04	3364	Kalvey (0.00)	3		23	1
3098	2025-08-25 14:47:02.409295+04	3363	Serrasol (0.00)	3		23	1
3099	2025-08-25 14:47:02.409295+04	3362	Genosfer (0.00)	3		23	1
3100	2025-08-25 14:47:02.409295+04	3361	Betasol (0.00)	3		23	1
3101	2025-08-25 14:47:02.409295+04	3360	Fesola (0.00)	3		23	1
3102	2025-08-25 14:47:02.409295+04	3359	Prostazolin (0.00)	3		23	1
3103	2025-08-25 14:47:02.409295+04	3358	Fensavin (0.00)	3		23	1
3104	2025-08-25 14:47:02.409295+04	3357	Soltrop (0.00)	3		23	1
3105	2025-08-25 14:47:02.409295+04	3356	Zemovar (0.00)	3		23	1
3106	2025-08-25 14:47:02.409295+04	3355	Solseda (0.00)	3		23	1
3107	2025-08-25 14:47:02.409295+04	3354	Vitomer (0.00)	3		23	1
3108	2025-08-25 14:47:02.409295+04	3353	Serrasol (0.00)	3		23	1
3109	2025-08-25 14:47:02.409295+04	3352	Opeblock (0.00)	3		23	1
3110	2025-08-25 14:47:02.409295+04	3351	Levostrong (0.00)	3		23	1
3111	2025-08-25 14:47:02.409295+04	3350	Kalvey (0.00)	3		23	1
3112	2025-08-25 14:47:02.409295+04	3349	Kartovey (0.00)	3		23	1
3113	2025-08-25 14:47:02.409295+04	3348	Solseda (0.00)	3		23	1
3114	2025-08-25 14:47:02.409295+04	3347	Vitomer Kids (0.00)	3		23	1
3115	2025-08-25 14:47:02.409295+04	3346	Soltrop (0.00)	3		23	1
3116	2025-08-25 14:47:02.409295+04	3345	Solseda (0.00)	3		23	1
3117	2025-08-25 14:47:02.409295+04	3344	Ropsol (0.00)	3		23	1
3118	2025-08-25 14:47:13.717569+04	1965	Piriyeva Fəridə - 2025-08-07	3		22	1
3119	2025-08-25 14:47:13.717569+04	1964	Hüseynzadə Məhəmməd - 2025-08-07	3		22	1
3120	2025-08-25 14:47:13.717569+04	1963	Piriyeva Fəridə - 2025-08-07	3		22	1
3121	2025-08-25 14:47:13.717569+04	1962	Piriyeva Fəridə - 2025-08-07	3		22	1
3122	2025-08-25 14:47:13.717569+04	1961	Əliyeva Sevda (Pirallahı) - 2025-08-07	3		22	1
3123	2025-08-25 14:47:13.717569+04	1960	Əliyeva Sevda (Pirallahı) - 2025-08-07	3		22	1
3124	2025-08-25 14:47:13.717569+04	1959	Əliyeva Sevda (Pirallahı) - 2025-08-07	3		22	1
3125	2025-08-25 14:47:13.717569+04	1958	Piriyeva Fəridə - 2025-08-07	3		22	1
3126	2025-08-25 14:47:13.717569+04	1957	Əsədova İlahə - 2025-08-07	3		22	1
3127	2025-08-25 14:47:13.717569+04	1956	Piriyeva Fəridə - 2025-08-07	3		22	1
3128	2025-08-25 14:47:13.717569+04	1955	Piriyeva Fəridə - 2025-08-07	3		22	1
3129	2025-08-25 14:47:13.717569+04	1954	Piriyeva Fəridə - 2025-08-07	3		22	1
3130	2025-08-25 14:47:13.717569+04	1953	Zəngiyeva Gülsüm - 2025-08-07	3		22	1
3131	2025-08-25 14:47:13.717569+04	1952	Zəkəriyəyev Şirvan - 2025-08-07	3		22	1
3132	2025-08-25 14:47:13.717569+04	1951	Yusifov Emin - 2025-08-07	3		22	1
3133	2025-08-25 14:47:13.717569+04	1950	Yolçuyev Söhret - 2025-08-07	3		22	1
3134	2025-08-25 14:47:13.717569+04	1949	Yaqublu Nicat - 2025-08-07	3		22	1
3135	2025-08-25 14:47:13.717569+04	1948	Vəliyeva Kəmalə - 2025-08-07	3		22	1
3136	2025-08-25 14:47:13.717569+04	1947	Vəliyeva Həqiqət - 2025-08-07	3		22	1
3137	2025-08-25 14:47:13.717569+04	1946	Vəlixanlı Təranə - 2025-08-07	3		22	1
3138	2025-08-25 14:47:13.717569+04	1945	Verdiyeva Günay - 2025-08-07	3		22	1
3139	2025-08-25 14:47:13.717569+04	1944	Vahabov Natiq - 2025-08-07	3		22	1
3140	2025-08-25 14:47:13.717569+04	1943	Ummetli Qorxmaz - 2025-08-07	3		22	1
3141	2025-08-25 14:47:13.717569+04	1942	Təhməzov Elbrus - 2025-08-07	3		22	1
3142	2025-08-25 14:47:13.717569+04	1941	Tahirova Zümrüd - 2025-08-07	3		22	1
3143	2025-08-25 14:47:13.717569+04	1940	Şirinova Sevinc - 2025-08-07	3		22	1
3144	2025-08-25 14:47:13.718569+04	1939	Şirəliyev Şahmurad - 2025-08-07	3		22	1
3145	2025-08-25 14:47:13.718569+04	1938	Şıxıyeva Mehriban - 2025-08-07	3		22	1
3146	2025-08-25 14:47:13.718569+04	1937	Şərifli Günay - 2025-08-07	3		22	1
3147	2025-08-25 14:47:13.718569+04	1936	Şəfiyeva Firuzə - 2025-08-07	3		22	1
3148	2025-08-25 14:47:13.718569+04	1935	Süleymanova Nəhayət - 2025-08-07	3		22	1
3149	2025-08-25 14:47:13.718569+04	1934	Sərkərov Telman - 2025-08-07	3		22	1
3150	2025-08-25 14:47:13.718569+04	1933	Səlimzadə Tural - 2025-08-07	3		22	1
3151	2025-08-25 14:47:13.718569+04	1932	Səfərova Ofelya - 2025-08-07	3		22	1
3152	2025-08-25 14:47:13.718569+04	1931	Səfərli Pərviz - 2025-08-07	3		22	1
3153	2025-08-25 14:47:13.718569+04	1930	Səfərəliyeva Pərvanə - 2025-08-07	3		22	1
3154	2025-08-25 14:47:13.718569+04	1929	Səfərəliyeva Kəmalə - 2025-08-07	3		22	1
3155	2025-08-25 14:47:13.718569+04	1928	Səbzəliyev Vaqif - 2025-08-07	3		22	1
3156	2025-08-25 14:47:13.718569+04	1927	Seyidova Şəhla - 2025-08-07	3		22	1
3157	2025-08-25 14:47:13.718569+04	1926	Salmanova Sara - 2025-08-07	3		22	1
3158	2025-08-25 14:47:13.718569+04	1925	Salehova Nüşabə - 2025-08-07	3		22	1
3159	2025-08-25 14:47:13.718569+04	1924	Sadıqov Şirəli - 2025-08-07	3		22	1
3160	2025-08-25 14:47:13.718569+04	1923	Rüstəmova Sədaqət - 2025-08-07	3		22	1
3161	2025-08-25 14:47:13.718569+04	1922	Rəşid Xanım - 2025-08-07	3		22	1
3162	2025-08-25 14:47:13.718569+04	1921	Rəşid Əhməd - 2025-08-07	3		22	1
3163	2025-08-25 14:47:13.718569+04	1920	Rəsulov Fəxrəddin - 2025-08-07	3		22	1
3164	2025-08-25 14:47:13.718569+04	1919	Pənahova Şəhanə - 2025-08-07	3		22	1
3165	2025-08-25 14:47:13.718569+04	1918	Osmanova Telli - 2025-08-07	3		22	1
3166	2025-08-25 14:47:13.718569+04	1917	Osmanov Tural - 2025-08-07	3		22	1
3167	2025-08-25 14:47:13.718569+04	1916	Osmanov Fikrət - 2025-08-07	3		22	1
3168	2025-08-25 14:47:13.718569+04	1915	Nümunə Ad - 2025-08-07	3		22	1
3169	2025-08-25 14:47:13.718569+04	1914	Nəzirov İmran - 2025-08-07	3		22	1
3170	2025-08-25 14:47:13.718569+04	1913	Nebiyeva Yaqut - 2025-08-07	3		22	1
3171	2025-08-25 14:47:13.718569+04	1912	Mütəllibov Zaur - 2025-08-07	3		22	1
3172	2025-08-25 14:47:13.718569+04	1911	Mütəllibov Adil - 2025-08-07	3		22	1
3173	2025-08-25 14:47:13.718569+04	1910	Musayeva Ceyhunə - 2025-08-07	3		22	1
3174	2025-08-25 14:47:13.718569+04	1909	Musayev Musalim - 2025-08-07	3		22	1
3175	2025-08-25 14:47:13.718569+04	1908	Musabeyova Svetlana - 2025-08-07	3		22	1
3176	2025-08-25 14:47:13.718569+04	1907	Muradova Sara - 2025-08-07	3		22	1
3177	2025-08-25 14:47:13.718569+04	1906	Muxtarov Faiq - 2025-08-07	3		22	1
3178	2025-08-25 14:47:13.718569+04	1905	Mirzəyeva Afaq - 2025-08-07	3		22	1
3179	2025-08-25 14:47:13.718569+04	1904	Mikayılova Ulduz - 2025-08-07	3		22	1
3180	2025-08-25 14:47:13.718569+04	1903	Mikayıllı Çimnaz - 2025-08-07	3		22	1
3181	2025-08-25 14:47:13.719568+04	1902	Məsimova İfadə - 2025-08-07	3		22	1
3182	2025-08-25 14:47:13.719568+04	1901	Məmmədzadə Gülnar - 2025-08-07	3		22	1
3183	2025-08-25 14:47:13.719568+04	1900	Məmmədova Elvira - 2025-08-07	3		22	1
3184	2025-08-25 14:47:13.719568+04	1899	Məmmədov Malik - 2025-08-07	3		22	1
3185	2025-08-25 14:47:13.719568+04	1898	Məmmədov Bəxtiyar - 2025-08-07	3		22	1
3186	2025-08-25 14:47:13.719568+04	1897	Məlikov Kamran - 2025-08-07	3		22	1
3187	2025-08-25 14:47:13.719568+04	1896	Memmedov Orxan - 2025-08-07	3		22	1
3188	2025-08-25 14:47:13.719568+04	1895	Mehdiyev Tofiq - 2025-08-07	3		22	1
3189	2025-08-25 14:47:13.719568+04	1894	Maqsudov Lətif - 2025-08-07	3		22	1
3190	2025-08-25 14:47:13.719568+04	1893	Lətifova Mərziyyə - 2025-08-07	3		22	1
3191	2025-08-25 14:47:13.719568+04	1892	Qismətov Şakir - 2025-08-07	3		22	1
3192	2025-08-25 14:47:13.719568+04	1891	Qəribova Türkay - 2025-08-07	3		22	1
3193	2025-08-25 14:47:13.719568+04	1890	Qəribova Mətanət - 2025-08-07	3		22	1
3194	2025-08-25 14:47:13.719568+04	1889	Qədirov Mehman - 2025-08-07	3		22	1
3195	2025-08-25 14:47:13.719568+04	1888	Qədirli Gülnar - 2025-08-07	3		22	1
3196	2025-08-25 14:47:13.719568+04	1887	Qasımova Zeyneb - 2025-08-07	3		22	1
3197	2025-08-25 14:47:13.719568+04	1886	Qasımova Rübabə - 2025-08-07	3		22	1
3198	2025-08-25 14:47:13.719568+04	1885	Qasımov Arzu - 2025-08-07	3		22	1
3199	2025-08-25 14:47:13.719568+04	1884	Kərimova Səxavət - 2025-08-07	3		22	1
3200	2025-08-25 14:47:13.719568+04	1883	Kərimova Gülbəniz - 2025-08-07	3		22	1
3201	2025-08-25 14:47:13.719568+04	1882	Kerimova Sedaye - 2025-08-07	3		22	1
3202	2025-08-25 14:47:13.719568+04	1881	Kerimova İrade - 2025-08-07	3		22	1
3203	2025-08-25 14:47:13.719568+04	1880	Kazımova Aynur - 2025-08-07	3		22	1
3204	2025-08-25 14:47:13.719568+04	1879	İsrafilova Qalina - 2025-08-07	3		22	1
3205	2025-08-25 14:47:13.719568+04	1878	İsmayılova Gülnar - 2025-08-07	3		22	1
3206	2025-08-25 14:47:13.719568+04	1877	İsmayılov Vaqif - 2025-08-07	3		22	1
3207	2025-08-25 14:47:13.719568+04	1876	İsmayılov Eldar - 2025-08-07	3		22	1
3208	2025-08-25 14:47:13.719568+04	1875	İslamov Nərbala - 2025-08-07	3		22	1
3209	2025-08-25 14:47:13.719568+04	1874	İlyasov Azər - 2025-08-07	3		22	1
3210	2025-08-25 14:47:13.719568+04	1873	İdrisov Etibar - 2025-08-07	3		22	1
3211	2025-08-25 14:47:13.719568+04	1872	İbrahimova Gülzar - 2025-08-07	3		22	1
3212	2025-08-25 14:47:13.720568+04	1871	İbrahimova Dəstəgül - 2025-08-07	3		22	1
3213	2025-08-25 14:47:13.720568+04	1870	Xəlilov Səməd - 2025-08-07	3		22	1
3214	2025-08-25 14:47:13.720568+04	1869	Hüseynova Sevinc - 2025-08-07	3		22	1
3215	2025-08-25 14:47:13.720568+04	1868	Hüseynova Məlahət - 2025-08-07	3		22	1
3216	2025-08-25 14:47:13.720568+04	1867	Hüseynov İbrahim - 2025-08-07	3		22	1
3217	2025-08-25 14:47:13.720568+04	1866	Hüseynov Azer - 2025-08-07	3		22	1
3218	2025-08-25 14:47:19.551664+04	1865	Hüseynov Asif - 2025-08-07	3		22	1
3219	2025-08-25 14:47:19.551664+04	1864	Hüseynov Afər - 2025-08-07	3		22	1
3220	2025-08-25 14:47:19.551664+04	1863	Hümbetov Yadulla - 2025-08-07	3		22	1
3221	2025-08-25 14:47:19.551664+04	1862	Həsənova Ülviyyə - 2025-08-07	3		22	1
3222	2025-08-25 14:47:19.551664+04	1861	Həmidova Aynur - 2025-08-07	3		22	1
3223	2025-08-25 14:47:19.551664+04	1860	Həlimov Abid - 2025-08-07	3		22	1
3224	2025-08-25 14:47:19.552664+04	1859	Hesenov Elxan - 2025-08-07	3		22	1
3225	2025-08-25 14:47:19.552664+04	1858	Haqverdiyeva Esmira - 2025-08-07	3		22	1
3226	2025-08-25 14:47:19.552664+04	1857	Hacıyeva Fəxrimə - 2025-08-07	3		22	1
3227	2025-08-25 14:47:19.552664+04	1856	Hacıyev Seid - 2025-08-07	3		22	1
3228	2025-08-25 14:47:19.552664+04	1855	Feyzullayeva Mehriban - 2025-08-07	3		22	1
3229	2025-08-25 14:47:19.552664+04	1854	Əzizova Validə - 2025-08-07	3		22	1
3230	2025-08-25 14:47:19.552664+04	1853	Əzimova Şahnaz - 2025-08-07	3		22	1
3231	2025-08-25 14:47:19.552664+04	1852	Əmirfətli Tərlan - 2025-08-07	3		22	1
3232	2025-08-25 14:47:19.552664+04	1851	Əliyeva Ədalət - 2025-08-07	3		22	1
3233	2025-08-25 14:47:19.552664+04	1850	Əliyeva Aytən Sağlam Həyat - 2025-08-07	3		22	1
3234	2025-08-25 14:47:19.552664+04	1849	Əliyeva Aytən İsmayıllı - 2025-08-07	3		22	1
3235	2025-08-25 14:47:19.552664+04	1848	Əliyev Orxan - 2025-08-07	3		22	1
3236	2025-08-25 14:47:19.552664+04	1847	Əlimirzəyev Novruz - 2025-08-07	3		22	1
3237	2025-08-25 14:47:19.552664+04	1846	Ələsgərli Safəddin - 2025-08-07	3		22	1
3238	2025-08-25 14:47:19.552664+04	1845	Əhmədova Səidə - 2025-08-07	3		22	1
3239	2025-08-25 14:47:19.552664+04	1844	Əbdürrəhmanova Fəxrimə - 2025-08-07	3		22	1
3240	2025-08-25 14:47:19.552664+04	1843	Əbdüləzizova  Günetay - 2025-08-07	3		22	1
3241	2025-08-25 14:47:19.552664+04	1842	Eyyubova Azadə - 2025-08-07	3		22	1
3242	2025-08-25 14:47:19.552664+04	1841	Ekbərova Narxanım - 2025-08-07	3		22	1
3243	2025-08-25 14:47:19.552664+04	1840	Dadaşov Niyazi - 2025-08-07	3		22	1
3244	2025-08-25 14:47:19.552664+04	1839	Cəlilov İlqar - 2025-08-07	3		22	1
3245	2025-08-25 14:47:19.552664+04	1838	Cəbrayılova Xumar - 2025-08-07	3		22	1
3246	2025-08-25 14:47:19.552664+04	1837	Cabbarova Seyran - 2025-08-07	3		22	1
3247	2025-08-25 14:47:19.552664+04	1836	Bağırova Səmayə - 2025-08-07	3		22	1
3248	2025-08-25 14:47:19.552664+04	1835	Bağırlı Elçin - 2025-08-07	3		22	1
3249	2025-08-25 14:47:19.552664+04	1834	Babayeva Gülər - 2025-08-07	3		22	1
3250	2025-08-25 14:47:19.552664+04	1833	Babayev Vüsal - 2025-08-07	3		22	1
3251	2025-08-25 14:47:19.552664+04	1832	Babayev Vahid - 2025-08-07	3		22	1
3252	2025-08-25 14:47:19.552664+04	1831	Atakişiyev Xanlar - 2025-08-07	3		22	1
3253	2025-08-25 14:47:19.552664+04	1830	Aşurov Elnur - 2025-08-07	3		22	1
3254	2025-08-25 14:47:19.552664+04	1829	Aslanov Saleh - 2025-08-07	3		22	1
3255	2025-08-25 14:47:19.552664+04	1828	Alxasova Mehriban - 2025-08-07	3		22	1
3256	2025-08-25 14:47:19.552664+04	1827	Ağayeva Kübra - 2025-08-07	3		22	1
3257	2025-08-25 14:47:19.552664+04	1826	Ağayeva Azade - 2025-08-07	3		22	1
3258	2025-08-25 14:47:19.552664+04	1825	Ağayev Mətin - 2025-08-07	3		22	1
3259	2025-08-25 14:47:19.552664+04	1824	Ağayev Firudin - 2025-08-07	3		22	1
3260	2025-08-25 14:47:19.552664+04	1823	Abdullayev Kamran - 2025-08-07	3		22	1
3261	2025-08-25 14:47:19.553663+04	1822	Abdullayev Fariz - 2025-08-07	3		22	1
3262	2025-08-25 14:47:19.553663+04	1821	Abduləzizov Hökmran - 2025-08-07	3		22	1
3263	2025-08-25 14:47:19.553663+04	1820	Abbasova Aytən - 2025-08-07	3		22	1
3264	2025-08-25 14:47:19.553663+04	1819	Abbasov Mehman - 2025-08-07	3		22	1
\.


--
-- Data for Name: django_content_type; Type: TABLE DATA; Schema: public; Owner: postgres
--

COPY public.django_content_type (id, app_label, model) FROM stdin;
1	admin	logentry
2	auth	permission
3	auth	group
4	auth	user
5	contenttypes	contenttype
6	sessions	session
7	order	order
8	order	invoice
9	order	stock
10	medicine	medical
11	pharmach	pharm
12	refund	refund
13	refund	refunditem
14	payment	payment
15	payment	payment_doctor
16	payment	sale
17	payment	monthlydoctorreport
18	regions	region
19	regions	city
20	regions	hospital
21	doctors	doctors
22	doctors	recipe
23	doctors	recipedrug
24	doctors	realsales
25	doctors	realsalesdrug
26	doctors	deletedrecipedruglog
27	core	deletedrecipedruglog
28	export	backup
\.


--
-- Data for Name: django_migrations; Type: TABLE DATA; Schema: public; Owner: postgres
--

COPY public.django_migrations (id, app, name, applied) FROM stdin;
1	contenttypes	0001_initial	2025-08-01 10:36:59.312856+04
2	auth	0001_initial	2025-08-01 10:36:59.400699+04
3	admin	0001_initial	2025-08-01 10:36:59.425574+04
4	admin	0002_logentry_remove_auto_add	2025-08-01 10:36:59.434743+04
5	admin	0003_logentry_add_action_flag_choices	2025-08-01 10:36:59.444214+04
6	contenttypes	0002_remove_content_type_name	2025-08-01 10:36:59.459189+04
7	auth	0002_alter_permission_name_max_length	2025-08-01 10:36:59.473061+04
8	auth	0003_alter_user_email_max_length	2025-08-01 10:36:59.473061+04
9	auth	0004_alter_user_username_opts	2025-08-01 10:36:59.491909+04
10	auth	0005_alter_user_last_login_null	2025-08-01 10:36:59.500746+04
11	auth	0006_require_contenttypes_0002	2025-08-01 10:36:59.503083+04
12	auth	0007_alter_validators_add_error_messages	2025-08-01 10:36:59.503083+04
13	auth	0008_alter_user_username_max_length	2025-08-01 10:36:59.519845+04
14	auth	0009_alter_user_last_name_max_length	2025-08-01 10:36:59.532687+04
15	auth	0010_alter_group_name_max_length	2025-08-01 10:36:59.536459+04
16	auth	0011_update_proxy_permissions	2025-08-01 10:36:59.549746+04
17	auth	0012_alter_user_first_name_max_length	2025-08-01 10:36:59.553539+04
18	regions	0001_initial	2025-08-01 10:36:59.570054+04
19	regions	0002_hospital	2025-08-01 10:36:59.59014+04
20	regions	0003_alter_city_options_alter_hospital_options_and_more	2025-08-01 10:36:59.603379+04
21	medicine	0001_initial	2025-08-01 10:36:59.622719+04
22	medicine	0002_medical_med_komissa	2025-08-01 10:36:59.628429+04
23	medicine	0003_alter_medical_options	2025-08-01 10:36:59.630453+04
24	medicine	0004_rename_med_komissa_medical_komissiya	2025-08-01 10:36:59.630453+04
25	doctors	0001_initial	2025-08-01 10:36:59.653845+04
26	doctors	0002_doctors_borc_alter_doctors_barkod_and_more	2025-08-01 10:36:59.67901+04
27	doctors	0003_alter_doctors_barkod	2025-08-01 10:36:59.688894+04
28	doctors	0004_remove_doctors_datasya_remove_doctors_investisiya_and_more	2025-08-01 10:36:59.72742+04
29	doctors	0005_doctors_investisiya	2025-08-01 10:36:59.739858+04
30	doctors	0006_doctors_geriqaytarma	2025-08-01 10:36:59.747172+04
31	doctors	0007_alter_doctors_options_alter_recipe_options_and_more	2025-08-01 10:36:59.757779+04
32	doctors	0008_doctors_previous_debt	2025-08-01 10:36:59.772501+04
33	doctors	0009_doctors_hekimden_silinen_doctors_hesablanan_miqdar	2025-08-01 10:36:59.773517+04
34	doctors	0010_doctors_yekun_borc	2025-08-01 10:36:59.790649+04
35	doctors	0011_doctors_derece_alter_doctors_ixtisas_and_more	2025-08-01 10:36:59.803482+04
36	doctors	0012_doctors_number	2025-08-01 10:36:59.815469+04
37	doctors	0013_alter_doctors_derece	2025-08-01 10:36:59.820169+04
38	doctors	0014_realsales_realsalesdrug	2025-08-01 10:36:59.85762+04
39	doctors	0015_doctors_datasiya	2025-08-01 10:36:59.859637+04
40	medicine	0005_medical_status	2025-08-01 10:36:59.873874+04
41	pharmach	0001_initial	2025-08-01 10:36:59.882177+04
42	order	0001_initial	2025-08-01 10:36:59.936609+04
43	order	0002_alter_invoice_options_alter_order_options_and_more	2025-08-01 10:36:59.965957+04
44	payment	0001_initial	2025-08-01 10:36:59.985324+04
45	payment	0002_alter_payment_created_at	2025-08-01 10:36:59.999542+04
46	payment	0003_payment_order	2025-08-01 10:37:00.022759+04
47	payment	0004_payment_doctor	2025-08-01 10:37:00.043138+04
48	payment	0005_payment_doctor_area_alter_payment_created_at	2025-08-01 10:37:00.068937+04
49	payment	0006_alter_payment_created_at_alter_payment_doctor_date	2025-08-01 10:37:00.101194+04
50	payment	0007_alter_payment_doctor_doctor	2025-08-01 10:37:00.121394+04
51	payment	0008_sale	2025-08-01 10:37:00.143442+04
52	payment	0009_alter_payment_options_alter_payment_doctor_options_and_more	2025-08-01 10:37:00.172393+04
53	payment	0010_monthlydoctorreport	2025-08-01 10:37:00.196486+04
54	payment	0011_rename_month_monthlydoctorreport_report_month_and_more	2025-08-01 10:37:00.208011+04
55	payment	0012_monthlydoctorreport_recipe_drugs_list_and_more	2025-08-01 10:37:00.22481+04
56	pharmach	0002_alter_pharm_options	2025-08-01 10:37:00.243+04
59	sessions	0001_initial	2025-08-01 10:37:00.362922+04
60	core	0001_initial	2025-08-02 17:19:23.306002+04
61	core	0002_alter_invoice_options_alter_order_options_and_more	2025-08-02 17:19:23.314164+04
62	export	0001_initial	2025-08-02 17:19:49.555355+04
63	export	0002_alter_pharm_options	2025-08-02 17:19:49.557795+04
64	medicine	0006_medical_med_full_name	2025-08-05 12:28:00.981338+04
65	regions	0004_alter_city_city_name	2025-08-05 18:39:51.637377+04
66	doctors	0002_doctors_cinsiyyet_doctors_city	2025-08-05 18:39:51.726584+04
67	regions	0005_region_region_type	2025-08-06 12:08:37.495327+04
68	doctors	0003_alter_doctors_bolge	2025-08-06 12:45:36.137646+04
69	regions	0006_hospital_city	2025-08-06 13:06:45.290138+04
70	doctors	0004_deletedrecipedruglog	2025-08-06 15:21:14.909917+04
71	core	0003_initial	2025-08-06 15:40:37.125531+04
72	doctors	0005_delete_deletedrecipedruglog	2025-08-06 15:40:37.136604+04
73	core	0004_delete_deletedrecipedruglog	2025-08-06 18:12:05.648991+04
74	core	0005_initial	2025-08-06 18:33:49.132809+04
75	doctors	0006_alter_doctors_barkod	2025-08-07 11:20:49.529495+04
76	doctors	0007_alter_recipedrug_number	2025-08-07 13:46:37.098775+04
77	doctors	0008_alter_recipe_dr	2025-08-08 10:21:55.514746+04
78	export	0003_initial	2025-08-25 10:28:56.431934+04
79	export	0004_backup_olcu_alter_backup_ad	2025-08-25 11:47:19.710047+04
\.


--
-- Data for Name: django_session; Type: TABLE DATA; Schema: public; Owner: postgres
--

COPY public.django_session (session_key, session_data, expire_date) FROM stdin;
q7hs3pu9b9o7t25bvpotwc0irlz0zx64	.eJxVjEEOwiAQRe_C2pB2QAZcuu8ZyDAMUjVtUtqV8e7apAvd_vfef6lI21rj1mSJY1YX1avT75aIHzLtIN9pus2a52ldxqR3RR-06WHO8rwe7t9BpVa_NSYvUDDkbLpATC6gdcYKiBf2fSkEaMklAU4lnw1jj0EMBIau8wnV-wP6WDhF:1ujBgY:x63XNkPy3G-WeWyecFJsGxaXke0wm4KPTVt_UA2hvgg	2025-08-19 11:02:10.289977+04
453mmuths1cwwxpf1gs6hcx2odididd0	.eJxVjEEOwiAQRe_C2pB2QAZcuu8ZyDAMUjVtUtqV8e7apAvd_vfef6lI21rj1mSJY1YX1avT75aIHzLtIN9pus2a52ldxqR3RR-06WHO8rwe7t9BpVa_NSYvUDDkbLpATC6gdcYKiBf2fSkEaMklAU4lnw1jj0EMBIau8wnV-wP6WDhF:1ujeYn:kBnozLTmQfl1vnJ9bwPboAxhA_y_11xhoW0EtTCT8F8	2025-08-20 17:52:05.369912+04
lz2dq9kxt3c4o1bnf5xqip0vjkg2ike7	.eJxVjEEOwiAQRe_C2pB2QAZcuu8ZyDAMUjVtUtqV8e7apAvd_vfef6lI21rj1mSJY1YX1avT75aIHzLtIN9pus2a52ldxqR3RR-06WHO8rwe7t9BpVa_NSYvUDDkbLpATC6gdcYKiBf2fSkEaMklAU4lnw1jj0EMBIau8wnV-wP6WDhF:1uqQkI:m4V8VgzgEUjSpqsJ-QX7X3b459jyVmx1NlzEzo_sQ4M	2025-09-08 10:31:58.581842+04
8h3a7gwbfa4cet8mak0b93y0zw2jjq16	.eJxVjEEOwiAQRe_C2pB2QAZcuu8ZyDAMUjVtUtqV8e7apAvd_vfef6lI21rj1mSJY1YX1avT75aIHzLtIN9pus2a52ldxqR3RR-06WHO8rwe7t9BpVa_NSYvUDDkbLpATC6gdcYKiBf2fSkEaMklAU4lnw1jj0EMBIau8wnV-wP6WDhF:1uqVLD:h3HKMcLMEiqzCgL7-GwA7pVeAtxVFeXo7-F6iUaIvs8	2025-09-08 15:26:23.934904+04
\.


--
-- Data for Name: doctors_doctors; Type: TABLE DATA; Schema: public; Owner: postgres
--

COPY public.doctors_doctors (id, ad, ixtisas, kategoriya, barkod, avans, bolge_id, klinika_id, borc, investisiya, geriqaytarma, previous_debt, hekimden_silinen, hesablanan_miqdar, yekun_borc, derece, number, datasiya, cinsiyyet, city_id) FROM stdin;
2476	Abdullayev Hüseyn	CA	B	ŞƏ-35918	0.00	47	23	0.00	0.00	0.00	0.00	0.00	0.00	0.00	I	\N	0.00	Kişi	2
2477	Əliyeva Gülbəniz	SU	B	ŞƏ-49650	0.00	47	21	0.00	0.00	0.00	0.00	0.00	0.00	0.00	II	\N	0.00	Kişi	4
2481	Piriyeva Fəridə	NP	C	MƏ-82304	0.00	28	317	0.00	0.00	0.00	5.15	0.00	0.00	5.15	II	nan	0.00	Kişi	\N
2482	Qocayeva Lalə	END	C	MƏ-47730	0.00	28	317	0.00	0.00	0.00	7.01	0.00	0.00	7.01	I	nan	0.00	Kişi	\N
2606	Cabbarova Seyran	GN	C	QƏ-85913	0.00	25	354	0.00	0.00	0.00	21.81	0.00	0.00	21.81	I	050 329 13 71	0.00	Kişi	\N
2573	Səfərova Ofelya	NP	C	QƏ-92814	0.00	25	346	0.00	0.00	0.00	-28.45	0.00	0.00	-28.45	I	055 796 97 69	0.00	Kişi	\N
2615	Abbasov Mehman	TE	C	QƏ-96126	100.00	25	361	0.00	0.00	0.00	-0.06	0.00	0.00	99.94	I	nan	0.00	Kişi	\N
2502	Əliyev Şahin	TE	C	MƏ-36342	0.00	28	318	0.00	0.00	0.00	35.05	0.00	0.00	35.05	I	010 312 31 03	0.00	Kişi	\N
2488	Əliyeva Sevda (Pirallahı)	GN	C	MƏ-20561	0.00	28	317	0.00	0.00	0.00	9.36	0.00	0.00	9.36	II	4554654654	0.00	Kişi	\N
2489	Baloğlanov Adil	TE	C	MƏ-56346	0.00	28	318	0.00	0.00	0.00	76.10	0.00	0.00	76.10	I	nan	0.00	Kişi	\N
2487	Əhmədova Aygün	PE	C	MƏ-88068	0.00	28	317	0.00	0.00	0.00	-4.01	0.00	0.00	-4.01	II	nan	0.00	Kişi	\N
2503	Əsədova İlahə	İN	C	MƏ-72144	0.00	28	318	0.00	0.00	0.00	103.52	0.00	0.00	103.52	I	055 433 80 23	0.00	Kişi	\N
2491	Həsənova Bikəxanım	NP	C	MƏ-96459	0.00	28	318	0.00	0.00	0.00	170.10	0.00	0.00	170.10	I	050 473 91 38	0.00	Kişi	\N
2480	Hüseynzadə Məhəmməd	GE	C	MƏ-29124	0.00	28	317	0.00	0.00	0.00	0.00	0.00	0.00	0.00	I	nan	0.00	Kişi	\N
2495	Talıbova Leyla	TE	C	MƏ-09784	0.00	28	318	0.00	0.00	0.00	48.77	0.00	0.00	48.77	I	050 500 26 50	0.00	Kişi	\N
2485	İbadov Ceyhun	CA	C	MƏ-95035	0.00	28	317	0.00	0.00	0.00	-10.57	0.00	0.00	-10.57	VIP	nan	0.00	Kişi	\N
2497	İbrahimova Pərvin	CA	C	MƏ-90355	0.00	28	318	0.00	0.00	0.00	114.68	0.00	0.00	114.68	I	050 711 84 22	0.00	Kişi	\N
2498	İbrahimova Samirə	TE	C	MƏ-14064	0.00	28	318	0.00	0.00	0.00	155.49	0.00	0.00	155.49	I	0503337606	0.00	Kişi	\N
2499	İmanova  Gülrux	NP	C	MƏ-33621	0.00	28	318	0.00	0.00	0.00	-24.13	0.00	0.00	-24.13	I	050 667 40 99	0.00	Kişi	\N
2500	İmanova Elmira	TE	C	MƏ-19783	0.00	28	318	0.00	0.00	0.00	29.73	0.00	0.00	29.73	I	055 711 72 79	0.00	Kişi	\N
2490	Cəmaləddin	LOR	C	MƏ-32089	0.00	28	318	0.00	0.00	0.00	-0.08	0.00	0.00	-0.08	I	050 335 48 05	0.00	Kişi	\N
2501	İsayev Cəlil	SU	C	MƏ-36580	0.00	28	318	0.00	0.00	0.00	41.32	0.00	0.00	41.32	I	050 395 44 72	0.00	Kişi	\N
2486	İsgəndərli Vüsalə	GN	C	MƏ-96311	0.00	28	317	0.00	0.00	0.00	100.00	0.00	0.00	100.00	III	nan	0.00	Kişi	\N
2492	Məmmədov Rüfət	SU	C	MƏ-56991	0.00	28	318	0.00	0.00	0.00	45.10	0.00	0.00	45.10	II	055 479 45 29	0.00	Kişi	\N
2478	Abdinli Elşən	GE	C	MƏ-58785	0.00	28	317	0.00	0.00	0.00	30.31	0.00	0.00	30.31	III	nan	0.00	Kişi	\N
2479	Abidov Vüqar	SU	C	MƏ-74916	0.00	28	317	0.00	0.00	0.00	-6.92	0.00	0.00	-6.92	I	nan	0.00	Kişi	\N
2496	ad	TE	C	MƏ-81914	0.00	28	318	0.00	0.00	0.00	0.00	0.00	0.00	0.00	II	nan	0.00	Kişi	\N
2493	Məmmədova Sevinc	EN	C	MƏ-44836	0.00	28	318	0.00	0.00	0.00	45.43	0.00	0.00	45.43	I	050 663 00 71	0.00	Kişi	\N
2541	Cəlilov İlqar	PE	C	QƏ-11934	0.00	25	346	0.00	0.00	0.00	-43.35	0.00	0.00	-43.35	II	nan	0.00	Kişi	\N
2494	Salahova Elnarə	NP	C	MƏ-87135	0.00	28	318	0.00	0.00	0.00	144.09	0.00	0.00	144.09	I	055 894 37 53	0.00	Kişi	\N
2484	Səfərov Fizuli	TE	C	MƏ-28835	0.00	28	317	0.00	0.00	0.00	9.66	0.00	0.00	9.66	II	nan	0.00	Kişi	\N
2483	Süleymanov Elxan	DV	C	MƏ-82115	0.00	28	317	0.00	0.00	0.00	4.53	0.00	0.00	4.53	I	nan	0.00	Kişi	\N
2584	Əliyev Orxan	UR	C	QƏ-04310	0.00	25	346	0.00	0.00	0.00	-0.77	0.00	0.00	-0.77	I	050 663 55 22	0.00	Kişi	\N
2530	Əliyeva Ədalət	PE	C	QƏ-85754	0.00	25	342	0.00	0.00	0.00	2.01	0.00	0.00	2.01	I	nan	0.00	Kişi	\N
2508	Hacıyev Seid	TE	C	QƏ-58534	0.00	25	342	0.00	0.00	0.00	42.85	0.00	0.00	42.85	II	nan	0.00	Kişi	\N
2509	Hacıyeva Fəxrimə	GN	C	QƏ-17862	0.00	25	342	0.00	0.00	0.00	-7.39	0.00	0.00	-7.39	II	nan	0.00	Kişi	\N
2510	Hesenov Elxan	PE	C	QƏ-27387	0.00	25	342	0.00	0.00	0.00	-0.60	0.00	0.00	-0.60	II	050 645 52 52	0.00	Kişi	\N
2511	Hümbetov Yadulla	TE	C	QƏ-46712	0.00	25	342	0.00	0.00	0.00	-23.46	0.00	0.00	-23.46	II	050 424 40 12	0.00	Kişi	\N
2544	Hüseynov Asif	UR	C	QƏ-46036	0.00	25	346	0.00	0.00	0.00	59.22	0.00	0.00	59.22	II	nan	0.00	Kişi	\N
2512	Hüseynov Azer	CA	C	QƏ-67999	0.00	25	342	0.00	0.00	0.00	-8.39	0.00	0.00	-8.39	I	050 351 24 55	0.00	Kişi	\N
2545	Hüseynov İbrahim	FL	C	QƏ-81428	0.00	25	346	0.00	0.00	0.00	23.76	0.00	0.00	23.76	II	nan	0.00	Kişi	\N
2546	Hüseynova Sevinc	NE	C	QƏ-20803	0.00	25	346	0.00	0.00	0.00	42.95	0.00	0.00	42.95	I	0504739717	0.00	Kişi	\N
2528	İbrahimova Gülzar	İN	C	QƏ-55575	0.00	25	342	0.00	0.00	0.00	-1.92	0.00	0.00	-1.92	II	0552552940	0.00	Kişi	\N
2529	İslamov Nərbala	TE	C	QƏ-88582	0.00	25	342	0.00	0.00	0.00	128.25	0.00	0.00	128.25	II	nan	0.00	Kişi	\N
2561	Osmanova Telli	GN	C	QƏ-75279	0.00	25	346	0.00	0.00	0.00	31.81	0.00	0.00	31.81	II	050 382 80 77	0.00	Kişi	\N
2550	Kərimova Səxavət	GN	C	QƏ-13057	0.00	25	346	0.00	0.00	0.00	24.42	0.00	0.00	24.42	II	050 491 45 99	0.00	Kişi	\N
2531	Lətifova Mərziyyə	FT	C	QƏ-23232	0.00	25	343	0.00	0.00	0.00	12.02	0.00	0.00	12.02	I	051 647 51 94	0.00	Kişi	\N
2551	Mehdiyev Tofiq	EN	C	QƏ-35795	0.00	25	346	0.00	0.00	0.00	246.25	0.00	0.00	246.25	II	nan	0.00	Kişi	\N
2552	Memmedov Orxan	CA	C	QƏ-44060	0.00	25	346	0.00	0.00	0.00	5.67	0.00	0.00	5.67	II	nan	0.00	Kişi	\N
2553	Mikayıllı Çimnaz	PE	C	QƏ-20311	0.00	25	346	0.00	0.00	0.00	-1.94	0.00	0.00	-1.94	II	nan	0.00	Kişi	\N
2515	Mikayılova Ulduz	TE	C	QƏ-71019	0.00	25	342	0.00	0.00	0.00	-0.22	0.00	0.00	-0.22	II	nan	0.00	Kişi	\N
2516	Muradova Sara	DV	C	QƏ-35309	0.00	25	342	0.00	0.00	0.00	0.00	0.00	0.00	0.00	II	nan	0.00	Kişi	\N
2504	Musayev Musalim	TE	C	QƏ-14306	0.00	25	339	0.00	0.00	0.00	138.36	0.00	0.00	138.36	II	050 314 03 87	0.00	Kişi	\N
2517	Musayeva Ceyhunə	TE	C	QƏ-40505	0.00	25	342	0.00	0.00	0.00	3.21	0.00	0.00	3.21	II	050 458 38 25	0.00	Kişi	\N
2555	Mütəllibov Adil	TE	C	QƏ-16348	0.00	25	346	0.00	0.00	0.00	-1.22	0.00	0.00	-1.22	VIP	050 347 81 55	0.00	Kişi	\N
2556	Mütəllibov Zaur	PE	C	QƏ-31544	0.00	25	346	0.00	0.00	0.00	-0.73	0.00	0.00	-0.73	II	nan	0.00	Kişi	\N
2519	Salmanova Sara	DV	C	QƏ-37579	0.00	25	342	0.00	0.00	0.00	3.41	0.00	0.00	3.41	II	055 825 20 60	0.00	Kişi	\N
2520	Səfərəliyeva Kəmalə	PE	C	QƏ-52772	0.00	25	342	0.00	0.00	0.00	-4.68	0.00	0.00	-4.68	II	055 663 48 62	0.00	Kişi	\N
2521	Səfərəliyeva Pərvanə	CA	C	QƏ-15438	0.00	25	342	0.00	0.00	0.00	4.43	0.00	0.00	4.43	I	055 891 93 40	0.00	Kişi	\N
2522	Tahirova Zümrüd	TE	C	QƏ-77065	0.00	25	342	0.00	0.00	0.00	-4.39	0.00	0.00	-4.39	II	0557568986	0.00	Kişi	\N
2523	Ummetli Qorxmaz	SU	C	QƏ-72063	0.00	25	342	0.00	0.00	0.00	-0.73	0.00	0.00	-0.73	II	nan	0.00	Kişi	\N
2525	Vəlixanlı Təranə	EN	C	QƏ-42148	0.00	25	342	0.00	0.00	0.00	2.44	0.00	0.00	2.44	II	nan	0.00	Kişi	\N
2506	Yaqublu Nicat	TE	C	QƏ-95892	0.00	25	341	0.00	0.00	0.00	-0.26	0.00	0.00	-0.26	II	nan	0.00	Kişi	\N
2526	Yolçuyev Söhret	SU	C	QƏ-07507	0.00	25	342	0.00	0.00	0.00	-2.70	0.00	0.00	-2.70	II	nan	0.00	Kişi	\N
2527	Zəngiyeva Gülsüm	GN	C	QƏ-24033	0.00	25	342	0.00	0.00	0.00	7.00	0.00	0.00	7.00	II	070 855 77 84	0.00	Kişi	\N
2538	Ağayeva Azade	CA	C	QƏ-07115	0.00	25	346	0.00	0.00	0.00	-11.98	0.00	0.00	-11.98	II	050 525 52 02	0.00	Kişi	\N
2535	Alxasova Mehriban	NE	C	QƏ-44965	0.00	25	346	0.00	0.00	0.00	47.50	0.00	0.00	47.50	II	nan	0.00	Kişi	\N
2536	Aslanov Saleh	PE	C	QƏ-92631	0.00	25	346	0.00	0.00	0.00	-14.79	0.00	0.00	-14.79	II	nan	0.00	Kişi	\N
2537	Atakişiyev Xanlar	NP	C	QƏ-24254	0.00	25	346	0.00	0.00	0.00	7.13	0.00	0.00	7.13	II	nan	0.00	Kişi	\N
2539	Babayev Vahid	TE	C	QƏ-43151	0.00	25	346	0.00	0.00	0.00	7.86	0.00	0.00	7.86	II	nan	0.00	Kişi	\N
2507	Babayev Vüsal	TE	C	QƏ-74023	0.00	25	342	0.00	0.00	0.00	10.33	0.00	0.00	10.33	II	0503220655	0.00	Kişi	\N
2540	Bağırlı Elçin	UR	C	QƏ-14416	0.00	25	346	0.00	0.00	0.00	12.94	0.00	0.00	12.94	I	0504498852	0.00	Kişi	\N
2532	İsrafilova Qalina	NP	C	QƏ-43518	0.00	25	344	0.00	0.00	0.00	8.60	0.00	0.00	8.60	II	nan	0.00	Kişi	\N
2548	Kazımova Aynur	NP	C	QƏ-88625	0.00	25	346	0.00	0.00	0.00	0.00	0.00	0.00	0.00	II	nan	0.00	Kişi	\N
2514	Kerimova İrade	TE	C	QƏ-49845	0.00	25	342	0.00	0.00	0.00	-0.50	0.00	0.00	-0.50	II	nan	0.00	Kişi	\N
2513	Kerimova Sedaye	TE	C	QƏ-07061	0.00	25	342	0.00	0.00	0.00	-0.13	0.00	0.00	-0.13	III	nan	0.00	Kişi	\N
2518	Nebiyeva Yaqut	PE	C	QƏ-94819	0.00	25	342	0.00	0.00	0.00	2.65	0.00	0.00	2.65	I	051 908 12 37	0.00	Kişi	\N
2533	Osmanov Tural	TE	C	QƏ-76782	0.00	25	345	0.00	0.00	0.00	-23.91	0.00	0.00	-23.91	II	nan	0.00	Kişi	\N
2505	Qismətov Şakir	PE	C	QƏ-54275	0.00	25	340	0.00	0.00	0.00	-26.34	0.00	0.00	-26.34	I	050 376 34 92	0.00	Kişi	\N
2588	Abdullayev Fariz	SU	C	QƏ-69411	0.00	25	347	0.00	0.00	0.00	82.84	0.00	0.00	82.84	II	0507412188	0.00	Kişi	\N
2605	Aşurov Elnur	FT	C	QƏ-82151	0.00	25	353	0.00	0.00	0.00	16.86	0.00	0.00	16.86	II	0515695154	0.00	Kişi	\N
2582	Əbdüləzizova  Günetay	CA	C	QƏ-82050	0.00	25	346	0.00	0.00	0.00	1.32	0.00	0.00	1.32	II	nan	0.00	Kişi	\N
2598	Əhmədova Səidə	TE	C	QƏ-17073	0.00	25	351	0.00	0.00	0.00	8.40	0.00	0.00	8.40	II	051 654 44 90	0.00	Kişi	\N
2585	Ələsgərli Safəddin	ON	C	QƏ-50934	0.00	25	346	0.00	0.00	0.00	80.91	0.00	0.00	80.91	II	nan	0.00	Kişi	\N
2603	Əlimirzəyev Novruz	GE	C	QƏ-39693	0.00	25	352	0.00	0.00	0.00	2.04	0.00	0.00	2.04	VIP	nan	0.00	Kişi	\N
2586	Əmirfətli Tərlan	PU	C	QƏ-13354	0.00	25	346	0.00	0.00	0.00	130.51	0.00	0.00	130.51	II	051 543 81 16	0.00	Kişi	\N
2587	Əzimova Şahnaz	TE	C	QƏ-60283	0.00	25	346	0.00	0.00	0.00	1.21	0.00	0.00	1.21	II	050 408 65 67	0.00	Kişi	\N
2609	Əzizova Validə	PE	C	QƏ-97083	0.00	25	356	0.00	0.00	0.00	0.96	0.00	0.00	0.96	III	nan	0.00	Kişi	\N
2590	Feyzullayeva Mehriban	GN	C	QƏ-61348	0.00	25	347	0.00	0.00	0.00	2.39	0.00	0.00	2.39	II	nan	0.00	Kişi	\N
2599	Həmidova Aynur	OF	C	QƏ-04399	0.00	25	352	0.00	0.00	0.00	23.67	0.00	0.00	23.67	II	0706637290	0.00	Kişi	\N
2608	Hüseynov Afər	PE	C	QƏ-87964	0.00	25	356	0.00	0.00	0.00	36.03	0.00	0.00	36.03	I	nan	0.00	Kişi	\N
2576	İbrahimova Dəstəgül	TE	C	QƏ-59305	0.00	25	346	0.00	0.00	0.00	1.95	0.00	0.00	1.95	II	0505445125	0.00	Kişi	\N
2593	İlyasov Azər	TR	C	QƏ-30971	0.00	25	347	0.00	0.00	0.00	-0.04	0.00	0.00	-0.04	II	nan	0.00	Kişi	\N
2611	İsmayılov Eldar	TE	C	QƏ-90860	0.00	25	342	0.00	0.00	0.00	-33.68	0.00	0.00	-33.68	II	055 285 60 56	0.00	Kişi	\N
2577	İsmayılov Vaqif	TR	C	QƏ-44083	0.00	25	346	0.00	0.00	0.00	9.52	0.00	0.00	9.52	II	nan	0.00	Kişi	\N
2578	İsmayılova Gülnar	TE	C	QƏ-12484	0.00	25	346	0.00	0.00	0.00	28.61	0.00	0.00	28.61	II	nan	0.00	Kişi	\N
2626	Maqsudov Lətif	TE	C	QƏ-72346	0.00	25	361	0.00	0.00	0.00	-1.25	0.00	0.00	-1.25	II	nan	0.00	Kişi	\N
2597	Məmmədov Bəxtiyar	PE	C	QƏ-81026	0.00	25	351	0.00	0.00	0.00	-17.96	0.00	0.00	-17.96	II	nan	0.00	Kişi	\N
2557	Məmmədov Malik	İN	C	QƏ-74675	0.00	25	346	0.00	0.00	0.00	-0.56	0.00	0.00	-0.56	II	nan	0.00	Kişi	\N
2558	Məmmədova Elvira	OF	C	QƏ-27832	0.00	25	346	0.00	0.00	0.00	15.65	0.00	0.00	15.65	II	nan	0.00	Kişi	\N
2600	Məmmədzadə Gülnar	GN	C	QƏ-80094	0.00	25	352	0.00	0.00	0.00	-0.14	0.00	0.00	-0.14	I	nan	0.00	Kişi	\N
2596	Muxtarov Faiq	PE	C	QƏ-82909	0.00	25	350	0.00	0.00	0.00	51.99	0.00	0.00	51.99	II	nan	0.00	Kişi	\N
2560	Nəzirov İmran	TE	C	QƏ-00630	0.00	25	346	0.00	0.00	0.00	-54.49	0.00	0.00	-54.49	I	050 399 97 11	0.00	Kişi	\N
2562	Pənahova Şəhanə	TE	C	QƏ-66201	0.00	25	346	0.00	0.00	0.00	8.24	0.00	0.00	8.24	II	0505980653	0.00	Kişi	\N
2563	Qasımov Arzu	DV	C	QƏ-88580	0.00	25	346	0.00	0.00	0.00	-2.93	0.00	0.00	-2.93	II	nan	0.00	Kişi	\N
2566	Qədirli Gülnar	END	C	QƏ-14773	0.00	25	346	0.00	0.00	0.00	-0.17	0.00	0.00	-0.17	I	nan	0.00	Kişi	\N
2630	Qədirov Mehman	TE	C	QƏ-95595	0.00	25	361	0.00	0.00	0.00	-0.59	0.00	0.00	-0.59	II	050 890 64 93	0.00	Kişi	\N
2631	Qəribova Mətanət	TE	C	QƏ-43741	0.00	25	361	0.00	0.00	0.00	-117.03	0.00	0.00	-117.03	II	nan	0.00	Kişi	\N
2567	Qəribova Türkay	TE	C	QƏ-24079	0.00	25	346	0.00	0.00	0.00	1.26	0.00	0.00	1.26	III	0557128154	0.00	Kişi	\N
2570	Rəşid Əhməd	TR	C	QƏ-41783	0.00	25	346	0.00	0.00	0.00	199.28	0.00	0.00	199.28	II	051 653 17 33	0.00	Kişi	\N
2569	Rəşid Xanım	GN	C	QƏ-70177	0.00	25	346	0.00	0.00	0.00	-0.49	0.00	0.00	-0.49	II	nan	0.00	Kişi	\N
2612	Rəsulov Fəxrəddin	TE	C	QƏ-03712	0.00	25	358	0.00	0.00	0.00	-0.25	0.00	0.00	-0.25	II	nan	0.00	Kişi	\N
2568	Rüstəmova Sədaqət	PE	C	QƏ-47558	0.00	25	346	0.00	0.00	0.00	21.69	0.00	0.00	21.69	II	050 308 89 88	0.00	Kişi	\N
2591	Sadıqov Şirəli	OF	C	QƏ-96394	0.00	25	347	0.00	0.00	0.00	-2.82	0.00	0.00	-2.82	II	nan	0.00	Kişi	\N
2632	Salehova Nüşabə	NP	C	QƏ-42552	0.00	25	361	0.00	0.00	0.00	266.16	0.00	0.00	266.16	II	nan	0.00	Kişi	\N
2607	Səbzəliyev Vaqif	TE	C	QƏ-37933	0.00	25	355	0.00	0.00	0.00	8.45	0.00	0.00	8.45	II	050 393 52 82	0.00	Kişi	\N
2592	Səfərli Pərviz	PS	C	QƏ-43429	0.00	25	347	0.00	0.00	0.00	105.56	0.00	0.00	105.56	II	none	0.00	Kişi	\N
2580	Şəfiyeva Firuzə	PE	C	QƏ-78975	0.00	25	346	0.00	0.00	0.00	-2.95	0.00	0.00	-2.95	II	nan	0.00	Kişi	\N
2581	Şərifli Günay	TE	C	QƏ-93172	0.00	25	346	0.00	0.00	0.00	-0.04	0.00	0.00	-0.04	II	nan	0.00	Kişi	\N
2574	Sərkərov Telman	SU	C	QƏ-47085	0.00	25	346	0.00	0.00	0.00	-0.73	0.00	0.00	-0.73	III	nan	0.00	Kişi	\N
2579	Şirinova Sevinc	NP	C	QƏ-18892	0.00	25	346	0.00	0.00	0.00	-21.54	0.00	0.00	-21.54	II	nan	0.00	Kişi	\N
2637	Şıxıyeva Mehriban	OF	C	QƏ-62607	0.00	25	361	0.00	0.00	0.00	0.24	0.00	0.00	0.24	I	0505532057	0.00	Kişi	\N
2572	Süleymanova Nəhayət	İN	C	QƏ-78869	0.00	25	346	0.00	0.00	0.00	-4.91	0.00	0.00	-4.91	II	0507329140	0.00	Kişi	\N
2601	Vəliyeva Həqiqət	ON	C	QƏ-52935	0.00	25	352	0.00	0.00	0.00	-0.02	0.00	0.00	-0.02	I	nan	0.00	Kişi	\N
2594	Verdiyeva Günay	NP	C	QƏ-59654	0.00	25	348	0.00	0.00	0.00	-12.05	0.00	0.00	-12.05	II	0504244167	0.00	Kişi	\N
2575	Xəlilov Səməd	LOR	C	QƏ-22379	0.00	25	346	0.00	0.00	0.00	8.99	0.00	0.00	8.99	II	nan	0.00	Kişi	\N
2610	Yusifov Emin	TE	C	QƏ-74867	0.00	25	357	0.00	0.00	0.00	-0.65	0.00	0.00	-0.65	II	nan	0.00	Kişi	\N
2602	Zəkəriyəyev Şirvan	EN	C	QƏ-97130	0.00	25	352	0.00	0.00	0.00	11.09	0.00	0.00	11.09	II	050 574 19 89	0.00	Kişi	\N
2616	Abbasova Aytən	TE	C	QƏ-65115	0.00	25	361	0.00	10.00	0.00	137.51	0.00	0.00	147.51	II	051 722 52 39	0.00	Kişi	\N
2565	Qasımova Zeyneb	GN	C	QƏ-75687	0.00	25	346	90.00	0.00	90.00	-0.04	0.00	0.00	-0.04	II	050 381 65 41	0.00	Kişi	\N
2543	Haqverdiyeva Esmira	GE	C	QƏ-91657	0.00	25	346	0.00	0.00	0.00	0.73	0.00	0.00	0.73	I	050 640 99 96	0.00	Kişi	\N
2547	Həlimov Abid	TE	C	QƏ-44822	0.00	25	346	0.00	0.00	0.00	115.39	0.00	0.00	115.39	I	050344 14 37	0.00	Kişi	\N
2625	Həsənova Ülviyyə	FT	C	QƏ-40560	0.00	25	361	0.00	0.00	0.00	2.33	0.00	0.00	2.33	II	nan	0.00	Kişi	\N
2624	Hüseynova Məlahət	GN	C	QƏ-90496	0.00	25	361	0.00	0.00	0.00	161.43	0.00	0.00	161.43	II	nan	0.00	Kişi	\N
2635	İdrisov Etibar	NE	C	QƏ-32383	0.00	25	361	0.00	0.00	0.00	-8.81	0.00	0.00	-8.81	II	none	0.00	Kişi	\N
2549	Kərimova Gülbəniz	EN	C	QƏ-59169	0.00	25	346	0.00	0.00	0.00	298.41	0.00	0.00	298.41	I	050 519 16 09	0.00	Kişi	\N
2595	Məlikov Kamran	GE	C	QƏ-27871	0.00	25	349	0.00	0.00	0.00	-5.10	0.00	0.00	-5.10	II	0505254062	0.00	Kişi	\N
2559	Məsimova İfadə	NP	C	QƏ-21380	0.00	25	346	0.00	0.00	0.00	43.47	0.00	0.00	43.47	II	0517560644	0.00	Kişi	\N
2627	Mirzəyeva Afaq	GN	C	QƏ-93779	0.00	25	361	0.00	0.00	0.00	-2.90	0.00	0.00	-2.90	II	050 374 60 85	0.00	Kişi	\N
2554	Musabeyova Svetlana	CA	C	QƏ-83238	0.00	25	346	0.00	0.00	0.00	6.04	0.00	0.00	6.04	II	0555898464	0.00	Kişi	\N
2628	Nümunə Ad	TR	C	QƏ-83699	0.00	25	361	0.00	0.00	0.00	0.00	0.00	0.00	0.00	II	nan	0.00	Kişi	\N
2629	Osmanov Fikrət	PED	C	QƏ-64571	0.00	25	361	0.00	0.00	0.00	-10.25	0.00	0.00	-10.25	II	nan	0.00	Kişi	\N
2564	Qasımova Rübabə	TE	C	QƏ-76533	0.00	25	346	0.00	0.00	0.00	0.11	0.00	0.00	0.11	II	nan	0.00	Kişi	\N
2633	Səlimzadə Tural	GE	C	QƏ-61145	0.00	25	361	0.00	0.00	0.00	-19.57	0.00	0.00	-19.57	II	none	0.00	Kişi	\N
2636	Şirəliyev Şahmurad	TE	C	QƏ-11535	0.00	25	361	0.00	0.00	0.00	12.88	0.00	0.00	12.88	II	050 591 40 04	0.00	Kişi	\N
2634	Təhməzov Elbrus	LOR	C	QƏ-06702	0.00	25	361	0.00	0.00	0.00	-0.15	0.00	0.00	-0.15	II	nan	0.00	Kişi	\N
2524	Vahabov Natiq	LOR	C	QƏ-61810	0.00	25	342	0.00	0.00	0.00	3.19	0.00	0.00	3.19	I	050 347 50 85	0.00	Kişi	\N
2613	Vəliyeva Kəmalə	EN	C	QƏ-80630	0.00	25	359	0.00	0.00	0.00	360.04	0.00	0.00	360.04	I	0513321090	0.00	Kişi	\N
2589	Abduləzizov Hökmran	TE	C	QƏ-15605	0.00	25	347	0.00	0.00	0.00	77.21	0.00	0.00	77.21	II	050 455 04 29	0.00	Kişi	\N
2534	Abdullayev Kamran	TE	C	QƏ-10786	0.00	25	346	0.00	0.00	0.00	8.00	0.00	0.00	8.00	I	nan	0.00	Kişi	\N
2617	Ağayev Firudin	CA	C	QƏ-45836	0.00	25	361	0.00	0.00	0.00	1.59	0.00	0.00	1.59	I	0506633133	0.00	Kişi	\N
2618	Ağayev Mətin	SU	C	QƏ-61738	0.00	25	361	0.00	0.00	0.00	-26.35	0.00	0.00	-26.35	II	nan	0.00	Kişi	\N
2619	Ağayeva Kübra	PE	C	QƏ-55476	0.00	25	361	0.00	0.00	0.00	-7.22	0.00	0.00	-7.22	I	0506369733	0.00	Kişi	\N
2620	Babayeva Gülər	NE	C	QƏ-72517	0.00	25	361	0.00	0.00	0.00	25.09	0.00	0.00	25.09	II	nan	0.00	Kişi	\N
2621	Bağırova Səmayə	EN	C	QƏ-88236	0.00	25	361	0.00	0.00	0.00	0.00	0.00	0.00	0.00	II	nan	0.00	Kişi	\N
2622	Cəbrayılova Xumar	İN	C	QƏ-71716	0.00	25	361	0.00	0.00	0.00	-0.16	0.00	0.00	-0.16	II	nan	0.00	Kişi	\N
2614	Dadaşov Niyazi	TE	C	QƏ-94373	0.00	25	360	0.00	0.00	0.00	-91.61	0.00	0.00	-91.61	II	nan	0.00	Kişi	\N
2583	Əbdürrəhmanova Fəxrimə	TE	C	QƏ-44093	0.00	25	346	0.00	0.00	0.00	-5.62	0.00	0.00	-5.62	II	050 324 65 13	0.00	Kişi	\N
2623	Ekbərova Narxanım	GN	C	QƏ-60073	0.00	25	361	0.00	0.00	0.00	0.00	0.00	0.00	0.00	II	nan	0.00	Kişi	\N
2638	Əliyeva Aytən İsmayıllı	PE	C	QƏ-60029	0.00	25	361	0.00	0.00	0.00	0.00	0.00	0.00	0.00	II	nan	0.00	Kişi	\N
2604	Əliyeva Aytən Sağlam Həyat	GE	C	QƏ-59627	0.00	25	352	0.00	0.00	0.00	40.65	0.00	0.00	40.65	II	0503044054	0.00	Kişi	\N
2542	Eyyubova Azadə	GN	C	QƏ-01644	0.00	25	346	0.00	0.00	0.00	287.09	0.00	0.00	287.09	II	nan	0.00	Kişi	\N
2571	Seyidova Şəhla	TE	C	QƏ-73253	0.00	25	346	0.00	0.00	0.00	191.29	0.00	0.00	191.29	II	050 330 12 36	0.00	Kişi	\N
\.


--
-- Data for Name: doctors_realsales; Type: TABLE DATA; Schema: public; Owner: postgres
--

COPY public.doctors_realsales (id, date_sale, dr_name_id, region_n_id) FROM stdin;
\.


--
-- Data for Name: doctors_realsalesdrug; Type: TABLE DATA; Schema: public; Owner: postgres
--

COPY public.doctors_realsalesdrug (id, numbers, drug_name_id, real_sale_id) FROM stdin;
\.


--
-- Data for Name: doctors_recipe; Type: TABLE DATA; Schema: public; Owner: postgres
--

COPY public.doctors_recipe (id, date, dr_id, region_id) FROM stdin;
1966	2025-08-25	2606	25
\.


--
-- Data for Name: doctors_recipedrug; Type: TABLE DATA; Schema: public; Owner: postgres
--

COPY public.doctors_recipedrug (id, number, drug_id, recipe_id) FROM stdin;
3445	96.00	79	1966
3446	5.00	85	1966
3447	4.00	98	1966
3448	2.00	80	1966
3449	3.00	99	1966
3450	5.00	82	1966
\.


--
-- Data for Name: export_backup; Type: TABLE DATA; Schema: public; Owner: postgres
--

COPY public.export_backup (id, ad, fayl, olusturulma_tarixi, olcu) FROM stdin;
20	Solvey Backup	backups/solvey_backup_20250825_114937.sql	2025-08-25 11:49:37.579754+04	0.34 MB
\.


--
-- Data for Name: medicine_medical; Type: TABLE DATA; Schema: public; Owner: postgres
--

COPY public.medicine_medical (id, med_name, med_price, komissiya, status, med_full_name) FROM stdin;
92	Levostrong	7.50	1.00	t	Levostrong 100ml
91	Zemovar	33.00	4.50	t	Zemovar N30 tab
90	Opsidol	30.00	4.00	t	Opsidol N30 kap
89	Soltrop	30.90	4.00	t	Soltrop N30 tab
88	Solseda	21.40	3.00	t	Solseda N30 tab
87	Kartovey	25.90	3.50	t	Kartovey N30 tab
85	Fensavin	20.90	2.50	t	Fensavin 150 ml
84	Soltep	25.90	3.50	t	Soltep N30 tab
83	Vitomer	15.00	2.00	t	Vitomer D3
82	Kalvey	22.70	3.50	t	Kalvey N30 tab
79	Betasol	26.20	4.00	t	Betasol N30 kap
80	Genosfer	21.40	3.00	t	Genosfer N30 tab
81	Serrasol	28.70	4.00	t	Serrasol N30 kap
86	Litasol	25.50	3.50	t	Litasol N30 kap
99	Heptrazol	45.00	3.00	t	Heptrazol N5 amp
98	Fesola	16.50	3.50	t	Fesola 250 ml
97	Ropsol	15.20	2.00	t	Ropsol 30ml
96	Provital	5.00	0.50	t	Provital N5 amp
95	Prostazolin	15.03	2.00	t	Prostazolin N30 kap
94	Vitomer Kids	23.66	3.00	t	Vitomer Kids 150ml
93	Opeblock	34.40	4.00	t	Opeblock N5 3amp
\.


--
-- Data for Name: order_invoice; Type: TABLE DATA; Schema: public; Owner: postgres
--

COPY public.order_invoice (id, total, created_at, pharma_id) FROM stdin;
\.


--
-- Data for Name: order_invoice_orders; Type: TABLE DATA; Schema: public; Owner: postgres
--

COPY public.order_invoice_orders (id, invoice_id, order_id) FROM stdin;
\.


--
-- Data for Name: order_order; Type: TABLE DATA; Schema: public; Owner: postgres
--

COPY public.order_order (id, quantity, total_price, date, created_at, aptek_id, drug_id) FROM stdin;
\.


--
-- Data for Name: order_stock; Type: TABLE DATA; Schema: public; Owner: postgres
--

COPY public.order_stock (id, stock_num, drug_id) FROM stdin;
\.


--
-- Data for Name: payment_monthlydoctorreport; Type: TABLE DATA; Schema: public; Owner: postgres
--

COPY public.payment_monthlydoctorreport (id, report_month, borc, avans, investisiya, hesablanan_miqdar, hekimden_silinen, yekun_borc, doctor_id, recipe_drugs_list, recipe_total_drugs) FROM stdin;
2112	2025-08-01	0	0	0	0	0	0	2476	[]	0
2113	2025-08-01	0	0	0	0	0	0	2477	[]	0
2114	2025-08-01	0	0	0	0	0	5.15	2481	[]	0
2115	2025-08-01	0	0	0	0	0	7.01	2482	[]	0
2116	2025-08-01	0	0	0	0	0	35.05	2502	[]	0
2117	2025-08-01	0	0	0	0	0	9.36	2488	[]	0
2118	2025-08-01	0	0	0	0	0	76.1	2489	[]	0
2119	2025-08-01	0	0	0	0	0	-4.01	2487	[]	0
2120	2025-08-01	0	0	0	0	0	103.52	2503	[]	0
2121	2025-08-01	0	0	0	0	0	170.1	2491	[]	0
2122	2025-08-01	0	0	0	0	0	0	2480	[]	0
2123	2025-08-01	0	0	0	0	0	48.77	2495	[]	0
2124	2025-08-01	0	0	0	0	0	-10.57	2485	[]	0
2125	2025-08-01	0	0	0	0	0	114.68	2497	[]	0
2126	2025-08-01	0	0	0	0	0	155.49	2498	[]	0
2127	2025-08-01	0	0	0	0	0	-24.13	2499	[]	0
2128	2025-08-01	0	0	0	0	0	29.73	2500	[]	0
2129	2025-08-01	0	0	0	0	0	-0.08	2490	[]	0
2130	2025-08-01	0	0	0	0	0	41.32	2501	[]	0
2131	2025-08-01	0	0	0	0	0	100	2486	[]	0
2132	2025-08-01	0	0	0	0	0	45.1	2492	[]	0
2133	2025-08-01	0	0	0	0	0	30.31	2478	[]	0
2134	2025-08-01	0	0	0	0	0	-6.92	2479	[]	0
2135	2025-08-01	0	0	0	0	0	0	2496	[]	0
2136	2025-08-01	0	0	0	0	0	45.43	2493	[]	0
2137	2025-08-01	0	0	0	0	0	144.09	2494	[]	0
2138	2025-08-01	0	0	0	0	0	9.66	2484	[]	0
2139	2025-08-01	0	0	0	0	0	4.53	2483	[]	0
2140	2025-08-01	0	0	0	0	0.06	-43.35	2541	[{"name": "Kalvey", "count": "5.00"}, {"name": "Vitomer", "count": "6.00"}]	11
2141	2025-08-01	0	0	0	0	0	-0.77	2584	[]	0
2142	2025-08-01	0	0	0	0	0	-7.39	2509	[]	0
2143	2025-08-01	0	0	20	0	0.33	-0.6	2510	[{"name": "Vitomer Kids", "count": "6.00"}, {"name": "Fesola", "count": "4.00"}, {"name": "Betasol", "count": "6.00"}, {"name": "Ropsol", "count": "4.00"}]	20
2144	2025-08-01	0	0	0	0	0	-23.46	2511	[]	0
2145	2025-08-01	0	100	0	0	0.03	59.22	2544	[{"name": "Prostazolin", "count": "7.00"}, {"name": "Serrasol", "count": "9.00"}]	16
2146	2025-08-01	0	0	15	0	0.08	2.01	2530	[{"name": "Fesola", "count": "1.00"}, {"name": "Ropsol", "count": "6.00"}]	7
2147	2025-08-01	0	50	0	0	0.03	42.85	2508	[{"name": "Zemovar", "count": "12.00"}, {"name": "Betasol", "count": "4.00"}, {"name": "Serrasol", "count": "2.00"}]	18
2148	2025-08-01	0	100	0	0	0.16	-8.39	2512	[{"name": "Solseda", "count": "20.00"}, {"name": "Opsidol", "count": "4.00"}, {"name": "Prostazolin", "count": "5.00"}, {"name": "Vitomer", "count": "6.00"}]	35
2149	2025-08-01	0	0	0	0	0.01	23.76	2545	[{"name": "Serrasol", "count": "3.00"}]	3
2150	2025-08-01	0	0	120	0	0.25	42.95	2546	[{"name": "Soltrop", "count": "5.00"}, {"name": "Heptrazol", "count": "5.00"}, {"name": "Betasol", "count": "5.00"}, {"name": "Serrasol", "count": "5.00"}, {"name": "Vitomer", "count": "40.00"}]	60
2151	2025-08-01	0	0	30	0	0.34	-1.92	2528	[{"name": "Solseda", "count": "4.00"}, {"name": "Zemovar", "count": "3.00"}, {"name": "Heptrazol", "count": "12.00"}, {"name": "Betasol", "count": "6.00"}, {"name": "Genosfer", "count": "1.00"}, {"name": "Serrasol", "count": "2.00"}, {"name": "Vitomer", "count": "2.00"}, {"name": "Opeblock", "count": "0.20"}, {"name": "Ropsol", "count": "3.00"}]	33
2152	2025-08-01	0	0	0	0	0.38	128.25	2529	[{"name": "Fensavin", "count": "3.00"}, {"name": "Serrasol", "count": "14.00"}, {"name": "Opeblock", "count": "16.00"}]	33
2153	2025-08-01	0	0	40	0	0.37	8.6	2532	[{"name": "Opsidol", "count": "6.00"}, {"name": "Soltrop", "count": "4.00"}, {"name": "Heptrazol", "count": "3.00"}, {"name": "Fesola", "count": "4.00"}, {"name": "Betasol", "count": "1.00"}, {"name": "Kalvey", "count": "1.00"}, {"name": "Opeblock", "count": "7.00"}]	26
2154	2025-08-01	0	0	0	0	0	0	2548	[]	0
2155	2025-08-01	0	0	0	0	0	-0.5	2514	[]	0
2156	2025-08-01	0	0	0	0	0	-0.13	2513	[]	0
2157	2025-08-01	0	0	0	0	0.2	24.42	2550	[{"name": "Fesola", "count": "4.00"}, {"name": "Betasol", "count": "4.00"}, {"name": "Serrasol", "count": "6.00"}, {"name": "Kalvey", "count": "4.00"}, {"name": "Vitomer", "count": "6.00"}, {"name": "Levostrong", "count": "8.00"}, {"name": "Ropsol", "count": "3.00"}]	35
2158	2025-08-01	0	50	0	0	0.32	12.02	2531	[{"name": "Zemovar", "count": "6.00"}, {"name": "Fensavin", "count": "4.00"}, {"name": "Heptrazol", "count": "6.00"}, {"name": "Betasol", "count": "9.00"}, {"name": "Levostrong", "count": "12.00"}]	37
2159	2025-08-01	0	0	0	0	0.29	246.25	2551	[{"name": "Solseda", "count": "8.00"}, {"name": "Serrasol", "count": "13.00"}, {"name": "Kalvey", "count": "18.00"}, {"name": "Vitomer", "count": "18.00"}]	57
2160	2025-08-01	0	0	15	0	0.19	5.67	2552	[{"name": "Solseda", "count": "5.00"}, {"name": "Opsidol", "count": "4.00"}, {"name": "Litasol", "count": "1.00"}, {"name": "Opeblock", "count": "2.00"}]	12
2161	2025-08-01	0	0	30	0	0.48	-1.94	2553	[{"name": "Betasol", "count": "3.00"}, {"name": "Genosfer", "count": "5.00"}, {"name": "Vitomer", "count": "23.00"}, {"name": "Levostrong", "count": "10.00"}, {"name": "Ropsol", "count": "10.00"}]	51
2162	2025-08-01	0	0	0	0	0	-4.68	2520	[]	0
2163	2025-08-01	0	0	0	0	0	-0.22	2515	[]	0
2164	2025-08-01	0	0	0	0	0	0	2516	[]	0
2165	2025-08-01	0	100	0	0	0.87	138.36	2504	[{"name": "Solseda", "count": "5.00"}, {"name": "Opsidol", "count": "3.00"}, {"name": "Zemovar", "count": "6.00"}, {"name": "Soltrop", "count": "4.00"}, {"name": "Fensavin", "count": "8.00"}, {"name": "Prostazolin", "count": "6.00"}, {"name": "Fesola", "count": "3.00"}, {"name": "Kartovey", "count": "4.00"}, {"name": "Betasol", "count": "6.00"}, {"name": "Genosfer", "count": "4.00"}, {"name": "Serrasol", "count": "6.00"}, {"name": "Kalvey", "count": "4.00"}, {"name": "Vitomer", "count": "8.00"}, {"name": "Levostrong", "count": "18.00"}, {"name": "Ropsol", "count": "4.00"}]	89
2166	2025-08-01	0	0	80	0	0.35	3.21	2517	[{"name": "Opsidol", "count": "3.20"}, {"name": "Zemovar", "count": "1.60"}, {"name": "Fensavin", "count": "1.00"}, {"name": "Provital", "count": "13.00"}, {"name": "Heptrazol", "count": "4.00"}, {"name": "Betasol", "count": "10.60"}, {"name": "Serrasol", "count": "4.60"}, {"name": "Kalvey", "count": "1.90"}, {"name": "Vitomer", "count": "13.00"}]	52
2167	2025-08-01	0	0	40	0	0.15	-1.22	2555	[{"name": "Solseda", "count": "3.00"}, {"name": "Zemovar", "count": "6.00"}, {"name": "Prostazolin", "count": "3.00"}, {"name": "Fesola", "count": "6.00"}, {"name": "Serrasol", "count": "3.00"}, {"name": "Opeblock", "count": "3.00"}]	24
2168	2025-08-01	0	0	0	0	0	-0.73	2556	[]	0
2169	2025-08-01	0	0	30	0	0.52	2.65	2518	[{"name": "Opsidol", "count": "7.00"}, {"name": "Vitomer Kids", "count": "7.00"}, {"name": "Kalvey", "count": "13.10"}, {"name": "Vitomer", "count": "17.00"}, {"name": "Ropsol", "count": "2.00"}]	46
2170	2025-08-01	0	0	0	0	0	-23.91	2533	[]	0
2171	2025-08-01	0	0	0	0	0.35	-26.34	2505	[{"name": "Opsidol", "count": "3.00"}, {"name": "Vitomer Kids", "count": "4.00"}, {"name": "Betasol", "count": "3.00"}, {"name": "Kalvey", "count": "3.00"}, {"name": "Vitomer", "count": "2.00"}, {"name": "Ropsol", "count": "11.00"}]	26
2172	2025-08-01	0	0	15	0	0.01	3.41	2519	[{"name": "Serrasol", "count": "1.00"}, {"name": "Vitomer", "count": "4.00"}]	5
2173	2025-08-01	0	0	0	0	0.31	4.43	2521	[{"name": "Opsidol", "count": "12.00"}, {"name": "Soltrop", "count": "6.00"}, {"name": "Betasol", "count": "1.00"}, {"name": "Serrasol", "count": "10.00"}]	29
2174	2025-08-01	0	0	0	0	0.04	-4.39	2522	[{"name": "Opeblock", "count": "2.00"}, {"name": "Ropsol", "count": "1.00"}]	3
2175	2025-08-01	0	0	0	0	0	-0.73	2523	[]	0
2176	2025-08-01	0	0	0	0	0.32	2.44	2525	[{"name": "Solseda", "count": "6.00"}, {"name": "Opsidol", "count": "1.00"}, {"name": "Zemovar", "count": "16.00"}, {"name": "Soltrop", "count": "4.00"}, {"name": "Heptrazol", "count": "5.00"}, {"name": "Genosfer", "count": "1.00"}, {"name": "Serrasol", "count": "4.00"}, {"name": "Kalvey", "count": "4.00"}, {"name": "Vitomer", "count": "26.00"}]	67
2177	2025-08-01	0	0	0	0	0	-0.26	2506	[]	0
2178	2025-08-01	0	0	0	0	0.02	-2.7	2526	[{"name": "Serrasol", "count": "6.00"}]	6
2179	2025-08-01	0	0	0	0	0.06	7	2527	[{"name": "Serrasol", "count": "21.00"}]	21
2180	2025-08-01	0	0	0	0	0.08	-11.98	2538	[{"name": "Solseda", "count": "3.00"}, {"name": "Opsidol", "count": "3.00"}, {"name": "Kalvey", "count": "1.00"}, {"name": "Vitomer", "count": "3.00"}]	10
2181	2025-08-01	0	0	80	0	0.35	47.5	2535	[{"name": "Soltrop", "count": "5.00"}, {"name": "Serrasol", "count": "10.00"}, {"name": "Vitomer", "count": "65.00"}, {"name": "Opeblock", "count": "10.00"}]	90
2182	2025-08-01	0	0	0	0	0.18	-14.79	2536	[{"name": "Soltrop", "count": "2.00"}, {"name": "Vitomer Kids", "count": "5.00"}, {"name": "Vitomer", "count": "3.00"}]	10
2183	2025-08-01	0	0	40	0	0.23	7.13	2537	[{"name": "Solseda", "count": "9.00"}, {"name": "Opsidol", "count": "3.00"}, {"name": "Soltrop", "count": "12.00"}, {"name": "Vitomer", "count": "6.00"}]	30
2184	2025-08-01	0	0	20	0	0.04	7.86	2539	[{"name": "Opeblock", "count": "2.60"}]	2
2185	2025-08-01	0	0	0	0	0.03	10.33	2507	[{"name": "Serrasol", "count": "2.00"}, {"name": "Opeblock", "count": "2.00"}]	4
2186	2025-08-01	0	0	0	0	0	12.94	2540	[{"name": "Prostazolin", "count": "8.00"}]	8
2187	2025-08-01	0	100	0	0	0.07	130.51	2586	[{"name": "Solseda", "count": "1.00"}, {"name": "Zemovar", "count": "8.30"}, {"name": "Betasol", "count": "7.00"}, {"name": "Serrasol", "count": "1.00"}, {"name": "Ropsol", "count": "2.00"}]	19
2188	2025-08-01	0	0	10	0	0.05	1.21	2587	[{"name": "Levostrong", "count": "27.00"}]	27
2189	2025-08-01	0	0	0	0	0	0.96	2609	[]	0
2190	2025-08-01	0	0	0	0	0	2.39	2590	[]	0
2191	2025-08-01	0	0	0	0	0.3	23.67	2599	[{"name": "Soltrop", "count": "27.00"}]	27
2192	2025-08-01	0	0	0	0	0.15	36.03	2608	[{"name": "Fesola", "count": "4.00"}, {"name": "Kartovey", "count": "2.00"}, {"name": "Vitomer", "count": "14.00"}, {"name": "Ropsol", "count": "6.00"}]	26
2193	2025-08-01	0	0	15	0	0.05	1.95	2576	[{"name": "Solseda", "count": "4.00"}, {"name": "Betasol", "count": "3.00"}, {"name": "Serrasol", "count": "2.00"}, {"name": "Vitomer", "count": "3.00"}]	12
2194	2025-08-01	0	0	0	0	0	-0.04	2593	[]	0
2195	2025-08-01	0	0	0	0	0	-33.68	2611	[]	0
2196	2025-08-01	0	0	0	0	0.01	11.09	2602	[{"name": "Zemovar", "count": "2.00"}, {"name": "Serrasol", "count": "2.00"}]	4
2197	2025-08-01	0	0	40	0	0.41	9.52	2577	[{"name": "Soltep", "count": "2.00"}, {"name": "Kartovey", "count": "26.00"}, {"name": "Kalvey", "count": "3.00"}, {"name": "Opeblock", "count": "17.60"}]	48
2198	2025-08-01	0	0	0	0	0.03	28.61	2578	[{"name": "Opeblock", "count": "2.20"}]	2
2199	2025-08-01	0	0	0	0	0	-17.96	2597	[]	0
2200	2025-08-01	0	0	0	0	0	-0.56	2557	[]	0
2201	2025-08-01	0	0	0	0	0.17	-0.17	2566	[{"name": "Opsidol", "count": "3.00"}, {"name": "Zemovar", "count": "4.00"}, {"name": "Kalvey", "count": "12.00"}]	19
2202	2025-08-01	0	0	0	0	0	1.26	2567	[]	0
2203	2025-08-01	0	50	0	0	0.11	51.99	2596	[{"name": "Zemovar", "count": "1.00"}, {"name": "Prostazolin", "count": "3.00"}, {"name": "Provital", "count": "2.00"}, {"name": "Vitomer Kids", "count": "2.00"}, {"name": "Betasol", "count": "2.50"}, {"name": "Serrasol", "count": "1.50"}, {"name": "Vitomer", "count": "1.00"}, {"name": "Opeblock", "count": "1.00"}]	14
2204	2025-08-01	0	0	0	0	0.1	-54.49	2560	[{"name": "Solseda", "count": "15.00"}, {"name": "Fensavin", "count": "1.00"}, {"name": "Prostazolin", "count": "10.00"}]	26
2205	2025-08-01	0	0	200	0	1.37	31.81	2561	[{"name": "Solseda", "count": "12.00"}, {"name": "Opsidol", "count": "7.00"}, {"name": "Litasol", "count": "6.00"}, {"name": "Betasol", "count": "50.00"}, {"name": "Genosfer", "count": "1.00"}, {"name": "Serrasol", "count": "101.00"}, {"name": "Kalvey", "count": "6.00"}]	183
2206	2025-08-01	0	0	40	0	0.17	8.24	2562	[{"name": "Solseda", "count": "9.00"}, {"name": "Provital", "count": "9.00"}, {"name": "Levostrong", "count": "43.00"}]	61
2207	2025-08-01	0	0	0	0	0.04	-2.93	2563	[{"name": "Betasol", "count": "7.00"}]	7
2208	2025-08-01	0	0	0	0	0	-0.04	2565	[]	0
2209	2025-08-01	0	0	0	0	1.48	199.28	2570	[{"name": "Soltep", "count": "16.00"}, {"name": "Serrasol", "count": "11.00"}, {"name": "Kalvey", "count": "2.00"}, {"name": "Levostrong", "count": "20.00"}, {"name": "Opeblock", "count": "24.20"}]	73
2210	2025-08-01	0	0	0	0	0	-2.82	2591	[]	0
2211	2025-08-01	0	0	40	0	0.26	-0.25	2612	[{"name": "Solseda", "count": "11.00"}, {"name": "Opsidol", "count": "4.00"}, {"name": "Provital", "count": "11.00"}, {"name": "Kalvey", "count": "4.00"}, {"name": "Vitomer", "count": "7.00"}, {"name": "Levostrong", "count": "18.00"}]	55
2212	2025-08-01	0	0	30	0	0.17	-0.49	2569	[{"name": "Fesola", "count": "4.00"}, {"name": "Betasol", "count": "1.00"}, {"name": "Serrasol", "count": "4.00"}, {"name": "Kalvey", "count": "6.00"}, {"name": "Vitomer", "count": "6.00"}, {"name": "Ropsol", "count": "2.00"}]	23
2213	2025-08-01	0	0	0	0	0.14	21.69	2568	[{"name": "Solseda", "count": "4.00"}, {"name": "Soltrop", "count": "3.00"}, {"name": "Vitomer Kids", "count": "3.00"}]	10
2214	2025-08-01	0	0	0	0	0.04	15.65	2558	[{"name": "Soltrop", "count": "2.00"}, {"name": "Betasol", "count": "2.00"}]	4
2215	2025-08-01	0	0	0	0	0	-0.14	2600	[]	0
2216	2025-08-01	0	50	0	0	0.14	8.45	2607	[{"name": "Solseda", "count": "1.00"}, {"name": "Soltrop", "count": "1.00"}, {"name": "Kartovey", "count": "1.00"}, {"name": "Betasol", "count": "3.00"}, {"name": "Genosfer", "count": "1.00"}, {"name": "Kalvey", "count": "4.00"}, {"name": "Vitomer", "count": "2.00"}]	13
2217	2025-08-01	0	0	0	0	0.07	105.56	2592	[{"name": "Solseda", "count": "7.00"}, {"name": "Soltrop", "count": "4.00"}]	11
2218	2025-08-01	0	0	0	0	0.27	-28.45	2573	[{"name": "Solseda", "count": "18.00"}, {"name": "Opsidol", "count": "1.00"}, {"name": "Soltrop", "count": "4.00"}, {"name": "Kartovey", "count": "24.00"}, {"name": "Kalvey", "count": "6.00"}, {"name": "Vitomer", "count": "41.00"}]	94
2219	2025-08-01	0	0	0	0	0.01	-2.95	2580	[{"name": "Vitomer", "count": "7.00"}]	7
2220	2025-08-01	0	0	0	0	0	-0.04	2581	[]	0
2221	2025-08-01	0	0	0	0	0	-0.73	2574	[]	0
2222	2025-08-01	0	0	30	0	0.17	-4.91	2572	[{"name": "Zemovar", "count": "1.00"}, {"name": "Soltrop", "count": "5.00"}, {"name": "Betasol", "count": "5.00"}, {"name": "Opeblock", "count": "2.00"}, {"name": "Ropsol", "count": "5.00"}]	18
2223	2025-08-01	0	0	0	0	0.24	-12.05	2594	[{"name": "Soltrop", "count": "2.00"}, {"name": "Soltep", "count": "3.00"}, {"name": "Kalvey", "count": "2.00"}]	7
2224	2025-08-01	0	0	0	0	0	-21.54	2579	[]	0
2225	2025-08-01	0	0	0	0	0	-0.02	2601	[]	0
2226	2025-08-01	0	0	0	0	0	-0.65	2610	[]	0
2227	2025-08-01	0	0	0	0	0.3	8.99	2575	[{"name": "Soltrop", "count": "3.00"}, {"name": "Fensavin", "count": "4.00"}, {"name": "Ropsol", "count": "11.00"}]	18
2228	2025-08-01	0	0	0	0	0.09	82.84	2588	[{"name": "Fesola", "count": "1.00"}, {"name": "Serrasol", "count": "26.00"}]	27
2229	2025-08-01	0	0	0	0	0	16.86	2605	[]	0
2230	2025-08-01	0	0	260	0	0.58	21.81	2606	[{"name": "Solseda", "count": "41.00"}, {"name": "Opsidol", "count": "6.00"}, {"name": "Betasol", "count": "18.00"}, {"name": "Serrasol", "count": "14.00"}, {"name": "Kalvey", "count": "12.00"}, {"name": "Vitomer", "count": "15.00"}]	106
2231	2025-08-01	0	0	0	0	0	1.32	2582	[]	0
2232	2025-08-01	0	0	40	0	0.27	8.4	2598	[{"name": "Zemovar", "count": "13.00"}, {"name": "Heptrazol", "count": "11.00"}, {"name": "Serrasol", "count": "11.00"}, {"name": "Levostrong", "count": "36.00"}]	71
2233	2025-08-01	0	50	0	0	0.14	80.91	2585	[{"name": "Opsidol", "count": "1.60"}, {"name": "Zemovar", "count": "4.00"}, {"name": "Heptrazol", "count": "3.00"}, {"name": "Fesola", "count": "2.00"}, {"name": "Serrasol", "count": "2.00"}, {"name": "Vitomer", "count": "7.00"}, {"name": "Opeblock", "count": "1.00"}]	20
2234	2025-08-01	0	0	350	0	0.63	2.04	2603	[{"name": "Fensavin", "count": "1.00"}, {"name": "Provital", "count": "1.00"}, {"name": "Fesola", "count": "18.00"}, {"name": "Serrasol", "count": "75.00"}, {"name": "Vitomer", "count": "13.00"}, {"name": "Opeblock", "count": "3.00"}, {"name": "Ropsol", "count": "2.00"}]	113
2235	2025-08-01	0	0	0	0	0	-1.25	2626	[]	0
2236	2025-08-01	0	0	0	0	0	-0.59	2630	[]	0
2237	2025-08-01	0	0	0	0	0.51	-117.03	2631	[{"name": "Opsidol", "count": "10.60"}, {"name": "Zemovar", "count": "16.00"}, {"name": "Soltrop", "count": "6.00"}, {"name": "Kartovey", "count": "1.00"}, {"name": "Betasol", "count": "30.30"}, {"name": "Serrasol", "count": "7.00"}, {"name": "Kalvey", "count": "1.00"}, {"name": "Opeblock", "count": "2.90"}]	74
2238	2025-08-01	0	0	0	0	0.21	266.16	2632	[{"name": "Solseda", "count": "5.00"}, {"name": "Kartovey", "count": "7.00"}, {"name": "Kalvey", "count": "11.00"}, {"name": "Levostrong", "count": "5.00"}, {"name": "Opeblock", "count": "5.00"}]	33
2239	2025-08-01	0	0	25	0	0.25	0.24	2637	[{"name": "Solseda", "count": "2.00"}, {"name": "Soltrop", "count": "9.00"}, {"name": "Provital", "count": "2.00"}, {"name": "Heptrazol", "count": "4.00"}, {"name": "Vitomer Kids", "count": "2.00"}, {"name": "Vitomer", "count": "5.00"}]	24
2240	2025-08-01	0	0	15	0	0	-0.06	2615	[{"name": "Zemovar", "count": "3.00"}, {"name": "Prostazolin", "count": "4.00"}]	7
2241	2025-08-01	0	100	0	0	0.16	137.51	2616	[{"name": "Solseda", "count": "11.00"}, {"name": "Zemovar", "count": "12.00"}, {"name": "Kartovey", "count": "5.00"}, {"name": "Betasol", "count": "11.00"}, {"name": "Serrasol", "count": "10.00"}, {"name": "Vitomer", "count": "9.00"}]	58
2242	2025-08-01	0	0	0	0	0	-5.1	2595	[]	0
2243	2025-08-01	0	0	0	0	0.13	43.47	2559	[{"name": "Kartovey", "count": "5.00"}, {"name": "Opeblock", "count": "9.40"}]	14
2244	2025-08-01	0	0	0	0	0	-2.9	2627	[]	0
2245	2025-08-01	0	0	15	0	0.03	6.04	2554	[{"name": "Solseda", "count": "3.00"}, {"name": "Opsidol", "count": "1.00"}]	4
2246	2025-08-01	0	0	0	0	0	-26.35	2618	[]	0
2247	2025-08-01	0	0	40	0	0.34	-7.22	2619	[{"name": "Vitomer Kids", "count": "9.00"}, {"name": "Fesola", "count": "2.00"}, {"name": "Kalvey", "count": "1.00"}, {"name": "Vitomer", "count": "13.00"}]	25
2248	2025-08-01	0	0	0	0	0.1	-19.57	2633	[{"name": "Solseda", "count": "9.00"}, {"name": "Fesola", "count": "4.00"}]	13
2249	2025-08-01	0	0	0	0	0.61	191.29	2571	[{"name": "Solseda", "count": "2.00"}, {"name": "Zemovar", "count": "10.00"}, {"name": "Soltrop", "count": "5.00"}, {"name": "Fensavin", "count": "4.00"}, {"name": "Prostazolin", "count": "1.00"}, {"name": "Fesola", "count": "2.00"}, {"name": "Betasol", "count": "1.00"}, {"name": "Genosfer", "count": "4.00"}, {"name": "Serrasol", "count": "11.00"}, {"name": "Kalvey", "count": "3.00"}, {"name": "Vitomer", "count": "17.00"}, {"name": "Levostrong", "count": "14.00"}, {"name": "Ropsol", "count": "2.00"}]	76
2250	2025-08-01	0	0	10	0	0.14	12.88	2636	[{"name": "Prostazolin", "count": "2.00"}, {"name": "Heptrazol", "count": "8.00"}, {"name": "Betasol", "count": "2.00"}, {"name": "Vitomer", "count": "2.00"}]	14
2251	2025-08-01	0	0	0	0	0	-0.15	2634	[]	0
2252	2025-08-01	0	0	30	0	0.08	3.19	2524	[{"name": "Soltrop", "count": "3.00"}, {"name": "Serrasol", "count": "14.00"}]	17
2253	2025-08-01	0	100	0	0	0.29	77.21	2589	[{"name": "Solseda", "count": "4.00"}, {"name": "Zemovar", "count": "2.00"}, {"name": "Fensavin", "count": "2.00"}, {"name": "Provital", "count": "1.00"}, {"name": "Kartovey", "count": "4.00"}, {"name": "Betasol", "count": "4.00"}, {"name": "Serrasol", "count": "1.00"}, {"name": "Vitomer", "count": "2.00"}, {"name": "Opeblock", "count": "8.00"}, {"name": "Ropsol", "count": "4.00"}]	32
2254	2025-08-01	0	0	30	0	0.11	8	2534	[{"name": "Soltrop", "count": "5.00"}, {"name": "Prostazolin", "count": "3.00"}, {"name": "Serrasol", "count": "4.00"}, {"name": "Opeblock", "count": "3.00"}]	15
2255	2025-08-01	0	50	0	0	0.32	25.09	2620	[{"name": "Vitomer Kids", "count": "1.00"}, {"name": "Fesola", "count": "15.00"}, {"name": "Vitomer", "count": "30.00"}, {"name": "Opeblock", "count": "1.00"}]	47
2256	2025-08-01	0	0	15	0	0.08	1.59	2617	[{"name": "Solseda", "count": "15.00"}, {"name": "Zemovar", "count": "9.00"}, {"name": "Serrasol", "count": "2.00"}, {"name": "Opeblock", "count": "1.00"}]	27
2257	2025-08-01	0	0	0	0	0	0	2621	[]	0
2258	2025-08-01	0	0	0	0	0	-0.16	2622	[]	0
2259	2025-08-01	0	0	0	0	0.1	-91.61	2614	[{"name": "Zemovar", "count": "16.00"}, {"name": "Soltrop", "count": "7.00"}, {"name": "Prostazolin", "count": "5.00"}, {"name": "Kartovey", "count": "8.00"}, {"name": "Serrasol", "count": "6.00"}, {"name": "Vitomer", "count": "1.00"}]	43
2260	2025-08-01	0	50	0	0	0.11	40.65	2604	[{"name": "Solseda", "count": "3.00"}, {"name": "Heptrazol", "count": "1.00"}, {"name": "Fesola", "count": "4.00"}, {"name": "Betasol", "count": "1.00"}, {"name": "Serrasol", "count": "4.00"}]	13
2261	2025-08-01	0	300	0	0	0.7	287.09	2542	[{"name": "Solseda", "count": "13.20"}, {"name": "Opsidol", "count": "19.90"}, {"name": "Betasol", "count": "19.40"}, {"name": "Serrasol", "count": "47.30"}, {"name": "Kalvey", "count": "3.70"}]	103
2262	2025-08-01	0	0	100	0	1.45	0.73	2543	[{"name": "Litasol", "count": "14.00"}, {"name": "Fesola", "count": "16.00"}, {"name": "Betasol", "count": "8.00"}, {"name": "Serrasol", "count": "26.00"}, {"name": "Levostrong", "count": "17.00"}]	81
2263	2025-08-01	0	100	0	0	0.84	115.39	2547	[{"name": "Solseda", "count": "3.00"}, {"name": "Zemovar", "count": "8.00"}, {"name": "Fensavin", "count": "2.00"}, {"name": "Soltep", "count": "3.00"}, {"name": "Heptrazol", "count": "12.00"}, {"name": "Fesola", "count": "7.00"}, {"name": "Betasol", "count": "5.00"}, {"name": "Genosfer", "count": "3.00"}, {"name": "Serrasol", "count": "7.00"}, {"name": "Vitomer", "count": "13.00"}, {"name": "Levostrong", "count": "15.00"}]	78
2264	2025-08-01	0	0	0	0	0	2.33	2625	[]	0
2265	2025-08-01	0	0	0	0	0.12	161.43	2624	[{"name": "Opsidol", "count": "4.00"}, {"name": "Serrasol", "count": "17.00"}]	21
2266	2025-08-01	0	0	0	0	0	-8.81	2635	[]	0
2267	2025-08-01	0	300	0	0	0.83	360.04	2613	[{"name": "Solseda", "count": "49.00"}, {"name": "Zemovar", "count": "67.00"}, {"name": "Soltrop", "count": "14.00"}, {"name": "Fesola", "count": "4.00"}, {"name": "Betasol", "count": "25.00"}, {"name": "Serrasol", "count": "46.00"}, {"name": "Kalvey", "count": "9.00"}, {"name": "Vitomer", "count": "6.00"}]	220
2268	2025-08-01	0	0	0	0	0.29	-5.62	2583	[{"name": "Solseda", "count": "3.00"}, {"name": "Zemovar", "count": "7.00"}, {"name": "Fensavin", "count": "1.00"}, {"name": "Prostazolin", "count": "1.00"}, {"name": "Fesola", "count": "2.00"}, {"name": "Betasol", "count": "2.00"}, {"name": "Genosfer", "count": "2.00"}, {"name": "Serrasol", "count": "3.00"}, {"name": "Kalvey", "count": "4.00"}, {"name": "Opeblock", "count": "2.00"}, {"name": "Ropsol", "count": "1.00"}]	28
2269	2025-08-01	0	0	0	0	0	0	2623	[]	0
2270	2025-08-01	0	0	0	0	0	0	2638	[]	0
2271	2025-08-01	0	300	0	0	0.87	298.41	2549	[{"name": "Solseda", "count": "14.00"}, {"name": "Zemovar", "count": "11.00"}, {"name": "Soltrop", "count": "18.00"}, {"name": "Heptrazol", "count": "14.00"}, {"name": "Betasol", "count": "15.00"}, {"name": "Genosfer", "count": "2.00"}, {"name": "Serrasol", "count": "7.00"}, {"name": "Kalvey", "count": "11.00"}, {"name": "Vitomer", "count": "27.00"}]	119
2272	2025-08-01	0	0	0	0	0	0	2628	[]	0
2273	2025-08-01	0	0	0	0	0.15	-10.25	2629	[{"name": "Vitomer Kids", "count": "5.00"}]	5
2274	2025-08-01	0	0	0	0	0	0.11	2564	[]	0
\.


--
-- Data for Name: payment_payment; Type: TABLE DATA; Schema: public; Owner: postgres
--

COPY public.payment_payment (created_at, id, paid, pharm_id, order_id) FROM stdin;
\.


--
-- Data for Name: payment_payment_doctor; Type: TABLE DATA; Schema: public; Owner: postgres
--

COPY public.payment_payment_doctor (id, payment_type, pay, date, doctor_id, area_id) FROM stdin;
7	İnvest	10.00	2025-08-07	2490	28
8	Avans	100.00	2025-08-07	2498	28
9	Avans	100.00	2025-08-25	2615	25
10	İnvest	10.00	2025-08-25	2616	25
11	Geri_qaytarma	90.00	2025-08-25	2565	25
\.


--
-- Data for Name: payment_sale; Type: TABLE DATA; Schema: public; Owner: postgres
--

COPY public.payment_sale (id, quantity, sale_date, drug_id, region_id) FROM stdin;
146	11	2025-08-07	99	28
147	33	2025-08-07	93	28
148	9	2025-08-07	95	28
149	37	2025-08-07	96	28
150	7	2025-08-07	81	28
151	2	2025-08-07	88	28
152	1	2025-08-07	83	28
153	13	2025-08-07	91	28
154	95	2025-08-07	79	25
155	4	2025-08-07	85	25
156	8	2025-08-07	98	25
157	5	2025-08-07	80	25
158	3	2025-08-07	99	25
159	66	2025-08-07	82	25
160	88	2025-08-07	92	25
161	5	2025-08-07	86	25
162	22	2025-08-07	93	25
163	4	2025-08-07	90	25
164	66	2025-08-07	96	25
165	5	2025-08-07	97	25
166	77	2025-08-07	81	25
167	44	2025-08-07	88	25
168	125	2025-08-07	84	25
169	6	2025-08-07	89	25
170	22	2025-08-07	83	25
171	88	2025-08-07	94	25
\.


--
-- Data for Name: pharmach_pharm; Type: TABLE DATA; Schema: public; Owner: postgres
--

COPY public.pharmach_pharm (id, name, location, phone, note, barkod, debt) FROM stdin;
\.


--
-- Data for Name: regions_city; Type: TABLE DATA; Schema: public; Owner: postgres
--

COPY public.regions_city (id, city_name, region_id) FROM stdin;
1	agjabadi	21
2	ganja	22
3	gazakh	22
4	naftalan	22
\.


--
-- Data for Name: regions_hospital; Type: TABLE DATA; Schema: public; Owner: postgres
--

COPY public.regions_hospital (id, hospital_name, region_net_id, city_id) FROM stdin;
21	Bakı	34	\N
22	16 U.P	38	\N
23	23 POL	38	\N
24	Zığ Pol	38	\N
25	Zığ tibb mərkəzi	38	\N
26	38 POL	39	\N
27	6 № Ş.P	39	\N
28	BMP	39	\N
29	Diaqnoz T/M	39	\N
30	Medika klinikas;	39	\N
31	Sokrat KL	39	\N
32	Əhmədli Tibb Mərkəzi	39	\N
33	18 BŞX	40	\N
34	18 POL	40	\N
35	2 saylı DZD	40	\N
36	26 POL	40	\N
37	4 UP	40	\N
38	4 saylı vərəm	40	\N
39	44 POL	40	\N
40	7 saylı Doğum evi	40	\N
41	Bakı 2 DZD	40	\N
42	Bakı 4 VƏD	40	\N
43	Bakı 8 Q/M	40	\N
44	Bakı 8/qm	40	\N
45	Bakı Ankara klinik.	40	\N
46	Bakı Banadea klinik.	40	\N
47	Bakı Miamed klinik.	40	\N
48	Bakı Nəbz klinik.	40	\N
49	Bakı Xəzər klinik.	40	\N
50	Bakı ƏTAİ	40	\N
51	HTZ	40	\N
52	LoğMed	40	\N
53	Loğman klinikası	40	\N
54	Memorial	40	\N
55	Miamed	40	\N
56	Xəzər Klinikası	40	\N
57	15 POL	33	\N
58	20 POL	33	\N
59	35 POL	33	\N
60	Abşeron Xəstəxanası	33	\N
61	Apollo	33	\N
62	Bakı Medikus klinik.	33	\N
63	Bakı Nəsrəddin Tusi klinik.	33	\N
64	Bakı Onkologiya X.	33	\N
65	Bakı RKX	33	\N
66	Bakı Real	33	\N
67	Bakı Vərəm dispanseri	33	\N
68	Bakı Xırdalan pol.	33	\N
69	Biləcəri 15 POL	33	\N
70	Biləcəri 2 DYP	33	\N
71	Binəqədi 35 POL	33	\N
72	Central Labs klinikası	33	\N
73	Eksprimentalni xəst.	33	\N
74	Göz İnustutu	33	\N
75	Müşviq 13№ POL	33	\N
76	Məlikov Xəs.	33	\N
77	Olimp klinikası	33	\N
78	RKX	33	\N
79	Spera Hospital	33	\N
80	Xocasən Pol	33	\N
81	Xocasən SM	33	\N
82	Xırdalan LabCenter kl	33	\N
83	Xırdalan POL	33	\N
84	Xırdalan Tibb Mərkəzi	33	\N
85	Xırdalan pol.	33	\N
86	Xırdalan poliklinik.	33	\N
87	Xırdalan xəstəxanası	33	\N
88	Şəxsi kabinet	33	\N
89	19 POL	41	\N
90	E.C.M	41	\N
91	German hospital	41	\N
92	Gömrük Hospital	41	\N
93	MOM	41	\N
94	Medicus	41	\N
95	Olimp klinikası	41	\N
96	Real klinik	41	\N
97	Uni klinika	41	\N
98	Bakı Şərq-Qərb klinik.	42	\N
99	Bakı Şərq-Qərb klinikası	42	\N
100	11 POL	34	\N
101	12 POL	34	\N
102	12-ci BŞX	34	\N
103	12-ci Poliklinika	34	\N
104	13 BŞX	34	\N
105	13 POL	34	\N
106	13 cü BŞX	34	\N
107	3 BŞX	34	\N
108	3 nömrəli BŞX	34	\N
109	3 nömrəli doğum evi	34	\N
110	Ailə Həkim Klinikası	34	\N
111	Andromed 2	34	\N
112	Bakı 11 Pol.	34	\N
113	Bakı 12 Pol	34	\N
114	Bakı 12-ci pol.	34	\N
115	Bakı 12-ci poliklinika	34	\N
116	Bakı 13 BŞX	34	\N
117	Bakı 13-cü BŞX	34	\N
118	Bakı 24-cü pol.	34	\N
119	Bakı 3 BŞX	34	\N
120	Bakı 3 nömrəli BŞX	34	\N
121	Bakı 3-cü BŞX	34	\N
122	Bakı 3BŞX	34	\N
123	Bakı Ailə kliniması	34	\N
124	Bakı Andromed	34	\N
125	Bakı Razin-11 pol.	34	\N
126	Bülbülə xəs.	34	\N
127	Medicare	34	\N
128	Sabunçu xəst.	34	\N
129	Stimul Hosbital	34	\N
130	14 POL	35	\N
131	18 POL	35	\N
132	33 POL Bayıl	35	\N
133	37 POL	35	\N
134	ATU onkologiya	35	\N
135	BSM	35	\N
136	Bakı 5N pol.	35	\N
137	Bakı ATU	35	\N
138	Bakı ATU cərrah.	35	\N
139	Bakı KTM-Semaşka	35	\N
140	Bakı Referans Klinin	35	\N
141	Bakı Tehran klinik.	35	\N
142	Billur klinikası	35	\N
143	Diamed	35	\N
144	Ege klinikası	35	\N
145	Hemotologiya	35	\N
146	Medilux hospital	35	\N
147	New Med	35	\N
148	Pearl Dent	35	\N
149	Travmatologiya	35	\N
150	İstanbul NS	35	\N
151	Ədliyyə Hospital	35	\N
152	28 DYX	36	\N
153	28 TSH	36	\N
154	28-ci Poliklinika	36	\N
155	4 POL	36	\N
156	Bakı 28-ci pol.	36	\N
157	Bakı APM	36	\N
158	Bakı DYX	36	\N
159	Bakı Leyla Med.Cen.	36	\N
160	Bakı Leyla Mər.Klinik.	36	\N
161	Bakı MNX	36	\N
162	Bakı Medilənd klinik.	36	\N
163	Bakı REM	36	\N
164	Bakı Əfəndiyev Klin.	36	\N
165	Bakı Əfəndiyev xəst.	36	\N
166	Fetal Mərkəz	36	\N
167	Kirov	36	\N
168	Leyla Med	36	\N
169	REM	36	\N
170	Xətai Estetik Klinikası	36	\N
171	Yeni Klinika	36	\N
172	1 nömrəli DYP	37	\N
173	1 nömrəli DYP	36	\N
174	2 Q/M	37	\N
175	2 saylı POL	37	\N
176	3 POL	37	\N
177	4 POL	37	\N
178	5 N xəstəxana	37	\N
179	7 nömrəli Qadın Məsləhətxanası	37	\N
180	7 saylı uşaq POL	37	\N
181	Alistokrat	37	\N
182	Bakı Kardiologiya	37	\N
183	Bakı Kardiologiya institutu	37	\N
184	Bakı Kirov İnstitutu	37	\N
185	Bakı Medikal Plaza vip	37	\N
186	Bakı Urologiya	37	\N
187	Bakı ŞDZD	37	\N
188	DİN POL	37	\N
189	DİN hospital	37	\N
190	Endakrim Mərkəz	37	\N
191	Funda hospital	37	\N
192	Kardiologiya İns.	37	\N
193	Kirov İnstitutu	37	\N
194	Medaura klinik	37	\N
195	Medeyra Hospital	37	\N
196	Mediplanet	37	\N
197	Res.Dəri Zöhrəvi Dis	37	\N
198	Vəfa klnikası	37	\N
199	Xətai estetik klinikası	37	\N
200	Yaşam Klinikası	37	\N
201	Ömür Klinikası	37	\N
202	İMC	37	\N
203	İNC	37	\N
204	ŞDZD	37	\N
205	Əfəndiyev	37	\N
206	Ağcabədi ASM	21	\N
207	Ağcabədi Taxta körpü	21	\N
208	Ağdam MRX	21	\N
209	Bərd MDM	21	\N
210	Bərdə ASM	21	\N
211	Bərdə Balabəy kəndi	21	\N
212	Bərdə Kənd	21	\N
213	Bərdə MRX	21	\N
214	Bərdə Zümürxan kənd	21	\N
215	Bərdə Əyricə kənd	21	\N
216	Epidemstansiya	21	\N
217	Tərtər MRX	21	\N
218	Şəfa klinikası	21	\N
219	Goranboy Alpout tibb mənt.	23	\N
220	Goranboy MRX	23	\N
221	Goranboy Medline	23	\N
222	Naftalan MRX	23	\N
223	Göyçay MRX	24	\N
224	Ucar MRX	24	\N
225	Zərdab MRX	24	\N
226	2 saylı Uşaq xəstəxanası	22	\N
227	Abbas Səhhət POL	22	\N
228	Ailə və nikah klinikası	22	\N
229	Ev Həkimi	22	\N
230	Gəncə 1N uşaq x.	22	\N
231	Gəncə 1Npol	22	\N
232	Gəncə 2N Pol	22	\N
233	Gəncə 2N Pol.	22	\N
234	Gəncə 3N TTYX	22	\N
235	Gəncə 3N pol.	22	\N
236	Gəncə 3N x	22	\N
237	Gəncə 3N x.	22	\N
238	Gəncə 3N xəst.	22	\N
239	Gəncə Beynəlxalq x.	22	\N
240	Gəncə DNK	22	\N
241	Gəncə Diaqnostika	22	\N
242	Gəncə Dəmiryol x.	22	\N
243	Gəncə Dəmiryol xəst.	22	\N
244	Gəncə Hərbi qospital	22	\N
245	Gəncə Mərkəzi Klinikası	22	\N
246	Gəncə Referans	22	\N
247	Gəncə TTYX	22	\N
248	Gəncə TTYX- 3N	22	\N
249	Gəncə TTYX-2N Pol.	22	\N
251	Gəncə Vərəm disp.	22	\N
252	Gəncə Vərəm dispanseri	22	\N
253	Gəncə Vərəm x.	22	\N
254	Gəncə İstanbul klinik.	22	\N
255	Nəzrin klinik	22	\N
256	Vest klinikası	22	\N
257	Yeni Gəncə Tibb mərkəzi	22	\N
258	Şəkərlər xəstəxanası	22	\N
259	Gəncə ev həkimi	22	\N
260	Astara Kijəbə kənd	43	\N
261	Astara MRX	43	\N
262	Astara Siyəkü Kəndi	43	\N
263	Astara Təngərüd kəndi	43	\N
264	Astara Ərçivan Kəndi	43	\N
265	Lerik MRX	43	\N
266	LƏNKƏRAN MEDİCAN HOSPİTALI	43	\N
267	Lənkəran ASM	43	\N
268	Lənkəran Avicenna kl	43	\N
269	Lənkəran MRX	43	\N
270	Lənkəran Mesican	43	\N
271	Lənkəran Sanatoria	43	\N
272	Lənkəran Vilvan kənd	43	\N
273	Lənkəran Vərəm Dispanseri	43	\N
274	Lənkəran Zövlə kənd	43	\N
275	Lənkəran Şixəkəran kənd	43	\N
276	Mamusta kənd	43	\N
277	Medican Hospital	43	\N
278	Medlandiya	43	\N
279	Monomed klinik	43	\N
280	Pensər kənd	43	\N
281	Ağdaş MRX	27	\N
282	Ağdaş MRX	31	\N
283	Ağdaş kənd	27	\N
284	Goranboy	27	\N
285	Göyçay MRX	27	\N
286	Mingəçevir	27	\N
287	Mingəçevir ASM	27	\N
288	Mingəçevir MRX	27	\N
289	Mingəçevir Nərgiz kl.	27	\N
290	Mingəçevir Nərgiz klinik.	27	\N
291	Mingəçevir Ramiz klinik.	27	\N
292	Mingəçevir Regional kl.	27	\N
293	Mingəçevir Regional klinik.	27	\N
294	Mingəçevir Vital kl.	27	\N
295	Mingəçevir Şəfa Diaqnostika	27	\N
296	Mingəçevir,Goranboy r.	27	\N
297	Mingəçevir,Yevlax r.	27	\N
298	Ucar MRX	27	\N
299	Yevlax	27	\N
300	Yevlax Aran poliklinik.	27	\N
301	Yevlax MRX	27	\N
302	Yevlaz ASM	27	\N
303	Babək Rayon Nehrəm kənd	44	\N
304	Babək Rayon Xəstəxanası	44	\N
305	Diaqnostika	44	\N
306	Naxçıvan MRX	44	\N
307	Naxçıvan Sağlamlıq mərkəzi	44	\N
308	Naxçıvan ş. Uşaq xəstəxanası	44	\N
309	Ordubad MRX	44	\N
310	Perinatal Mərkəz	44	\N
311	Qospital	44	\N
312	Respublika Xəstəxanası	44	\N
313	Şərur	44	\N
314	Şərur Xanlıqlar k	44	\N
315	Şərur Əfsanə klinikası	44	\N
316	Ənvər Klinikası	44	\N
317	10 saylı xəstəxana	28	\N
318	Mərdəkan  26 POL	28	\N
319	Beyləqan Azmed	45	\N
320	Beyləqan Daşburun qəs.	45	\N
321	Beyləqan MRX	45	\N
322	Beyləqan Yuxarı Aranlı	45	\N
323	Cəbrayıl qəs.	45	\N
324	Fizuli Qayıdış Qəs.	45	\N
325	Füzuli Diaqnostika	45	\N
326	Füzuli Horadiz	45	\N
327	Füzuli MDM	45	\N
328	Füzuli MRX	45	\N
329	Xocavənd MRX	45	\N
330	İmişli DYX	45	\N
331	İmişli MRX	45	\N
332	Nüqədi kənd tibb məntəqəsi	26	\N
333	QUBA MRX	26	\N
334	Quba Diaqnostika Mərkəzi	26	\N
335	XAÇMAZ MRX	26	\N
336	Xaçmaz Yeni Həyat T.M	26	\N
337	Xudat MRX	26	\N
338	Şabran MRX	26	\N
339	Bum qesebesi	25	\N
340	Hacallı k	25	\N
341	Oğuz	25	\N
342	Oğuz MRX	25	\N
343	Oğuz RMX	25	\N
344	Oğuzı MRX	25	\N
345	Qarabulaq k	25	\N
346	Qebele MRX	25	\N
347	QebeleMRX	25	\N
348	Qeble MRX	25	\N
349	Qəbələ	25	\N
350	Qəbələ Bum k.	25	\N
351	Qəbələ RMX	25	\N
352	Qəbələ Sağlam Həyat	25	\N
353	Qəbələ İkinci Nəfəs klinikası	25	\N
354	Sağlam Həyat	25	\N
355	Sincan k	25	\N
356	Vendam qesebesi	25	\N
357	Xaçmaz k	25	\N
358	sağ.heyat qebele	25	\N
359	İsmayıllı	25	\N
360	İsmayıllı Hacıhətəmli kəndi	25	\N
361	İsmayıllı MRX	25	\N
362	1 ASM	29	\N
363	1 POL	29	\N
364	1 XX	29	\N
365	1 № Doğum evi	29	\N
366	2  UP	29	\N
367	2 D/E	29	\N
368	2 POL	29	\N
369	2 XX	29	\N
370	3 POL	29	\N
371	3 Q/M	29	\N
372	3 UP	29	\N
373	3 X.X	29	\N
374	4 POL	29	\N
375	4 U.P	29	\N
376	4 X.X	29	\N
377	5 UP	29	\N
378	Az Klinik	29	\N
379	Diamed klinikası	29	\N
380	Hipokrat	29	\N
381	Kamed Klinikası	29	\N
382	Liman klinik	29	\N
383	Onkologiya	29	\N
384	Palıd Klinikası	29	\N
385	Real klinik	29	\N
386	Socar	29	\N
387	Sumqayıt Hospital	29	\N
388	Sumqayıt travmatologiya	29	\N
389	TTYX	29	\N
390	Unikal Klinik	29	\N
391	Yaşma Qəsəbə məntəqəsi	29	\N
392	Özəl kabinet	29	\N
393	İntermed klinikası	29	\N
398	Agsu MRX	30	\N
399	Agsu MRX Abadova	30	\N
400	Ağsu MRX	30	\N
401	Kalva k	30	\N
402	Kurdemir MRX	30	\N
403	Kürdəmir MRX	30	\N
404	Mereze MRX	30	\N
405	Qobustan MRX	30	\N
406	Samaxi	30	\N
407	Samaxi MRX	30	\N
408	Samaxi u/x	30	\N
409	Sigirli	30	\N
410	Sigirli k	30	\N
411	Şamaxı	30	\N
412	Şamaxı Diaqnostika M.	30	\N
413	Şamaxı MRX	30	\N
414	Şamaxı,Qobustan	30	\N
415	Hacıqabul	32	\N
416	Medikus	32	\N
417	Neftçala MRX	32	\N
418	Saly-Neft	32	\N
419	Saly-Neft.	32	\N
420	Salyan	32	\N
421	Salyan MX	32	\N
422	Salyan Med Plaza	32	\N
423	Şirvan	32	\N
424	Şirvan Diaqnostika	32	\N
425	Şirvan Diaqnostika Mərkəzi	32	\N
426	Şirvan Klinikası	32	\N
427	Şirvan MRX	32	\N
428	Şirvan doğum evi	32	\N
429	Şirvan şəh.Bayramlı qəs.	32	\N
430	Şirvan,Neftçala r.	32	\N
431	Şirvan,Salyan r.	32	\N
432	Aymed klinik	31	\N
433	Balaken MRX	31	\N
434	Balakən Katex kənd	31	\N
435	Balakən İtitala kəndi	31	\N
436	Balakən.qullar kənd məntəqəsi	31	\N
437	Bideyiz k	31	\N
438	Bonum medikal	31	\N
439	Eliabad k	31	\N
440	Elmas klinik	31	\N
441	Hayat Hospital	31	\N
442	Qax MRX	31	\N
443	Qax Qıpçaq kənd Dx	31	\N
444	Qax Əlibəyli kənd xəstəxanası	31	\N
445	Qazma k	31	\N
446	Seki MRX	31	\N
447	Zaqatala	31	\N
448	Zaqatala  Zeyzed Kəndi	31	\N
449	Zaqatala Diaqnostika mərkəzi	31	\N
450	Zaqatala Güvən klinikası	31	\N
451	Zaqatala MRX	31	\N
452	Zaqatala MRX Abdullayeva	31	\N
453	Zaqatala MRX Qaraehmedova	31	\N
454	nan	31	\N
455	Şəki	31	\N
456	Şəki ASM	31	\N
457	Şəki Modul Xəstəxana	31	\N
458	Medstar	47	\N
459	Zəyəm Tibb mərkəzi	47	\N
460	Şans klinikası	47	\N
461	Şəmkir MRX	47	\N
462	Şəmkir Vərəm Xəstəxanası	47	\N
463	nan	34	\N
464	nan	44	\N
250	Gəncə Vest klinik.	22	2
465	Test	49	\N
\.


--
-- Data for Name: regions_region; Type: TABLE DATA; Schema: public; Owner: postgres
--

COPY public.regions_region (id, region_name, region_type) FROM stdin;
49	Bölgə 14	Bakı
47	Şəmkir	Digər
45	Qarabağ	Digər
44	Naxcıvan	Digər
43	Lənkəran	Digər
42	Bakı bölgə-5	Bakı
41	Bakı bölgə-3	Bakı
40	Bakı bölgə-13	Bakı
39	Bakı bölgə-12	Bakı
38	Bakı bölgə-11	Bakı
37	Bakı bölgə-9	Bakı
36	Bakı bölgə-8	Bakı
35	Bakı bölgə-7	Bakı
34	Bakı bölgə-6	Bakı
33	Bakı bölgə-2	Bakı
32	Şirvan-Salyan	Digər
31	Şəki	Digər
29	Sumqayıt	Digər
28	Mərdəkan	Bakı
27	Mingəçevir	Digər
26	Quba	Digər
25	Qəbələ	Digər
24	Göyçay	Digər
23	Goranboy	Digər
22	Gəncə bölgə	Digər
21	Bərdə	Digər
30	Şamaxı	Digər
\.


--
-- Name: auth_group_id_seq; Type: SEQUENCE SET; Schema: public; Owner: postgres
--

SELECT pg_catalog.setval('public.auth_group_id_seq', 1, false);


--
-- Name: auth_group_permissions_id_seq; Type: SEQUENCE SET; Schema: public; Owner: postgres
--

SELECT pg_catalog.setval('public.auth_group_permissions_id_seq', 1, false);


--
-- Name: auth_permission_id_seq; Type: SEQUENCE SET; Schema: public; Owner: postgres
--

SELECT pg_catalog.setval('public.auth_permission_id_seq', 112, true);


--
-- Name: auth_user_groups_id_seq; Type: SEQUENCE SET; Schema: public; Owner: postgres
--

SELECT pg_catalog.setval('public.auth_user_groups_id_seq', 1, false);


--
-- Name: auth_user_id_seq; Type: SEQUENCE SET; Schema: public; Owner: postgres
--

SELECT pg_catalog.setval('public.auth_user_id_seq', 1, true);


--
-- Name: auth_user_user_permissions_id_seq; Type: SEQUENCE SET; Schema: public; Owner: postgres
--

SELECT pg_catalog.setval('public.auth_user_user_permissions_id_seq', 1, false);


--
-- Name: core_deletedrecipedruglog_id_seq; Type: SEQUENCE SET; Schema: public; Owner: postgres
--

SELECT pg_catalog.setval('public.core_deletedrecipedruglog_id_seq', 2, true);


--
-- Name: django_admin_log_id_seq; Type: SEQUENCE SET; Schema: public; Owner: postgres
--

SELECT pg_catalog.setval('public.django_admin_log_id_seq', 3264, true);


--
-- Name: django_content_type_id_seq; Type: SEQUENCE SET; Schema: public; Owner: postgres
--

SELECT pg_catalog.setval('public.django_content_type_id_seq', 28, true);


--
-- Name: django_migrations_id_seq; Type: SEQUENCE SET; Schema: public; Owner: postgres
--

SELECT pg_catalog.setval('public.django_migrations_id_seq', 79, true);


--
-- Name: doctors_doctors_id_seq; Type: SEQUENCE SET; Schema: public; Owner: postgres
--

SELECT pg_catalog.setval('public.doctors_doctors_id_seq', 2638, true);


--
-- Name: doctors_realsales_id_seq; Type: SEQUENCE SET; Schema: public; Owner: postgres
--

SELECT pg_catalog.setval('public.doctors_realsales_id_seq', 4, true);


--
-- Name: doctors_realsalesdrug_id_seq; Type: SEQUENCE SET; Schema: public; Owner: postgres
--

SELECT pg_catalog.setval('public.doctors_realsalesdrug_id_seq', 5, true);


--
-- Name: doctors_recipe_id_seq; Type: SEQUENCE SET; Schema: public; Owner: postgres
--

SELECT pg_catalog.setval('public.doctors_recipe_id_seq', 1966, true);


--
-- Name: doctors_recipedrug_id_seq; Type: SEQUENCE SET; Schema: public; Owner: postgres
--

SELECT pg_catalog.setval('public.doctors_recipedrug_id_seq', 3450, true);


--
-- Name: export_backup_id_seq; Type: SEQUENCE SET; Schema: public; Owner: postgres
--

SELECT pg_catalog.setval('public.export_backup_id_seq', 20, true);


--
-- Name: medicine_medical_id_seq; Type: SEQUENCE SET; Schema: public; Owner: postgres
--

SELECT pg_catalog.setval('public.medicine_medical_id_seq', 121, true);


--
-- Name: order_invoice_id_seq; Type: SEQUENCE SET; Schema: public; Owner: postgres
--

SELECT pg_catalog.setval('public.order_invoice_id_seq', 1, false);


--
-- Name: order_invoice_orders_id_seq; Type: SEQUENCE SET; Schema: public; Owner: postgres
--

SELECT pg_catalog.setval('public.order_invoice_orders_id_seq', 1, false);


--
-- Name: order_order_id_seq; Type: SEQUENCE SET; Schema: public; Owner: postgres
--

SELECT pg_catalog.setval('public.order_order_id_seq', 1, false);


--
-- Name: order_stock_id_seq; Type: SEQUENCE SET; Schema: public; Owner: postgres
--

SELECT pg_catalog.setval('public.order_stock_id_seq', 1, false);


--
-- Name: payment_monthlydoctorreport_id_seq; Type: SEQUENCE SET; Schema: public; Owner: postgres
--

SELECT pg_catalog.setval('public.payment_monthlydoctorreport_id_seq', 2274, true);


--
-- Name: payment_payment_doctor_id_seq; Type: SEQUENCE SET; Schema: public; Owner: postgres
--

SELECT pg_catalog.setval('public.payment_payment_doctor_id_seq', 11, true);


--
-- Name: payment_payment_id_seq; Type: SEQUENCE SET; Schema: public; Owner: postgres
--

SELECT pg_catalog.setval('public.payment_payment_id_seq', 1, false);


--
-- Name: payment_sale_id_seq; Type: SEQUENCE SET; Schema: public; Owner: postgres
--

SELECT pg_catalog.setval('public.payment_sale_id_seq', 171, true);


--
-- Name: pharmach_pharm_id_seq; Type: SEQUENCE SET; Schema: public; Owner: postgres
--

SELECT pg_catalog.setval('public.pharmach_pharm_id_seq', 1, false);


--
-- Name: regions_city_id_seq; Type: SEQUENCE SET; Schema: public; Owner: postgres
--

SELECT pg_catalog.setval('public.regions_city_id_seq', 4, true);


--
-- Name: regions_hospital_id_seq; Type: SEQUENCE SET; Schema: public; Owner: postgres
--

SELECT pg_catalog.setval('public.regions_hospital_id_seq', 465, true);


--
-- Name: regions_region_id_seq; Type: SEQUENCE SET; Schema: public; Owner: postgres
--

SELECT pg_catalog.setval('public.regions_region_id_seq', 49, true);


--
-- Name: auth_group auth_group_name_key; Type: CONSTRAINT; Schema: public; Owner: postgres
--

ALTER TABLE ONLY public.auth_group
    ADD CONSTRAINT auth_group_name_key UNIQUE (name);


--
-- Name: auth_group_permissions auth_group_permissions_group_id_permission_id_0cd325b0_uniq; Type: CONSTRAINT; Schema: public; Owner: postgres
--

ALTER TABLE ONLY public.auth_group_permissions
    ADD CONSTRAINT auth_group_permissions_group_id_permission_id_0cd325b0_uniq UNIQUE (group_id, permission_id);


--
-- Name: auth_group_permissions auth_group_permissions_pkey; Type: CONSTRAINT; Schema: public; Owner: postgres
--

ALTER TABLE ONLY public.auth_group_permissions
    ADD CONSTRAINT auth_group_permissions_pkey PRIMARY KEY (id);


--
-- Name: auth_group auth_group_pkey; Type: CONSTRAINT; Schema: public; Owner: postgres
--

ALTER TABLE ONLY public.auth_group
    ADD CONSTRAINT auth_group_pkey PRIMARY KEY (id);


--
-- Name: auth_permission auth_permission_content_type_id_codename_01ab375a_uniq; Type: CONSTRAINT; Schema: public; Owner: postgres
--

ALTER TABLE ONLY public.auth_permission
    ADD CONSTRAINT auth_permission_content_type_id_codename_01ab375a_uniq UNIQUE (content_type_id, codename);


--
-- Name: auth_permission auth_permission_pkey; Type: CONSTRAINT; Schema: public; Owner: postgres
--

ALTER TABLE ONLY public.auth_permission
    ADD CONSTRAINT auth_permission_pkey PRIMARY KEY (id);


--
-- Name: auth_user_groups auth_user_groups_pkey; Type: CONSTRAINT; Schema: public; Owner: postgres
--

ALTER TABLE ONLY public.auth_user_groups
    ADD CONSTRAINT auth_user_groups_pkey PRIMARY KEY (id);


--
-- Name: auth_user_groups auth_user_groups_user_id_group_id_94350c0c_uniq; Type: CONSTRAINT; Schema: public; Owner: postgres
--

ALTER TABLE ONLY public.auth_user_groups
    ADD CONSTRAINT auth_user_groups_user_id_group_id_94350c0c_uniq UNIQUE (user_id, group_id);


--
-- Name: auth_user auth_user_pkey; Type: CONSTRAINT; Schema: public; Owner: postgres
--

ALTER TABLE ONLY public.auth_user
    ADD CONSTRAINT auth_user_pkey PRIMARY KEY (id);


--
-- Name: auth_user_user_permissions auth_user_user_permissions_pkey; Type: CONSTRAINT; Schema: public; Owner: postgres
--

ALTER TABLE ONLY public.auth_user_user_permissions
    ADD CONSTRAINT auth_user_user_permissions_pkey PRIMARY KEY (id);


--
-- Name: auth_user_user_permissions auth_user_user_permissions_user_id_permission_id_14a6b632_uniq; Type: CONSTRAINT; Schema: public; Owner: postgres
--

ALTER TABLE ONLY public.auth_user_user_permissions
    ADD CONSTRAINT auth_user_user_permissions_user_id_permission_id_14a6b632_uniq UNIQUE (user_id, permission_id);


--
-- Name: auth_user auth_user_username_key; Type: CONSTRAINT; Schema: public; Owner: postgres
--

ALTER TABLE ONLY public.auth_user
    ADD CONSTRAINT auth_user_username_key UNIQUE (username);


--
-- Name: core_deletedrecipedruglog core_deletedrecipedruglog_pkey; Type: CONSTRAINT; Schema: public; Owner: postgres
--

ALTER TABLE ONLY public.core_deletedrecipedruglog
    ADD CONSTRAINT core_deletedrecipedruglog_pkey PRIMARY KEY (id);


--
-- Name: django_admin_log django_admin_log_pkey; Type: CONSTRAINT; Schema: public; Owner: postgres
--

ALTER TABLE ONLY public.django_admin_log
    ADD CONSTRAINT django_admin_log_pkey PRIMARY KEY (id);


--
-- Name: django_content_type django_content_type_app_label_model_76bd3d3b_uniq; Type: CONSTRAINT; Schema: public; Owner: postgres
--

ALTER TABLE ONLY public.django_content_type
    ADD CONSTRAINT django_content_type_app_label_model_76bd3d3b_uniq UNIQUE (app_label, model);


--
-- Name: django_content_type django_content_type_pkey; Type: CONSTRAINT; Schema: public; Owner: postgres
--

ALTER TABLE ONLY public.django_content_type
    ADD CONSTRAINT django_content_type_pkey PRIMARY KEY (id);


--
-- Name: django_migrations django_migrations_pkey; Type: CONSTRAINT; Schema: public; Owner: postgres
--

ALTER TABLE ONLY public.django_migrations
    ADD CONSTRAINT django_migrations_pkey PRIMARY KEY (id);


--
-- Name: django_session django_session_pkey; Type: CONSTRAINT; Schema: public; Owner: postgres
--

ALTER TABLE ONLY public.django_session
    ADD CONSTRAINT django_session_pkey PRIMARY KEY (session_key);


--
-- Name: doctors_doctors doctors_doctors_barkod_key; Type: CONSTRAINT; Schema: public; Owner: postgres
--

ALTER TABLE ONLY public.doctors_doctors
    ADD CONSTRAINT doctors_doctors_barkod_key UNIQUE (barkod);


--
-- Name: doctors_doctors doctors_doctors_pkey; Type: CONSTRAINT; Schema: public; Owner: postgres
--

ALTER TABLE ONLY public.doctors_doctors
    ADD CONSTRAINT doctors_doctors_pkey PRIMARY KEY (id);


--
-- Name: doctors_realsales doctors_realsales_pkey; Type: CONSTRAINT; Schema: public; Owner: postgres
--

ALTER TABLE ONLY public.doctors_realsales
    ADD CONSTRAINT doctors_realsales_pkey PRIMARY KEY (id);


--
-- Name: doctors_realsalesdrug doctors_realsalesdrug_pkey; Type: CONSTRAINT; Schema: public; Owner: postgres
--

ALTER TABLE ONLY public.doctors_realsalesdrug
    ADD CONSTRAINT doctors_realsalesdrug_pkey PRIMARY KEY (id);


--
-- Name: doctors_recipe doctors_recipe_pkey; Type: CONSTRAINT; Schema: public; Owner: postgres
--

ALTER TABLE ONLY public.doctors_recipe
    ADD CONSTRAINT doctors_recipe_pkey PRIMARY KEY (id);


--
-- Name: doctors_recipedrug doctors_recipedrug_pkey; Type: CONSTRAINT; Schema: public; Owner: postgres
--

ALTER TABLE ONLY public.doctors_recipedrug
    ADD CONSTRAINT doctors_recipedrug_pkey PRIMARY KEY (id);


--
-- Name: export_backup export_backup_pkey; Type: CONSTRAINT; Schema: public; Owner: postgres
--

ALTER TABLE ONLY public.export_backup
    ADD CONSTRAINT export_backup_pkey PRIMARY KEY (id);


--
-- Name: medicine_medical medicine_medical_pkey; Type: CONSTRAINT; Schema: public; Owner: postgres
--

ALTER TABLE ONLY public.medicine_medical
    ADD CONSTRAINT medicine_medical_pkey PRIMARY KEY (id);


--
-- Name: order_invoice_orders order_invoice_orders_invoice_id_order_id_eb3eac7a_uniq; Type: CONSTRAINT; Schema: public; Owner: postgres
--

ALTER TABLE ONLY public.order_invoice_orders
    ADD CONSTRAINT order_invoice_orders_invoice_id_order_id_eb3eac7a_uniq UNIQUE (invoice_id, order_id);


--
-- Name: order_invoice_orders order_invoice_orders_pkey; Type: CONSTRAINT; Schema: public; Owner: postgres
--

ALTER TABLE ONLY public.order_invoice_orders
    ADD CONSTRAINT order_invoice_orders_pkey PRIMARY KEY (id);


--
-- Name: order_invoice order_invoice_pkey; Type: CONSTRAINT; Schema: public; Owner: postgres
--

ALTER TABLE ONLY public.order_invoice
    ADD CONSTRAINT order_invoice_pkey PRIMARY KEY (id);


--
-- Name: order_order order_order_pkey; Type: CONSTRAINT; Schema: public; Owner: postgres
--

ALTER TABLE ONLY public.order_order
    ADD CONSTRAINT order_order_pkey PRIMARY KEY (id);


--
-- Name: order_stock order_stock_pkey; Type: CONSTRAINT; Schema: public; Owner: postgres
--

ALTER TABLE ONLY public.order_stock
    ADD CONSTRAINT order_stock_pkey PRIMARY KEY (id);


--
-- Name: payment_monthlydoctorreport payment_monthlydoctorrep_doctor_id_report_month_3a4b2e93_uniq; Type: CONSTRAINT; Schema: public; Owner: postgres
--

ALTER TABLE ONLY public.payment_monthlydoctorreport
    ADD CONSTRAINT payment_monthlydoctorrep_doctor_id_report_month_3a4b2e93_uniq UNIQUE (doctor_id, report_month);


--
-- Name: payment_monthlydoctorreport payment_monthlydoctorreport_pkey; Type: CONSTRAINT; Schema: public; Owner: postgres
--

ALTER TABLE ONLY public.payment_monthlydoctorreport
    ADD CONSTRAINT payment_monthlydoctorreport_pkey PRIMARY KEY (id);


--
-- Name: payment_payment_doctor payment_payment_doctor_pkey; Type: CONSTRAINT; Schema: public; Owner: postgres
--

ALTER TABLE ONLY public.payment_payment_doctor
    ADD CONSTRAINT payment_payment_doctor_pkey PRIMARY KEY (id);


--
-- Name: payment_payment payment_payment_pkey; Type: CONSTRAINT; Schema: public; Owner: postgres
--

ALTER TABLE ONLY public.payment_payment
    ADD CONSTRAINT payment_payment_pkey PRIMARY KEY (id);


--
-- Name: payment_sale payment_sale_pkey; Type: CONSTRAINT; Schema: public; Owner: postgres
--

ALTER TABLE ONLY public.payment_sale
    ADD CONSTRAINT payment_sale_pkey PRIMARY KEY (id);


--
-- Name: pharmach_pharm pharmach_pharm_pkey; Type: CONSTRAINT; Schema: public; Owner: postgres
--

ALTER TABLE ONLY public.pharmach_pharm
    ADD CONSTRAINT pharmach_pharm_pkey PRIMARY KEY (id);


--
-- Name: regions_city regions_city_pkey; Type: CONSTRAINT; Schema: public; Owner: postgres
--

ALTER TABLE ONLY public.regions_city
    ADD CONSTRAINT regions_city_pkey PRIMARY KEY (id);


--
-- Name: regions_hospital regions_hospital_pkey; Type: CONSTRAINT; Schema: public; Owner: postgres
--

ALTER TABLE ONLY public.regions_hospital
    ADD CONSTRAINT regions_hospital_pkey PRIMARY KEY (id);


--
-- Name: regions_region regions_region_pkey; Type: CONSTRAINT; Schema: public; Owner: postgres
--

ALTER TABLE ONLY public.regions_region
    ADD CONSTRAINT regions_region_pkey PRIMARY KEY (id);


--
-- Name: regions_region regions_region_region_name_key; Type: CONSTRAINT; Schema: public; Owner: postgres
--

ALTER TABLE ONLY public.regions_region
    ADD CONSTRAINT regions_region_region_name_key UNIQUE (region_name);


--
-- Name: auth_group_name_a6ea08ec_like; Type: INDEX; Schema: public; Owner: postgres
--

CREATE INDEX auth_group_name_a6ea08ec_like ON public.auth_group USING btree (name varchar_pattern_ops);


--
-- Name: auth_group_permissions_group_id_b120cbf9; Type: INDEX; Schema: public; Owner: postgres
--

CREATE INDEX auth_group_permissions_group_id_b120cbf9 ON public.auth_group_permissions USING btree (group_id);


--
-- Name: auth_group_permissions_permission_id_84c5c92e; Type: INDEX; Schema: public; Owner: postgres
--

CREATE INDEX auth_group_permissions_permission_id_84c5c92e ON public.auth_group_permissions USING btree (permission_id);


--
-- Name: auth_permission_content_type_id_2f476e4b; Type: INDEX; Schema: public; Owner: postgres
--

CREATE INDEX auth_permission_content_type_id_2f476e4b ON public.auth_permission USING btree (content_type_id);


--
-- Name: auth_user_groups_group_id_97559544; Type: INDEX; Schema: public; Owner: postgres
--

CREATE INDEX auth_user_groups_group_id_97559544 ON public.auth_user_groups USING btree (group_id);


--
-- Name: auth_user_groups_user_id_6a12ed8b; Type: INDEX; Schema: public; Owner: postgres
--

CREATE INDEX auth_user_groups_user_id_6a12ed8b ON public.auth_user_groups USING btree (user_id);


--
-- Name: auth_user_user_permissions_permission_id_1fbb5f2c; Type: INDEX; Schema: public; Owner: postgres
--

CREATE INDEX auth_user_user_permissions_permission_id_1fbb5f2c ON public.auth_user_user_permissions USING btree (permission_id);


--
-- Name: auth_user_user_permissions_user_id_a95ead1b; Type: INDEX; Schema: public; Owner: postgres
--

CREATE INDEX auth_user_user_permissions_user_id_a95ead1b ON public.auth_user_user_permissions USING btree (user_id);


--
-- Name: auth_user_username_6821ab7c_like; Type: INDEX; Schema: public; Owner: postgres
--

CREATE INDEX auth_user_username_6821ab7c_like ON public.auth_user USING btree (username varchar_pattern_ops);


--
-- Name: core_deletedrecipedruglog_deleted_by_id_b8a1caf7; Type: INDEX; Schema: public; Owner: postgres
--

CREATE INDEX core_deletedrecipedruglog_deleted_by_id_b8a1caf7 ON public.core_deletedrecipedruglog USING btree (deleted_by_id);


--
-- Name: django_admin_log_content_type_id_c4bce8eb; Type: INDEX; Schema: public; Owner: postgres
--

CREATE INDEX django_admin_log_content_type_id_c4bce8eb ON public.django_admin_log USING btree (content_type_id);


--
-- Name: django_admin_log_user_id_c564eba6; Type: INDEX; Schema: public; Owner: postgres
--

CREATE INDEX django_admin_log_user_id_c564eba6 ON public.django_admin_log USING btree (user_id);


--
-- Name: django_session_expire_date_a5c62663; Type: INDEX; Schema: public; Owner: postgres
--

CREATE INDEX django_session_expire_date_a5c62663 ON public.django_session USING btree (expire_date);


--
-- Name: django_session_session_key_c0390e0f_like; Type: INDEX; Schema: public; Owner: postgres
--

CREATE INDEX django_session_session_key_c0390e0f_like ON public.django_session USING btree (session_key varchar_pattern_ops);


--
-- Name: doctors_doctors_barkod_b93d9d39_like; Type: INDEX; Schema: public; Owner: postgres
--

CREATE INDEX doctors_doctors_barkod_b93d9d39_like ON public.doctors_doctors USING btree (barkod varchar_pattern_ops);


--
-- Name: doctors_doctors_bolge_id_056eacc2; Type: INDEX; Schema: public; Owner: postgres
--

CREATE INDEX doctors_doctors_bolge_id_056eacc2 ON public.doctors_doctors USING btree (bolge_id);


--
-- Name: doctors_doctors_city_id_ae09bd1e; Type: INDEX; Schema: public; Owner: postgres
--

CREATE INDEX doctors_doctors_city_id_ae09bd1e ON public.doctors_doctors USING btree (city_id);


--
-- Name: doctors_doctors_klinika_id_efee8c6d; Type: INDEX; Schema: public; Owner: postgres
--

CREATE INDEX doctors_doctors_klinika_id_efee8c6d ON public.doctors_doctors USING btree (klinika_id);


--
-- Name: doctors_realsales_dr_name_id_dbe846c3; Type: INDEX; Schema: public; Owner: postgres
--

CREATE INDEX doctors_realsales_dr_name_id_dbe846c3 ON public.doctors_realsales USING btree (dr_name_id);


--
-- Name: doctors_realsales_region_n_id_603a649a; Type: INDEX; Schema: public; Owner: postgres
--

CREATE INDEX doctors_realsales_region_n_id_603a649a ON public.doctors_realsales USING btree (region_n_id);


--
-- Name: doctors_realsalesdrug_drug_name_id_46f87e00; Type: INDEX; Schema: public; Owner: postgres
--

CREATE INDEX doctors_realsalesdrug_drug_name_id_46f87e00 ON public.doctors_realsalesdrug USING btree (drug_name_id);


--
-- Name: doctors_realsalesdrug_real_sale_id_35443f99; Type: INDEX; Schema: public; Owner: postgres
--

CREATE INDEX doctors_realsalesdrug_real_sale_id_35443f99 ON public.doctors_realsalesdrug USING btree (real_sale_id);


--
-- Name: doctors_recipe_dr_id_9a142213; Type: INDEX; Schema: public; Owner: postgres
--

CREATE INDEX doctors_recipe_dr_id_9a142213 ON public.doctors_recipe USING btree (dr_id);


--
-- Name: doctors_recipe_region_id_fecea7ff; Type: INDEX; Schema: public; Owner: postgres
--

CREATE INDEX doctors_recipe_region_id_fecea7ff ON public.doctors_recipe USING btree (region_id);


--
-- Name: doctors_recipedrug_drug_id_2befd933; Type: INDEX; Schema: public; Owner: postgres
--

CREATE INDEX doctors_recipedrug_drug_id_2befd933 ON public.doctors_recipedrug USING btree (drug_id);


--
-- Name: doctors_recipedrug_recipe_id_75aedc44; Type: INDEX; Schema: public; Owner: postgres
--

CREATE INDEX doctors_recipedrug_recipe_id_75aedc44 ON public.doctors_recipedrug USING btree (recipe_id);


--
-- Name: order_invoice_orders_invoice_id_516d5e47; Type: INDEX; Schema: public; Owner: postgres
--

CREATE INDEX order_invoice_orders_invoice_id_516d5e47 ON public.order_invoice_orders USING btree (invoice_id);


--
-- Name: order_invoice_orders_order_id_a5609c37; Type: INDEX; Schema: public; Owner: postgres
--

CREATE INDEX order_invoice_orders_order_id_a5609c37 ON public.order_invoice_orders USING btree (order_id);


--
-- Name: order_invoice_pharma_id_9f4342f5; Type: INDEX; Schema: public; Owner: postgres
--

CREATE INDEX order_invoice_pharma_id_9f4342f5 ON public.order_invoice USING btree (pharma_id);


--
-- Name: order_order_aptek_id_d9ac6cdc; Type: INDEX; Schema: public; Owner: postgres
--

CREATE INDEX order_order_aptek_id_d9ac6cdc ON public.order_order USING btree (aptek_id);


--
-- Name: order_order_drug_id_72e8b95f; Type: INDEX; Schema: public; Owner: postgres
--

CREATE INDEX order_order_drug_id_72e8b95f ON public.order_order USING btree (drug_id);


--
-- Name: order_stock_drug_id_77dc5d97; Type: INDEX; Schema: public; Owner: postgres
--

CREATE INDEX order_stock_drug_id_77dc5d97 ON public.order_stock USING btree (drug_id);


--
-- Name: payment_monthlydoctorreport_doctor_id_a1342ef6; Type: INDEX; Schema: public; Owner: postgres
--

CREATE INDEX payment_monthlydoctorreport_doctor_id_a1342ef6 ON public.payment_monthlydoctorreport USING btree (doctor_id);


--
-- Name: payment_payment_doctor_area_id_730b10c0; Type: INDEX; Schema: public; Owner: postgres
--

CREATE INDEX payment_payment_doctor_area_id_730b10c0 ON public.payment_payment_doctor USING btree (area_id);


--
-- Name: payment_payment_doctor_doctor_id_aadc8112; Type: INDEX; Schema: public; Owner: postgres
--

CREATE INDEX payment_payment_doctor_doctor_id_aadc8112 ON public.payment_payment_doctor USING btree (doctor_id);


--
-- Name: payment_payment_order_id_22b45881; Type: INDEX; Schema: public; Owner: postgres
--

CREATE INDEX payment_payment_order_id_22b45881 ON public.payment_payment USING btree (order_id);


--
-- Name: payment_payment_pharm_id_5a75e16d; Type: INDEX; Schema: public; Owner: postgres
--

CREATE INDEX payment_payment_pharm_id_5a75e16d ON public.payment_payment USING btree (pharm_id);


--
-- Name: payment_sale_drug_id_5350c116; Type: INDEX; Schema: public; Owner: postgres
--

CREATE INDEX payment_sale_drug_id_5350c116 ON public.payment_sale USING btree (drug_id);


--
-- Name: payment_sale_region_id_79f6f01a; Type: INDEX; Schema: public; Owner: postgres
--

CREATE INDEX payment_sale_region_id_79f6f01a ON public.payment_sale USING btree (region_id);


--
-- Name: regions_city_region_id_591f0555; Type: INDEX; Schema: public; Owner: postgres
--

CREATE INDEX regions_city_region_id_591f0555 ON public.regions_city USING btree (region_id);


--
-- Name: regions_hospital_city_id_0192f760; Type: INDEX; Schema: public; Owner: postgres
--

CREATE INDEX regions_hospital_city_id_0192f760 ON public.regions_hospital USING btree (city_id);


--
-- Name: regions_hospital_region_net_id_c5b825f6; Type: INDEX; Schema: public; Owner: postgres
--

CREATE INDEX regions_hospital_region_net_id_c5b825f6 ON public.regions_hospital USING btree (region_net_id);


--
-- Name: regions_region_region_name_9bdd389f_like; Type: INDEX; Schema: public; Owner: postgres
--

CREATE INDEX regions_region_region_name_9bdd389f_like ON public.regions_region USING btree (region_name varchar_pattern_ops);


--
-- Name: auth_group_permissions auth_group_permissio_permission_id_84c5c92e_fk_auth_perm; Type: FK CONSTRAINT; Schema: public; Owner: postgres
--

ALTER TABLE ONLY public.auth_group_permissions
    ADD CONSTRAINT auth_group_permissio_permission_id_84c5c92e_fk_auth_perm FOREIGN KEY (permission_id) REFERENCES public.auth_permission(id) DEFERRABLE INITIALLY DEFERRED;


--
-- Name: auth_group_permissions auth_group_permissions_group_id_b120cbf9_fk_auth_group_id; Type: FK CONSTRAINT; Schema: public; Owner: postgres
--

ALTER TABLE ONLY public.auth_group_permissions
    ADD CONSTRAINT auth_group_permissions_group_id_b120cbf9_fk_auth_group_id FOREIGN KEY (group_id) REFERENCES public.auth_group(id) DEFERRABLE INITIALLY DEFERRED;


--
-- Name: auth_permission auth_permission_content_type_id_2f476e4b_fk_django_co; Type: FK CONSTRAINT; Schema: public; Owner: postgres
--

ALTER TABLE ONLY public.auth_permission
    ADD CONSTRAINT auth_permission_content_type_id_2f476e4b_fk_django_co FOREIGN KEY (content_type_id) REFERENCES public.django_content_type(id) DEFERRABLE INITIALLY DEFERRED;


--
-- Name: auth_user_groups auth_user_groups_group_id_97559544_fk_auth_group_id; Type: FK CONSTRAINT; Schema: public; Owner: postgres
--

ALTER TABLE ONLY public.auth_user_groups
    ADD CONSTRAINT auth_user_groups_group_id_97559544_fk_auth_group_id FOREIGN KEY (group_id) REFERENCES public.auth_group(id) DEFERRABLE INITIALLY DEFERRED;


--
-- Name: auth_user_groups auth_user_groups_user_id_6a12ed8b_fk_auth_user_id; Type: FK CONSTRAINT; Schema: public; Owner: postgres
--

ALTER TABLE ONLY public.auth_user_groups
    ADD CONSTRAINT auth_user_groups_user_id_6a12ed8b_fk_auth_user_id FOREIGN KEY (user_id) REFERENCES public.auth_user(id) DEFERRABLE INITIALLY DEFERRED;


--
-- Name: auth_user_user_permissions auth_user_user_permi_permission_id_1fbb5f2c_fk_auth_perm; Type: FK CONSTRAINT; Schema: public; Owner: postgres
--

ALTER TABLE ONLY public.auth_user_user_permissions
    ADD CONSTRAINT auth_user_user_permi_permission_id_1fbb5f2c_fk_auth_perm FOREIGN KEY (permission_id) REFERENCES public.auth_permission(id) DEFERRABLE INITIALLY DEFERRED;


--
-- Name: auth_user_user_permissions auth_user_user_permissions_user_id_a95ead1b_fk_auth_user_id; Type: FK CONSTRAINT; Schema: public; Owner: postgres
--

ALTER TABLE ONLY public.auth_user_user_permissions
    ADD CONSTRAINT auth_user_user_permissions_user_id_a95ead1b_fk_auth_user_id FOREIGN KEY (user_id) REFERENCES public.auth_user(id) DEFERRABLE INITIALLY DEFERRED;


--
-- Name: core_deletedrecipedruglog core_deletedrecipedr_deleted_by_id_b8a1caf7_fk_auth_user; Type: FK CONSTRAINT; Schema: public; Owner: postgres
--

ALTER TABLE ONLY public.core_deletedrecipedruglog
    ADD CONSTRAINT core_deletedrecipedr_deleted_by_id_b8a1caf7_fk_auth_user FOREIGN KEY (deleted_by_id) REFERENCES public.auth_user(id) DEFERRABLE INITIALLY DEFERRED;


--
-- Name: django_admin_log django_admin_log_content_type_id_c4bce8eb_fk_django_co; Type: FK CONSTRAINT; Schema: public; Owner: postgres
--

ALTER TABLE ONLY public.django_admin_log
    ADD CONSTRAINT django_admin_log_content_type_id_c4bce8eb_fk_django_co FOREIGN KEY (content_type_id) REFERENCES public.django_content_type(id) DEFERRABLE INITIALLY DEFERRED;


--
-- Name: django_admin_log django_admin_log_user_id_c564eba6_fk_auth_user_id; Type: FK CONSTRAINT; Schema: public; Owner: postgres
--

ALTER TABLE ONLY public.django_admin_log
    ADD CONSTRAINT django_admin_log_user_id_c564eba6_fk_auth_user_id FOREIGN KEY (user_id) REFERENCES public.auth_user(id) DEFERRABLE INITIALLY DEFERRED;


--
-- Name: doctors_doctors doctors_doctors_bolge_id_056eacc2_fk_regions_region_id; Type: FK CONSTRAINT; Schema: public; Owner: postgres
--

ALTER TABLE ONLY public.doctors_doctors
    ADD CONSTRAINT doctors_doctors_bolge_id_056eacc2_fk_regions_region_id FOREIGN KEY (bolge_id) REFERENCES public.regions_region(id) DEFERRABLE INITIALLY DEFERRED;


--
-- Name: doctors_doctors doctors_doctors_city_id_ae09bd1e_fk_regions_city_id; Type: FK CONSTRAINT; Schema: public; Owner: postgres
--

ALTER TABLE ONLY public.doctors_doctors
    ADD CONSTRAINT doctors_doctors_city_id_ae09bd1e_fk_regions_city_id FOREIGN KEY (city_id) REFERENCES public.regions_city(id) DEFERRABLE INITIALLY DEFERRED;


--
-- Name: doctors_doctors doctors_doctors_klinika_id_efee8c6d_fk_regions_hospital_id; Type: FK CONSTRAINT; Schema: public; Owner: postgres
--

ALTER TABLE ONLY public.doctors_doctors
    ADD CONSTRAINT doctors_doctors_klinika_id_efee8c6d_fk_regions_hospital_id FOREIGN KEY (klinika_id) REFERENCES public.regions_hospital(id) DEFERRABLE INITIALLY DEFERRED;


--
-- Name: doctors_realsales doctors_realsales_dr_name_id_dbe846c3_fk_doctors_doctors_id; Type: FK CONSTRAINT; Schema: public; Owner: postgres
--

ALTER TABLE ONLY public.doctors_realsales
    ADD CONSTRAINT doctors_realsales_dr_name_id_dbe846c3_fk_doctors_doctors_id FOREIGN KEY (dr_name_id) REFERENCES public.doctors_doctors(id) DEFERRABLE INITIALLY DEFERRED;


--
-- Name: doctors_realsales doctors_realsales_region_n_id_603a649a_fk_regions_region_id; Type: FK CONSTRAINT; Schema: public; Owner: postgres
--

ALTER TABLE ONLY public.doctors_realsales
    ADD CONSTRAINT doctors_realsales_region_n_id_603a649a_fk_regions_region_id FOREIGN KEY (region_n_id) REFERENCES public.regions_region(id) DEFERRABLE INITIALLY DEFERRED;


--
-- Name: doctors_realsalesdrug doctors_realsalesdru_drug_name_id_46f87e00_fk_medicine_; Type: FK CONSTRAINT; Schema: public; Owner: postgres
--

ALTER TABLE ONLY public.doctors_realsalesdrug
    ADD CONSTRAINT doctors_realsalesdru_drug_name_id_46f87e00_fk_medicine_ FOREIGN KEY (drug_name_id) REFERENCES public.medicine_medical(id) DEFERRABLE INITIALLY DEFERRED;


--
-- Name: doctors_realsalesdrug doctors_realsalesdru_real_sale_id_35443f99_fk_doctors_r; Type: FK CONSTRAINT; Schema: public; Owner: postgres
--

ALTER TABLE ONLY public.doctors_realsalesdrug
    ADD CONSTRAINT doctors_realsalesdru_real_sale_id_35443f99_fk_doctors_r FOREIGN KEY (real_sale_id) REFERENCES public.doctors_realsales(id) DEFERRABLE INITIALLY DEFERRED;


--
-- Name: doctors_recipe doctors_recipe_dr_id_9a142213_fk_doctors_doctors_id; Type: FK CONSTRAINT; Schema: public; Owner: postgres
--

ALTER TABLE ONLY public.doctors_recipe
    ADD CONSTRAINT doctors_recipe_dr_id_9a142213_fk_doctors_doctors_id FOREIGN KEY (dr_id) REFERENCES public.doctors_doctors(id) DEFERRABLE INITIALLY DEFERRED;


--
-- Name: doctors_recipe doctors_recipe_region_id_fecea7ff_fk_regions_region_id; Type: FK CONSTRAINT; Schema: public; Owner: postgres
--

ALTER TABLE ONLY public.doctors_recipe
    ADD CONSTRAINT doctors_recipe_region_id_fecea7ff_fk_regions_region_id FOREIGN KEY (region_id) REFERENCES public.regions_region(id) DEFERRABLE INITIALLY DEFERRED;


--
-- Name: doctors_recipedrug doctors_recipedrug_drug_id_2befd933_fk_medicine_medical_id; Type: FK CONSTRAINT; Schema: public; Owner: postgres
--

ALTER TABLE ONLY public.doctors_recipedrug
    ADD CONSTRAINT doctors_recipedrug_drug_id_2befd933_fk_medicine_medical_id FOREIGN KEY (drug_id) REFERENCES public.medicine_medical(id) DEFERRABLE INITIALLY DEFERRED;


--
-- Name: doctors_recipedrug doctors_recipedrug_recipe_id_75aedc44_fk_doctors_recipe_id; Type: FK CONSTRAINT; Schema: public; Owner: postgres
--

ALTER TABLE ONLY public.doctors_recipedrug
    ADD CONSTRAINT doctors_recipedrug_recipe_id_75aedc44_fk_doctors_recipe_id FOREIGN KEY (recipe_id) REFERENCES public.doctors_recipe(id) DEFERRABLE INITIALLY DEFERRED;


--
-- Name: order_invoice_orders order_invoice_orders_invoice_id_516d5e47_fk_order_invoice_id; Type: FK CONSTRAINT; Schema: public; Owner: postgres
--

ALTER TABLE ONLY public.order_invoice_orders
    ADD CONSTRAINT order_invoice_orders_invoice_id_516d5e47_fk_order_invoice_id FOREIGN KEY (invoice_id) REFERENCES public.order_invoice(id) DEFERRABLE INITIALLY DEFERRED;


--
-- Name: order_invoice_orders order_invoice_orders_order_id_a5609c37_fk_order_order_id; Type: FK CONSTRAINT; Schema: public; Owner: postgres
--

ALTER TABLE ONLY public.order_invoice_orders
    ADD CONSTRAINT order_invoice_orders_order_id_a5609c37_fk_order_order_id FOREIGN KEY (order_id) REFERENCES public.order_order(id) DEFERRABLE INITIALLY DEFERRED;


--
-- Name: order_invoice order_invoice_pharma_id_9f4342f5_fk_pharmach_pharm_id; Type: FK CONSTRAINT; Schema: public; Owner: postgres
--

ALTER TABLE ONLY public.order_invoice
    ADD CONSTRAINT order_invoice_pharma_id_9f4342f5_fk_pharmach_pharm_id FOREIGN KEY (pharma_id) REFERENCES public.pharmach_pharm(id) DEFERRABLE INITIALLY DEFERRED;


--
-- Name: order_order order_order_aptek_id_d9ac6cdc_fk_pharmach_pharm_id; Type: FK CONSTRAINT; Schema: public; Owner: postgres
--

ALTER TABLE ONLY public.order_order
    ADD CONSTRAINT order_order_aptek_id_d9ac6cdc_fk_pharmach_pharm_id FOREIGN KEY (aptek_id) REFERENCES public.pharmach_pharm(id) DEFERRABLE INITIALLY DEFERRED;


--
-- Name: order_order order_order_drug_id_72e8b95f_fk_medicine_medical_id; Type: FK CONSTRAINT; Schema: public; Owner: postgres
--

ALTER TABLE ONLY public.order_order
    ADD CONSTRAINT order_order_drug_id_72e8b95f_fk_medicine_medical_id FOREIGN KEY (drug_id) REFERENCES public.medicine_medical(id) DEFERRABLE INITIALLY DEFERRED;


--
-- Name: order_stock order_stock_drug_id_77dc5d97_fk_medicine_medical_id; Type: FK CONSTRAINT; Schema: public; Owner: postgres
--

ALTER TABLE ONLY public.order_stock
    ADD CONSTRAINT order_stock_drug_id_77dc5d97_fk_medicine_medical_id FOREIGN KEY (drug_id) REFERENCES public.medicine_medical(id) DEFERRABLE INITIALLY DEFERRED;


--
-- Name: payment_monthlydoctorreport payment_monthlydocto_doctor_id_a1342ef6_fk_doctors_d; Type: FK CONSTRAINT; Schema: public; Owner: postgres
--

ALTER TABLE ONLY public.payment_monthlydoctorreport
    ADD CONSTRAINT payment_monthlydocto_doctor_id_a1342ef6_fk_doctors_d FOREIGN KEY (doctor_id) REFERENCES public.doctors_doctors(id) DEFERRABLE INITIALLY DEFERRED;


--
-- Name: payment_payment_doctor payment_payment_doctor_area_id_730b10c0_fk_regions_region_id; Type: FK CONSTRAINT; Schema: public; Owner: postgres
--

ALTER TABLE ONLY public.payment_payment_doctor
    ADD CONSTRAINT payment_payment_doctor_area_id_730b10c0_fk_regions_region_id FOREIGN KEY (area_id) REFERENCES public.regions_region(id) DEFERRABLE INITIALLY DEFERRED;


--
-- Name: payment_payment_doctor payment_payment_doctor_doctor_id_aadc8112_fk_doctors_doctors_id; Type: FK CONSTRAINT; Schema: public; Owner: postgres
--

ALTER TABLE ONLY public.payment_payment_doctor
    ADD CONSTRAINT payment_payment_doctor_doctor_id_aadc8112_fk_doctors_doctors_id FOREIGN KEY (doctor_id) REFERENCES public.doctors_doctors(id) DEFERRABLE INITIALLY DEFERRED;


--
-- Name: payment_payment payment_payment_order_id_22b45881_fk_order_order_id; Type: FK CONSTRAINT; Schema: public; Owner: postgres
--

ALTER TABLE ONLY public.payment_payment
    ADD CONSTRAINT payment_payment_order_id_22b45881_fk_order_order_id FOREIGN KEY (order_id) REFERENCES public.order_order(id) DEFERRABLE INITIALLY DEFERRED;


--
-- Name: payment_payment payment_payment_pharm_id_5a75e16d_fk_pharmach_pharm_id; Type: FK CONSTRAINT; Schema: public; Owner: postgres
--

ALTER TABLE ONLY public.payment_payment
    ADD CONSTRAINT payment_payment_pharm_id_5a75e16d_fk_pharmach_pharm_id FOREIGN KEY (pharm_id) REFERENCES public.pharmach_pharm(id) DEFERRABLE INITIALLY DEFERRED;


--
-- Name: payment_sale payment_sale_drug_id_5350c116_fk_medicine_medical_id; Type: FK CONSTRAINT; Schema: public; Owner: postgres
--

ALTER TABLE ONLY public.payment_sale
    ADD CONSTRAINT payment_sale_drug_id_5350c116_fk_medicine_medical_id FOREIGN KEY (drug_id) REFERENCES public.medicine_medical(id) DEFERRABLE INITIALLY DEFERRED;


--
-- Name: payment_sale payment_sale_region_id_79f6f01a_fk_regions_region_id; Type: FK CONSTRAINT; Schema: public; Owner: postgres
--

ALTER TABLE ONLY public.payment_sale
    ADD CONSTRAINT payment_sale_region_id_79f6f01a_fk_regions_region_id FOREIGN KEY (region_id) REFERENCES public.regions_region(id) DEFERRABLE INITIALLY DEFERRED;


--
-- Name: regions_city regions_city_region_id_591f0555_fk_regions_region_id; Type: FK CONSTRAINT; Schema: public; Owner: postgres
--

ALTER TABLE ONLY public.regions_city
    ADD CONSTRAINT regions_city_region_id_591f0555_fk_regions_region_id FOREIGN KEY (region_id) REFERENCES public.regions_region(id) DEFERRABLE INITIALLY DEFERRED;


--
-- Name: regions_hospital regions_hospital_city_id_0192f760_fk_regions_city_id; Type: FK CONSTRAINT; Schema: public; Owner: postgres
--

ALTER TABLE ONLY public.regions_hospital
    ADD CONSTRAINT regions_hospital_city_id_0192f760_fk_regions_city_id FOREIGN KEY (city_id) REFERENCES public.regions_city(id) DEFERRABLE INITIALLY DEFERRED;


--
-- Name: regions_hospital regions_hospital_region_net_id_c5b825f6_fk_regions_region_id; Type: FK CONSTRAINT; Schema: public; Owner: postgres
--

ALTER TABLE ONLY public.regions_hospital
    ADD CONSTRAINT regions_hospital_region_net_id_c5b825f6_fk_regions_region_id FOREIGN KEY (region_net_id) REFERENCES public.regions_region(id) DEFERRABLE INITIALLY DEFERRED;


--
-- PostgreSQL database dump complete
--

